# Source: NUDEC_BSM v2 (https://github.com/MiguelEA/nudec_BSM/tree/v2)
# Escudero, Jackson, Laine, Sandner, arXiv:2511.04747 (2025)
# me = 0.51099895 MeV, alpha = 1/137.035999084
# T (MeV)           P_int (e^4) [MeV^4]
4.000000E+01        -3.503600E+01
3.996407E+01        -3.490502E+01
3.992817E+01        -3.477404E+01
3.989230E+01        -3.464404E+01
3.985646E+01        -3.451404E+01
3.982066E+01        -3.438407E+01
3.978489E+01        -3.425509E+01
3.974915E+01        -3.412710E+01
3.971344E+01        -3.399910E+01
3.967777E+01        -3.387113E+01
3.964212E+01        -3.374412E+01
3.960651E+01        -3.361813E+01
3.957093E+01        -3.349214E+01
3.953539E+01        -3.336618E+01
3.949987E+01        -3.324117E+01
3.946439E+01        -3.311620E+01
3.942894E+01        -3.299222E+01
3.939352E+01        -3.286823E+01
3.935813E+01        -3.274523E+01
3.932277E+01        -3.262223E+01
3.928745E+01        -3.250025E+01
3.925215E+01        -3.237824E+01
3.921689E+01        -3.225725E+01
3.918166E+01        -3.213626E+01
3.914647E+01        -3.201530E+01
3.911130E+01        -3.189529E+01
3.907617E+01        -3.177532E+01
3.904106E+01        -3.165631E+01
3.900599E+01        -3.153732E+01
3.897095E+01        -3.141933E+01
3.893595E+01        -3.130137E+01
3.890097E+01        -3.118437E+01
3.886602E+01        -3.106736E+01
3.883111E+01        -3.095039E+01
3.879623E+01        -3.083441E+01
3.876138E+01        -3.071842E+01
3.872656E+01        -3.060343E+01
3.869177E+01        -3.048844E+01
3.865701E+01        -3.037444E+01
3.862228E+01        -3.026043E+01
3.858759E+01        -3.014646E+01
3.855292E+01        -3.003345E+01
3.851829E+01        -2.992147E+01
3.848369E+01        -2.980849E+01
3.844912E+01        -2.969749E+01
3.841458E+01        -2.958550E+01
3.838007E+01        -2.947451E+01
3.834559E+01        -2.936450E+01
3.831115E+01        -2.925354E+01
3.827673E+01        -2.914453E+01
3.824235E+01        -2.903456E+01
3.820799E+01        -2.892554E+01
3.817367E+01        -2.881756E+01
3.813938E+01        -2.870958E+01
3.810512E+01        -2.860159E+01
3.807089E+01        -2.849460E+01
3.803669E+01        -2.838761E+01
3.800252E+01        -2.828061E+01
3.796838E+01        -2.817461E+01
3.793427E+01        -2.806961E+01
3.790020E+01        -2.796365E+01
3.786615E+01        -2.785864E+01
3.783213E+01        -2.775463E+01
3.779815E+01        -2.765066E+01
3.776419E+01        -2.754665E+01
3.773027E+01        -2.744367E+01
3.769638E+01        -2.734069E+01
3.766251E+01        -2.723768E+01
3.762868E+01        -2.713569E+01
3.759488E+01        -2.703371E+01
3.756111E+01        -2.693272E+01
3.752736E+01        -2.683171E+01
3.749365E+01        -2.673072E+01
3.745997E+01        -2.663073E+01
3.742632E+01        -2.653074E+01
3.739270E+01        -2.643075E+01
3.735911E+01        -2.633175E+01
3.732555E+01        -2.623277E+01
3.729202E+01        -2.613477E+01
3.725852E+01        -2.603678E+01
3.722505E+01        -2.593879E+01
3.719161E+01        -2.584080E+01
3.715820E+01        -2.574479E+01
3.712482E+01        -2.564781E+01
3.709147E+01        -2.555181E+01
3.705815E+01        -2.545582E+01
3.702486E+01        -2.535983E+01
3.699160E+01        -2.526483E+01
3.695837E+01        -2.516984E+01
3.692517E+01        -2.507584E+01
3.689200E+01        -2.498185E+01
3.685886E+01        -2.488786E+01
3.682575E+01        -2.479486E+01
3.679267E+01        -2.470188E+01
3.675961E+01        -2.460886E+01
3.672659E+01        -2.451587E+01
3.669360E+01        -2.442487E+01
3.666064E+01        -2.433290E+01
3.662771E+01        -2.424190E+01
3.659480E+01        -2.414990E+01
3.656193E+01        -2.405990E+01
3.652908E+01        -2.396990E+01
3.649627E+01        -2.387992E+01
3.646348E+01        -2.378991E+01
3.643073E+01        -2.370093E+01
3.639800E+01        -2.361193E+01
3.636531E+01        -2.352295E+01
3.633264E+01        -2.343495E+01
3.630000E+01        -2.334695E+01
3.626739E+01        -2.325896E+01
3.623481E+01        -2.317195E+01
3.620226E+01        -2.308496E+01
3.616974E+01        -2.299797E+01
3.613725E+01        -2.291198E+01
3.610479E+01        -2.282599E+01
3.607235E+01        -2.273998E+01
3.603995E+01        -2.265499E+01
3.600757E+01        -2.256999E+01
3.597523E+01        -2.248501E+01
3.594291E+01        -2.240100E+01
3.591062E+01        -2.231700E+01
3.587836E+01        -2.223301E+01
3.584613E+01        -2.215001E+01
3.581393E+01        -2.206603E+01
3.578176E+01        -2.198402E+01
3.574961E+01        -2.190102E+01
3.571750E+01        -2.181903E+01
3.568541E+01        -2.173703E+01
3.565336E+01        -2.165505E+01
3.562133E+01        -2.157404E+01
3.558933E+01        -2.149305E+01
3.555736E+01        -2.141206E+01
3.552542E+01        -2.133206E+01
3.549351E+01        -2.125207E+01
3.546162E+01        -2.117207E+01
3.542977E+01        -2.109308E+01
3.539794E+01        -2.101309E+01
3.536614E+01        -2.093507E+01
3.533437E+01        -2.085609E+01
3.530263E+01        -2.077809E+01
3.527092E+01        -2.070010E+01
3.523923E+01        -2.062210E+01
3.520758E+01        -2.054510E+01
3.517595E+01        -2.046712E+01
3.514435E+01        -2.039110E+01
3.511278E+01        -2.031412E+01
3.508124E+01        -2.023812E+01
3.504972E+01        -2.016211E+01
3.501824E+01        -2.008613E+01
3.498678E+01        -2.001112E+01
3.495535E+01        -1.993613E+01
3.492395E+01        -1.986114E+01
3.489258E+01        -1.978615E+01
3.486123E+01        -1.971213E+01
3.482991E+01        -1.963813E+01
3.479863E+01        -1.956415E+01
3.476737E+01        -1.949115E+01
3.473613E+01        -1.941715E+01
3.470493E+01        -1.934514E+01
3.467375E+01        -1.927215E+01
3.464261E+01        -1.920016E+01
3.461149E+01        -1.912817E+01
3.458039E+01        -1.905616E+01
3.454933E+01        -1.898417E+01
3.451829E+01        -1.891315E+01
3.448729E+01        -1.884218E+01
3.445630E+01        -1.877117E+01
3.442535E+01        -1.870116E+01
3.439443E+01        -1.863118E+01
3.436353E+01        -1.856020E+01
3.433266E+01        -1.849117E+01
3.430182E+01        -1.842120E+01
3.427101E+01        -1.835220E+01
3.424022E+01        -1.828319E+01
3.420946E+01        -1.821518E+01
3.417873E+01        -1.814621E+01
3.414803E+01        -1.807820E+01
3.411735E+01        -1.801020E+01
3.408670E+01        -1.794319E+01
3.405608E+01        -1.787521E+01
3.402549E+01        -1.780821E+01
3.399492E+01        -1.774120E+01
3.396438E+01        -1.767519E+01
3.393387E+01        -1.760821E+01
3.390339E+01        -1.754221E+01
3.387293E+01        -1.747621E+01
3.384251E+01        -1.741121E+01
3.381210E+01        -1.734522E+01
3.378173E+01        -1.728022E+01
3.375138E+01        -1.721522E+01
3.372106E+01        -1.715022E+01
3.369077E+01        -1.708621E+01
3.366051E+01        -1.702223E+01
3.363027E+01        -1.695823E+01
3.360006E+01        -1.689424E+01
3.356988E+01        -1.683123E+01
3.353972E+01        -1.676823E+01
3.350959E+01        -1.670524E+01
3.347949E+01        -1.664225E+01
3.344941E+01        -1.657925E+01
3.341936E+01        -1.651723E+01
3.338934E+01        -1.645524E+01
3.335935E+01        -1.639325E+01
3.332938E+01        -1.633223E+01
3.329944E+01        -1.627026E+01
3.326953E+01        -1.620925E+01
3.323964E+01        -1.614825E+01
3.320978E+01        -1.608824E+01
3.317995E+01        -1.602727E+01
3.315014E+01        -1.596724E+01
3.312036E+01        -1.590725E+01
3.309061E+01        -1.584726E+01
3.306089E+01        -1.578826E+01
3.303119E+01        -1.572926E+01
3.300151E+01        -1.566927E+01
3.297187E+01        -1.561125E+01
3.294225E+01        -1.555227E+01
3.291266E+01        -1.549426E+01
3.288309E+01        -1.543528E+01
3.285355E+01        -1.537727E+01
3.282404E+01        -1.532025E+01
3.279455E+01        -1.526228E+01
3.276509E+01        -1.520526E+01
3.273566E+01        -1.514827E+01
3.270625E+01        -1.509127E+01
3.267687E+01        -1.503428E+01
3.264752E+01        -1.497827E+01
3.261819E+01        -1.492129E+01
3.258889E+01        -1.486528E+01
3.255961E+01        -1.481025E+01
3.253036E+01        -1.475428E+01
3.250114E+01        -1.469829E+01
3.247195E+01        -1.464328E+01
3.244278E+01        -1.458829E+01
3.241363E+01        -1.453328E+01
3.238451E+01        -1.447926E+01
3.235542E+01        -1.442429E+01
3.232636E+01        -1.437028E+01
3.229732E+01        -1.431629E+01
3.226830E+01        -1.426228E+01
3.223932E+01        -1.420928E+01
3.221036E+01        -1.415628E+01
3.218142E+01        -1.410230E+01
3.215251E+01        -1.404928E+01
3.212363E+01        -1.399629E+01
3.209477E+01        -1.394427E+01
3.206594E+01        -1.389130E+01
3.203713E+01        -1.383927E+01
3.200836E+01        -1.378730E+01
3.197960E+01        -1.373626E+01
3.195087E+01        -1.368429E+01
3.192217E+01        -1.363327E+01
3.189350E+01        -1.358132E+01
3.186485E+01        -1.353030E+01
3.183622E+01        -1.348027E+01
3.180762E+01        -1.342930E+01
3.177905E+01        -1.337831E+01
3.175050E+01        -1.332828E+01
3.172198E+01        -1.327829E+01
3.169348E+01        -1.322829E+01
3.166501E+01        -1.317829E+01
3.163657E+01        -1.312928E+01
3.160815E+01        -1.308029E+01
3.157975E+01        -1.303031E+01
3.155138E+01        -1.298128E+01
3.152304E+01        -1.293327E+01
3.149472E+01        -1.288430E+01
3.146643E+01        -1.283628E+01
3.143816E+01        -1.278730E+01
3.140992E+01        -1.273928E+01
3.138171E+01        -1.269227E+01
3.135352E+01        -1.264430E+01
3.132535E+01        -1.259630E+01
3.129721E+01        -1.254928E+01
3.126910E+01        -1.250229E+01
3.124101E+01        -1.245530E+01
3.121294E+01        -1.240829E+01
3.118490E+01        -1.236129E+01
3.115689E+01        -1.231528E+01
3.112890E+01        -1.226928E+01
3.110094E+01        -1.222329E+01
3.107300E+01        -1.217729E+01
3.104509E+01        -1.213130E+01
3.101720E+01        -1.208530E+01
3.098933E+01        -1.204027E+01
3.096150E+01        -1.199529E+01
3.093368E+01        -1.194931E+01
3.090589E+01        -1.190525E+01
3.087813E+01        -1.186029E+01
3.085039E+01        -1.181529E+01
3.082268E+01        -1.177128E+01
3.079499E+01        -1.172728E+01
3.076733E+01        -1.168329E+01
3.073969E+01        -1.163929E+01
3.071207E+01        -1.159528E+01
3.068448E+01        -1.155129E+01
3.065692E+01        -1.150827E+01
3.062938E+01        -1.146527E+01
3.060187E+01        -1.142229E+01
3.057438E+01        -1.137929E+01
3.054691E+01        -1.133629E+01
3.051947E+01        -1.129329E+01
3.049205E+01        -1.125126E+01
3.046466E+01        -1.120927E+01
3.043730E+01        -1.116631E+01
3.040995E+01        -1.112427E+01
3.038264E+01        -1.108326E+01
3.035534E+01        -1.104128E+01
3.032807E+01        -1.099929E+01
3.030083E+01        -1.095827E+01
3.027361E+01        -1.091727E+01
3.024641E+01        -1.087627E+01
3.021924E+01        -1.083527E+01
3.019210E+01        -1.079429E+01
3.016497E+01        -1.075425E+01
3.013788E+01        -1.071329E+01
3.011080E+01        -1.067326E+01
3.008375E+01        -1.063326E+01
3.005673E+01        -1.059327E+01
3.002973E+01        -1.055327E+01
3.000275E+01        -1.051327E+01
2.997580E+01        -1.047425E+01
2.994887E+01        -1.043525E+01
2.992197E+01        -1.039529E+01
2.989509E+01        -1.035626E+01
2.986824E+01        -1.031727E+01
2.984140E+01        -1.027826E+01
2.981460E+01        -1.024024E+01
2.978781E+01        -1.020127E+01
2.976106E+01        -1.016325E+01
2.973432E+01        -1.012525E+01
2.970761E+01        -1.008726E+01
2.968092E+01        -1.004925E+01
2.965426E+01        -1.001126E+01
2.962762E+01        -9.973652E+00
2.960101E+01        -9.936256E+00
2.957442E+01        -9.898861E+00
2.954785E+01        -9.861654E+00
2.952130E+01        -9.824545E+00
2.949479E+01        -9.787655E+00
2.946829E+01        -9.750849E+00
2.944182E+01        -9.714152E+00
2.941537E+01        -9.677646E+00
2.938895E+01        -9.641252E+00
2.936255E+01        -9.604953E+00
2.933617E+01        -9.568846E+00
2.930982E+01        -9.532947E+00
2.928349E+01        -9.497050E+00
2.925718E+01        -9.461340E+00
2.923090E+01        -9.425743E+00
2.920464E+01        -9.390338E+00
2.917840E+01        -9.355031E+00
2.915219E+01        -9.319833E+00
2.912600E+01        -9.284827E+00
2.909984E+01        -9.249933E+00
2.907370E+01        -9.215134E+00
2.904758E+01        -9.180430E+00
2.902149E+01        -9.145932E+00
2.899542E+01        -9.111532E+00
2.896937E+01        -9.077325E+00
2.894335E+01        -9.043133E+00
2.891735E+01        -9.009129E+00
2.889137E+01        -8.975322E+00
2.886542E+01        -8.941530E+00
2.883949E+01        -8.907926E+00
2.881358E+01        -8.874422E+00
2.878770E+01        -8.841026E+00
2.876183E+01        -8.807810E+00
2.873600E+01        -8.774623E+00
2.871018E+01        -8.741611E+00
2.868439E+01        -8.708808E+00
2.865863E+01        -8.676021E+00
2.863288E+01        -8.643410E+00
2.860716E+01        -8.610911E+00
2.858146E+01        -8.578508E+00
2.855579E+01        -8.546214E+00
2.853013E+01        -8.514100E+00
2.850450E+01        -8.482098E+00
2.847890E+01        -8.450205E+00
2.845332E+01        -8.418409E+00
2.842776E+01        -8.386804E+00
2.840222E+01        -8.355204E+00
2.837670E+01        -8.323792E+00
2.835121E+01        -8.292493E+00
2.832574E+01        -8.261290E+00
2.830030E+01        -8.230196E+00
2.827488E+01        -8.199295E+00
2.824948E+01        -8.168398E+00
2.822410E+01        -8.137689E+00
2.819875E+01        -8.107093E+00
2.817341E+01        -8.076582E+00
2.814811E+01        -8.046192E+00
2.812282E+01        -8.015982E+00
2.809756E+01        -7.985789E+00
2.807232E+01        -7.955784E+00
2.804710E+01        -7.925881E+00
2.802190E+01        -7.895978E+00
2.799673E+01        -7.866276E+00
2.797158E+01        -7.836771E+00
2.794645E+01        -7.807271E+00
2.792135E+01        -7.777875E+00
2.789627E+01        -7.748673E+00
2.787121E+01        -7.719475E+00
2.784617E+01        -7.690467E+00
2.782116E+01        -7.661571E+00
2.779616E+01        -7.632665E+00
2.777119E+01        -7.603960E+00
2.774625E+01        -7.575367E+00
2.772132E+01        -7.546860E+00
2.769642E+01        -7.518461E+00
2.767154E+01        -7.490256E+00
2.764668E+01        -7.462056E+00
2.762184E+01        -7.433950E+00
2.759703E+01        -7.405952E+00
2.757224E+01        -7.378148E+00
2.754747E+01        -7.350349E+00
2.752273E+01        -7.322750E+00
2.749800E+01        -7.295147E+00
2.747330E+01        -7.267743E+00
2.744862E+01        -7.240441E+00
2.742396E+01        -7.213141E+00
2.739933E+01        -7.186042E+00
2.737471E+01        -7.158937E+00
2.735012E+01        -7.132032E+00
2.732555E+01        -7.105230E+00
2.730101E+01        -7.078536E+00
2.727648E+01        -7.051833E+00
2.725198E+01        -7.025330E+00
2.722750E+01        -6.998834E+00
2.720304E+01        -6.972527E+00
2.717860E+01        -6.946322E+00
2.715419E+01        -6.920226E+00
2.712979E+01        -6.894121E+00
2.710542E+01        -6.868216E+00
2.708107E+01        -6.842318E+00
2.705675E+01        -6.816619E+00
2.703244E+01        -6.791013E+00
2.700816E+01        -6.765419E+00
2.698390E+01        -6.739919E+00
2.695966E+01        -6.714613E+00
2.693544E+01        -6.689314E+00
2.691124E+01        -6.664204E+00
2.688707E+01        -6.639112E+00
2.686291E+01        -6.614102E+00
2.683878E+01        -6.589202E+00
2.681467E+01        -6.564400E+00
2.679058E+01        -6.539696E+00
2.676652E+01        -6.515100E+00
2.674247E+01        -6.490593E+00
2.671845E+01        -6.466194E+00
2.669445E+01        -6.441798E+00
2.667047E+01        -6.417592E+00
2.664651E+01        -6.393488E+00
2.662257E+01        -6.369387E+00
2.659866E+01        -6.345391E+00
2.657476E+01        -6.321483E+00
2.655089E+01        -6.297779E+00
2.652704E+01        -6.274082E+00
2.650321E+01        -6.250384E+00
2.647940E+01        -6.226875E+00
2.645561E+01        -6.203470E+00
2.643185E+01        -6.180173E+00
2.640810E+01        -6.156870E+00
2.638438E+01        -6.133670E+00
2.636068E+01        -6.110570E+00
2.633700E+01        -6.087567E+00
2.631334E+01        -6.064664E+00
2.628970E+01        -6.041859E+00
2.626609E+01        -6.019163E+00
2.624249E+01        -5.996461E+00
2.621892E+01        -5.973958E+00
2.619536E+01        -5.951453E+00
2.617183E+01        -5.929052E+00
2.614832E+01        -5.906655E+00
2.612483E+01        -5.884447E+00
2.610136E+01        -5.862343E+00
2.607792E+01        -5.840252E+00
2.605449E+01        -5.818246E+00
2.603109E+01        -5.796349E+00
2.600770E+01        -5.774540E+00
2.598434E+01        -5.752841E+00
2.596100E+01        -5.731145E+00
2.593768E+01        -5.709639E+00
2.591438E+01        -5.688141E+00
2.589110E+01        -5.666738E+00
2.586784E+01        -5.645338E+00
2.584460E+01        -5.624128E+00
2.582138E+01        -5.602927E+00
2.579819E+01        -5.581830E+00
2.577501E+01        -5.560822E+00
2.575186E+01        -5.539923E+00
2.572873E+01        -5.519028E+00
2.570561E+01        -5.498314E+00
2.568252E+01        -5.477618E+00
2.565945E+01        -5.456921E+00
2.563640E+01        -5.436413E+00
2.561337E+01        -5.415915E+00
2.559036E+01        -5.395511E+00
2.556737E+01        -5.375206E+00
2.554441E+01        -5.355010E+00
2.552146E+01        -5.334809E+00
2.549853E+01        -5.314798E+00
2.547563E+01        -5.294805E+00
2.545274E+01        -5.274803E+00
2.542988E+01        -5.254999E+00
2.540703E+01        -5.235196E+00
2.538421E+01        -5.215496E+00
2.536141E+01        -5.195800E+00
2.533862E+01        -5.176286E+00
2.531586E+01        -5.156789E+00
2.529312E+01        -5.137388E+00
2.527040E+01        -5.117991E+00
2.524770E+01        -5.098783E+00
2.522502E+01        -5.079585E+00
2.520236E+01        -5.060482E+00
2.517972E+01        -5.041384E+00
2.515710E+01        -5.022380E+00
2.513450E+01        -5.003476E+00
2.511192E+01        -4.984672E+00
2.508936E+01        -4.965872E+00
2.506682E+01        -4.947167E+00
2.504431E+01        -4.928571E+00
2.502181E+01        -4.909971E+00
2.499933E+01        -4.891465E+00
2.497687E+01        -4.873059E+00
2.495444E+01        -4.854762E+00
2.493202E+01        -4.836461E+00
2.490962E+01        -4.818255E+00
2.488725E+01        -4.800063E+00
2.486489E+01        -4.782051E+00
2.484255E+01        -4.764050E+00
2.482024E+01        -4.746057E+00
2.479794E+01        -4.728151E+00
2.477566E+01        -4.710439E+00
2.475341E+01        -4.692651E+00
2.473117E+01        -4.674945E+00
2.470895E+01        -4.657338E+00
2.468676E+01        -4.639840E+00
2.466458E+01        -4.622339E+00
2.464242E+01        -4.604932E+00
2.462029E+01        -4.587634E+00
2.459817E+01        -4.570333E+00
2.457607E+01        -4.553127E+00
2.455400E+01        -4.536029E+00
2.453194E+01        -4.518928E+00
2.450990E+01        -4.501828E+00
2.448789E+01        -4.484925E+00
2.446589E+01        -4.468025E+00
2.444391E+01        -4.451220E+00
2.442195E+01        -4.434420E+00
2.440001E+01        -4.417715E+00
2.437809E+01        -4.401111E+00
2.435619E+01        -4.384512E+00
2.433431E+01        -4.368008E+00
2.431245E+01        -4.351509E+00
2.429061E+01        -4.335200E+00
2.426879E+01        -4.318808E+00
2.424699E+01        -4.302599E+00
2.422521E+01        -4.286402E+00
2.420345E+01        -4.270205E+00
2.418171E+01        -4.254102E+00
2.415998E+01        -4.238093E+00
2.413828E+01        -4.222191E+00
2.411660E+01        -4.206296E+00
2.409493E+01        -4.190393E+00
2.407329E+01        -4.174593E+00
2.405166E+01        -4.158885E+00
2.403006E+01        -4.143191E+00
2.400847E+01        -4.127585E+00
2.398690E+01        -4.112079E+00
2.396535E+01        -4.096579E+00
2.394383E+01        -4.081180E+00
2.392232E+01        -4.065781E+00
2.390083E+01        -4.050477E+00
2.387936E+01        -4.035179E+00
2.385791E+01        -4.019976E+00
2.383647E+01        -4.004866E+00
2.381506E+01        -3.989769E+00
2.379367E+01        -3.974767E+00
2.377229E+01        -3.959765E+00
2.375094E+01        -3.944864E+00
2.372960E+01        -3.929962E+00
2.370829E+01        -3.915163E+00
2.368699E+01        -3.900457E+00
2.366571E+01        -3.885757E+00
2.364445E+01        -3.871058E+00
2.362321E+01        -3.856454E+00
2.360199E+01        -3.841950E+00
2.358079E+01        -3.827453E+00
2.355960E+01        -3.813044E+00
2.353844E+01        -3.798742E+00
2.351730E+01        -3.784353E+00
2.349617E+01        -3.770140E+00
2.347506E+01        -3.755939E+00
2.345397E+01        -3.741739E+00
2.343291E+01        -3.727735E+00
2.341186E+01        -3.713642E+00
2.339082E+01        -3.699632E+00
2.336981E+01        -3.685729E+00
2.334882E+01        -3.671832E+00
2.332784E+01        -3.658024E+00
2.330689E+01        -3.644229E+00
2.328595E+01        -3.630429E+00
2.326503E+01        -3.616817E+00
2.324413E+01        -3.603124E+00
2.322325E+01        -3.589614E+00
2.320239E+01        -3.576022E+00
2.318155E+01        -3.562613E+00
2.316072E+01        -3.549117E+00
2.313992E+01        -3.535810E+00
2.311913E+01        -3.522415E+00
2.309836E+01        -3.509204E+00
2.307761E+01        -3.496005E+00
2.305688E+01        -3.482807E+00
2.303617E+01        -3.469703E+00
2.301548E+01        -3.456607E+00
2.299480E+01        -3.443599E+00
2.297414E+01        -3.430598E+00
2.295351E+01        -3.417698E+00
2.293289E+01        -3.404799E+00
2.291229E+01        -3.391901E+00
2.289170E+01        -3.379185E+00
2.287114E+01        -3.366395E+00
2.285059E+01        -3.353688E+00
2.283007E+01        -3.341087E+00
2.280956E+01        -3.328487E+00
2.278907E+01        -3.315983E+00
2.276860E+01        -3.303485E+00
2.274814E+01        -3.290982E+00
2.272771E+01        -3.278580E+00
2.270729E+01        -3.266273E+00
2.268689E+01        -3.253973E+00
2.266651E+01        -3.241674E+00
2.264615E+01        -3.229470E+00
2.262581E+01        -3.217274E+00
2.260548E+01        -3.205166E+00
2.258518E+01        -3.193071E+00
2.256489E+01        -3.181065E+00
2.254462E+01        -3.169066E+00
2.252436E+01        -3.157063E+00
2.250413E+01        -3.145160E+00
2.248391E+01        -3.133352E+00
2.246372E+01        -3.121558E+00
2.244354E+01        -3.109759E+00
2.242338E+01        -3.098055E+00
2.240323E+01        -3.086352E+00
2.238311E+01        -3.074750E+00
2.236300E+01        -3.063149E+00
2.234291E+01        -3.051643E+00
2.232284E+01        -3.040145E+00
2.230279E+01        -3.028648E+00
2.228275E+01        -3.017240E+00
2.226274E+01        -3.005845E+00
2.224274E+01        -2.994539E+00
2.222276E+01        -2.983240E+00
2.220279E+01        -2.971938E+00
2.218285E+01        -2.960735E+00
2.216292E+01        -2.949628E+00
2.214301E+01        -2.938529E+00
2.212312E+01        -2.927431E+00
2.210325E+01        -2.916334E+00
2.208339E+01        -2.905419E+00
2.206355E+01        -2.894426E+00
2.204373E+01        -2.883520E+00
2.202393E+01        -2.872623E+00
2.200415E+01        -2.861819E+00
2.198438E+01        -2.851019E+00
2.196463E+01        -2.840313E+00
2.194490E+01        -2.829614E+00
2.192519E+01        -2.818917E+00
2.190549E+01        -2.808309E+00
2.188581E+01        -2.797709E+00
2.186615E+01        -2.787110E+00
2.184651E+01        -2.776606E+00
2.182688E+01        -2.766105E+00
2.180728E+01        -2.755703E+00
2.178769E+01        -2.745304E+00
2.176811E+01        -2.734994E+00
2.174856E+01        -2.724698E+00
2.172902E+01        -2.714397E+00
2.170950E+01        -2.704191E+00
2.169000E+01        -2.693993E+00
2.167052E+01        -2.683796E+00
2.165105E+01        -2.673689E+00
2.163160E+01        -2.663590E+00
2.161217E+01        -2.653585E+00
2.159275E+01        -2.643583E+00
2.157336E+01        -2.633588E+00
2.155398E+01        -2.623682E+00
2.153461E+01        -2.613779E+00
2.151527E+01        -2.603882E+00
2.149594E+01        -2.594075E+00
2.147663E+01        -2.584276E+00
2.145734E+01        -2.574572E+00
2.143806E+01        -2.564870E+00
2.141881E+01        -2.555175E+00
2.139956E+01        -2.545565E+00
2.138034E+01        -2.535968E+00
2.136113E+01        -2.526367E+00
2.134195E+01        -2.516865E+00
2.132277E+01        -2.507362E+00
2.130362E+01        -2.497865E+00
2.128448E+01        -2.488458E+00
2.126536E+01        -2.479059E+00
2.124626E+01        -2.469754E+00
2.122717E+01        -2.460453E+00
2.120810E+01        -2.451154E+00
2.118905E+01        -2.441855E+00
2.117002E+01        -2.432651E+00
2.115100E+01        -2.423544E+00
2.113200E+01        -2.414352E+00
2.111302E+01        -2.405247E+00
2.109405E+01        -2.396239E+00
2.107510E+01        -2.387147E+00
2.105617E+01        -2.378142E+00
2.103725E+01        -2.369140E+00
2.101836E+01        -2.360238E+00
2.099948E+01        -2.351339E+00
2.098061E+01        -2.342437E+00
2.096176E+01        -2.333630E+00
2.094293E+01        -2.324831E+00
2.092412E+01        -2.316033E+00
2.090532E+01        -2.307325E+00
2.088654E+01        -2.298626E+00
2.086778E+01        -2.289928E+00
2.084904E+01        -2.281325E+00
2.083031E+01        -2.272725E+00
2.081159E+01        -2.264122E+00
2.079290E+01        -2.255618E+00
2.077422E+01        -2.247118E+00
2.075556E+01        -2.238620E+00
2.073691E+01        -2.230119E+00
2.071829E+01        -2.221716E+00
2.069967E+01        -2.213406E+00
2.068108E+01        -2.205016E+00
2.066250E+01        -2.196709E+00
2.064394E+01        -2.188410E+00
2.062539E+01        -2.180109E+00
2.060687E+01        -2.171906E+00
2.058835E+01        -2.163703E+00
2.056986E+01        -2.155598E+00
2.055138E+01        -2.147406E+00
2.053292E+01        -2.139300E+00
2.051447E+01        -2.131291E+00
2.049605E+01        -2.123203E+00
2.047763E+01        -2.115193E+00
2.045924E+01        -2.107196E+00
2.044086E+01        -2.099289E+00
2.042250E+01        -2.091391E+00
2.040415E+01        -2.083490E+00
2.038582E+01        -2.075590E+00
2.036751E+01        -2.067785E+00
2.034921E+01        -2.059984E+00
2.033093E+01        -2.052185E+00
2.031267E+01        -2.044480E+00
2.029442E+01        -2.036779E+00
2.027619E+01        -2.029080E+00
2.025798E+01        -2.021383E+00
2.023978E+01        -2.013775E+00
2.022160E+01        -2.006177E+00
2.020343E+01        -1.998576E+00
2.018528E+01        -1.991069E+00
2.016715E+01        -1.983570E+00
2.014903E+01        -1.976070E+00
2.013093E+01        -1.968571E+00
2.011285E+01        -1.961165E+00
2.009478E+01        -1.953765E+00
2.007673E+01        -1.946366E+00
2.005870E+01        -1.939062E+00
2.004068E+01        -1.931762E+00
2.002267E+01        -1.924460E+00
2.000469E+01        -1.917163E+00
1.998672E+01        -1.909956E+00
1.996876E+01        -1.902755E+00
1.995082E+01        -1.895555E+00
1.993290E+01        -1.888449E+00
1.991500E+01        -1.881260E+00
1.989711E+01        -1.874153E+00
1.987923E+01        -1.867051E+00
1.986137E+01        -1.860043E+00
1.984353E+01        -1.853044E+00
1.982571E+01        -1.846047E+00
1.980790E+01        -1.839048E+00
1.979010E+01        -1.832138E+00
1.977232E+01        -1.825238E+00
1.975456E+01        -1.818340E+00
1.973682E+01        -1.811442E+00
1.971909E+01        -1.804635E+00
1.970137E+01        -1.797834E+00
1.968368E+01        -1.791037E+00
1.966599E+01        -1.784235E+00
1.964833E+01        -1.777530E+00
1.963068E+01        -1.770831E+00
1.961304E+01        -1.764130E+00
1.959542E+01        -1.757522E+00
1.957782E+01        -1.750832E+00
1.956023E+01        -1.744223E+00
1.954266E+01        -1.737624E+00
1.952511E+01        -1.731119E+00
1.950757E+01        -1.724528E+00
1.949004E+01        -1.718018E+00
1.947253E+01        -1.711518E+00
1.945504E+01        -1.705112E+00
1.943757E+01        -1.698715E+00
1.942010E+01        -1.692220E+00
1.940266E+01        -1.685815E+00
1.938523E+01        -1.679507E+00
1.936782E+01        -1.673117E+00
1.935042E+01        -1.666809E+00
1.933303E+01        -1.660507E+00
1.931567E+01        -1.654303E+00
1.929832E+01        -1.648012E+00
1.928098E+01        -1.641803E+00
1.926366E+01        -1.635604E+00
1.924635E+01        -1.629402E+00
1.922906E+01        -1.623295E+00
1.921179E+01        -1.617197E+00
1.919453E+01        -1.611005E+00
1.917729E+01        -1.604990E+00
1.916006E+01        -1.598898E+00
1.914285E+01        -1.592891E+00
1.912565E+01        -1.586890E+00
1.910847E+01        -1.580891E+00
1.909131E+01        -1.574894E+00
1.907416E+01        -1.568986E+00
1.905702E+01        -1.562993E+00
1.903990E+01        -1.557085E+00
1.902280E+01        -1.551279E+00
1.900571E+01        -1.545387E+00
1.898864E+01        -1.539580E+00
1.897158E+01        -1.533780E+00
1.895454E+01        -1.527982E+00
1.893751E+01        -1.522181E+00
1.892050E+01        -1.516382E+00
1.890350E+01        -1.510674E+00
1.888652E+01        -1.504975E+00
1.886956E+01        -1.499277E+00
1.885260E+01        -1.493666E+00
1.883567E+01        -1.487977E+00
1.881875E+01        -1.482369E+00
1.880184E+01        -1.476768E+00
1.878495E+01        -1.471261E+00
1.876808E+01        -1.465671E+00
1.875122E+01        -1.460163E+00
1.873437E+01        -1.454570E+00
1.871755E+01        -1.449066E+00
1.870073E+01        -1.443656E+00
1.868393E+01        -1.438165E+00
1.866715E+01        -1.432758E+00
1.865038E+01        -1.427358E+00
1.863362E+01        -1.421957E+00
1.861689E+01        -1.416560E+00
1.860016E+01        -1.411250E+00
1.858345E+01        -1.405950E+00
1.856676E+01        -1.400561E+00
1.855008E+01        -1.395252E+00
1.853342E+01        -1.390045E+00
1.851677E+01        -1.384754E+00
1.850013E+01        -1.379544E+00
1.848351E+01        -1.374344E+00
1.846691E+01        -1.369146E+00
1.845032E+01        -1.363946E+00
1.843375E+01        -1.358840E+00
1.841719E+01        -1.353740E+00
1.840064E+01        -1.348547E+00
1.838411E+01        -1.343531E+00
1.836760E+01        -1.338441E+00
1.835110E+01        -1.333342E+00
1.833461E+01        -1.328332E+00
1.831814E+01        -1.323333E+00
1.830169E+01        -1.318335E+00
1.828525E+01        -1.313335E+00
1.826882E+01        -1.308335E+00
1.825241E+01        -1.303427E+00
1.823601E+01        -1.298526E+00
1.821963E+01        -1.293627E+00
1.820327E+01        -1.288730E+00
1.818691E+01        -1.283828E+00
1.817058E+01        -1.279022E+00
1.815425E+01        -1.274129E+00
1.813794E+01        -1.269320E+00
1.812165E+01        -1.264522E+00
1.810537E+01        -1.259722E+00
1.808911E+01        -1.255015E+00
1.807286E+01        -1.250224E+00
1.805662E+01        -1.245514E+00
1.804040E+01        -1.240815E+00
1.802420E+01        -1.236117E+00
1.800800E+01        -1.231506E+00
1.799183E+01        -1.226818E+00
1.797567E+01        -1.222210E+00
1.795952E+01        -1.217610E+00
1.794338E+01        -1.213008E+00
1.792727E+01        -1.208411E+00
1.791116E+01        -1.203810E+00
1.789507E+01        -1.199302E+00
1.787900E+01        -1.194713E+00
1.786294E+01        -1.190204E+00
1.784689E+01        -1.185704E+00
1.783086E+01        -1.181205E+00
1.781484E+01        -1.176796E+00
1.779884E+01        -1.172306E+00
1.778285E+01        -1.167897E+00
1.776687E+01        -1.163496E+00
1.775091E+01        -1.159097E+00
1.773497E+01        -1.154699E+00
1.771903E+01        -1.150388E+00
1.770312E+01        -1.145999E+00
1.768721E+01        -1.141689E+00
1.767132E+01        -1.137389E+00
1.765545E+01        -1.133091E+00
1.763959E+01        -1.128791E+00
1.762374E+01        -1.124490E+00
1.760791E+01        -1.120282E+00
1.759210E+01        -1.115994E+00
1.757629E+01        -1.111783E+00
1.756050E+01        -1.107583E+00
1.754473E+01        -1.103385E+00
1.752897E+01        -1.099276E+00
1.751322E+01        -1.095085E+00
1.749749E+01        -1.090977E+00
1.748177E+01        -1.086877E+00
1.746607E+01        -1.082688E+00
1.745038E+01        -1.078670E+00
1.743470E+01        -1.074578E+00
1.741904E+01        -1.070479E+00
1.740339E+01        -1.066470E+00
1.738776E+01        -1.062380E+00
1.737214E+01        -1.058371E+00
1.735653E+01        -1.054371E+00
1.734094E+01        -1.050371E+00
1.732536E+01        -1.046462E+00
1.730980E+01        -1.042473E+00
1.729425E+01        -1.038564E+00
1.727871E+01        -1.034663E+00
1.726319E+01        -1.030764E+00
1.724768E+01        -1.026864E+00
1.723219E+01        -1.022965E+00
1.721671E+01        -1.019065E+00
1.720124E+01        -1.015255E+00
1.718579E+01        -1.011366E+00
1.717035E+01        -1.007556E+00
1.715493E+01        -1.003758E+00
1.713952E+01        -9.999582E-01
1.712412E+01        -9.961759E-01
1.710874E+01        -9.924060E-01
1.709337E+01        -9.886543E-01
1.707801E+01        -9.849216E-01
1.706267E+01        -9.811923E-01
1.704735E+01        -9.774827E-01
1.703203E+01        -9.737897E-01
1.701673E+01        -9.701091E-01
1.700144E+01        -9.664377E-01
1.698617E+01        -9.627868E-01
1.697091E+01        -9.591460E-01
1.695567E+01        -9.555166E-01
1.694044E+01        -9.519054E-01
1.692522E+01        -9.483043E-01
1.691001E+01        -9.447214E-01
1.689482E+01        -9.411509E-01
1.687965E+01        -9.375919E-01
1.686448E+01        -9.340488E-01
1.684933E+01        -9.305181E-01
1.683420E+01        -9.269989E-01
1.681908E+01        -9.234889E-01
1.680397E+01        -9.199970E-01
1.678887E+01        -9.165243E-01
1.677379E+01        -9.130551E-01
1.675872E+01        -9.096031E-01
1.674367E+01        -9.061635E-01
1.672863E+01        -9.027422E-01
1.671360E+01        -8.993220E-01
1.669858E+01        -8.959190E-01
1.668358E+01        -8.925376E-01
1.666860E+01        -8.891595E-01
1.665362E+01        -8.857965E-01
1.663866E+01        -8.824459E-01
1.662372E+01        -8.791067E-01
1.660878E+01        -8.757836E-01
1.659386E+01        -8.724730E-01
1.657896E+01        -8.691738E-01
1.656406E+01        -8.658816E-01
1.654918E+01        -8.626099E-01
1.653432E+01        -8.593507E-01
1.651946E+01        -8.560985E-01
1.650462E+01        -8.528578E-01
1.648980E+01        -8.496375E-01
1.647498E+01        -8.464254E-01
1.646018E+01        -8.432246E-01
1.644540E+01        -8.400354E-01
1.643062E+01        -8.368532E-01
1.641587E+01        -8.336937E-01
1.640112E+01        -8.305333E-01
1.638639E+01        -8.273923E-01
1.637166E+01        -8.242596E-01
1.635696E+01        -8.211493E-01
1.634226E+01        -8.180383E-01
1.632758E+01        -8.149468E-01
1.631292E+01        -8.118676E-01
1.629826E+01        -8.087957E-01
1.628362E+01        -8.057352E-01
1.626899E+01        -8.026841E-01
1.625438E+01        -7.996534E-01
1.623978E+01        -7.966240E-01
1.622519E+01        -7.936120E-01
1.621061E+01        -7.906103E-01
1.619605E+01        -7.876201E-01
1.618150E+01        -7.846392E-01
1.616697E+01        -7.816697E-01
1.615244E+01        -7.787166E-01
1.613793E+01        -7.757669E-01
1.612344E+01        -7.728366E-01
1.610895E+01        -7.699056E-01
1.609448E+01        -7.669941E-01
1.608002E+01        -7.640930E-01
1.606558E+01        -7.612032E-01
1.605115E+01        -7.583229E-01
1.603673E+01        -7.554520E-01
1.602232E+01        -7.525994E-01
1.600793E+01        -7.497503E-01
1.599355E+01        -7.469096E-01
1.597918E+01        -7.440873E-01
1.596483E+01        -7.412774E-01
1.595048E+01        -7.384660E-01
1.593616E+01        -7.356760E-01
1.592184E+01        -7.328854E-01
1.590754E+01        -7.301142E-01
1.589325E+01        -7.273534E-01
1.587897E+01        -7.246021E-01
1.586471E+01        -7.218622E-01
1.585045E+01        -7.191298E-01
1.583622E+01        -7.164107E-01
1.582199E+01        -7.136992E-01
1.580778E+01        -7.109990E-01
1.579358E+01        -7.083083E-01
1.577939E+01        -7.056271E-01
1.576521E+01        -7.029554E-01
1.575105E+01        -7.002950E-01
1.573690E+01        -6.976442E-01
1.572277E+01        -6.950046E-01
1.570864E+01        -6.923727E-01
1.569453E+01        -6.897522E-01
1.568043E+01        -6.871412E-01
1.566635E+01        -6.845415E-01
1.565227E+01        -6.819495E-01
1.563821E+01        -6.793688E-01
1.562416E+01        -6.767977E-01
1.561013E+01        -6.742379E-01
1.559611E+01        -6.716876E-01
1.558210E+01        -6.691469E-01
1.556810E+01        -6.666157E-01
1.555411E+01        -6.640940E-01
1.554014E+01        -6.615747E-01
1.552618E+01        -6.590728E-01
1.551223E+01        -6.565815E-01
1.549830E+01        -6.540927E-01
1.548438E+01        -6.516212E-01
1.547047E+01        -6.491514E-01
1.545657E+01        -6.466991E-01
1.544268E+01        -6.442485E-01
1.542881E+01        -6.418081E-01
1.541495E+01        -6.393772E-01
1.540110E+01        -6.369560E-01
1.538727E+01        -6.345460E-01
1.537345E+01        -6.321457E-01
1.535964E+01        -6.297549E-01
1.534584E+01        -6.273737E-01
1.533205E+01        -6.249931E-01
1.531828E+01        -6.226318E-01
1.530452E+01        -6.202721E-01
1.529077E+01        -6.179210E-01
1.527703E+01        -6.155795E-01
1.526331E+01        -6.132582E-01
1.524960E+01        -6.109386E-01
1.523590E+01        -6.086187E-01
1.522221E+01        -6.063162E-01
1.520854E+01        -6.040172E-01
1.519488E+01        -6.017356E-01
1.518123E+01        -5.994558E-01
1.516759E+01        -5.971845E-01
1.515396E+01        -5.949229E-01
1.514035E+01        -5.926725E-01
1.512675E+01        -5.904318E-01
1.511316E+01        -5.881918E-01
1.509959E+01        -5.859709E-01
1.508602E+01        -5.837502E-01
1.507247E+01        -5.815397E-01
1.505893E+01        -5.793388E-01
1.504540E+01        -5.771475E-01
1.503189E+01        -5.749586E-01
1.501838E+01        -5.727767E-01
1.500489E+01        -5.706149E-01
1.499141E+01        -5.684550E-01
1.497795E+01        -5.663053E-01
1.496449E+01        -5.641547E-01
1.495105E+01        -5.620231E-01
1.493762E+01        -5.598935E-01
1.492420E+01        -5.577724E-01
1.491079E+01        -5.556610E-01
1.489740E+01        -5.535519E-01
1.488401E+01        -5.514588E-01
1.487064E+01        -5.493691E-01
1.485729E+01        -5.472895E-01
1.484394E+01        -5.452181E-01
1.483060E+01        -5.431474E-01
1.481728E+01        -5.410958E-01
1.480397E+01        -5.390461E-01
1.479067E+01        -5.370050E-01
1.477739E+01        -5.349751E-01
1.476411E+01        -5.329445E-01
1.475085E+01        -5.309241E-01
1.473760E+01        -5.289133E-01
1.472436E+01        -5.269122E-01
1.471113E+01        -5.249209E-01
1.469792E+01        -5.229319E-01
1.468471E+01        -5.209500E-01
1.467152E+01        -5.189793E-01
1.465834E+01        -5.170094E-01
1.464517E+01        -5.150482E-01
1.463202E+01        -5.130982E-01
1.461887E+01        -5.111564E-01
1.460574E+01        -5.092258E-01
1.459262E+01        -5.072961E-01
1.457951E+01        -5.053750E-01
1.456641E+01        -5.034547E-01
1.455333E+01        -5.015534E-01
1.454026E+01        -4.996541E-01
1.452719E+01        -4.977620E-01
1.451414E+01        -4.958722E-01
1.450111E+01        -4.939924E-01
1.448808E+01        -4.921210E-01
1.447506E+01        -4.902593E-01
1.446206E+01        -4.884000E-01
1.444907E+01        -4.865492E-01
1.443609E+01        -4.847083E-01
1.442312E+01        -4.828771E-01
1.441017E+01        -4.810482E-01
1.439722E+01        -4.792176E-01
1.438429E+01        -4.774060E-01
1.437137E+01        -4.755964E-01
1.435846E+01        -4.737955E-01
1.434556E+01        -4.720043E-01
1.433267E+01        -4.702140E-01
1.431980E+01        -4.684338E-01
1.430693E+01        -4.666531E-01
1.429408E+01        -4.648913E-01
1.428124E+01        -4.631227E-01
1.426841E+01        -4.613704E-01
1.425559E+01        -4.596203E-01
1.424279E+01        -4.578801E-01
1.422999E+01        -4.561484E-01
1.421721E+01        -4.544190E-01
1.420444E+01        -4.526982E-01
1.419168E+01        -4.509784E-01
1.417893E+01        -4.492761E-01
1.416619E+01        -4.475759E-01
1.415347E+01        -4.458768E-01
1.414075E+01        -4.441851E-01
1.412805E+01        -4.425044E-01
1.411536E+01        -4.408248E-01
1.410268E+01        -4.391538E-01
1.409001E+01        -4.374926E-01
1.407735E+01        -4.358325E-01
1.406470E+01        -4.341809E-01
1.405207E+01        -4.325405E-01
1.403945E+01        -4.309011E-01
1.402684E+01        -4.292615E-01
1.401423E+01        -4.276381E-01
1.400165E+01        -4.260195E-01
1.398907E+01        -4.244082E-01
1.397650E+01        -4.227979E-01
1.396395E+01        -4.211976E-01
1.395140E+01        -4.195970E-01
1.393887E+01        -4.180063E-01
1.392635E+01        -4.164255E-01
1.391384E+01        -4.148457E-01
1.390134E+01        -4.132746E-01
1.388885E+01        -4.117044E-01
1.387637E+01        -4.101430E-01
1.386391E+01        -4.085926E-01
1.385145E+01        -4.070421E-01
1.383901E+01        -4.055014E-01
1.382658E+01        -4.039618E-01
1.381416E+01        -4.024308E-01
1.380175E+01        -4.009009E-01
1.378935E+01        -3.993885E-01
1.377696E+01        -3.978695E-01
1.376459E+01        -3.963680E-01
1.375222E+01        -3.948587E-01
1.373987E+01        -3.933670E-01
1.372753E+01        -3.918775E-01
1.371519E+01        -3.903866E-01
1.370287E+01        -3.889056E-01
1.369056E+01        -3.874345E-01
1.367827E+01        -3.859657E-01
1.366598E+01        -3.845043E-01
1.365370E+01        -3.830441E-01
1.364144E+01        -3.815936E-01
1.362918E+01        -3.801431E-01
1.361694E+01        -3.787024E-01
1.360471E+01        -3.772717E-01
1.359249E+01        -3.758420E-01
1.358028E+01        -3.744121E-01
1.356808E+01        -3.729998E-01
1.355589E+01        -3.715810E-01
1.354371E+01        -3.701696E-01
1.353154E+01        -3.687682E-01
1.351939E+01        -3.673689E-01
1.350724E+01        -3.659773E-01
1.349511E+01        -3.645878E-01
1.348299E+01        -3.632071E-01
1.347087E+01        -3.618263E-01
1.345877E+01        -3.604554E-01
1.344668E+01        -3.590943E-01
1.343460E+01        -3.577344E-01
1.342254E+01        -3.563755E-01
1.341048E+01        -3.550241E-01
1.339843E+01        -3.536739E-01
1.338639E+01        -3.523324E-01
1.337437E+01        -3.510019E-01
1.336236E+01        -3.496725E-01
1.335035E+01        -3.483419E-01
1.333836E+01        -3.470212E-01
1.332638E+01        -3.457103E-01
1.331441E+01        -3.444006E-01
1.330244E+01        -3.430897E-01
1.329050E+01        -3.417896E-01
1.327856E+01        -3.404897E-01
1.326663E+01        -3.391984E-01
1.325471E+01        -3.379170E-01
1.324280E+01        -3.366368E-01
1.323091E+01        -3.353576E-01
1.321902E+01        -3.340861E-01
1.320715E+01        -3.328167E-01
1.319528E+01        -3.315550E-01
1.318343E+01        -3.302955E-01
1.317159E+01        -3.290447E-01
1.315975E+01        -3.277940E-01
1.314793E+01        -3.265530E-01
1.313612E+01        -3.253133E-01
1.312432E+01        -3.240822E-01
1.311253E+01        -3.228523E-01
1.310075E+01        -3.216311E-01
1.308898E+01        -3.204111E-01
1.307723E+01        -3.191920E-01
1.306548E+01        -3.179806E-01
1.305374E+01        -3.167792E-01
1.304201E+01        -3.155790E-01
1.303030E+01        -3.143797E-01
1.301859E+01        -3.131881E-01
1.300690E+01        -3.119987E-01
1.299521E+01        -3.108170E-01
1.298354E+01        -3.096375E-01
1.297188E+01        -3.084579E-01
1.296022E+01        -3.072861E-01
1.294858E+01        -3.061252E-01
1.293695E+01        -3.049655E-01
1.292533E+01        -3.038057E-01
1.291372E+01        -3.026547E-01
1.290212E+01        -3.015049E-01
1.289053E+01        -3.003638E-01
1.287895E+01        -2.992238E-01
1.286738E+01        -2.980839E-01
1.285582E+01        -2.969526E-01
1.284427E+01        -2.958314E-01
1.283273E+01        -2.947113E-01
1.282120E+01        -2.935912E-01
1.280969E+01        -2.924720E-01
1.279818E+01        -2.913693E-01
1.278668E+01        -2.902604E-01
1.277520E+01        -2.891599E-01
1.276372E+01        -2.880596E-01
1.275225E+01        -2.869681E-01
1.274080E+01        -2.858787E-01
1.272935E+01        -2.847971E-01
1.271792E+01        -2.837177E-01
1.270649E+01        -2.826373E-01
1.269508E+01        -2.815665E-01
1.268367E+01        -2.804961E-01
1.267228E+01        -2.794353E-01
1.266090E+01        -2.783757E-01
1.264952E+01        -2.773152E-01
1.263816E+01        -2.762644E-01
1.262681E+01        -2.752148E-01
1.261546E+01        -2.741729E-01
1.260413E+01        -2.731333E-01
1.259281E+01        -2.720936E-01
1.258150E+01        -2.710626E-01
1.257019E+01        -2.700320E-01
1.255890E+01        -2.690110E-01
1.254762E+01        -2.679913E-01
1.253635E+01        -2.669716E-01
1.252509E+01        -2.659605E-01
1.251384E+01        -2.649507E-01
1.250259E+01        -2.639401E-01
1.249136E+01        -2.629390E-01
1.248014E+01        -2.619392E-01
1.246893E+01        -2.609481E-01
1.245773E+01        -2.599583E-01
1.244654E+01        -2.589685E-01
1.243536E+01        -2.579874E-01
1.242419E+01        -2.570075E-01
1.241303E+01        -2.560364E-01
1.240188E+01        -2.550666E-01
1.239073E+01        -2.540959E-01
1.237960E+01        -2.531260E-01
1.236848E+01        -2.521649E-01
1.235737E+01        -2.512138E-01
1.234627E+01        -2.502552E-01
1.233518E+01        -2.493041E-01
1.232410E+01        -2.483630E-01
1.231303E+01        -2.474144E-01
1.230197E+01        -2.464820E-01
1.229092E+01        -2.455435E-01
1.227988E+01        -2.446124E-01
1.226884E+01        -2.436817E-01
1.225782E+01        -2.427606E-01
1.224681E+01        -2.418408E-01
1.223581E+01        -2.409210E-01
1.222482E+01        -2.400013E-01
1.221384E+01        -2.390902E-01
1.220286E+01        -2.381796E-01
1.219190E+01        -2.372785E-01
1.218095E+01        -2.363788E-01
1.217001E+01        -2.354791E-01
1.215908E+01        -2.345881E-01
1.214815E+01        -2.336976E-01
1.213724E+01        -2.328079E-01
1.212634E+01        -2.319269E-01
1.211544E+01        -2.310464E-01
1.210456E+01        -2.301668E-01
1.209369E+01        -2.292959E-01
1.208282E+01        -2.284255E-01
1.207197E+01        -2.275559E-01
1.206112E+01        -2.266942E-01
1.205029E+01        -2.258347E-01
1.203946E+01        -2.249744E-01
1.202865E+01        -2.241235E-01
1.201784E+01        -2.232646E-01
1.200705E+01        -2.224225E-01
1.199626E+01        -2.215736E-01
1.198549E+01        -2.207328E-01
1.197472E+01        -2.198927E-01
1.196396E+01        -2.190612E-01
1.195321E+01        -2.182311E-01
1.194248E+01        -2.174017E-01
1.193175E+01        -2.165717E-01
1.192103E+01        -2.157503E-01
1.191032E+01        -2.149303E-01
1.189962E+01        -2.141190E-01
1.188893E+01        -2.133004E-01
1.187825E+01        -2.124891E-01
1.186758E+01        -2.116879E-01
1.185692E+01        -2.108794E-01
1.184627E+01        -2.100782E-01
1.183563E+01        -2.092870E-01
1.182500E+01        -2.084886E-01
1.181437E+01        -2.076968E-01
1.180376E+01        -2.069071E-01
1.179316E+01        -2.061261E-01
1.178256E+01        -2.053371E-01
1.177198E+01        -2.045561E-01
1.176140E+01        -2.037845E-01
1.175084E+01        -2.030063E-01
1.174028E+01        -2.022347E-01
1.172974E+01        -2.014653E-01
1.171920E+01        -2.007038E-01
1.170867E+01        -1.999437E-01
1.169815E+01        -1.991836E-01
1.168764E+01        -1.984236E-01
1.167714E+01        -1.976722E-01
1.166665E+01        -1.969223E-01
1.165617E+01        -1.961724E-01
1.164570E+01        -1.954225E-01
1.163524E+01        -1.946814E-01
1.162479E+01        -1.939416E-01
1.161435E+01        -1.932105E-01
1.160391E+01        -1.924714E-01
1.159349E+01        -1.917404E-01
1.158308E+01        -1.910108E-01
1.157267E+01        -1.902892E-01
1.156227E+01        -1.895690E-01
1.155189E+01        -1.888495E-01
1.154151E+01        -1.881294E-01
1.153114E+01        -1.874179E-01
1.152078E+01        -1.866993E-01
1.151043E+01        -1.859879E-01
1.150009E+01        -1.852866E-01
1.148976E+01        -1.845781E-01
1.147944E+01        -1.838769E-01
1.146913E+01        -1.831771E-01
1.145883E+01        -1.824860E-01
1.144853E+01        -1.817870E-01
1.143825E+01        -1.810960E-01
1.142797E+01        -1.804144E-01
1.141771E+01        -1.797262E-01
1.140745E+01        -1.790447E-01
1.139720E+01        -1.783646E-01
1.138697E+01        -1.776852E-01
1.137674E+01        -1.770138E-01
1.136652E+01        -1.763353E-01
1.135631E+01        -1.756640E-01
1.134610E+01        -1.750021E-01
1.133591E+01        -1.743337E-01
1.132573E+01        -1.736726E-01
1.131555E+01        -1.730123E-01
1.130539E+01        -1.723527E-01
1.129523E+01        -1.717011E-01
1.128509E+01        -1.710515E-01
1.127495E+01        -1.704015E-01
1.126482E+01        -1.697514E-01
1.125470E+01        -1.691014E-01
1.124459E+01        -1.684601E-01
1.123449E+01        -1.678203E-01
1.122440E+01        -1.671805E-01
1.121432E+01        -1.665493E-01
1.120424E+01        -1.659190E-01
1.119418E+01        -1.652894E-01
1.118412E+01        -1.646592E-01
1.117407E+01        -1.640290E-01
1.116404E+01        -1.634082E-01
1.115401E+01        -1.627882E-01
1.114399E+01        -1.621682E-01
1.113398E+01        -1.615483E-01
1.112397E+01        -1.609365E-01
1.111398E+01        -1.603267E-01
1.110400E+01        -1.597170E-01
1.109402E+01        -1.591067E-01
1.108406E+01        -1.585057E-01
1.107410E+01        -1.579056E-01
1.106415E+01        -1.572970E-01
1.105421E+01        -1.567041E-01
1.104428E+01        -1.561056E-01
1.103436E+01        -1.555143E-01
1.102445E+01        -1.549245E-01
1.101455E+01        -1.543348E-01
1.100465E+01        -1.537445E-01
1.099477E+01        -1.531635E-01
1.098489E+01        -1.525834E-01
1.097502E+01        -1.520033E-01
1.096516E+01        -1.514233E-01
1.095531E+01        -1.508434E-01
1.094547E+01        -1.502721E-01
1.093564E+01        -1.497023E-01
1.092581E+01        -1.491320E-01
1.091600E+01        -1.485623E-01
1.090619E+01        -1.480007E-01
1.089640E+01        -1.474411E-01
1.088661E+01        -1.468811E-01
1.087683E+01        -1.463211E-01
1.086706E+01        -1.457612E-01
1.085729E+01        -1.452094E-01
1.084754E+01        -1.446596E-01
1.083780E+01        -1.441014E-01
1.082806E+01        -1.435583E-01
1.081833E+01        -1.430096E-01
1.080862E+01        -1.424687E-01
1.079891E+01        -1.419287E-01
1.078921E+01        -1.413888E-01
1.077951E+01        -1.408485E-01
1.076983E+01        -1.403087E-01
1.076016E+01        -1.397776E-01
1.075049E+01        -1.392474E-01
1.074083E+01        -1.387173E-01
1.073118E+01        -1.381873E-01
1.072154E+01        -1.376659E-01
1.071191E+01        -1.371375E-01
1.070229E+01        -1.366162E-01
1.069268E+01        -1.360965E-01
1.068307E+01        -1.355763E-01
1.067347E+01        -1.350647E-01
1.066389E+01        -1.345552E-01
1.065431E+01        -1.340452E-01
1.064473E+01        -1.335262E-01
1.063517E+01        -1.330235E-01
1.062562E+01        -1.325152E-01
1.061607E+01        -1.320135E-01
1.060654E+01        -1.315139E-01
1.059701E+01        -1.310138E-01
1.058749E+01        -1.305139E-01
1.057798E+01        -1.300140E-01
1.056848E+01        -1.295227E-01
1.055898E+01        -1.290239E-01
1.054950E+01        -1.285327E-01
1.054002E+01        -1.280511E-01
1.053055E+01        -1.275626E-01
1.052109E+01        -1.270726E-01
1.051164E+01        -1.265912E-01
1.050220E+01        -1.261114E-01
1.049276E+01        -1.256312E-01
1.048334E+01        -1.251515E-01
1.047392E+01        -1.246714E-01
1.046451E+01        -1.241999E-01
1.045511E+01        -1.237300E-01
1.044572E+01        -1.232601E-01
1.043634E+01        -1.227904E-01
1.042696E+01        -1.223202E-01
1.041759E+01        -1.218586E-01
1.040824E+01        -1.213905E-01
1.039889E+01        -1.209291E-01
1.038954E+01        -1.204687E-01
1.038021E+01        -1.200089E-01
1.037089E+01        -1.195577E-01
1.036157E+01        -1.190990E-01
1.035226E+01        -1.186475E-01
1.034296E+01        -1.181975E-01
1.033367E+01        -1.177476E-01
1.032439E+01        -1.172978E-01
1.031511E+01        -1.168476E-01
1.030585E+01        -1.164064E-01
1.029659E+01        -1.159664E-01
1.028734E+01        -1.155264E-01
1.027810E+01        -1.150865E-01
1.026887E+01        -1.146467E-01
1.025964E+01        -1.142065E-01
1.025042E+01        -1.137748E-01
1.024122E+01        -1.133452E-01
1.023202E+01        -1.129068E-01
1.022283E+01        -1.124839E-01
1.021364E+01        -1.120551E-01
1.020447E+01        -1.116254E-01
1.019530E+01        -1.112038E-01
1.018614E+01        -1.107753E-01
1.017699E+01        -1.103538E-01
1.016785E+01        -1.099340E-01
1.015871E+01        -1.095137E-01
1.014959E+01        -1.091025E-01
1.014047E+01        -1.086840E-01
1.013136E+01        -1.082724E-01
1.012226E+01        -1.078625E-01
1.011317E+01        -1.074527E-01
1.010408E+01        -1.070425E-01
1.009501E+01        -1.066329E-01
1.008594E+01        -1.062228E-01
1.007688E+01        -1.058214E-01
1.006783E+01        -1.054215E-01
1.005878E+01        -1.050213E-01
1.004975E+01        -1.046216E-01
1.004072E+01        -1.042215E-01
1.003170E+01        -1.038216E-01
1.002269E+01        -1.034301E-01
1.001368E+01        -1.030314E-01
1.000469E+01        -1.026402E-01
9.995700E+00        -1.022501E-01
9.986721E+00        -1.018601E-01
9.977749E+00        -1.014701E-01
9.968786E+00        -1.010886E-01
9.959831E+00        -1.007002E-01
9.950884E+00        -1.003187E-01
9.941945E+00        -9.993623E-02
9.933014E+00        -9.955581E-02
9.924091E+00        -9.917669E-02
9.915176E+00        -9.879942E-02
9.906269E+00        -9.842330E-02
9.897370E+00        -9.804818E-02
9.888479E+00        -9.767491E-02
9.879596E+00        -9.730279E-02
9.870721E+00        -9.693251E-02
9.861854E+00        -9.656340E-02
9.852995E+00        -9.619528E-02
9.844144E+00        -9.582901E-02
9.835301E+00        -9.546390E-02
9.826466E+00        -9.510063E-02
9.817638E+00        -9.473848E-02
9.808819E+00        -9.437737E-02
9.800008E+00        -9.401811E-02
9.791204E+00        -9.365997E-02
9.782408E+00        -9.330368E-02
9.773621E+00        -9.294774E-02
9.764841E+00        -9.259430E-02
9.756069E+00        -9.224133E-02
9.747305E+00        -9.189005E-02
9.738549E+00        -9.153994E-02
9.729801E+00        -9.119167E-02
9.721060E+00        -9.084368E-02
9.712327E+00        -9.049739E-02
9.703603E+00        -9.015314E-02
9.694886E+00        -8.981001E-02
9.686177E+00        -8.946789E-02
9.677476E+00        -8.912678E-02
9.668782E+00        -8.878747E-02
9.660096E+00        -8.844933E-02
9.651419E+00        -8.811224E-02
9.642749E+00        -8.777612E-02
9.634086E+00        -8.744180E-02
9.625432E+00        -8.710870E-02
9.616785E+00        -8.677740E-02
9.608146E+00        -8.644643E-02
9.599515E+00        -8.611715E-02
9.590892E+00        -8.578904E-02
9.582276E+00        -8.546190E-02
9.573668E+00        -8.513661E-02
9.565068E+00        -8.481250E-02
9.556476E+00        -8.448939E-02
9.547891E+00        -8.416725E-02
9.539314E+00        -8.384612E-02
9.530745E+00        -8.352685E-02
9.522183E+00        -8.320871E-02
9.513629E+00        -8.289158E-02
9.505083E+00        -8.257630E-02
9.496544E+00        -8.226131E-02
9.488013E+00        -8.194802E-02
9.479490E+00        -8.163590E-02
9.470974E+00        -8.132476E-02
9.462467E+00        -8.101466E-02
9.453966E+00        -8.070551E-02
9.445474E+00        -8.039824E-02
9.436989E+00        -8.009211E-02
9.428511E+00        -7.978696E-02
9.420041E+00        -7.948282E-02
9.411579E+00        -7.917970E-02
9.403125E+00        -7.887759E-02
9.394678E+00        -7.857729E-02
9.386238E+00        -7.827814E-02
9.377807E+00        -7.798004E-02
9.369382E+00        -7.768204E-02
9.360966E+00        -7.738661E-02
9.352556E+00        -7.709161E-02
9.344155E+00        -7.679749E-02
9.335761E+00        -7.650436E-02
9.327374E+00        -7.621305E-02
9.318996E+00        -7.592295E-02
9.310624E+00        -7.563380E-02
9.302260E+00        -7.534482E-02
9.293904E+00        -7.505754E-02
9.285555E+00        -7.477140E-02
9.277214E+00        -7.448712E-02
9.268880E+00        -7.420314E-02
9.260553E+00        -7.391998E-02
9.252235E+00        -7.363788E-02
9.243923E+00        -7.335756E-02
9.235619E+00        -7.307759E-02
9.227323E+00        -7.279931E-02
9.219034E+00        -7.252134E-02
9.210752E+00        -7.224503E-02
9.202478E+00        -7.196990E-02
9.194211E+00        -7.169575E-02
9.185952E+00        -7.142179E-02
9.177700E+00        -7.114949E-02
9.169455E+00        -7.087833E-02
9.161218E+00        -7.060820E-02
9.152989E+00        -7.033908E-02
9.144766E+00        -7.007092E-02
9.136551E+00        -6.980378E-02
9.128344E+00        -6.953766E-02
9.120144E+00        -6.927253E-02
9.111951E+00        -6.900838E-02
9.103766E+00        -6.874526E-02
9.095588E+00        -6.848312E-02
9.087417E+00        -6.822197E-02
9.079254E+00        -6.796185E-02
9.071097E+00        -6.770268E-02
9.062949E+00        -6.744456E-02
9.054807E+00        -6.718740E-02
9.046673E+00        -6.693127E-02
9.038547E+00        -6.667615E-02
9.030427E+00        -6.642116E-02
9.022315E+00        -6.616786E-02
9.014210E+00        -6.591572E-02
9.006112E+00        -6.566456E-02
8.998022E+00        -6.541443E-02
8.989939E+00        -6.516446E-02
8.981863E+00        -6.491615E-02
8.973795E+00        -6.466819E-02
8.965733E+00        -6.442186E-02
8.957679E+00        -6.417589E-02
8.949632E+00        -6.393157E-02
8.941593E+00        -6.368761E-02
8.933560E+00        -6.344445E-02
8.925535E+00        -6.320232E-02
8.917517E+00        -6.296117E-02
8.909507E+00        -6.272105E-02
8.901503E+00        -6.248190E-02
8.893507E+00        -6.224376E-02
8.885518E+00        -6.200663E-02
8.877536E+00        -6.176965E-02
8.869561E+00        -6.153433E-02
8.861593E+00        -6.129935E-02
8.853633E+00        -6.106605E-02
8.845679E+00        -6.083305E-02
8.837733E+00        -6.060092E-02
8.829794E+00        -6.036977E-02
8.821862E+00        -6.013963E-02
8.813937E+00        -5.990964E-02
8.806019E+00        -5.968132E-02
8.798109E+00        -5.945336E-02
8.790205E+00        -5.922620E-02
8.782309E+00        -5.900090E-02
8.774420E+00        -5.877593E-02
8.766537E+00        -5.855176E-02
8.758662E+00        -5.832779E-02
8.750794E+00        -5.810547E-02
8.742933E+00        -5.788349E-02
8.735079E+00        -5.766318E-02
8.727233E+00        -5.744322E-02
8.719393E+00        -5.722407E-02
8.711560E+00        -5.700508E-02
8.703734E+00        -5.678776E-02
8.695916E+00        -5.657080E-02
8.688104E+00        -5.635548E-02
8.680299E+00        -5.614049E-02
8.672502E+00        -5.592636E-02
8.664711E+00        -5.571237E-02
8.656927E+00        -5.550004E-02
8.649151E+00        -5.528808E-02
8.641381E+00        -5.507692E-02
8.633618E+00        -5.486676E-02
8.625862E+00        -5.465761E-02
8.618114E+00        -5.444865E-02
8.610372E+00        -5.424132E-02
8.602637E+00        -5.403434E-02
8.594909E+00        -5.382818E-02
8.587188E+00        -5.362220E-02
8.579474E+00        -5.341788E-02
8.571767E+00        -5.321390E-02
8.564067E+00        -5.301076E-02
8.556374E+00        -5.280861E-02
8.548687E+00        -5.260662E-02
8.541008E+00        -5.240630E-02
8.533336E+00        -5.220634E-02
8.525670E+00        -5.200718E-02
8.518011E+00        -5.180819E-02
8.510359E+00        -5.161086E-02
8.502714E+00        -5.141388E-02
8.495076E+00        -5.121690E-02
8.487445E+00        -5.102159E-02
8.479821E+00        -5.082662E-02
8.472203E+00        -5.063245E-02
8.464592E+00        -5.043929E-02
8.456988E+00        -5.024714E-02
8.449391E+00        -5.005516E-02
8.441801E+00        -4.986401E-02
8.434218E+00        -4.967386E-02
8.426641E+00        -4.948387E-02
8.419071E+00        -4.929554E-02
8.411508E+00        -4.910673E-02
8.403952E+00        -4.891941E-02
8.396403E+00        -4.873244E-02
8.388860E+00        -4.854627E-02
8.381324E+00        -4.836111E-02
8.373795E+00        -4.817696E-02
8.366273E+00        -4.799299E-02
8.358757E+00        -4.780982E-02
8.351248E+00        -4.762683E-02
8.343746E+00        -4.744468E-02
8.336251E+00        -4.726353E-02
8.328763E+00        -4.708339E-02
8.321281E+00        -4.690340E-02
8.313806E+00        -4.672425E-02
8.306337E+00        -4.654608E-02
8.298875E+00        -4.636809E-02
8.291420E+00        -4.619093E-02
8.283972E+00        -4.601479E-02
8.276530E+00        -4.583879E-02
8.269095E+00        -4.566363E-02
8.261667E+00        -4.548948E-02
8.254246E+00        -4.531551E-02
8.246831E+00        -4.514235E-02
8.239422E+00        -4.497018E-02
8.232021E+00        -4.479903E-02
8.224626E+00        -4.462723E-02
8.217238E+00        -4.445690E-02
8.209856E+00        -4.428691E-02
8.202481E+00        -4.411775E-02
8.195112E+00        -4.394958E-02
8.187751E+00        -4.378161E-02
8.180395E+00        -4.361444E-02
8.173047E+00        -4.344746E-02
8.165705E+00        -4.328213E-02
8.158370E+00        -4.311633E-02
8.151041E+00        -4.295199E-02
8.143719E+00        -4.278801E-02
8.136403E+00        -4.262402E-02
8.129094E+00        -4.246168E-02
8.121791E+00        -4.229969E-02
8.114495E+00        -4.213770E-02
8.107206E+00        -4.197655E-02
8.099923E+00        -4.181638E-02
8.092647E+00        -4.165641E-02
8.085377E+00        -4.149724E-02
8.078114E+00        -4.133908E-02
8.070857E+00        -4.118109E-02
8.063607E+00        -4.102393E-02
8.056363E+00        -4.086694E-02
8.049126E+00        -4.071078E-02
8.041896E+00        -4.055563E-02
8.034671E+00        -4.040063E-02
8.027454E+00        -4.024566E-02
8.020243E+00        -4.009232E-02
8.013038E+00        -3.993933E-02
8.005840E+00        -3.978635E-02
7.998648E+00        -3.963418E-02
7.991462E+00        -3.948301E-02
7.984284E+00        -3.933204E-02
7.977111E+00        -3.918186E-02
7.969945E+00        -3.903188E-02
7.962786E+00        -3.888272E-02
7.955633E+00        -3.873374E-02
7.948486E+00        -3.858557E-02
7.941346E+00        -3.843841E-02
7.934212E+00        -3.829142E-02
7.927084E+00        -3.814524E-02
7.919963E+00        -3.799926E-02
7.912849E+00        -3.785411E-02
7.905741E+00        -3.770995E-02
7.898639E+00        -3.756596E-02
7.891543E+00        -3.742196E-02
7.884454E+00        -3.727880E-02
7.877371E+00        -3.713663E-02
7.870295E+00        -3.699465E-02
7.863225E+00        -3.685266E-02
7.856161E+00        -3.671231E-02
7.849104E+00        -3.657233E-02
7.842053E+00        -3.643234E-02
7.835008E+00        -3.629317E-02
7.827970E+00        -3.615419E-02
7.820938E+00        -3.601602E-02
7.813912E+00        -3.587803E-02
7.806893E+00        -3.574087E-02
7.799880E+00        -3.560470E-02
7.792873E+00        -3.546871E-02
7.785873E+00        -3.533273E-02
7.778879E+00        -3.519757E-02
7.771891E+00        -3.506340E-02
7.764909E+00        -3.492858E-02
7.757934E+00        -3.479524E-02
7.750965E+00        -3.466225E-02
7.744002E+00        -3.453008E-02
7.737045E+00        -3.439809E-02
7.730095E+00        -3.426610E-02
7.723151E+00        -3.413494E-02
7.716213E+00        -3.400476E-02
7.709282E+00        -3.387479E-02
7.702356E+00        -3.374561E-02
7.695437E+00        -3.361580E-02
7.688524E+00        -3.348745E-02
7.681617E+00        -3.335946E-02
7.674717E+00        -3.323230E-02
7.667823E+00        -3.310532E-02
7.660934E+00        -3.297831E-02
7.654052E+00        -3.285214E-02
7.647177E+00        -3.272698E-02
7.640307E+00        -3.260117E-02
7.633444E+00        -3.247682E-02
7.626586E+00        -3.235282E-02
7.619735E+00        -3.222884E-02
7.612890E+00        -3.210566E-02
7.606052E+00        -3.198269E-02
7.599219E+00        -3.186051E-02
7.592393E+00        -3.173853E-02
7.585572E+00        -3.161735E-02
7.578758E+00        -3.149636E-02
7.571950E+00        -3.137538E-02
7.565148E+00        -3.125602E-02
7.558352E+00        -3.113621E-02
7.551562E+00        -3.101704E-02
7.544778E+00        -3.089804E-02
7.538001E+00        -3.077988E-02
7.531229E+00        -3.066270E-02
7.524464E+00        -3.054490E-02
7.517705E+00        -3.042855E-02
7.510951E+00        -3.031173E-02
7.504204E+00        -3.019556E-02
7.497463E+00        -3.008039E-02
7.490728E+00        -2.996541E-02
7.483999E+00        -2.985042E-02
7.477276E+00        -2.973624E-02
7.470559E+00        -2.962307E-02
7.463848E+00        -2.950926E-02
7.457143E+00        -2.939609E-02
7.450444E+00        -2.928391E-02
7.443751E+00        -2.917192E-02
7.437064E+00        -2.905993E-02
7.430384E+00        -2.894876E-02
7.423709E+00        -2.883859E-02
7.417040E+00        -2.872778E-02
7.410377E+00        -2.861841E-02
7.403720E+00        -2.850861E-02
7.397069E+00        -2.839943E-02
7.390424E+00        -2.829125E-02
7.383786E+00        -2.818247E-02
7.377153E+00        -2.807429E-02
7.370526E+00        -2.796711E-02
7.363904E+00        -2.786011E-02
7.357289E+00        -2.775393E-02
7.350680E+00        -2.764713E-02
7.344077E+00        -2.754177E-02
7.337480E+00        -2.743598E-02
7.330888E+00        -2.733079E-02
7.324303E+00        -2.722662E-02
7.317723E+00        -2.712262E-02
7.311150E+00        -2.701864E-02
7.304582E+00        -2.691546E-02
7.298020E+00        -2.681247E-02
7.291464E+00        -2.670947E-02
7.284914E+00        -2.660730E-02
7.278370E+00        -2.650531E-02
7.271832E+00        -2.640413E-02
7.265299E+00        -2.630313E-02
7.258773E+00        -2.620215E-02
7.252252E+00        -2.610197E-02
7.245737E+00        -2.600198E-02
7.239228E+00        -2.590280E-02
7.232725E+00        -2.580300E-02
7.226228E+00        -2.570463E-02
7.219737E+00        -2.560584E-02
7.213251E+00        -2.550765E-02
7.206771E+00        -2.541047E-02
7.200297E+00        -2.531348E-02
7.193829E+00        -2.521649E-02
7.187367E+00        -2.511950E-02
7.180910E+00        -2.502331E-02
7.174459E+00        -2.492813E-02
7.168015E+00        -2.483234E-02
7.161575E+00        -2.473715E-02
7.155142E+00        -2.464216E-02
7.148714E+00        -2.454798E-02
7.142293E+00        -2.445400E-02
7.135877E+00        -2.436082E-02
7.129466E+00        -2.426701E-02
7.123062E+00        -2.417464E-02
7.116663E+00        -2.408184E-02
7.110270E+00        -2.398965E-02
7.103883E+00        -2.389767E-02
7.097501E+00        -2.380648E-02
7.091125E+00        -2.371468E-02
7.084755E+00        -2.362430E-02
7.078391E+00        -2.353351E-02
7.072032E+00        -2.344332E-02
7.065679E+00        -2.335333E-02
7.059332E+00        -2.326415E-02
7.052991E+00        -2.317516E-02
7.046655E+00        -2.308617E-02
7.040325E+00        -2.299799E-02
7.034000E+00        -2.290999E-02
7.027682E+00        -2.282201E-02
7.021369E+00        -2.273482E-02
7.015061E+00        -2.264782E-02
7.008759E+00        -2.256083E-02
7.002463E+00        -2.247465E-02
6.996173E+00        -2.238866E-02
6.989888E+00        -2.230266E-02
6.983609E+00        -2.221748E-02
6.977336E+00        -2.213250E-02
6.971068E+00        -2.204750E-02
6.964805E+00        -2.196331E-02
6.958549E+00        -2.187852E-02
6.952298E+00        -2.179514E-02
6.946053E+00        -2.171134E-02
6.939813E+00        -2.162815E-02
6.933579E+00        -2.154517E-02
6.927350E+00        -2.146297E-02
6.921127E+00        -2.138098E-02
6.914910E+00        -2.129899E-02
6.908698E+00        -2.121700E-02
6.902492E+00        -2.113581E-02
6.896291E+00        -2.105482E-02
6.890096E+00        -2.097383E-02
6.883907E+00        -2.089364E-02
6.877723E+00        -2.081365E-02
6.871544E+00        -2.073365E-02
6.865372E+00        -2.065447E-02
6.859204E+00        -2.057547E-02
6.853043E+00        -2.049649E-02
6.846886E+00        -2.041829E-02
6.840736E+00        -2.033950E-02
6.834591E+00        -2.026212E-02
6.828451E+00        -2.018432E-02
6.822317E+00        -2.010713E-02
6.816188E+00        -2.003014E-02
6.810065E+00        -1.995314E-02
6.803948E+00        -1.987616E-02
6.797835E+00        -1.979996E-02
6.791729E+00        -1.972478E-02
6.785628E+00        -1.964898E-02
6.779532E+00        -1.957379E-02
6.773442E+00        -1.949880E-02
6.767357E+00        -1.942380E-02
6.761278E+00        -1.934961E-02
6.755204E+00        -1.927482E-02
6.749136E+00        -1.920143E-02
6.743073E+00        -1.912764E-02
6.737016E+00        -1.905445E-02
6.730964E+00        -1.898146E-02
6.724917E+00        -1.890846E-02
6.718876E+00        -1.883627E-02
6.712840E+00        -1.876347E-02
6.706810E+00        -1.869208E-02
6.700785E+00        -1.862029E-02
6.694766E+00        -1.854910E-02
6.688752E+00        -1.847811E-02
6.682743E+00        -1.840711E-02
6.676740E+00        -1.833612E-02
6.670742E+00        -1.826593E-02
6.664750E+00        -1.819594E-02
6.658763E+00        -1.812595E-02
6.652781E+00        -1.805675E-02
6.646805E+00        -1.798776E-02
6.640834E+00        -1.791877E-02
6.634868E+00        -1.784977E-02
6.628908E+00        -1.778158E-02
6.622953E+00        -1.771278E-02
6.617004E+00        -1.764540E-02
6.611060E+00        -1.757760E-02
6.605121E+00        -1.751041E-02
6.599187E+00        -1.744341E-02
6.593259E+00        -1.737642E-02
6.587336E+00        -1.730942E-02
6.581419E+00        -1.724324E-02
6.575507E+00        -1.717724E-02
6.569600E+00        -1.711125E-02
6.563698E+00        -1.704525E-02
6.557802E+00        -1.698006E-02
6.551911E+00        -1.691507E-02
6.546025E+00        -1.685007E-02
6.540145E+00        -1.678508E-02
6.534270E+00        -1.672089E-02
6.528400E+00        -1.665689E-02
6.522535E+00        -1.659289E-02
6.516676E+00        -1.652890E-02
6.510822E+00        -1.646571E-02
6.504973E+00        -1.640271E-02
6.499130E+00        -1.633972E-02
6.493291E+00        -1.627752E-02
6.487458E+00        -1.621473E-02
6.481630E+00        -1.615253E-02
6.475808E+00        -1.609054E-02
6.469991E+00        -1.602855E-02
6.464179E+00        -1.596736E-02
6.458372E+00        -1.590636E-02
6.452570E+00        -1.584536E-02
6.446774E+00        -1.578437E-02
6.440982E+00        -1.572337E-02
6.435196E+00        -1.566318E-02
6.429415E+00        -1.560318E-02
6.423640E+00        -1.554319E-02
6.417869E+00        -1.548399E-02
6.412104E+00        -1.542420E-02
6.406344E+00        -1.536501E-02
6.400589E+00        -1.530601E-02
6.394839E+00        -1.524781E-02
6.389095E+00        -1.518903E-02
6.383355E+00        -1.513082E-02
6.377621E+00        -1.507283E-02
6.371892E+00        -1.501484E-02
6.366168E+00        -1.495684E-02
6.360449E+00        -1.489964E-02
6.354735E+00        -1.484265E-02
6.349027E+00        -1.478566E-02
6.343323E+00        -1.472866E-02
6.337625E+00        -1.467246E-02
6.331932E+00        -1.461567E-02
6.326244E+00        -1.456027E-02
6.320561E+00        -1.450448E-02
6.314883E+00        -1.444848E-02
6.309210E+00        -1.439328E-02
6.303543E+00        -1.433750E-02
6.297880E+00        -1.428230E-02
6.292223E+00        -1.422810E-02
6.286570E+00        -1.417331E-02
6.280923E+00        -1.411911E-02
6.275281E+00        -1.406512E-02
6.269643E+00        -1.401032E-02
6.264011E+00        -1.395692E-02
6.258384E+00        -1.390313E-02
6.252762E+00        -1.384993E-02
6.247145E+00        -1.379693E-02
6.241533E+00        -1.374394E-02
6.235926E+00        -1.369094E-02
6.230325E+00        -1.363875E-02
6.224728E+00        -1.358596E-02
6.219136E+00        -1.353375E-02
6.213549E+00        -1.348176E-02
6.207968E+00        -1.342977E-02
6.202391E+00        -1.337856E-02
6.196819E+00        -1.332757E-02
6.191252E+00        -1.327577E-02
6.185691E+00        -1.322537E-02
6.180134E+00        -1.317458E-02
6.174582E+00        -1.312358E-02
6.169036E+00        -1.307339E-02
6.163494E+00        -1.302339E-02
6.157957E+00        -1.297339E-02
6.152425E+00        -1.292340E-02
6.146898E+00        -1.287340E-02
6.141377E+00        -1.282420E-02
6.135860E+00        -1.277521E-02
6.130348E+00        -1.272621E-02
6.124841E+00        -1.267722E-02
6.119339E+00        -1.262822E-02
6.113842E+00        -1.258002E-02
6.108349E+00        -1.253123E-02
6.102862E+00        -1.248302E-02
6.097380E+00        -1.243503E-02
6.091903E+00        -1.238783E-02
6.086430E+00        -1.234004E-02
6.080963E+00        -1.229284E-02
6.075500E+00        -1.224584E-02
6.070042E+00        -1.219884E-02
6.064589E+00        -1.215185E-02
6.059141E+00        -1.210485E-02
6.053698E+00        -1.205865E-02
6.048260E+00        -1.201186E-02
6.042827E+00        -1.196566E-02
6.037399E+00        -1.191967E-02
6.031975E+00        -1.187446E-02
6.026557E+00        -1.182868E-02
6.021143E+00        -1.178268E-02
6.015734E+00        -1.173747E-02
6.010330E+00        -1.169248E-02
6.004931E+00        -1.164748E-02
5.999536E+00        -1.160327E-02
5.994147E+00        -1.155849E-02
5.988762E+00        -1.151428E-02
5.983383E+00        -1.147029E-02
5.978008E+00        -1.142551E-02
5.972637E+00        -1.138208E-02
5.967272E+00        -1.133830E-02
5.961912E+00        -1.129431E-02
5.956556E+00        -1.125110E-02
5.951205E+00        -1.120810E-02
5.945859E+00        -1.116511E-02
5.940518E+00        -1.112211E-02
5.935181E+00        -1.107911E-02
5.929850E+00        -1.103691E-02
5.924523E+00        -1.099413E-02
5.919201E+00        -1.095192E-02
5.913883E+00        -1.090992E-02
5.908571E+00        -1.086793E-02
5.903263E+00        -1.082593E-02
5.897960E+00        -1.078472E-02
5.892662E+00        -1.074294E-02
5.887368E+00        -1.070173E-02
5.882080E+00        -1.066074E-02
5.876796E+00        -1.061974E-02
5.871516E+00        -1.057874E-02
5.866242E+00        -1.053853E-02
5.860972E+00        -1.049775E-02
5.855707E+00        -1.045754E-02
5.850447E+00        -1.041676E-02
5.845191E+00        -1.037654E-02
5.839941E+00        -1.033734E-02
5.834694E+00        -1.029755E-02
5.829453E+00        -1.025756E-02
5.824216E+00        -1.021835E-02
5.818984E+00        -1.017935E-02
5.813757E+00        -1.013957E-02
5.808534E+00        -1.010114E-02
5.803317E+00        -1.006237E-02
5.798103E+00        -1.002337E-02
5.792895E+00        -9.984845E-03
5.787691E+00        -9.946447E-03
5.782492E+00        -9.908210E-03
5.777297E+00        -9.870088E-03
5.772107E+00        -9.832148E-03
5.766922E+00        -9.794331E-03
5.761742E+00        -9.756696E-03
5.756566E+00        -9.719177E-03
5.751395E+00        -9.681839E-03
5.746228E+00        -9.644540E-03
5.741066E+00        -9.607479E-03
5.735909E+00        -9.570563E-03
5.730756E+00        -9.533742E-03
5.725608E+00        -9.497025E-03
5.720465E+00        -9.460488E-03
5.715326E+00        -9.424147E-03
5.710192E+00        -9.387852E-03
5.705062E+00        -9.351787E-03
5.699937E+00        -9.315791E-03
5.694817E+00        -9.279953E-03
5.689701E+00        -9.244233E-03
5.684590E+00        -9.208695E-03
5.679484E+00        -9.173280E-03
5.674382E+00        -9.138040E-03
5.669284E+00        -9.102840E-03
5.664191E+00        -9.067798E-03
5.659103E+00        -9.032960E-03
5.654019E+00        -8.998161E-03
5.648940E+00        -8.963600E-03
5.643866E+00        -8.929107E-03
5.638796E+00        -8.894767E-03
5.633730E+00        -8.860545E-03
5.628670E+00        -8.826432E-03
5.623613E+00        -8.792487E-03
5.618561E+00        -8.758668E-03
5.613514E+00        -8.724951E-03
5.608472E+00        -8.691337E-03
5.603433E+00        -8.657891E-03
5.598400E+00        -8.624577E-03
5.593371E+00        -8.591438E-03
5.588346E+00        -8.558338E-03
5.583326E+00        -8.525398E-03
5.578310E+00        -8.492577E-03
5.573299E+00        -8.459937E-03
5.568293E+00        -8.427344E-03
5.563291E+00        -8.394904E-03
5.558293E+00        -8.362583E-03
5.553300E+00        -8.330443E-03
5.548311E+00        -8.298344E-03
5.543327E+00        -8.266404E-03
5.538347E+00        -8.234583E-03
5.533372E+00        -8.202943E-03
5.528402E+00        -8.171351E-03
5.523435E+00        -8.139905E-03
5.518473E+00        -8.108585E-03
5.513516E+00        -8.077368E-03
5.508563E+00        -8.046249E-03
5.503615E+00        -8.015311E-03
5.498671E+00        -7.984413E-03
5.493731E+00        -7.953670E-03
5.488796E+00        -7.923051E-03
5.483866E+00        -7.892614E-03
5.478939E+00        -7.862213E-03
5.474017E+00        -7.831971E-03
5.469100E+00        -7.801776E-03
5.464187E+00        -7.771735E-03
5.459279E+00        -7.741819E-03
5.454374E+00        -7.711995E-03
5.449475E+00        -7.682358E-03
5.444579E+00        -7.652757E-03
5.439688E+00        -7.623315E-03
5.434802E+00        -7.593922E-03
5.429920E+00        -7.564681E-03
5.425042E+00        -7.535561E-03
5.420168E+00        -7.506538E-03
5.415299E+00        -7.477618E-03
5.410435E+00        -7.448803E-03
5.405574E+00        -7.420157E-03
5.400719E+00        -7.391565E-03
5.395867E+00        -7.363121E-03
5.391020E+00        -7.334725E-03
5.386177E+00        -7.306482E-03
5.381338E+00        -7.278360E-03
5.376504E+00        -7.250341E-03
5.371674E+00        -7.222421E-03
5.366849E+00        -7.194604E-03
5.362028E+00        -7.166885E-03
5.357211E+00        -7.139264E-03
5.352399E+00        -7.111747E-03
5.347591E+00        -7.084406E-03
5.342787E+00        -7.057108E-03
5.337987E+00        -7.029885E-03
5.333192E+00        -7.002845E-03
5.328401E+00        -6.975847E-03
5.323614E+00        -6.949002E-03
5.318832E+00        -6.922206E-03
5.314054E+00        -6.895564E-03
5.309281E+00        -6.868971E-03
5.304511E+00        -6.842525E-03
5.299746E+00        -6.816129E-03
5.294985E+00        -6.789886E-03
5.290229E+00        -6.763769E-03
5.285476E+00        -6.737668E-03
5.280728E+00        -6.711725E-03
5.275984E+00        -6.685827E-03
5.271245E+00        -6.660087E-03
5.266510E+00        -6.634391E-03
5.261779E+00        -6.608848E-03
5.257052E+00        -6.583349E-03
5.252329E+00        -6.558004E-03
5.247611E+00        -6.532785E-03
5.242897E+00        -6.507588E-03
5.238187E+00        -6.482467E-03
5.233482E+00        -6.457527E-03
5.228781E+00        -6.432631E-03
5.224083E+00        -6.407806E-03
5.219391E+00        -6.383168E-03
5.214702E+00        -6.358569E-03
5.210018E+00        -6.334051E-03
5.205337E+00        -6.309627E-03
5.200661E+00        -6.285307E-03
5.195989E+00        -6.261086E-03
5.191322E+00        -6.236969E-03
5.186658E+00        -6.212868E-03
5.181999E+00        -6.188927E-03
5.177344E+00        -6.165107E-03
5.172693E+00        -6.141308E-03
5.168046E+00        -6.117664E-03
5.163404E+00        -6.094069E-03
5.158765E+00        -6.070545E-03
5.154131E+00        -6.047126E-03
5.149501E+00        -6.023883E-03
5.144875E+00        -6.000607E-03
5.140254E+00        -5.977468E-03
5.135636E+00        -5.954445E-03
5.131023E+00        -5.931527E-03
5.126413E+00        -5.908625E-03
5.121808E+00        -5.885883E-03
5.117207E+00        -5.863185E-03
5.112610E+00        -5.840564E-03
5.108018E+00        -5.818047E-03
5.103429E+00        -5.795624E-03
5.098844E+00        -5.773224E-03
5.094264E+00        -5.750982E-03
5.089688E+00        -5.728786E-03
5.085116E+00        -5.706743E-03
5.080548E+00        -5.684745E-03
5.075984E+00        -5.662824E-03
5.071424E+00        -5.640926E-03
5.066868E+00        -5.619181E-03
5.062317E+00        -5.597486E-03
5.057769E+00        -5.575940E-03
5.053225E+00        -5.554440E-03
5.048686E+00        -5.533021E-03
5.044151E+00        -5.511701E-03
5.039620E+00        -5.490405E-03
5.035092E+00        -5.469180E-03
5.030569E+00        -5.448136E-03
5.026050E+00        -5.427139E-03
5.021535E+00        -5.406218E-03
5.017024E+00        -5.385319E-03
5.012517E+00        -5.364575E-03
5.008015E+00        -5.343881E-03
5.003516E+00        -5.323259E-03
4.999021E+00        -5.302736E-03
4.994530E+00        -5.282237E-03
4.990044E+00        -5.261896E-03
4.985561E+00        -5.241596E-03
4.981082E+00        -5.221373E-03
4.976608E+00        -5.201178E-03
4.972137E+00        -5.181132E-03
4.967671E+00        -5.161136E-03
4.963208E+00        -5.141213E-03
4.958750E+00        -5.121394E-03
4.954295E+00        -5.101594E-03
4.949845E+00        -5.081952E-03
4.945398E+00        -5.062352E-03
4.940956E+00        -5.042833E-03
4.936517E+00        -5.023333E-03
4.932083E+00        -5.003914E-03
4.927652E+00        -4.984590E-03
4.923225E+00        -4.965367E-03
4.918803E+00        -4.946249E-03
4.914384E+00        -4.927149E-03
4.909969E+00        -4.908126E-03
4.905559E+00        -4.889208E-03
4.901152E+00        -4.870309E-03
4.896749E+00        -4.851486E-03
4.892350E+00        -4.832764E-03
4.887955E+00        -4.814142E-03
4.883565E+00        -4.795548E-03
4.879178E+00        -4.777026E-03
4.874795E+00        -4.758605E-03
4.870415E+00        -4.740203E-03
4.866040E+00        -4.721959E-03
4.861669E+00        -4.703685E-03
4.857302E+00        -4.685541E-03
4.852938E+00        -4.667440E-03
4.848579E+00        -4.649421E-03
4.844223E+00        -4.631497E-03
4.839872E+00        -4.613602E-03
4.835524E+00        -4.595779E-03
4.831180E+00        -4.578057E-03
4.826840E+00        -4.560358E-03
4.822504E+00        -4.542736E-03
4.818172E+00        -4.525215E-03
4.813844E+00        -4.507718E-03
4.809519E+00        -4.490293E-03
4.805199E+00        -4.472974E-03
4.800882E+00        -4.455750E-03
4.796570E+00        -4.438555E-03
4.792261E+00        -4.421356E-03
4.787956E+00        -4.404310E-03
4.783655E+00        -4.387312E-03
4.779358E+00        -4.370391E-03
4.775064E+00        -4.353490E-03
4.770775E+00        -4.336670E-03
4.766489E+00        -4.319947E-03
4.762207E+00        -4.303248E-03
4.757929E+00        -4.286626E-03
4.753655E+00        -4.270028E-03
4.749385E+00        -4.253507E-03
4.745118E+00        -4.237083E-03
4.740856E+00        -4.220763E-03
4.736597E+00        -4.204464E-03
4.732342E+00        -4.188242E-03
4.728091E+00        -4.172044E-03
4.723844E+00        -4.155923E-03
4.719600E+00        -4.139823E-03
4.715360E+00        -4.123876E-03
4.711124E+00        -4.107901E-03
4.706892E+00        -4.092055E-03
4.702664E+00        -4.076258E-03
4.698440E+00        -4.060537E-03
4.694219E+00        -4.044838E-03
4.690002E+00        -4.029215E-03
4.685789E+00        -4.013617E-03
4.681580E+00        -3.998096E-03
4.677374E+00        -3.982672E-03
4.673172E+00        -3.967273E-03
4.668974E+00        -3.951950E-03
4.664780E+00        -3.936652E-03
4.660590E+00        -3.921432E-03
4.656403E+00        -3.906308E-03
4.652220E+00        -3.891209E-03
4.648041E+00        -3.876188E-03
4.643865E+00        -3.861187E-03
4.639694E+00        -3.846267E-03
4.635526E+00        -3.831368E-03
4.631362E+00        -3.816622E-03
4.627201E+00        -3.801846E-03
4.623045E+00        -3.787126E-03
4.618892E+00        -3.772503E-03
4.614742E+00        -3.757902E-03
4.610597E+00        -3.743381E-03
4.606455E+00        -3.728958E-03
4.602317E+00        -3.714559E-03
4.598183E+00        -3.700162E-03
4.594052E+00        -3.685838E-03
4.589925E+00        -3.671615E-03
4.585802E+00        -3.657417E-03
4.581683E+00        -3.643296E-03
4.577567E+00        -3.629197E-03
4.573455E+00        -3.615174E-03
4.569346E+00        -3.601174E-03
4.565242E+00        -3.587254E-03
4.561141E+00        -3.573355E-03
4.557043E+00        -3.559530E-03
4.552949E+00        -3.545806E-03
4.548860E+00        -3.532111E-03
4.544773E+00        -3.518410E-03
4.540691E+00        -3.504789E-03
4.536612E+00        -3.491266E-03
4.532536E+00        -3.477765E-03
4.528465E+00        -3.464345E-03
4.524397E+00        -3.450946E-03
4.520332E+00        -3.437621E-03
4.516272E+00        -3.424324E-03
4.512215E+00        -3.411026E-03
4.508161E+00        -3.397801E-03
4.504111E+00        -3.384677E-03
4.500065E+00        -3.371579E-03
4.496023E+00        -3.358558E-03
4.491984E+00        -3.345558E-03
4.487949E+00        -3.332636E-03
4.483917E+00        -3.319736E-03
4.479889E+00        -3.306913E-03
4.475865E+00        -3.294115E-03
4.471844E+00        -3.281391E-03
4.467827E+00        -3.268693E-03
4.463813E+00        -3.256069E-03
4.459804E+00        -3.243473E-03
4.455797E+00        -3.230872E-03
4.451794E+00        -3.218348E-03
4.447795E+00        -3.205925E-03
4.443800E+00        -3.193528E-03
4.439808E+00        -3.181204E-03
4.435820E+00        -3.168907E-03
4.431835E+00        -3.156607E-03
4.427854E+00        -3.144385E-03
4.423876E+00        -3.132260E-03
4.419902E+00        -3.120086E-03
4.415931E+00        -3.108037E-03
4.411965E+00        -3.096041E-03
4.408001E+00        -3.084040E-03
4.404041E+00        -3.072116E-03
4.400085E+00        -3.060218E-03
4.396133E+00        -3.048321E-03
4.392183E+00        -3.036570E-03
4.388238E+00        -3.024798E-03
4.384296E+00        -3.013074E-03
4.380357E+00        -3.001449E-03
4.376422E+00        -2.989850E-03
4.372491E+00        -2.978253E-03
4.368563E+00        -2.966729E-03
4.364639E+00        -2.955231E-03
4.360718E+00        -2.943807E-03
4.356801E+00        -2.932409E-03
4.352887E+00        -2.921085E-03
4.348977E+00        -2.909787E-03
4.345070E+00        -2.898487E-03
4.341167E+00        -2.887265E-03
4.337267E+00        -2.876065E-03
4.333371E+00        -2.864942E-03
4.329478E+00        -2.853842E-03
4.325589E+00        -2.842819E-03
4.321703E+00        -2.831820E-03
4.317821E+00        -2.820822E-03
4.313942E+00        -2.809897E-03
4.310067E+00        -2.798999E-03
4.306195E+00        -2.788175E-03
4.302327E+00        -2.777377E-03
4.298462E+00        -2.766653E-03
4.294600E+00        -2.755952E-03
4.290742E+00        -2.745253E-03
4.286888E+00        -2.734630E-03
4.283037E+00        -2.724031E-03
4.279189E+00        -2.713506E-03
4.275345E+00        -2.703008E-03
4.271505E+00        -2.692510E-03
4.267668E+00        -2.682087E-03
4.263834E+00        -2.671687E-03
4.260004E+00        -2.661364E-03
4.256177E+00        -2.651065E-03
4.252353E+00        -2.640764E-03
4.248533E+00        -2.630540E-03
4.244717E+00        -2.620342E-03
4.240904E+00        -2.610219E-03
4.237094E+00        -2.600119E-03
4.233288E+00        -2.590021E-03
4.229485E+00        -2.579996E-03
4.225686E+00        -2.569998E-03
4.221890E+00        -2.559999E-03
4.218097E+00        -2.550074E-03
4.214308E+00        -2.540251E-03
4.210522E+00        -2.530376E-03
4.206740E+00        -2.520553E-03
4.202961E+00        -2.510829E-03
4.199185E+00        -2.501054E-03
4.195413E+00        -2.491405E-03
4.191644E+00        -2.481731E-03
4.187879E+00        -2.472108E-03
4.184117E+00        -2.462509E-03
4.180358E+00        -2.452984E-03
4.176603E+00        -2.443485E-03
4.172851E+00        -2.434061E-03
4.169102E+00        -2.424586E-03
4.165357E+00        -2.415162E-03
4.161615E+00        -2.405838E-03
4.157877E+00        -2.396540E-03
4.154142E+00        -2.387241E-03
4.150410E+00        -2.377941E-03
4.146682E+00        -2.368718E-03
4.142957E+00        -2.359594E-03
4.139235E+00        -2.350419E-03
4.135517E+00        -2.341295E-03
4.131802E+00        -2.332196E-03
4.128090E+00        -2.323171E-03
4.124382E+00        -2.314173E-03
4.120677E+00        -2.305248E-03
4.116975E+00        -2.296274E-03
4.113277E+00        -2.287350E-03
4.109582E+00        -2.278526E-03
4.105890E+00        -2.269651E-03
4.102201E+00        -2.260900E-03
4.098516E+00        -2.252127E-03
4.094835E+00        -2.243404E-03
4.091156E+00        -2.234704E-03
4.087481E+00        -2.226005E-03
4.083809E+00        -2.217380E-03
4.080141E+00        -2.208782E-03
4.076475E+00        -2.200256E-03
4.072813E+00        -2.191682E-03
4.069155E+00        -2.183159E-03
4.065499E+00        -2.174733E-03
4.061847E+00        -2.166334E-03
4.058198E+00        -2.157935E-03
4.054553E+00        -2.149537E-03
4.050911E+00        -2.141213E-03
4.047272E+00        -2.132913E-03
4.043636E+00        -2.124614E-03
4.040003E+00        -2.116388E-03
4.036374E+00        -2.108189E-03
4.032748E+00        -2.099990E-03
4.029126E+00        -2.091867E-03
4.025506E+00        -2.083692E-03
4.021890E+00        -2.075642E-03
4.018277E+00        -2.067568E-03
4.014667E+00        -2.059543E-03
4.011061E+00        -2.051544E-03
4.007458E+00        -2.043620E-03
4.003858E+00        -2.035721E-03
4.000261E+00        -2.027821E-03
3.996668E+00        -2.019923E-03
3.993077E+00        -2.012096E-03
3.989490E+00        -2.004297E-03
3.985906E+00        -1.996498E-03
3.982326E+00        -1.988774E-03
3.978748E+00        -1.981074E-03
3.975174E+00        -1.973375E-03
3.971603E+00        -1.965675E-03
3.968036E+00        -1.958052E-03
3.964471E+00        -1.950452E-03
3.960910E+00        -1.942928E-03
3.957352E+00        -1.935354E-03
3.953797E+00        -1.927829E-03
3.950245E+00        -1.920330E-03
3.946696E+00        -1.912904E-03
3.943151E+00        -1.905505E-03
3.939609E+00        -1.898106E-03
3.936070E+00        -1.890707E-03
3.932534E+00        -1.883382E-03
3.929001E+00        -1.876082E-03
3.925472E+00        -1.868784E-03
3.921945E+00        -1.861557E-03
3.918422E+00        -1.854284E-03
3.914902E+00        -1.847133E-03
3.911385E+00        -1.839959E-03
3.907872E+00        -1.832835E-03
3.904361E+00        -1.825661E-03
3.900854E+00        -1.818611E-03
3.897350E+00        -1.811538E-03
3.893849E+00        -1.804512E-03
3.890351E+00        -1.797513E-03
3.886856E+00        -1.790513E-03
3.883364E+00        -1.783513E-03
3.879876E+00        -1.776589E-03
3.876391E+00        -1.769690E-03
3.872908E+00        -1.762864E-03
3.869429E+00        -1.755990E-03
3.865953E+00        -1.749165E-03
3.862480E+00        -1.742365E-03
3.859011E+00        -1.735642E-03
3.855544E+00        -1.728867E-03
3.852081E+00        -1.722143E-03
3.848620E+00        -1.715443E-03
3.845163E+00        -1.708818E-03
3.841709E+00        -1.702219E-03
3.838258E+00        -1.695546E-03
3.834810E+00        -1.688994E-03
3.831365E+00        -1.682420E-03
3.827923E+00        -1.675895E-03
3.824484E+00        -1.669395E-03
3.821049E+00        -1.662896E-03
3.817616E+00        -1.656396E-03
3.814187E+00        -1.649972E-03
3.810760E+00        -1.643571E-03
3.807337E+00        -1.637172E-03
3.803917E+00        -1.630847E-03
3.800500E+00        -1.624474E-03
3.797086E+00        -1.618222E-03
3.793675E+00        -1.611949E-03
3.790267E+00        -1.605650E-03
3.786862E+00        -1.599424E-03
3.783460E+00        -1.593224E-03
3.780062E+00        -1.587026E-03
3.776666E+00        -1.580826E-03
3.773273E+00        -1.574700E-03
3.769884E+00        -1.568601E-03
3.766497E+00        -1.562501E-03
3.763114E+00        -1.556403E-03
3.759733E+00        -1.550376E-03
3.756356E+00        -1.544378E-03
3.752981E+00        -1.538303E-03
3.749610E+00        -1.532352E-03
3.746242E+00        -1.526379E-03
3.742876E+00        -1.520453E-03
3.739514E+00        -1.514554E-03
3.736155E+00        -1.508655E-03
3.732798E+00        -1.502754E-03
3.729445E+00        -1.496929E-03
3.726095E+00        -1.491130E-03
3.722748E+00        -1.485330E-03
3.719404E+00        -1.479531E-03
3.716062E+00        -1.473804E-03
3.712724E+00        -1.468105E-03
3.709389E+00        -1.462406E-03
3.706057E+00        -1.456707E-03
3.702728E+00        -1.451008E-03
3.699401E+00        -1.445381E-03
3.696078E+00        -1.439782E-03
3.692758E+00        -1.434183E-03
3.689441E+00        -1.428584E-03
3.686126E+00        -1.423056E-03
3.682815E+00        -1.417484E-03
3.679507E+00        -1.411959E-03
3.676201E+00        -1.406458E-03
3.672899E+00        -1.401033E-03
3.669600E+00        -1.395561E-03
3.666303E+00        -1.390134E-03
3.663010E+00        -1.384735E-03
3.659719E+00        -1.379335E-03
3.656431E+00        -1.374008E-03
3.653147E+00        -1.368636E-03
3.649865E+00        -1.363310E-03
3.646586E+00        -1.358010E-03
3.643311E+00        -1.352712E-03
3.640038E+00        -1.347485E-03
3.636768E+00        -1.342212E-03
3.633501E+00        -1.336986E-03
3.630237E+00        -1.331787E-03
3.626976E+00        -1.326587E-03
3.623718E+00        -1.321461E-03
3.620462E+00        -1.316361E-03
3.617210E+00        -1.311188E-03
3.613961E+00        -1.306063E-03
3.610714E+00        -1.301036E-03
3.607471E+00        -1.295964E-03
3.604230E+00        -1.290937E-03
3.600992E+00        -1.285864E-03
3.597757E+00        -1.280837E-03
3.594525E+00        -1.275911E-03
3.591296E+00        -1.270938E-03
3.588070E+00        -1.266012E-03
3.584847E+00        -1.261040E-03
3.581627E+00        -1.256114E-03
3.578409E+00        -1.251287E-03
3.575195E+00        -1.246415E-03
3.571983E+00        -1.241515E-03
3.568774E+00        -1.236688E-03
3.565569E+00        -1.231890E-03
3.562365E+00        -1.227089E-03
3.559165E+00        -1.222290E-03
3.555968E+00        -1.217564E-03
3.552774E+00        -1.212865E-03
3.549582E+00        -1.208091E-03
3.546394E+00        -1.203366E-03
3.543208E+00        -1.198739E-03
3.540025E+00        -1.194066E-03
3.536845E+00        -1.189367E-03
3.533668E+00        -1.184741E-03
3.530493E+00        -1.180140E-03
3.527322E+00        -1.175542E-03
3.524153E+00        -1.170941E-03
3.520987E+00        -1.166415E-03
3.517824E+00        -1.161915E-03
3.514664E+00        -1.157343E-03
3.511507E+00        -1.152816E-03
3.508353E+00        -1.148318E-03
3.505201E+00        -1.143890E-03
3.502052E+00        -1.139418E-03
3.498906E+00        -1.134991E-03
3.495763E+00        -1.130592E-03
3.492623E+00        -1.126192E-03
3.489485E+00        -1.121792E-03
3.486351E+00        -1.117393E-03
3.483219E+00        -1.113067E-03
3.480090E+00        -1.108694E-03
3.476964E+00        -1.104368E-03
3.473840E+00        -1.100067E-03
3.470719E+00        -1.095767E-03
3.467602E+00        -1.091542E-03
3.464487E+00        -1.087269E-03
3.461374E+00        -1.083041E-03
3.458265E+00        -1.078842E-03
3.455158E+00        -1.074642E-03
3.452055E+00        -1.070444E-03
3.448954E+00        -1.066244E-03
3.445855E+00        -1.062116E-03
3.442760E+00        -1.058017E-03
3.439667E+00        -1.053845E-03
3.436577E+00        -1.049718E-03
3.433490E+00        -1.045618E-03
3.430406E+00        -1.041592E-03
3.427324E+00        -1.037519E-03
3.424245E+00        -1.033492E-03
3.421169E+00        -1.029492E-03
3.418096E+00        -1.025493E-03
3.415026E+00        -1.021494E-03
3.411958E+00        -1.017494E-03
3.408893E+00        -1.013495E-03
3.405830E+00        -1.009567E-03
3.402771E+00        -1.005595E-03
3.399714E+00        -1.001668E-03
3.396660E+00        -9.977830E-04
3.393609E+00        -9.939037E-04
3.390560E+00        -9.900307E-04
3.387515E+00        -9.861694E-04
3.384472E+00        -9.823244E-04
3.381431E+00        -9.784911E-04
3.378394E+00        -9.746768E-04
3.375359E+00        -9.708742E-04
3.372327E+00        -9.670893E-04
3.369297E+00        -9.633234E-04
3.366270E+00        -9.595634E-04
3.363247E+00        -9.558268E-04
3.360225E+00        -9.520962E-04
3.357207E+00        -9.483818E-04
3.354191E+00        -9.446864E-04
3.351178E+00        -9.410042E-04
3.348167E+00        -9.373311E-04
3.345160E+00        -9.336768E-04
3.342155E+00        -9.300344E-04
3.339152E+00        -9.264084E-04
3.336153E+00        -9.227968E-04
3.333156E+00        -9.191943E-04
3.330162E+00        -9.156094E-04
3.327170E+00        -9.120364E-04
3.324181E+00        -9.084811E-04
3.321195E+00        -9.049389E-04
3.318212E+00        -9.014070E-04
3.315231E+00        -8.978916E-04
3.312253E+00        -8.943893E-04
3.309277E+00        -8.908963E-04
3.306304E+00        -8.874208E-04
3.303334E+00        -8.839585E-04
3.300367E+00        -8.805066E-04
3.297402E+00        -8.770711E-04
3.294440E+00        -8.736488E-04
3.291480E+00        -8.702430E-04
3.288524E+00        -8.668514E-04
3.285570E+00        -8.634692E-04
3.282618E+00        -8.600961E-04
3.279669E+00        -8.567407E-04
3.276723E+00        -8.533985E-04
3.273780E+00        -8.500666E-04
3.270839E+00        -8.467513E-04
3.267900E+00        -8.434407E-04
3.264965E+00        -8.401534E-04
3.262032E+00        -8.368737E-04
3.259101E+00        -8.336077E-04
3.256174E+00        -8.303560E-04
3.253249E+00        -8.271136E-04
3.250326E+00        -8.238806E-04
3.247406E+00        -8.206651E-04
3.244489E+00        -8.174629E-04
3.241575E+00        -8.142710E-04
3.238663E+00        -8.110957E-04
3.235753E+00        -8.079253E-04
3.232847E+00        -8.047708E-04
3.229943E+00        -8.016285E-04
3.227041E+00        -7.984955E-04
3.224142E+00        -7.953801E-04
3.221246E+00        -7.922779E-04
3.218352E+00        -7.891851E-04
3.215461E+00        -7.861027E-04
3.212573E+00        -7.830307E-04
3.209687E+00        -7.799753E-04
3.206803E+00        -7.769249E-04
3.203923E+00        -7.738904E-04
3.201044E+00        -7.708670E-04
3.198169E+00        -7.678622E-04
3.195296E+00        -7.648625E-04
3.192426E+00        -7.618704E-04
3.189558E+00        -7.588948E-04
3.186693E+00        -7.559326E-04
3.183830E+00        -7.529797E-04
3.180970E+00        -7.500373E-04
3.178112E+00        -7.471114E-04
3.175257E+00        -7.441917E-04
3.172405E+00        -7.412867E-04
3.169555E+00        -7.383868E-04
3.166708E+00        -7.355018E-04
3.163863E+00        -7.326289E-04
3.161021E+00        -7.297665E-04
3.158181E+00        -7.269136E-04
3.155344E+00        -7.240783E-04
3.152510E+00        -7.212491E-04
3.149678E+00        -7.184265E-04
3.146848E+00        -7.156205E-04
3.144022E+00        -7.128217E-04
3.141197E+00        -7.100356E-04
3.138376E+00        -7.072638E-04
3.135556E+00        -7.045006E-04
3.132740E+00        -7.017487E-04
3.129925E+00        -6.990054E-04
3.127114E+00        -6.962734E-04
3.124305E+00        -6.935510E-04
3.121498E+00        -6.908381E-04
3.118694E+00        -6.881428E-04
3.115892E+00        -6.854526E-04
3.113093E+00        -6.827701E-04
3.110297E+00        -6.801052E-04
3.107503E+00        -6.774455E-04
3.104711E+00        -6.747925E-04
3.101922E+00        -6.721571E-04
3.099136E+00        -6.695278E-04
3.096352E+00        -6.669124E-04
3.093570E+00        -6.643022E-04
3.090791E+00        -6.617068E-04
3.088015E+00        -6.591175E-04
3.085241E+00        -6.565421E-04
3.082469E+00        -6.539719E-04
3.079700E+00        -6.514165E-04
3.076933E+00        -6.488735E-04
3.074169E+00        -6.463338E-04
3.071408E+00        -6.438088E-04
3.068649E+00        -6.412892E-04
3.065892E+00        -6.387834E-04
3.063138E+00        -6.362837E-04
3.060386E+00        -6.337908E-04
3.057637E+00        -6.313155E-04
3.054890E+00        -6.288455E-04
3.052146E+00        -6.263832E-04
3.049404E+00        -6.239304E-04
3.046665E+00        -6.214952E-04
3.043928E+00        -6.190653E-04
3.041194E+00        -6.166430E-04
3.038462E+00        -6.142304E-04
3.035732E+00        -6.118273E-04
3.033005E+00        -6.094347E-04
3.030281E+00        -6.070526E-04
3.027559E+00        -6.046730E-04
3.024839E+00        -6.023072E-04
3.022122E+00        -5.999548E-04
3.019407E+00        -5.976049E-04
3.016694E+00        -5.952617E-04
3.013984E+00        -5.929362E-04
3.011277E+00        -5.906168E-04
3.008572E+00        -5.883043E-04
3.005869E+00        -5.860013E-04
3.003169E+00        -5.837089E-04
3.000471E+00        -5.814260E-04
2.997776E+00        -5.791537E-04
2.995083E+00        -5.768839E-04
2.992392E+00        -5.746280E-04
2.989704E+00        -5.723783E-04
2.987018E+00        -5.701354E-04
2.984335E+00        -5.679030E-04
2.981654E+00        -5.656802E-04
2.978976E+00        -5.634679E-04
2.976300E+00        -5.612582E-04
2.973626E+00        -5.590623E-04
2.970955E+00        -5.568728E-04
2.968286E+00        -5.546900E-04
2.965620E+00        -5.525177E-04
2.962956E+00        -5.503551E-04
2.960294E+00        -5.482021E-04
2.957635E+00        -5.460597E-04
2.954978E+00        -5.439198E-04
2.952323E+00        -5.417867E-04
2.949671E+00        -5.396641E-04
2.947021E+00        -5.375512E-04
2.944374E+00        -5.354488E-04
2.941729E+00        -5.333561E-04
2.939086E+00        -5.312660E-04
2.936446E+00        -5.291835E-04
2.933808E+00        -5.271107E-04
2.931173E+00        -5.250484E-04
2.928540E+00        -5.229887E-04
2.925909E+00        -5.209429E-04
2.923281E+00        -5.189034E-04
2.920655E+00        -5.168707E-04
2.918031E+00        -5.148477E-04
2.915410E+00        -5.128282E-04
2.912791E+00        -5.108154E-04
2.910174E+00        -5.088124E-04
2.907560E+00        -5.068199E-04
2.904948E+00        -5.048371E-04
2.902338E+00        -5.028570E-04
2.899731E+00        -5.008844E-04
2.897126E+00        -4.989287E-04
2.894524E+00        -4.969722E-04
2.891923E+00        -4.950260E-04
2.889326E+00        -4.930868E-04
2.886730E+00        -4.911537E-04
2.884137E+00        -4.892311E-04
2.881546E+00        -4.873112E-04
2.878957E+00        -4.853982E-04
2.876371E+00        -4.834956E-04
2.873787E+00        -4.816028E-04
2.871206E+00        -4.797134E-04
2.868627E+00        -4.778308E-04
2.866050E+00        -4.759580E-04
2.863475E+00        -4.740950E-04
2.860903E+00        -4.722354E-04
2.858333E+00        -4.703827E-04
2.855765E+00        -4.685397E-04
2.853200E+00        -4.667072E-04
2.850637E+00        -4.648774E-04
2.848076E+00        -4.630545E-04
2.845517E+00        -4.612414E-04
2.842961E+00        -4.594317E-04
2.840407E+00        -4.576288E-04
2.837856E+00        -4.558365E-04
2.835306E+00        -4.540462E-04
2.832759E+00        -4.522634E-04
2.830215E+00        -4.504912E-04
2.827672E+00        -4.487280E-04
2.825132E+00        -4.469683E-04
2.822594E+00        -4.452154E-04
2.820059E+00        -4.434660E-04
2.817525E+00        -4.417298E-04
2.814994E+00        -4.400000E-04
2.812466E+00        -4.382706E-04
2.809939E+00        -4.365475E-04
2.807415E+00        -4.348349E-04
2.804893E+00        -4.331321E-04
2.802373E+00        -4.314320E-04
2.799856E+00        -4.297395E-04
2.797341E+00        -4.280568E-04
2.794828E+00        -4.263769E-04
2.792317E+00        -4.247039E-04
2.789809E+00        -4.230343E-04
2.787303E+00        -4.213787E-04
2.784799E+00        -4.197287E-04
2.782297E+00        -4.180787E-04
2.779798E+00        -4.164361E-04
2.777301E+00        -4.148034E-04
2.774806E+00        -4.131735E-04
2.772313E+00        -4.115505E-04
2.769823E+00        -4.099379E-04
2.767334E+00        -4.083275E-04
2.764848E+00        -4.067247E-04
2.762365E+00        -4.051324E-04
2.759883E+00        -4.035422E-04
2.757404E+00        -4.019595E-04
2.754927E+00        -4.003797E-04
2.752452E+00        -3.988067E-04
2.749980E+00        -3.972443E-04
2.747509E+00        -3.956840E-04
2.745041E+00        -3.941313E-04
2.742575E+00        -3.925814E-04
2.740112E+00        -3.910390E-04
2.737650E+00        -3.895059E-04
2.735191E+00        -3.879762E-04
2.732734E+00        -3.864534E-04
2.730279E+00        -3.849405E-04
2.727826E+00        -3.834304E-04
2.725376E+00        -3.819208E-04
2.722928E+00        -3.804182E-04
2.720481E+00        -3.789247E-04
2.718038E+00        -3.774354E-04
2.715596E+00        -3.759524E-04
2.713157E+00        -3.744798E-04
2.710719E+00        -3.730095E-04
2.708284E+00        -3.715467E-04
2.705851E+00        -3.700868E-04
2.703421E+00        -3.686344E-04
2.700992E+00        -3.671842E-04
2.698566E+00        -3.657416E-04
2.696142E+00        -3.643018E-04
2.693720E+00        -3.628690E-04
2.691300E+00        -3.614460E-04
2.688882E+00        -3.600259E-04
2.686467E+00        -3.586133E-04
2.684053E+00        -3.572031E-04
2.681642E+00        -3.558003E-04
2.679233E+00        -3.544074E-04
2.676826E+00        -3.530104E-04
2.674422E+00        -3.516249E-04
2.672019E+00        -3.502448E-04
2.669619E+00        -3.488651E-04
2.667221E+00        -3.474923E-04
2.664825E+00        -3.461294E-04
2.662431E+00        -3.447695E-04
2.660039E+00        -3.434164E-04
2.657650E+00        -3.420669E-04
2.655262E+00        -3.407237E-04
2.652877E+00        -3.393840E-04
2.650494E+00        -3.380511E-04
2.648113E+00        -3.367213E-04
2.645734E+00        -3.353983E-04
2.643357E+00        -3.340783E-04
2.640983E+00        -3.327657E-04
2.638610E+00        -3.314555E-04
2.636240E+00        -3.301528E-04
2.633872E+00        -3.288530E-04
2.631506E+00        -3.275601E-04
2.629142E+00        -3.262772E-04
2.626780E+00        -3.249902E-04
2.624420E+00        -3.237142E-04
2.622063E+00        -3.224446E-04
2.619707E+00        -3.211744E-04
2.617354E+00        -3.199117E-04
2.615003E+00        -3.186519E-04
2.612654E+00        -3.173991E-04
2.610307E+00        -3.161492E-04
2.607962E+00        -3.149062E-04
2.605619E+00        -3.136662E-04
2.603279E+00        -3.124337E-04
2.600940E+00        -3.112036E-04
2.598603E+00        -3.099804E-04
2.596269E+00        -3.087607E-04
2.593937E+00        -3.075479E-04
2.591607E+00        -3.063381E-04
2.589279E+00        -3.051352E-04
2.586953E+00        -3.039353E-04
2.584629E+00        -3.027424E-04
2.582307E+00        -3.015454E-04
2.579987E+00        -3.003593E-04
2.577670E+00        -2.991798E-04
2.575354E+00        -2.979997E-04
2.573040E+00        -2.968265E-04
2.570729E+00        -2.956637E-04
2.568420E+00        -2.944971E-04
2.566112E+00        -2.933407E-04
2.563807E+00        -2.921840E-04
2.561504E+00        -2.910311E-04
2.559203E+00        -2.898882E-04
2.556904E+00        -2.887483E-04
2.554607E+00        -2.876153E-04
2.552312E+00        -2.864853E-04
2.550020E+00        -2.853558E-04
2.547729E+00        -2.842327E-04
2.545440E+00        -2.831127E-04
2.543154E+00        -2.820000E-04
2.540869E+00        -2.808899E-04
2.538587E+00        -2.797803E-04
2.536306E+00        -2.786771E-04
2.534028E+00        -2.775843E-04
2.531751E+00        -2.764872E-04
2.529477E+00        -2.754013E-04
2.527205E+00        -2.743146E-04
2.524935E+00        -2.732387E-04
2.522666E+00        -2.721615E-04
2.520400E+00        -2.710886E-04
2.518136E+00        -2.700187E-04
2.515874E+00        -2.689558E-04
2.513614E+00        -2.678959E-04
2.511356E+00        -2.668430E-04
2.509100E+00        -2.657931E-04
2.506846E+00        -2.647432E-04
2.504594E+00        -2.637002E-04
2.502344E+00        -2.626672E-04
2.500096E+00        -2.616303E-04
2.497850E+00        -2.605972E-04
2.495607E+00        -2.595747E-04
2.493365E+00        -2.585547E-04
2.491125E+00        -2.575347E-04
2.488887E+00        -2.565217E-04
2.486651E+00        -2.555117E-04
2.484417E+00        -2.545017E-04
2.482186E+00        -2.534990E-04
2.479956E+00        -2.524990E-04
2.477728E+00        -2.515060E-04
2.475502E+00        -2.505160E-04
2.473279E+00        -2.495264E-04
2.471057E+00        -2.485433E-04
2.468837E+00        -2.475633E-04
2.466619E+00        -2.465902E-04
2.464403E+00        -2.456202E-04
2.462190E+00        -2.446507E-04
2.459978E+00        -2.436876E-04
2.457768E+00        -2.427276E-04
2.455560E+00        -2.417677E-04
2.453354E+00        -2.408146E-04
2.451150E+00        -2.398647E-04
2.448948E+00        -2.389216E-04
2.446748E+00        -2.379817E-04
2.444550E+00        -2.370417E-04
2.442354E+00        -2.361087E-04
2.440160E+00        -2.351788E-04
2.437968E+00        -2.342489E-04
2.435778E+00        -2.333259E-04
2.433590E+00        -2.324061E-04
2.431404E+00        -2.314862E-04
2.429220E+00        -2.305733E-04
2.427038E+00        -2.296635E-04
2.424858E+00        -2.287605E-04
2.422679E+00        -2.278603E-04
2.420503E+00        -2.269606E-04
2.418329E+00        -2.260677E-04
2.416156E+00        -2.251706E-04
2.413986E+00        -2.242847E-04
2.411817E+00        -2.233977E-04
2.409651E+00        -2.225149E-04
2.407486E+00        -2.216417E-04
2.405323E+00        -2.207648E-04
2.403162E+00        -2.198917E-04
2.401004E+00        -2.190289E-04
2.398847E+00        -2.181621E-04
2.396692E+00        -2.172990E-04
2.394539E+00        -2.164460E-04
2.392388E+00        -2.155961E-04
2.390239E+00        -2.147462E-04
2.388092E+00        -2.138964E-04
2.385946E+00        -2.130530E-04
2.383803E+00        -2.122133E-04
2.381662E+00        -2.113735E-04
2.379522E+00        -2.105402E-04
2.377384E+00        -2.097102E-04
2.375249E+00        -2.088805E-04
2.373115E+00        -2.080573E-04
2.370983E+00        -2.072373E-04
2.368853E+00        -2.064174E-04
2.366725E+00        -2.056043E-04
2.364599E+00        -2.047944E-04
2.362475E+00        -2.039846E-04
2.360353E+00        -2.031747E-04
2.358233E+00        -2.023718E-04
2.356114E+00        -2.015785E-04
2.353998E+00        -2.007819E-04
2.351883E+00        -1.999887E-04
2.349770E+00        -1.991987E-04
2.347659E+00        -1.984156E-04
2.345551E+00        -1.976292E-04
2.343443E+00        -1.968457E-04
2.341338E+00        -1.960727E-04
2.339235E+00        -1.952960E-04
2.337134E+00        -1.945231E-04
2.335034E+00        -1.937598E-04
2.332937E+00        -1.929933E-04
2.330841E+00        -1.922301E-04
2.328747E+00        -1.914701E-04
2.326655E+00        -1.907170E-04
2.324565E+00        -1.899603E-04
2.322477E+00        -1.892073E-04
2.320391E+00        -1.884643E-04
2.318306E+00        -1.877173E-04
2.316224E+00        -1.869744E-04
2.314143E+00        -1.862412E-04
2.312064E+00        -1.855044E-04
2.309987E+00        -1.847713E-04
2.307912E+00        -1.840414E-04
2.305839E+00        -1.833116E-04
2.303767E+00        -1.825883E-04
2.301698E+00        -1.818685E-04
2.299630E+00        -1.811485E-04
2.297564E+00        -1.804353E-04
2.295500E+00        -1.797185E-04
2.293438E+00        -1.790054E-04
2.291378E+00        -1.783024E-04
2.289320E+00        -1.775958E-04
2.287263E+00        -1.768925E-04
2.285208E+00        -1.761993E-04
2.283156E+00        -1.755028E-04
2.281105E+00        -1.748097E-04
2.279056E+00        -1.741198E-04
2.277008E+00        -1.734297E-04
2.274963E+00        -1.727399E-04
2.272919E+00        -1.720567E-04
2.270877E+00        -1.713767E-04
2.268837E+00        -1.707035E-04
2.266799E+00        -1.700268E-04
2.264763E+00        -1.693538E-04
2.262728E+00        -1.686837E-04
2.260696E+00        -1.680208E-04
2.258665E+00        -1.673540E-04
2.256636E+00        -1.666909E-04
2.254609E+00        -1.660310E-04
2.252583E+00        -1.653776E-04
2.250560E+00        -1.647211E-04
2.248538E+00        -1.640679E-04
2.246518E+00        -1.634247E-04
2.244500E+00        -1.627780E-04
2.242484E+00        -1.621349E-04
2.240469E+00        -1.614880E-04
2.238457E+00        -1.608519E-04
2.236446E+00        -1.602151E-04
2.234437E+00        -1.595820E-04
2.232430E+00        -1.589521E-04
2.230424E+00        -1.583220E-04
2.228421E+00        -1.576990E-04
2.226419E+00        -1.570723E-04
2.224419E+00        -1.564491E-04
2.222421E+00        -1.558293E-04
2.220424E+00        -1.552159E-04
2.218430E+00        -1.545994E-04
2.216437E+00        -1.539862E-04
2.214446E+00        -1.533763E-04
2.212456E+00        -1.527729E-04
2.210469E+00        -1.521663E-04
2.208483E+00        -1.515631E-04
2.206499E+00        -1.509631E-04
2.204517E+00        -1.503700E-04
2.202537E+00        -1.497734E-04
2.200558E+00        -1.491801E-04
2.198581E+00        -1.485901E-04
2.196606E+00        -1.480001E-04
2.194633E+00        -1.474171E-04
2.192662E+00        -1.468305E-04
2.190692E+00        -1.462472E-04
2.188724E+00        -1.456673E-04
2.186758E+00        -1.450941E-04
2.184793E+00        -1.445172E-04
2.182831E+00        -1.439443E-04
2.180870E+00        -1.433743E-04
2.178911E+00        -1.428111E-04
2.176953E+00        -1.422442E-04
2.174998E+00        -1.416812E-04
2.173044E+00        -1.411212E-04
2.171092E+00        -1.405613E-04
2.169142E+00        -1.400015E-04
2.167193E+00        -1.394482E-04
2.165246E+00        -1.388982E-04
2.163301E+00        -1.383482E-04
2.161358E+00        -1.377984E-04
2.159416E+00        -1.372551E-04
2.157476E+00        -1.367083E-04
2.155538E+00        -1.361652E-04
2.153602E+00        -1.356321E-04
2.151667E+00        -1.350953E-04
2.149734E+00        -1.345553E-04
2.147803E+00        -1.340221E-04
2.145874E+00        -1.334923E-04
2.143946E+00        -1.329623E-04
2.142020E+00        -1.324391E-04
2.140096E+00        -1.319124E-04
2.138174E+00        -1.313893E-04
2.136253E+00        -1.308693E-04
2.134334E+00        -1.303494E-04
2.132417E+00        -1.298363E-04
2.130501E+00        -1.293195E-04
2.128587E+00        -1.288062E-04
2.126675E+00        -1.282963E-04
2.124764E+00        -1.277862E-04
2.122856E+00        -1.272832E-04
2.120949E+00        -1.267765E-04
2.119044E+00        -1.262734E-04
2.117140E+00        -1.257733E-04
2.115238E+00        -1.252733E-04
2.113338E+00        -1.247801E-04
2.111439E+00        -1.242833E-04
2.109543E+00        -1.237903E-04
2.107648E+00        -1.233003E-04
2.105754E+00        -1.228102E-04
2.103863E+00        -1.223272E-04
2.101973E+00        -1.218405E-04
2.100085E+00        -1.213573E-04
2.098198E+00        -1.208772E-04
2.096313E+00        -1.203972E-04
2.094430E+00        -1.199173E-04
2.092549E+00        -1.194442E-04
2.090669E+00        -1.189675E-04
2.088791E+00        -1.184943E-04
2.086914E+00        -1.180242E-04
2.085040E+00        -1.175611E-04
2.083167E+00        -1.170944E-04
2.081295E+00        -1.166243E-04
2.079426E+00        -1.161612E-04
2.077558E+00        -1.157013E-04
2.075691E+00        -1.152412E-04
2.073827E+00        -1.147881E-04
2.071964E+00        -1.143314E-04
2.070102E+00        -1.138780E-04
2.068243E+00        -1.134282E-04
2.066385E+00        -1.129782E-04
2.064529E+00        -1.125283E-04
2.062674E+00        -1.120782E-04
2.060821E+00        -1.116350E-04
2.058970E+00        -1.111951E-04
2.057120E+00        -1.107550E-04
2.055272E+00        -1.103151E-04
2.053426E+00        -1.098752E-04
2.051581E+00        -1.094418E-04
2.049738E+00        -1.090052E-04
2.047897E+00        -1.085720E-04
2.046057E+00        -1.081419E-04
2.044219E+00        -1.077120E-04
2.042383E+00        -1.072821E-04
2.040548E+00        -1.068588E-04
2.038715E+00        -1.064321E-04
2.036884E+00        -1.060090E-04
2.035054E+00        -1.055890E-04
2.033226E+00        -1.051690E-04
2.031400E+00        -1.047559E-04
2.029575E+00        -1.043392E-04
2.027752E+00        -1.039193E-04
2.025930E+00        -1.035059E-04
2.024110E+00        -1.030959E-04
2.022292E+00        -1.026860E-04
2.020475E+00        -1.022827E-04
2.018660E+00        -1.018760E-04
2.016847E+00        -1.014729E-04
2.015035E+00        -1.010662E-04
2.013225E+00        -1.006629E-04
2.011416E+00        -1.002628E-04
2.009609E+00        -9.986621E-05
2.007804E+00        -9.947063E-05
2.006000E+00        -9.907526E-05
2.004198E+00        -9.868164E-05
2.002398E+00        -9.829010E-05
2.000599E+00        -9.789910E-05
1.998802E+00        -9.751017E-05
1.997007E+00        -9.712300E-05
1.995213E+00        -9.673736E-05
1.993420E+00        -9.635292E-05
1.991630E+00        -9.596978E-05
1.989840E+00        -9.558796E-05
1.988053E+00        -9.520844E-05
1.986267E+00        -9.483012E-05
1.984483E+00        -9.445289E-05
1.982700E+00        -9.407719E-05
1.980919E+00        -9.370358E-05
1.979139E+00        -9.333118E-05
1.977362E+00        -9.296007E-05
1.975585E+00        -9.259029E-05
1.973811E+00        -9.222214E-05
1.972037E+00        -9.185532E-05
1.970266E+00        -9.149013E-05
1.968496E+00        -9.112648E-05
1.966728E+00        -9.076425E-05
1.964961E+00        -9.040290E-05
1.963196E+00        -9.004330E-05
1.961432E+00        -8.968557E-05
1.959670E+00        -8.932927E-05
1.957910E+00        -8.897405E-05
1.956151E+00        -8.861972E-05
1.954394E+00        -8.826713E-05
1.952638E+00        -8.791643E-05
1.950884E+00        -8.756648E-05
1.949131E+00        -8.721775E-05
1.947381E+00        -8.687129E-05
1.945631E+00        -8.652587E-05
1.943883E+00        -8.618152E-05
1.942137E+00        -8.583893E-05
1.940393E+00        -8.549709E-05
1.938649E+00        -8.515694E-05
1.936908E+00        -8.481807E-05
1.935168E+00        -8.448043E-05
1.933430E+00        -8.414420E-05
1.931693E+00        -8.380953E-05
1.929957E+00        -8.347608E-05
1.928224E+00        -8.314391E-05
1.926492E+00        -8.281330E-05
1.924761E+00        -8.248326E-05
1.923032E+00        -8.215463E-05
1.921304E+00        -8.182789E-05
1.919579E+00        -8.150276E-05
1.917854E+00        -8.117768E-05
1.916131E+00        -8.085467E-05
1.914410E+00        -8.053275E-05
1.912690E+00        -8.021206E-05
1.910972E+00        -7.989279E-05
1.909255E+00        -7.957442E-05
1.907540E+00        -7.925780E-05
1.905827E+00        -7.894260E-05
1.904115E+00        -7.862830E-05
1.902404E+00        -7.831490E-05
1.900695E+00        -7.800325E-05
1.898988E+00        -7.769236E-05
1.897282E+00        -7.738269E-05
1.895578E+00        -7.707511E-05
1.893875E+00        -7.676811E-05
1.892173E+00        -7.646233E-05
1.890474E+00        -7.615750E-05
1.888775E+00        -7.585372E-05
1.887079E+00        -7.555220E-05
1.885384E+00        -7.525126E-05
1.883690E+00        -7.495155E-05
1.881998E+00        -7.465327E-05
1.880307E+00        -7.435590E-05
1.878618E+00        -7.405960E-05
1.876930E+00        -7.376422E-05
1.875244E+00        -7.346993E-05
1.873560E+00        -7.317737E-05
1.871877E+00        -7.288607E-05
1.870195E+00        -7.259568E-05
1.868515E+00        -7.230637E-05
1.866837E+00        -7.201815E-05
1.865160E+00        -7.173084E-05
1.863484E+00        -7.144510E-05
1.861810E+00        -7.116013E-05
1.860138E+00        -7.087656E-05
1.858467E+00        -7.059424E-05
1.856797E+00        -7.031284E-05
1.855129E+00        -7.003253E-05
1.853463E+00        -6.975330E-05
1.851798E+00        -6.947498E-05
1.850134E+00        -6.919825E-05
1.848472E+00        -6.892227E-05
1.846812E+00        -6.864770E-05
1.845153E+00        -6.837373E-05
1.843495E+00        -6.810100E-05
1.841839E+00        -6.782969E-05
1.840184E+00        -6.755930E-05
1.838531E+00        -6.729000E-05
1.836880E+00        -6.702178E-05
1.835230E+00        -6.675448E-05
1.833581E+00        -6.648810E-05
1.831934E+00        -6.622281E-05
1.830288E+00        -6.595843E-05
1.828644E+00        -6.569515E-05
1.827001E+00        -6.543344E-05
1.825360E+00        -6.517250E-05
1.823720E+00        -6.491214E-05
1.822082E+00        -6.465353E-05
1.820445E+00        -6.439552E-05
1.818810E+00        -6.413892E-05
1.817176E+00        -6.388292E-05
1.815544E+00        -6.362766E-05
1.813913E+00        -6.337399E-05
1.812283E+00        -6.312093E-05
1.810655E+00        -6.286927E-05
1.809029E+00        -6.261838E-05
1.807404E+00        -6.236873E-05
1.805780E+00        -6.211970E-05
1.804158E+00        -6.187140E-05
1.802537E+00        -6.162469E-05
1.800918E+00        -6.137875E-05
1.799300E+00        -6.113340E-05
1.797684E+00        -6.088979E-05
1.796069E+00        -6.064680E-05
1.794456E+00        -6.040454E-05
1.792844E+00        -6.016322E-05
1.791233E+00        -5.992283E-05
1.789624E+00        -5.968418E-05
1.788016E+00        -5.944615E-05
1.786410E+00        -5.920820E-05
1.784805E+00        -5.897150E-05
1.783202E+00        -5.873622E-05
1.781600E+00        -5.850188E-05
1.780000E+00        -5.826797E-05
1.778401E+00        -5.803530E-05
1.776803E+00        -5.780392E-05
1.775207E+00        -5.757296E-05
1.773612E+00        -5.734259E-05
1.772019E+00        -5.711396E-05
1.770427E+00        -5.688596E-05
1.768837E+00        -5.665869E-05
1.767248E+00        -5.643237E-05
1.765660E+00        -5.620698E-05
1.764074E+00        -5.598202E-05
1.762489E+00        -5.575830E-05
1.760906E+00        -5.553602E-05
1.759324E+00        -5.531402E-05
1.757744E+00        -5.509275E-05
1.756165E+00        -5.487243E-05
1.754587E+00        -5.465305E-05
1.753011E+00        -5.443475E-05
1.751436E+00        -5.421739E-05
1.749863E+00        -5.400111E-05
1.748291E+00        -5.378512E-05
1.746721E+00        -5.356986E-05
1.745151E+00        -5.335607E-05
1.743584E+00        -5.314318E-05
1.742017E+00        -5.293011E-05
1.740453E+00        -5.271855E-05
1.738889E+00        -5.250816E-05
1.737327E+00        -5.229819E-05
1.735766E+00        -5.208881E-05
1.734207E+00        -5.188052E-05
1.732649E+00        -5.167318E-05
1.731093E+00        -5.146691E-05
1.729538E+00        -5.126094E-05
1.727984E+00        -5.105557E-05
1.726432E+00        -5.085193E-05
1.724881E+00        -5.064893E-05
1.723331E+00        -5.044588E-05
1.721783E+00        -5.024422E-05
1.720237E+00        -5.004333E-05
1.718691E+00        -4.984291E-05
1.717147E+00        -4.964357E-05
1.715605E+00        -4.944531E-05
1.714064E+00        -4.924735E-05
1.712524E+00        -4.904999E-05
1.710986E+00        -4.885436E-05
1.709449E+00        -4.865873E-05
1.707913E+00        -4.846400E-05
1.706379E+00        -4.827005E-05
1.704846E+00        -4.807670E-05
1.703314E+00        -4.788431E-05
1.701784E+00        -4.769299E-05
1.700255E+00        -4.750198E-05
1.698728E+00        -4.731234E-05
1.697202E+00        -4.712271E-05
1.695677E+00        -4.693398E-05
1.694154E+00        -4.674603E-05
1.692632E+00        -4.655933E-05
1.691112E+00        -4.637276E-05
1.689593E+00        -4.618710E-05
1.688075E+00        -4.600209E-05
1.686558E+00        -4.581834E-05
1.685043E+00        -4.563471E-05
1.683530E+00        -4.545211E-05
1.682017E+00        -4.527005E-05
1.680506E+00        -4.508872E-05
1.678997E+00        -4.490846E-05
1.677488E+00        -4.472839E-05
1.675982E+00        -4.454981E-05
1.674476E+00        -4.437113E-05
1.672972E+00        -4.419346E-05
1.671469E+00        -4.401647E-05
1.669967E+00        -4.384007E-05
1.668467E+00        -4.366476E-05
1.666968E+00        -4.348975E-05
1.665471E+00        -4.331547E-05
1.663975E+00        -4.314215E-05
1.662480E+00        -4.296914E-05
1.660987E+00        -4.279685E-05
1.659495E+00        -4.262553E-05
1.658004E+00        -4.245516E-05
1.656514E+00        -4.228511E-05
1.655026E+00        -4.211578E-05
1.653540E+00        -4.194688E-05
1.652054E+00        -4.177848E-05
1.650570E+00        -4.161115E-05
1.649087E+00        -4.144478E-05
1.647606E+00        -4.127884E-05
1.646126E+00        -4.111351E-05
1.644647E+00        -4.094850E-05
1.643170E+00        -4.078421E-05
1.641694E+00        -4.062088E-05
1.640219E+00        -4.045787E-05
1.638745E+00        -4.029547E-05
1.637273E+00        -4.013414E-05
1.635803E+00        -3.997324E-05
1.634333E+00        -3.981284E-05
1.632865E+00        -3.965352E-05
1.631398E+00        -3.949452E-05
1.629933E+00        -3.933623E-05
1.628468E+00        -3.917881E-05
1.627006E+00        -3.902192E-05
1.625544E+00        -3.886553E-05
1.624084E+00        -3.870957E-05
1.622625E+00        -3.855423E-05
1.621167E+00        -3.839920E-05
1.619711E+00        -3.824554E-05
1.618256E+00        -3.809256E-05
1.616802E+00        -3.793954E-05
1.615350E+00        -3.778724E-05
1.613899E+00        -3.763591E-05
1.612449E+00        -3.748490E-05
1.611000E+00        -3.733451E-05
1.609553E+00        -3.718454E-05
1.608107E+00        -3.703519E-05
1.606663E+00        -3.688691E-05
1.605219E+00        -3.673885E-05
1.603777E+00        -3.659150E-05
1.602337E+00        -3.644459E-05
1.600897E+00        -3.629819E-05
1.599459E+00        -3.615286E-05
1.598022E+00        -3.600785E-05
1.596587E+00        -3.586356E-05
1.595153E+00        -3.571960E-05
1.593720E+00        -3.557625E-05
1.592288E+00        -3.543323E-05
1.590858E+00        -3.529092E-05
1.589428E+00        -3.514949E-05
1.588001E+00        -3.500858E-05
1.586574E+00        -3.486755E-05
1.585149E+00        -3.472787E-05
1.583725E+00        -3.458824E-05
1.582302E+00        -3.444951E-05
1.580881E+00        -3.431156E-05
1.579461E+00        -3.417359E-05
1.578042E+00        -3.403623E-05
1.576624E+00        -3.389984E-05
1.575208E+00        -3.376388E-05
1.573793E+00        -3.362790E-05
1.572379E+00        -3.349253E-05
1.570967E+00        -3.335823E-05
1.569555E+00        -3.322417E-05
1.568146E+00        -3.309092E-05
1.566737E+00        -3.295790E-05
1.565329E+00        -3.282550E-05
1.563923E+00        -3.269353E-05
1.562518E+00        -3.256217E-05
1.561115E+00        -3.243188E-05
1.559712E+00        -3.230184E-05
1.558311E+00        -3.217186E-05
1.556911E+00        -3.204250E-05
1.555513E+00        -3.191357E-05
1.554115E+00        -3.178516E-05
1.552719E+00        -3.165782E-05
1.551325E+00        -3.153091E-05
1.549931E+00        -3.140388E-05
1.548539E+00        -3.127756E-05
1.547148E+00        -3.115222E-05
1.545758E+00        -3.102722E-05
1.544369E+00        -3.090219E-05
1.542982E+00        -3.077787E-05
1.541596E+00        -3.065453E-05
1.540211E+00        -3.053153E-05
1.538827E+00        -3.040851E-05
1.537445E+00        -3.028619E-05
1.536064E+00        -3.016421E-05
1.534684E+00        -3.004285E-05
1.533305E+00        -2.992247E-05
1.531928E+00        -2.980187E-05
1.530552E+00        -2.968218E-05
1.529177E+00        -2.956318E-05
1.527803E+00        -2.944416E-05
1.526431E+00        -2.932585E-05
1.525059E+00        -2.920780E-05
1.523689E+00        -2.909044E-05
1.522321E+00        -2.897352E-05
1.520953E+00        -2.885649E-05
1.519587E+00        -2.874080E-05
1.518222E+00        -2.862518E-05
1.516858E+00        -2.850982E-05
1.515495E+00        -2.839543E-05
1.514134E+00        -2.828148E-05
1.512774E+00        -2.816750E-05
1.511415E+00        -2.805415E-05
1.510057E+00        -2.794113E-05
1.508701E+00        -2.782882E-05
1.507345E+00        -2.771678E-05
1.505991E+00        -2.760543E-05
1.504638E+00        -2.749443E-05
1.503287E+00        -2.738349E-05
1.501936E+00        -2.727309E-05
1.500587E+00        -2.716376E-05
1.499239E+00        -2.705477E-05
1.497892E+00        -2.694576E-05
1.496547E+00        -2.683682E-05
1.495202E+00        -2.672905E-05
1.493859E+00        -2.662144E-05
1.492517E+00        -2.651408E-05
1.491177E+00        -2.640778E-05
1.489837E+00        -2.630176E-05
1.488499E+00        -2.619580E-05
1.487161E+00        -2.608974E-05
1.485826E+00        -2.598509E-05
1.484491E+00        -2.588045E-05
1.483157E+00        -2.577606E-05
1.481825E+00        -2.567209E-05
1.480494E+00        -2.556875E-05
1.479164E+00        -2.546576E-05
1.477835E+00        -2.536338E-05
1.476507E+00        -2.526136E-05
1.475181E+00        -2.515940E-05
1.473856E+00        -2.505805E-05
1.472532E+00        -2.495706E-05
1.471209E+00        -2.485669E-05
1.469888E+00        -2.475675E-05
1.468567E+00        -2.465671E-05
1.467248E+00        -2.455737E-05
1.465930E+00        -2.445839E-05
1.464613E+00        -2.436002E-05
1.463297E+00        -2.426201E-05
1.461983E+00        -2.416469E-05
1.460669E+00        -2.406701E-05
1.459357E+00        -2.396967E-05
1.458046E+00        -2.387331E-05
1.456737E+00        -2.377737E-05
1.455428E+00        -2.368135E-05
1.454121E+00        -2.358603E-05
1.452814E+00        -2.349098E-05
1.451509E+00        -2.339600E-05
1.450205E+00        -2.330163E-05
1.448903E+00        -2.320833E-05
1.447601E+00        -2.311467E-05
1.446301E+00        -2.302134E-05
1.445001E+00        -2.292830E-05
1.443703E+00        -2.283594E-05
1.442406E+00        -2.274394E-05
1.441111E+00        -2.265264E-05
1.439816E+00        -2.256098E-05
1.438523E+00        -2.247028E-05
1.437230E+00        -2.237961E-05
1.435939E+00        -2.228926E-05
1.434649E+00        -2.219926E-05
1.433361E+00        -2.210995E-05
1.432073E+00        -2.202093E-05
1.430787E+00        -2.193197E-05
1.429501E+00        -2.184356E-05
1.428217E+00        -2.175558E-05
1.426934E+00        -2.166759E-05
1.425652E+00        -2.158022E-05
1.424372E+00        -2.149327E-05
1.423092E+00        -2.140625E-05
1.421814E+00        -2.131991E-05
1.420536E+00        -2.123387E-05
1.419260E+00        -2.114852E-05
1.417985E+00        -2.106352E-05
1.416712E+00        -2.097858E-05
1.415439E+00        -2.089357E-05
1.414167E+00        -2.080917E-05
1.412897E+00        -2.072521E-05
1.411628E+00        -2.064186E-05
1.410360E+00        -2.055824E-05
1.409093E+00        -2.047550E-05
1.407827E+00        -2.039287E-05
1.406562E+00        -2.031049E-05
1.405299E+00        -2.022853E-05
1.404036E+00        -2.014650E-05
1.402775E+00        -2.006515E-05
1.401515E+00        -1.998417E-05
1.400256E+00        -1.990381E-05
1.398998E+00        -1.982381E-05
1.397741E+00        -1.974380E-05
1.396486E+00        -1.966384E-05
1.395231E+00        -1.958445E-05
1.393978E+00        -1.950548E-05
1.392726E+00        -1.942650E-05
1.391475E+00        -1.934814E-05
1.390225E+00        -1.927015E-05
1.388976E+00        -1.919215E-05
1.387728E+00        -1.911476E-05
1.386481E+00        -1.903775E-05
1.385236E+00        -1.896079E-05
1.383991E+00        -1.888376E-05
1.382748E+00        -1.880741E-05
1.381506E+00        -1.873142E-05
1.380265E+00        -1.865606E-05
1.379025E+00        -1.858106E-05
1.377786E+00        -1.850606E-05
1.376549E+00        -1.843110E-05
1.375312E+00        -1.835671E-05
1.374077E+00        -1.828275E-05
1.372842E+00        -1.820872E-05
1.371609E+00        -1.813474E-05
1.370377E+00        -1.806138E-05
1.369146E+00        -1.798839E-05
1.367916E+00        -1.791602E-05
1.366687E+00        -1.784339E-05
1.365459E+00        -1.777100E-05
1.364233E+00        -1.769967E-05
1.363007E+00        -1.762802E-05
1.361783E+00        -1.755668E-05
1.360559E+00        -1.748565E-05
1.359337E+00        -1.741529E-05
1.358116E+00        -1.734468E-05
1.356896E+00        -1.727431E-05
1.355677E+00        -1.720494E-05
1.354459E+00        -1.713531E-05
1.353243E+00        -1.706599E-05
1.352027E+00        -1.699697E-05
1.350812E+00        -1.692795E-05
1.349599E+00        -1.685961E-05
1.348387E+00        -1.679164E-05
1.347175E+00        -1.672360E-05
1.345965E+00        -1.665624E-05
1.344756E+00        -1.658863E-05
1.343548E+00        -1.652126E-05
1.342341E+00        -1.645489E-05
1.341135E+00        -1.638826E-05
1.339931E+00        -1.632194E-05
1.338727E+00        -1.625592E-05
1.337524E+00        -1.618991E-05
1.336323E+00        -1.612457E-05
1.335122E+00        -1.605954E-05
1.333923E+00        -1.599457E-05
1.332725E+00        -1.592959E-05
1.331527E+00        -1.586518E-05
1.330331E+00        -1.580119E-05
1.329136E+00        -1.573720E-05
1.327942E+00        -1.567383E-05
1.326749E+00        -1.561021E-05
1.325558E+00        -1.554688E-05
1.324367E+00        -1.548387E-05
1.323177E+00        -1.542148E-05
1.321988E+00        -1.535885E-05
1.320801E+00        -1.529651E-05
1.319614E+00        -1.523449E-05
1.318429E+00        -1.517314E-05
1.317245E+00        -1.511216E-05
1.316061E+00        -1.505051E-05
1.314879E+00        -1.498977E-05
1.313698E+00        -1.492916E-05
1.312518E+00        -1.486880E-05
1.311339E+00        -1.480881E-05
1.310161E+00        -1.474881E-05
1.308984E+00        -1.468881E-05
1.307808E+00        -1.462943E-05
1.306633E+00        -1.457043E-05
1.305459E+00        -1.451143E-05
1.304287E+00        -1.445247E-05
1.303115E+00        -1.439346E-05
1.301944E+00        -1.433506E-05
1.300775E+00        -1.427710E-05
1.299606E+00        -1.421970E-05
1.298439E+00        -1.416211E-05
1.297272E+00        -1.410470E-05
1.296107E+00        -1.404772E-05
1.294943E+00        -1.399075E-05
1.293779E+00        -1.393372E-05
1.292617E+00        -1.387735E-05
1.291456E+00        -1.382136E-05
1.290296E+00        -1.376538E-05
1.289137E+00        -1.370939E-05
1.287979E+00        -1.365401E-05
1.286822E+00        -1.359902E-05
1.285666E+00        -1.354341E-05
1.284511E+00        -1.348864E-05
1.283357E+00        -1.343403E-05
1.282204E+00        -1.337964E-05
1.281052E+00        -1.332564E-05
1.279901E+00        -1.327164E-05
1.278752E+00        -1.321768E-05
1.277603E+00        -1.316367E-05
1.276455E+00        -1.311028E-05
1.275309E+00        -1.305731E-05
1.274163E+00        -1.300430E-05
1.273018E+00        -1.295191E-05
1.271875E+00        -1.289932E-05
1.270732E+00        -1.284692E-05
1.269591E+00        -1.279495E-05
1.268450E+00        -1.274293E-05
1.267311E+00        -1.269157E-05
1.266172E+00        -1.263994E-05
1.265035E+00        -1.258858E-05
1.263899E+00        -1.253760E-05
1.262763E+00        -1.248658E-05
1.261629E+00        -1.243622E-05
1.260495E+00        -1.238558E-05
1.259363E+00        -1.233521E-05
1.258232E+00        -1.228523E-05
1.257102E+00        -1.223525E-05
1.255972E+00        -1.218584E-05
1.254844E+00        -1.213624E-05
1.253717E+00        -1.208687E-05
1.252590E+00        -1.203784E-05
1.251465E+00        -1.198885E-05
1.250341E+00        -1.194048E-05
1.249218E+00        -1.189250E-05
1.248096E+00        -1.184389E-05
1.246974E+00        -1.179548E-05
1.245854E+00        -1.174811E-05
1.244735E+00        -1.170050E-05
1.243617E+00        -1.165313E-05
1.242500E+00        -1.160553E-05
1.241384E+00        -1.155815E-05
1.240268E+00        -1.151112E-05
1.239154E+00        -1.146475E-05
1.238041E+00        -1.141814E-05
1.236929E+00        -1.137177E-05
1.235818E+00        -1.132578E-05
1.234708E+00        -1.127979E-05
1.233599E+00        -1.123380E-05
1.232490E+00        -1.118839E-05
1.231383E+00        -1.114340E-05
1.230277E+00        -1.109779E-05
1.229172E+00        -1.105242E-05
1.228068E+00        -1.100743E-05
1.226965E+00        -1.096306E-05
1.225862E+00        -1.091842E-05
1.224761E+00        -1.087404E-05
1.223661E+00        -1.083006E-05
1.222562E+00        -1.078607E-05
1.221463E+00        -1.074204E-05
1.220366E+00        -1.069867E-05
1.219270E+00        -1.065507E-05
1.218175E+00        -1.061170E-05
1.217080E+00        -1.056868E-05
1.215987E+00        -1.052570E-05
1.214895E+00        -1.048332E-05
1.213803E+00        -1.044069E-05
1.212713E+00        -1.039832E-05
1.211623E+00        -1.035569E-05
1.210535E+00        -1.031332E-05
1.209448E+00        -1.027196E-05
1.208361E+00        -1.023033E-05
1.207276E+00        -1.018835E-05
1.206191E+00        -1.014695E-05
1.205108E+00        -1.010597E-05
1.204025E+00        -1.006496E-05
1.202943E+00        -1.002395E-05
1.201863E+00        -9.983222E-06
1.200783E+00        -9.942674E-06
1.199704E+00        -9.902227E-06
1.198627E+00        -9.862041E-06
1.197550E+00        -9.821935E-06
1.196474E+00        -9.782014E-06
1.195399E+00        -9.742272E-06
1.194326E+00        -9.702668E-06
1.193253E+00        -9.663190E-06
1.192181E+00        -9.623912E-06
1.191110E+00        -9.584776E-06
1.190040E+00        -9.545801E-06
1.188971E+00        -9.506967E-06
1.187903E+00        -9.468295E-06
1.186836E+00        -9.429825E-06
1.185769E+00        -9.391459E-06
1.184704E+00        -9.353292E-06
1.183640E+00        -9.315265E-06
1.182577E+00        -9.277401E-06
1.181514E+00        -9.239642E-06
1.180453E+00        -9.202080E-06
1.179393E+00        -9.164660E-06
1.178333E+00        -9.127366E-06
1.177275E+00        -9.090249E-06
1.176217E+00        -9.053259E-06
1.175160E+00        -9.016410E-06
1.174105E+00        -8.979758E-06
1.173050E+00        -8.943213E-06
1.171996E+00        -8.906769E-06
1.170943E+00        -8.870549E-06
1.169892E+00        -8.834483E-06
1.168841E+00        -8.798506E-06
1.167791E+00        -8.762730E-06
1.166742E+00        -8.727096E-06
1.165694E+00        -8.691564E-06
1.164646E+00        -8.656161E-06
1.163600E+00        -8.620932E-06
1.162555E+00        -8.585867E-06
1.161511E+00        -8.550942E-06
1.160467E+00        -8.516086E-06
1.159425E+00        -8.481427E-06
1.158383E+00        -8.446875E-06
1.157343E+00        -8.412519E-06
1.156303E+00        -8.378272E-06
1.155264E+00        -8.344127E-06
1.154226E+00        -8.310145E-06
1.153190E+00        -8.276337E-06
1.152154E+00        -8.242659E-06
1.151119E+00        -8.209123E-06
1.150085E+00        -8.175689E-06
1.149051E+00        -8.142386E-06
1.148019E+00        -8.109256E-06
1.146988E+00        -8.076229E-06
1.145958E+00        -8.043305E-06
1.144928E+00        -8.010511E-06
1.143900E+00        -7.977891E-06
1.142872E+00        -7.945402E-06
1.141845E+00        -7.913055E-06
1.140820E+00        -7.880842E-06
1.139795E+00        -7.848699E-06
1.138771E+00        -7.816720E-06
1.137748E+00        -7.784883E-06
1.136726E+00        -7.753209E-06
1.135705E+00        -7.721616E-06
1.134684E+00        -7.690116E-06
1.133665E+00        -7.658789E-06
1.132647E+00        -7.627625E-06
1.131629E+00        -7.596512E-06
1.130613E+00        -7.565553E-06
1.129597E+00        -7.534706E-06
1.128582E+00        -7.504022E-06
1.127569E+00        -7.473510E-06
1.126556E+00        -7.443010E-06
1.125544E+00        -7.412694E-06
1.124533E+00        -7.382500E-06
1.123522E+00        -7.352339E-06
1.122513E+00        -7.322371E-06
1.121505E+00        -7.292545E-06
1.120497E+00        -7.262793E-06
1.119491E+00        -7.233233E-06
1.118485E+00        -7.203726E-06
1.117480E+00        -7.174342E-06
1.116476E+00        -7.145101E-06
1.115473E+00        -7.115962E-06
1.114471E+00        -7.086927E-06
1.113470E+00        -7.058055E-06
1.112470E+00        -7.029325E-06
1.111471E+00        -7.000638E-06
1.110472E+00        -6.972045E-06
1.109475E+00        -6.943624E-06
1.108478E+00        -6.915337E-06
1.107482E+00        -6.887133E-06
1.106487E+00        -6.859053E-06
1.105493E+00        -6.831055E-06
1.104500E+00        -6.803180E-06
1.103508E+00        -6.775449E-06
1.102517E+00        -6.747820E-06
1.101526E+00        -6.720266E-06
1.100537E+00        -6.692843E-06
1.099548E+00        -6.665556E-06
1.098561E+00        -6.638379E-06
1.097574E+00        -6.611298E-06
1.096588E+00        -6.584300E-06
1.095603E+00        -6.557425E-06
1.094618E+00        -6.530666E-06
1.093635E+00        -6.504037E-06
1.092653E+00        -6.477511E-06
1.091671E+00        -6.451061E-06
1.090690E+00        -6.424715E-06
1.089711E+00        -6.398499E-06
1.088732E+00        -6.372419E-06
1.087754E+00        -6.346422E-06
1.086777E+00        -6.320548E-06
1.085800E+00        -6.294731E-06
1.084825E+00        -6.269004E-06
1.083850E+00        -6.243414E-06
1.082877E+00        -6.217933E-06
1.081904E+00        -6.192549E-06
1.080932E+00        -6.167249E-06
1.079961E+00        -6.142072E-06
1.078991E+00        -6.117038E-06
1.078022E+00        -6.092048E-06
1.077053E+00        -6.067155E-06
1.076086E+00        -6.042430E-06
1.075119E+00        -6.017724E-06
1.074153E+00        -5.993141E-06
1.073188E+00        -5.968702E-06
1.072224E+00        -5.944306E-06
1.071261E+00        -5.920033E-06
1.070299E+00        -5.895903E-06
1.069337E+00        -5.871792E-06
1.068377E+00        -5.847829E-06
1.067417E+00        -5.823925E-06
1.066458E+00        -5.800144E-06
1.065500E+00        -5.776447E-06
1.064543E+00        -5.752872E-06
1.063587E+00        -5.729382E-06
1.062631E+00        -5.705930E-06
1.061677E+00        -5.682666E-06
1.060723E+00        -5.659461E-06
1.059770E+00        -5.636320E-06
1.058818E+00        -5.613282E-06
1.057867E+00        -5.590348E-06
1.056917E+00        -5.567517E-06
1.055967E+00        -5.544766E-06
1.055019E+00        -5.522142E-06
1.054071E+00        -5.499538E-06
1.053124E+00        -5.477056E-06
1.052178E+00        -5.454659E-06
1.051233E+00        -5.432385E-06
1.050288E+00        -5.410172E-06
1.049345E+00        -5.388045E-06
1.048402E+00        -5.366058E-06
1.047460E+00        -5.344156E-06
1.046519E+00        -5.322257E-06
1.045579E+00        -5.300480E-06
1.044640E+00        -5.278848E-06
1.043702E+00        -5.257260E-06
1.042764E+00        -5.235771E-06
1.041827E+00        -5.214367E-06
1.040891E+00        -5.193026E-06
1.039956E+00        -5.171789E-06
1.039022E+00        -5.150655E-06
1.038089E+00        -5.129625E-06
1.037156E+00        -5.108617E-06
1.036225E+00        -5.087753E-06
1.035294E+00        -5.066952E-06
1.034364E+00        -5.046214E-06
1.033435E+00        -5.025579E-06
1.032506E+00        -5.005027E-06
1.031579E+00        -4.984599E-06
1.030652E+00        -4.964194E-06
1.029726E+00        -4.943852E-06
1.028801E+00        -4.923614E-06
1.027877E+00        -4.903480E-06
1.026954E+00        -4.883449E-06
1.026031E+00        -4.863500E-06
1.025109E+00        -4.843595E-06
1.024188E+00        -4.823754E-06
1.023268E+00        -4.804016E-06
1.022349E+00        -4.784382E-06
1.021431E+00        -4.764852E-06
1.020513E+00        -4.745344E-06
1.019597E+00        -4.725921E-06
1.018681E+00        -4.706581E-06
1.017766E+00        -4.687344E-06
1.016851E+00        -4.668131E-06
1.015938E+00        -4.649060E-06
1.015025E+00        -4.630055E-06
1.014113E+00        -4.611053E-06
1.013202E+00        -4.592173E-06
1.012292E+00        -4.573378E-06
1.011383E+00        -4.554647E-06
1.010474E+00        -4.535998E-06
1.009567E+00        -4.517474E-06
1.008660E+00        -4.498974E-06
1.007754E+00        -4.480596E-06
1.006848E+00        -4.462224E-06
1.005944E+00        -4.443954E-06
1.005040E+00        -4.425748E-06
1.004137E+00        -4.407665E-06
1.003235E+00        -4.389609E-06
1.002334E+00        -4.371633E-06
1.001434E+00        -4.353743E-06
1.000534E+00        -4.335896E-06
9.996352E-01        -4.318157E-06
9.987372E-01        -4.300517E-06
9.978401E-01        -4.282920E-06
9.969437E-01        -4.265381E-06
9.960481E-01        -4.247882E-06
9.951533E-01        -4.230501E-06
9.942594E-01        -4.213204E-06
9.933662E-01        -4.195905E-06
9.924739E-01        -4.178725E-06
9.915823E-01        -4.161626E-06
9.906916E-01        -4.144588E-06
9.898016E-01        -4.127589E-06
9.889124E-01        -4.110707E-06
9.880241E-01        -4.093851E-06
9.871365E-01        -4.077070E-06
9.862498E-01        -4.060373E-06
9.853638E-01        -4.043732E-06
9.844786E-01        -4.027192E-06
9.835943E-01        -4.010695E-06
9.827107E-01        -3.994255E-06
9.818279E-01        -3.977916E-06
9.809459E-01        -3.961617E-06
9.800647E-01        -3.945377E-06
9.791843E-01        -3.929179E-06
9.783047E-01        -3.913099E-06
9.774259E-01        -3.897101E-06
9.765478E-01        -3.881101E-06
9.756706E-01        -3.865162E-06
9.747941E-01        -3.849322E-06
9.739184E-01        -3.833582E-06
9.730436E-01        -3.817885E-06
9.721695E-01        -3.802245E-06
9.712961E-01        -3.786645E-06
9.704236E-01        -3.771106E-06
9.695519E-01        -3.755667E-06
9.686809E-01        -3.740268E-06
9.678107E-01        -3.724928E-06
9.669413E-01        -3.709688E-06
9.660727E-01        -3.694490E-06
9.652049E-01        -3.679351E-06
9.643378E-01        -3.664251E-06
9.634715E-01        -3.649211E-06
9.626060E-01        -3.634271E-06
9.617413E-01        -3.619373E-06
9.608773E-01        -3.604532E-06
9.600142E-01        -3.589735E-06
9.591518E-01        -3.574995E-06
9.582902E-01        -3.560355E-06
9.574293E-01        -3.545756E-06
9.565692E-01        -3.531215E-06
9.557099E-01        -3.516717E-06
9.548514E-01        -3.502277E-06
9.539936E-01        -3.487937E-06
9.531367E-01        -3.473639E-06
9.522804E-01        -3.459398E-06
9.514250E-01        -3.445200E-06
9.505703E-01        -3.431060E-06
9.497164E-01        -3.417020E-06
9.488633E-01        -3.403022E-06
9.480109E-01        -3.389081E-06
9.471593E-01        -3.375183E-06
9.463084E-01        -3.361342E-06
9.454583E-01        -3.347543E-06
9.446090E-01        -3.333803E-06
9.437605E-01        -3.320105E-06
9.429127E-01        -3.306465E-06
9.420656E-01        -3.292924E-06
9.412194E-01        -3.279426E-06
9.403738E-01        -3.265984E-06
9.395291E-01        -3.252587E-06
9.386851E-01        -3.239246E-06
9.378419E-01        -3.225948E-06
9.369994E-01        -3.212707E-06
9.361577E-01        -3.199509E-06
9.353167E-01        -3.186368E-06
9.344765E-01        -3.173328E-06
9.336370E-01        -3.160328E-06
9.327983E-01        -3.147330E-06
9.319604E-01        -3.134390E-06
9.311232E-01        -3.121549E-06
9.302867E-01        -3.108750E-06
9.294511E-01        -3.095952E-06
9.286161E-01        -3.083269E-06
9.277819E-01        -3.070612E-06
9.269485E-01        -3.058030E-06
9.261158E-01        -3.045473E-06
9.252838E-01        -3.032932E-06
9.244526E-01        -3.020491E-06
9.236222E-01        -3.008093E-06
9.227925E-01        -2.995753E-06
9.219635E-01        -2.983453E-06
9.211353E-01        -2.971213E-06
9.203078E-01        -2.959014E-06
9.194811E-01        -2.946873E-06
9.186551E-01        -2.934774E-06
9.178299E-01        -2.922734E-06
9.170054E-01        -2.910735E-06
9.161816E-01        -2.898794E-06
9.153586E-01        -2.886895E-06
9.145363E-01        -2.875054E-06
9.137148E-01        -2.863256E-06
9.128940E-01        -2.851457E-06
9.120739E-01        -2.839716E-06
9.112546E-01        -2.828076E-06
9.104360E-01        -2.816477E-06
9.096181E-01        -2.804935E-06
9.088010E-01        -2.793437E-06
9.079846E-01        -2.781938E-06
9.071690E-01        -2.770498E-06
9.063540E-01        -2.759098E-06
9.055398E-01        -2.747757E-06
9.047264E-01        -2.736517E-06
9.039136E-01        -2.725259E-06
9.031016E-01        -2.714076E-06
9.022904E-01        -2.702920E-06
9.014798E-01        -2.691836E-06
9.006700E-01        -2.680779E-06
8.998609E-01        -2.669738E-06
8.990526E-01        -2.658798E-06
8.982449E-01        -2.647898E-06
8.974380E-01        -2.636999E-06
8.966319E-01        -2.626159E-06
8.958264E-01        -2.615360E-06
8.950217E-01        -2.604619E-06
8.942176E-01        -2.593919E-06
8.934144E-01        -2.583279E-06
8.926118E-01        -2.572680E-06
8.918099E-01        -2.562080E-06
8.910088E-01        -2.551539E-06
8.902084E-01        -2.541040E-06
8.894087E-01        -2.530599E-06
8.886097E-01        -2.520200E-06
8.878115E-01        -2.509859E-06
8.870140E-01        -2.499560E-06
8.862171E-01        -2.489260E-06
8.854210E-01        -2.479019E-06
8.846257E-01        -2.468879E-06
8.838310E-01        -2.458722E-06
8.830370E-01        -2.448580E-06
8.822438E-01        -2.438539E-06
8.814512E-01        -2.428539E-06
8.806594E-01        -2.418541E-06
8.798683E-01        -2.408599E-06
8.790779E-01        -2.398700E-06
8.782882E-01        -2.388859E-06
8.774992E-01        -2.379060E-06
8.767110E-01        -2.369261E-06
8.759234E-01        -2.359520E-06
8.751365E-01        -2.349820E-06
8.743504E-01        -2.340179E-06
8.735650E-01        -2.330523E-06
8.727802E-01        -2.320938E-06
8.719962E-01        -2.311440E-06
8.712129E-01        -2.301941E-06
8.704302E-01        -2.292441E-06
8.696483E-01        -2.283000E-06
8.688671E-01        -2.273601E-06
8.680866E-01        -2.264259E-06
8.673068E-01        -2.254960E-06
8.665276E-01        -2.245718E-06
8.657492E-01        -2.236461E-06
8.649715E-01        -2.227277E-06
8.641945E-01        -2.218121E-06
8.634182E-01        -2.208980E-06
8.626425E-01        -2.199880E-06
8.618676E-01        -2.190838E-06
8.610934E-01        -2.181839E-06
8.603199E-01        -2.172898E-06
8.595470E-01        -2.163941E-06
8.587749E-01        -2.155057E-06
8.580034E-01        -2.146200E-06
8.572327E-01        -2.137359E-06
8.564626E-01        -2.128559E-06
8.556932E-01        -2.119817E-06
8.549245E-01        -2.111118E-06
8.541566E-01        -2.102420E-06
8.533893E-01        -2.093778E-06
8.526226E-01        -2.085178E-06
8.518567E-01        -2.076579E-06
8.510915E-01        -2.068037E-06
8.503269E-01        -2.059538E-06
8.495631E-01        -2.051096E-06
8.487999E-01        -2.042640E-06
8.480374E-01        -2.034198E-06
8.472756E-01        -2.025856E-06
8.465145E-01        -2.017557E-06
8.457540E-01        -2.009257E-06
8.449943E-01        -2.000958E-06
8.442352E-01        -1.992716E-06
8.434768E-01        -1.984517E-06
8.427191E-01        -1.976375E-06
8.419621E-01        -1.968276E-06
8.412057E-01        -1.960176E-06
8.404501E-01        -1.952078E-06
8.396951E-01        -1.944035E-06
8.389408E-01        -1.936036E-06
8.381871E-01        -1.928094E-06
8.374342E-01        -1.920138E-06
8.366819E-01        -1.912253E-06
8.359303E-01        -1.904396E-06
8.351794E-01        -1.896554E-06
8.344291E-01        -1.888755E-06
8.336795E-01        -1.880955E-06
8.329306E-01        -1.873213E-06
8.321824E-01        -1.865514E-06
8.314348E-01        -1.857815E-06
8.306879E-01        -1.850172E-06
8.299417E-01        -1.842573E-06
8.291962E-01        -1.834974E-06
8.284513E-01        -1.827432E-06
8.277071E-01        -1.819933E-06
8.269635E-01        -1.812433E-06
8.262206E-01        -1.804990E-06
8.254784E-01        -1.797591E-06
8.247369E-01        -1.790192E-06
8.239960E-01        -1.782793E-06
8.232558E-01        -1.775450E-06
8.225163E-01        -1.768152E-06
8.217774E-01        -1.760852E-06
8.210392E-01        -1.753610E-06
8.203016E-01        -1.746410E-06
8.195647E-01        -1.739211E-06
8.188285E-01        -1.732069E-06
8.180929E-01        -1.724969E-06
8.173580E-01        -1.717870E-06
8.166238E-01        -1.710771E-06
8.158902E-01        -1.703728E-06
8.151573E-01        -1.696729E-06
8.144250E-01        -1.689729E-06
8.136934E-01        -1.682787E-06
8.129624E-01        -1.675831E-06
8.122321E-01        -1.668888E-06
8.115025E-01        -1.662046E-06
8.107735E-01        -1.655246E-06
8.100452E-01        -1.648447E-06
8.093175E-01        -1.641648E-06
8.085905E-01        -1.634849E-06
8.078641E-01        -1.628106E-06
8.071384E-01        -1.621406E-06
8.064133E-01        -1.614763E-06
8.056889E-01        -1.608108E-06
8.049652E-01        -1.601465E-06
8.042420E-01        -1.594865E-06
8.035196E-01        -1.588323E-06
8.027978E-01        -1.581767E-06
8.020766E-01        -1.575281E-06
8.013561E-01        -1.568825E-06
8.006362E-01        -1.562325E-06
7.999170E-01        -1.555883E-06
7.991984E-01        -1.549483E-06
7.984805E-01        -1.543084E-06
7.977632E-01        -1.536741E-06
7.970465E-01        -1.530441E-06
7.963305E-01        -1.524142E-06
7.956152E-01        -1.517843E-06
7.949005E-01        -1.511600E-06
7.941864E-01        -1.505401E-06
7.934730E-01        -1.499202E-06
7.927602E-01        -1.493002E-06
7.920480E-01        -1.486859E-06
7.913365E-01        -1.480759E-06
7.906257E-01        -1.474661E-06
7.899154E-01        -1.468561E-06
7.892058E-01        -1.462518E-06
7.884969E-01        -1.456519E-06
7.877886E-01        -1.450519E-06
7.870809E-01        -1.444520E-06
7.863738E-01        -1.438576E-06
7.856674E-01        -1.432677E-06
7.849616E-01        -1.426777E-06
7.842565E-01        -1.420878E-06
7.835520E-01        -1.415035E-06
7.828481E-01        -1.409236E-06
7.821449E-01        -1.403437E-06
7.814422E-01        -1.397636E-06
7.807403E-01        -1.391894E-06
7.800389E-01        -1.386138E-06
7.793382E-01        -1.380395E-06
7.786381E-01        -1.374752E-06
7.779386E-01        -1.369096E-06
7.772398E-01        -1.363453E-06
7.765416E-01        -1.357853E-06
7.758440E-01        -1.352254E-06
7.751471E-01        -1.346655E-06
7.744507E-01        -1.341111E-06
7.737550E-01        -1.335611E-06
7.730600E-01        -1.330113E-06
7.723655E-01        -1.324613E-06
7.716717E-01        -1.319170E-06
7.709785E-01        -1.313714E-06
7.702859E-01        -1.308271E-06
7.695939E-01        -1.302927E-06
7.689026E-01        -1.297572E-06
7.682119E-01        -1.292228E-06
7.675218E-01        -1.286929E-06
7.668323E-01        -1.281629E-06
7.661434E-01        -1.276330E-06
7.654552E-01        -1.271030E-06
7.647676E-01        -1.265787E-06
7.640806E-01        -1.260588E-06
7.633942E-01        -1.255388E-06
7.627084E-01        -1.250244E-06
7.620233E-01        -1.245089E-06
7.613387E-01        -1.239945E-06
7.606548E-01        -1.234846E-06
7.599715E-01        -1.229746E-06
7.592888E-01        -1.224703E-06
7.586067E-01        -1.219647E-06
7.579253E-01        -1.214604E-06
7.572444E-01        -1.209604E-06
7.565642E-01        -1.204661E-06
7.558845E-01        -1.199705E-06
7.552055E-01        -1.194762E-06
7.545271E-01        -1.189807E-06
7.538493E-01        -1.184919E-06
7.531721E-01        -1.180063E-06
7.524955E-01        -1.175164E-06
7.518195E-01        -1.170320E-06
7.511442E-01        -1.165521E-06
7.504694E-01        -1.160721E-06
7.497952E-01        -1.155921E-06
7.491217E-01        -1.151178E-06
7.484487E-01        -1.146422E-06
7.477764E-01        -1.141679E-06
7.471046E-01        -1.136979E-06
7.464335E-01        -1.132335E-06
7.457630E-01        -1.127680E-06
7.450930E-01        -1.123036E-06
7.444237E-01        -1.118381E-06
7.437550E-01        -1.113737E-06
7.430869E-01        -1.109194E-06
7.424193E-01        -1.104638E-06
7.417524E-01        -1.100094E-06
7.410861E-01        -1.095539E-06
7.404203E-01        -1.090995E-06
7.397552E-01        -1.086551E-06
7.390907E-01        -1.082096E-06
7.384267E-01        -1.077596E-06
7.377634E-01        -1.073153E-06
7.371007E-01        -1.068753E-06
7.364385E-01        -1.064353E-06
7.357770E-01        -1.059954E-06
7.351160E-01        -1.055610E-06
7.344556E-01        -1.051255E-06
7.337959E-01        -1.046911E-06
7.331367E-01        -1.042611E-06
7.324781E-01        -1.038312E-06
7.318201E-01        -1.034012E-06
7.311627E-01        -1.029768E-06
7.305059E-01        -1.025513E-06
7.298496E-01        -1.021269E-06
7.291940E-01        -1.017069E-06
7.285390E-01        -1.012870E-06
7.278845E-01        -1.008726E-06
7.272306E-01        -1.004570E-06
7.265774E-01        -1.000427E-06
7.259247E-01        -9.963216E-07
7.252725E-01        -9.922170E-07
7.246210E-01        -9.881287E-07
7.239701E-01        -9.840604E-07
7.233197E-01        -9.800061E-07
7.226700E-01        -9.759680E-07
7.220208E-01        -9.719494E-07
7.213722E-01        -9.679453E-07
7.207242E-01        -9.639569E-07
7.200767E-01        -9.599880E-07
7.194299E-01        -9.560343E-07
7.187836E-01        -9.520956E-07
7.181379E-01        -9.481770E-07
7.174928E-01        -9.442730E-07
7.168482E-01        -9.403841E-07
7.162043E-01        -9.365103E-07
7.155609E-01        -9.326517E-07
7.149181E-01        -9.288076E-07
7.142759E-01        -9.249791E-07
7.136342E-01        -9.211702E-07
7.129932E-01        -9.173766E-07
7.123527E-01        -9.135979E-07
7.117128E-01        -9.098395E-07
7.110734E-01        -9.060950E-07
7.104346E-01        -9.023607E-07
7.097965E-01        -8.986427E-07
7.091588E-01        -8.949437E-07
7.085218E-01        -8.912598E-07
7.078853E-01        -8.875856E-07
7.072494E-01        -8.839270E-07
7.066141E-01        -8.802886E-07
7.059793E-01        -8.766642E-07
7.053451E-01        -8.730556E-07
7.047115E-01        -8.694616E-07
7.040784E-01        -8.658772E-07
7.034459E-01        -8.623085E-07
7.028140E-01        -8.587600E-07
7.021827E-01        -8.552261E-07
7.015519E-01        -8.517018E-07
7.009217E-01        -8.481933E-07
7.002920E-01        -8.447044E-07
6.996630E-01        -8.412252E-07
6.990344E-01        -8.377616E-07
6.984065E-01        -8.343122E-07
6.977791E-01        -8.308735E-07
6.971523E-01        -8.274550E-07
6.965260E-01        -8.240506E-07
6.959003E-01        -8.206565E-07
6.952752E-01        -8.172780E-07
6.946506E-01        -8.139137E-07
6.940266E-01        -8.105596E-07
6.934031E-01        -8.072207E-07
6.927802E-01        -8.038965E-07
6.921579E-01        -8.005880E-07
6.915361E-01        -7.972937E-07
6.909149E-01        -7.940096E-07
6.902942E-01        -7.907407E-07
6.896741E-01        -7.874865E-07
6.890546E-01        -7.842426E-07
6.884356E-01        -7.810138E-07
6.878172E-01        -7.777998E-07
6.871993E-01        -7.745955E-07
6.865820E-01        -7.714069E-07
6.859652E-01        -7.682325E-07
6.853490E-01        -7.650684E-07
6.847333E-01        -7.619194E-07
6.841182E-01        -7.587853E-07
6.835037E-01        -7.556613E-07
6.828897E-01        -7.525526E-07
6.822762E-01        -7.494527E-07
6.816633E-01        -7.463639E-07
6.810510E-01        -7.432954E-07
6.804392E-01        -7.402357E-07
6.798279E-01        -7.371867E-07
6.792172E-01        -7.341525E-07
6.786071E-01        -7.311340E-07
6.779975E-01        -7.281243E-07
6.773884E-01        -7.251253E-07
6.767799E-01        -7.221411E-07
6.761719E-01        -7.191667E-07
6.755645E-01        -7.162080E-07
6.749576E-01        -7.132636E-07
6.743513E-01        -7.103295E-07
6.737455E-01        -7.074052E-07
6.731403E-01        -7.044911E-07
6.725356E-01        -7.015923E-07
6.719315E-01        -6.987083E-07
6.713279E-01        -6.958340E-07
6.707248E-01        -6.929696E-07
6.701223E-01        -6.901155E-07
6.695203E-01        -6.872766E-07
6.689188E-01        -6.844466E-07
6.683179E-01        -6.816278E-07
6.677176E-01        -6.788238E-07
6.671178E-01        -6.760351E-07
6.665185E-01        -6.732553E-07
6.659197E-01        -6.704862E-07
6.653215E-01        -6.677265E-07
6.647239E-01        -6.649780E-07
6.641267E-01        -6.622434E-07
6.635301E-01        -6.595191E-07
6.629341E-01        -6.568051E-07
6.623385E-01        -6.541004E-07
6.617436E-01        -6.514120E-07
6.611491E-01        -6.487320E-07
6.605552E-01        -6.460633E-07
6.599618E-01        -6.434089E-07
6.593689E-01        -6.407590E-07
6.587766E-01        -6.381202E-07
6.581848E-01        -6.354959E-07
6.575936E-01        -6.328818E-07
6.570028E-01        -6.302772E-07
6.564126E-01        -6.276883E-07
6.558230E-01        -6.251089E-07
6.552338E-01        -6.225343E-07
6.546452E-01        -6.199754E-07
6.540572E-01        -6.174260E-07
6.534696E-01        -6.148869E-07
6.528826E-01        -6.123572E-07
6.522961E-01        -6.098383E-07
6.517101E-01        -6.073339E-07
6.511247E-01        -6.048343E-07
6.505398E-01        -6.023455E-07
6.499554E-01        -5.998711E-07
6.493715E-01        -5.974066E-07
6.487882E-01        -5.949470E-07
6.482054E-01        -5.924982E-07
6.476231E-01        -5.900638E-07
6.470413E-01        -5.876393E-07
6.464600E-01        -5.852248E-07
6.458793E-01        -5.828205E-07
6.452991E-01        -5.804262E-07
6.447194E-01        -5.780364E-07
6.441403E-01        -5.756577E-07
6.435616E-01        -5.732931E-07
6.429835E-01        -5.709388E-07
6.424059E-01        -5.685891E-07
6.418288E-01        -5.662501E-07
6.412523E-01        -5.639260E-07
6.406762E-01        -5.616114E-07
6.401007E-01        -5.593017E-07
6.395257E-01        -5.570028E-07
6.389512E-01        -5.547130E-07
6.383772E-01        -5.524340E-07
6.378037E-01        -5.501641E-07
6.372308E-01        -5.478999E-07
6.366583E-01        -5.456507E-07
6.360864E-01        -5.434110E-07
6.355150E-01        -5.411766E-07
6.349441E-01        -5.389522E-07
6.343737E-01        -5.367377E-07
6.338039E-01        -5.345336E-07
6.332345E-01        -5.323391E-07
6.326657E-01        -5.301494E-07
6.320973E-01        -5.279702E-07
6.315295E-01        -5.258005E-07
6.309622E-01        -5.236415E-07
6.303954E-01        -5.214918E-07
6.298291E-01        -5.193473E-07
6.292633E-01        -5.172129E-07
6.286980E-01        -5.150884E-07
6.281333E-01        -5.129743E-07
6.275690E-01        -5.108697E-07
6.270053E-01        -5.087701E-07
6.264420E-01        -5.066809E-07
6.258793E-01        -5.046013E-07
6.253170E-01        -5.025266E-07
6.247553E-01        -5.004623E-07
6.241941E-01        -4.984080E-07
6.236333E-01        -4.963633E-07
6.230731E-01        -4.943236E-07
6.225134E-01        -4.922946E-07
6.219542E-01        -4.902749E-07
6.213955E-01        -4.882605E-07
6.208373E-01        -4.862561E-07
6.202796E-01        -4.842617E-07
6.197224E-01        -4.822719E-07
6.191657E-01        -4.802929E-07
6.186094E-01        -4.783227E-07
6.180537E-01        -4.763583E-07
6.174985E-01        -4.744039E-07
6.169438E-01        -4.724541E-07
6.163896E-01        -4.705151E-07
6.158359E-01        -4.685853E-07
6.152827E-01        -4.666609E-07
6.147300E-01        -4.647465E-07
6.141777E-01        -4.628418E-07
6.136260E-01        -4.609421E-07
6.130748E-01        -4.590477E-07
6.125241E-01        -4.571634E-07
6.119738E-01        -4.552887E-07
6.114241E-01        -4.534244E-07
6.108748E-01        -4.515645E-07
6.103261E-01        -4.497102E-07
6.097778E-01        -4.478656E-07
6.092300E-01        -4.460257E-07
6.086827E-01        -4.441965E-07
6.081359E-01        -4.423767E-07
6.075896E-01        -4.405622E-07
6.070438E-01        -4.387577E-07
6.064985E-01        -4.369580E-07
6.059537E-01        -4.351636E-07
6.054094E-01        -4.333792E-07
6.048655E-01        -4.316046E-07
6.043221E-01        -4.298346E-07
6.037793E-01        -4.280704E-07
6.032369E-01        -4.263159E-07
6.026950E-01        -4.245660E-07
6.021536E-01        -4.228216E-07
6.016127E-01        -4.210872E-07
6.010722E-01        -4.193625E-07
6.005323E-01        -4.176481E-07
5.999928E-01        -4.159382E-07
5.994538E-01        -4.142283E-07
5.989153E-01        -4.125292E-07
5.983773E-01        -4.108394E-07
5.978398E-01        -4.091550E-07
5.973027E-01        -4.074803E-07
5.967662E-01        -4.058107E-07
5.962301E-01        -4.041461E-07
5.956945E-01        -4.024916E-07
5.951593E-01        -4.008415E-07
5.946247E-01        -3.991972E-07
5.940905E-01        -3.975625E-07
5.935569E-01        -3.959329E-07
5.930237E-01        -3.943137E-07
5.924909E-01        -3.926983E-07
5.919587E-01        -3.910893E-07
5.914269E-01        -3.894893E-07
5.908956E-01        -3.878948E-07
5.903648E-01        -3.863050E-07
5.898345E-01        -3.847205E-07
5.893046E-01        -3.831459E-07
5.887753E-01        -3.815763E-07
5.882464E-01        -3.800118E-07
5.877179E-01        -3.784570E-07
5.871900E-01        -3.769073E-07
5.866625E-01        -3.753628E-07
5.861355E-01        -3.738282E-07
5.856089E-01        -3.722982E-07
5.850829E-01        -3.707738E-07
5.845573E-01        -3.692593E-07
5.840322E-01        -3.677495E-07
5.835075E-01        -3.662395E-07
5.829834E-01        -3.647404E-07
5.824596E-01        -3.632503E-07
5.819364E-01        -3.617605E-07
5.814137E-01        -3.602815E-07
5.808914E-01        -3.588116E-07
5.803695E-01        -3.573415E-07
5.798482E-01        -3.558771E-07
5.793273E-01        -3.544225E-07
5.788069E-01        -3.529727E-07
5.782869E-01        -3.515280E-07
5.777674E-01        -3.500881E-07
5.772484E-01        -3.486536E-07
5.767299E-01        -3.472292E-07
5.762118E-01        -3.458093E-07
5.756942E-01        -3.443948E-07
5.751770E-01        -3.429901E-07
5.746603E-01        -3.415902E-07
5.741441E-01        -3.401904E-07
5.736283E-01        -3.387957E-07
5.731130E-01        -3.374111E-07
5.725982E-01        -3.360314E-07
5.720838E-01        -3.346567E-07
5.715699E-01        -3.332922E-07
5.710565E-01        -3.319324E-07
5.705435E-01        -3.305725E-07
5.700309E-01        -3.292178E-07
5.695189E-01        -3.278733E-07
5.690073E-01        -3.265335E-07
5.684961E-01        -3.251988E-07
5.679854E-01        -3.238742E-07
5.674752E-01        -3.225491E-07
5.669654E-01        -3.212297E-07
5.664561E-01        -3.199199E-07
5.659473E-01        -3.186101E-07
5.654389E-01        -3.173108E-07
5.649309E-01        -3.160155E-07
5.644234E-01        -3.147209E-07
5.639164E-01        -3.134363E-07
5.634098E-01        -3.121564E-07
5.629037E-01        -3.108818E-07
5.623980E-01        -3.096119E-07
5.618928E-01        -3.083473E-07
5.613881E-01        -3.070928E-07
5.608838E-01        -3.058377E-07
5.603799E-01        -3.045882E-07
5.598765E-01        -3.033483E-07
5.593736E-01        -3.021086E-07
5.588711E-01        -3.008739E-07
5.583690E-01        -2.996439E-07
5.578674E-01        -2.984193E-07
5.573663E-01        -2.972048E-07
5.568656E-01        -2.959948E-07
5.563654E-01        -2.947851E-07
5.558656E-01        -2.935804E-07
5.553662E-01        -2.923857E-07
5.548673E-01        -2.911958E-07
5.543689E-01        -2.900060E-07
5.538709E-01        -2.888213E-07
5.533733E-01        -2.876413E-07
5.528762E-01        -2.864667E-07
5.523796E-01        -2.853022E-07
5.518834E-01        -2.841371E-07
5.513876E-01        -2.829776E-07
5.508923E-01        -2.818278E-07
5.503974E-01        -2.806778E-07
5.499030E-01        -2.795333E-07
5.494090E-01        -2.783933E-07
5.489154E-01        -2.772586E-07
5.484223E-01        -2.761287E-07
5.479297E-01        -2.750041E-07
5.474375E-01        -2.738843E-07
5.469457E-01        -2.727643E-07
5.464544E-01        -2.716497E-07
5.459635E-01        -2.705451E-07
5.454730E-01        -2.694451E-07
5.449830E-01        -2.683452E-07
5.444935E-01        -2.672507E-07
5.440043E-01        -2.661658E-07
5.435156E-01        -2.650807E-07
5.430274E-01        -2.640014E-07
5.425396E-01        -2.629263E-07
5.420522E-01        -2.618567E-07
5.415653E-01        -2.607917E-07
5.410788E-01        -2.597270E-07
5.405927E-01        -2.586723E-07
5.401071E-01        -2.576172E-07
5.396219E-01        -2.565677E-07
5.391372E-01        -2.555227E-07
5.386528E-01        -2.544831E-07
5.381690E-01        -2.534481E-07
5.376855E-01        -2.524133E-07
5.372025E-01        -2.513887E-07
5.367199E-01        -2.503687E-07
5.362378E-01        -2.493489E-07
5.357561E-01        -2.483342E-07
5.352748E-01        -2.473243E-07
5.347940E-01        -2.463197E-07
5.343135E-01        -2.453196E-07
5.338336E-01        -2.443199E-07
5.333540E-01        -2.433251E-07
5.328749E-01        -2.423352E-07
5.323962E-01        -2.413505E-07
5.319179E-01        -2.403705E-07
5.314401E-01        -2.393907E-07
5.309627E-01        -2.384160E-07
5.304857E-01        -2.374460E-07
5.300092E-01        -2.364814E-07
5.295331E-01        -2.355215E-07
5.290574E-01        -2.345668E-07
5.285821E-01        -2.336116E-07
5.281073E-01        -2.326622E-07
5.276329E-01        -2.317171E-07
5.271589E-01        -2.307723E-07
5.266853E-01        -2.298375E-07
5.262122E-01        -2.289077E-07
5.257395E-01        -2.279778E-07
5.252672E-01        -2.270530E-07
5.247954E-01        -2.261280E-07
5.243239E-01        -2.252083E-07
5.238529E-01        -2.242985E-07
5.233823E-01        -2.233885E-07
5.229122E-01        -2.224787E-07
5.224424E-01        -2.215739E-07
5.219731E-01        -2.206740E-07
5.215042E-01        -2.197793E-07
5.210358E-01        -2.188895E-07
5.205677E-01        -2.179995E-07
5.201001E-01        -2.171148E-07
5.196329E-01        -2.162349E-07
5.191661E-01        -2.153602E-07
5.186997E-01        -2.144851E-07
5.182337E-01        -2.136102E-07
5.177682E-01        -2.127456E-07
5.173031E-01        -2.118857E-07
5.168384E-01        -2.110258E-07
5.163741E-01        -2.101710E-07
5.159102E-01        -2.093210E-07
5.154468E-01        -2.084712E-07
5.149837E-01        -2.076263E-07
5.145211E-01        -2.067864E-07
5.140589E-01        -2.059465E-07
5.135971E-01        -2.051118E-07
5.131358E-01        -2.042820E-07
5.126748E-01        -2.034520E-07
5.122143E-01        -2.026273E-07
5.117541E-01        -2.018072E-07
5.112944E-01        -2.009874E-07
5.108351E-01        -2.001726E-07
5.103762E-01        -1.993627E-07
5.099177E-01        -1.985579E-07
5.094597E-01        -1.977529E-07
5.090020E-01        -1.969481E-07
5.085448E-01        -1.961534E-07
5.080879E-01        -1.953633E-07
5.076315E-01        -1.945735E-07
5.071755E-01        -1.937836E-07
5.067199E-01        -1.929988E-07
5.062647E-01        -1.922189E-07
5.058099E-01        -1.914389E-07
5.053555E-01        -1.906641E-07
5.049016E-01        -1.898943E-07
5.044480E-01        -1.891243E-07
5.039948E-01        -1.883594E-07
5.035421E-01        -1.875996E-07
5.030898E-01        -1.868397E-07
5.026378E-01        -1.860848E-07
5.021863E-01        -1.853349E-07
5.017352E-01        -1.845851E-07
5.012845E-01        -1.838352E-07
5.008341E-01        -1.830902E-07
5.003842E-01        -1.823503E-07
4.999347E-01        -1.816155E-07
4.994856E-01        -1.808856E-07
4.990369E-01        -1.801557E-07
4.985886E-01        -1.794257E-07
4.981408E-01        -1.787011E-07
4.976933E-01        -1.779811E-07
4.972462E-01        -1.772612E-07
4.967995E-01        -1.765412E-07
4.963532E-01        -1.758264E-07
4.959073E-01        -1.751164E-07
4.954619E-01        -1.744117E-07
4.950168E-01        -1.737118E-07
4.945721E-01        -1.730118E-07
4.941278E-01        -1.723119E-07
4.936839E-01        -1.716170E-07
4.932404E-01        -1.709219E-07
4.927974E-01        -1.702324E-07
4.923547E-01        -1.695473E-07
4.919124E-01        -1.688625E-07
4.914705E-01        -1.681825E-07
4.910290E-01        -1.675026E-07
4.905879E-01        -1.668278E-07
4.901472E-01        -1.661578E-07
4.897069E-01        -1.654879E-07
4.892670E-01        -1.648180E-07
4.888275E-01        -1.641532E-07
4.883883E-01        -1.634932E-07
4.879496E-01        -1.628333E-07
4.875113E-01        -1.621734E-07
4.870733E-01        -1.615184E-07
4.866358E-01        -1.608686E-07
4.861986E-01        -1.602237E-07
4.857619E-01        -1.595787E-07
4.853255E-01        -1.589338E-07
4.848895E-01        -1.582939E-07
4.844539E-01        -1.576590E-07
4.840188E-01        -1.570241E-07
4.835840E-01        -1.563893E-07
4.831495E-01        -1.557592E-07
4.827155E-01        -1.551344E-07
4.822819E-01        -1.545094E-07
4.818486E-01        -1.538845E-07
4.814158E-01        -1.532697E-07
4.809833E-01        -1.526546E-07
4.805513E-01        -1.520399E-07
4.801196E-01        -1.514299E-07
4.796883E-01        -1.508200E-07
4.792574E-01        -1.502101E-07
4.788268E-01        -1.496051E-07
4.783967E-01        -1.490052E-07
4.779669E-01        -1.484052E-07
4.775376E-01        -1.478104E-07
4.771086E-01        -1.472205E-07
4.766800E-01        -1.466254E-07
4.762518E-01        -1.460357E-07
4.758240E-01        -1.454507E-07
4.753965E-01        -1.448657E-07
4.749695E-01        -1.442859E-07
4.745428E-01        -1.437059E-07
4.741165E-01        -1.431259E-07
4.736906E-01        -1.425511E-07
4.732651E-01        -1.419811E-07
4.728399E-01        -1.414111E-07
4.724152E-01        -1.408413E-07
4.719908E-01        -1.402764E-07
4.715668E-01        -1.397164E-07
4.711432E-01        -1.391565E-07
4.707200E-01        -1.385966E-07
4.702971E-01        -1.380366E-07
4.698746E-01        -1.374817E-07
4.694525E-01        -1.369317E-07
4.690308E-01        -1.363818E-07
4.686095E-01        -1.358370E-07
4.681885E-01        -1.352919E-07
4.677679E-01        -1.347470E-07
4.673477E-01        -1.342070E-07
4.669279E-01        -1.336722E-07
4.665085E-01        -1.331372E-07
4.660894E-01        -1.326023E-07
4.656707E-01        -1.320724E-07
4.652524E-01        -1.315424E-07
4.648344E-01        -1.310175E-07
4.644169E-01        -1.304926E-07
4.639997E-01        -1.299677E-07
4.635828E-01        -1.294476E-07
4.631664E-01        -1.289277E-07
4.627503E-01        -1.284128E-07
4.623346E-01        -1.279028E-07
4.619193E-01        -1.273878E-07
4.615044E-01        -1.268780E-07
4.610898E-01        -1.263730E-07
4.606756E-01        -1.258631E-07
4.602618E-01        -1.253582E-07
4.598483E-01        -1.248582E-07
4.594352E-01        -1.243582E-07
4.590225E-01        -1.238634E-07
4.586101E-01        -1.233683E-07
4.581982E-01        -1.228735E-07
4.577866E-01        -1.223835E-07
4.573753E-01        -1.218935E-07
4.569644E-01        -1.214086E-07
4.565540E-01        -1.209237E-07
4.561438E-01        -1.204387E-07
4.557341E-01        -1.199588E-07
4.553247E-01        -1.194788E-07
4.549156E-01        -1.190038E-07
4.545070E-01        -1.185289E-07
4.540987E-01        -1.180540E-07
4.536908E-01        -1.175841E-07
4.532832E-01        -1.171140E-07
4.528760E-01        -1.166441E-07
4.524692E-01        -1.161792E-07
4.520627E-01        -1.157192E-07
4.516566E-01        -1.152542E-07
4.512509E-01        -1.147943E-07
4.508455E-01        -1.143393E-07
4.504405E-01        -1.138794E-07
4.500359E-01        -1.134245E-07
4.496316E-01        -1.129745E-07
4.492277E-01        -1.125245E-07
4.488242E-01        -1.120746E-07
4.484210E-01        -1.116297E-07
4.480182E-01        -1.111847E-07
4.476157E-01        -1.107397E-07
4.472136E-01        -1.102998E-07
4.468119E-01        -1.098599E-07
4.464105E-01        -1.094249E-07
4.460095E-01        -1.089900E-07
4.456088E-01        -1.085550E-07
4.452085E-01        -1.081250E-07
4.448086E-01        -1.076951E-07
4.444090E-01        -1.072651E-07
4.440098E-01        -1.068352E-07
4.436109E-01        -1.064102E-07
4.432124E-01        -1.059902E-07
4.428143E-01        -1.055703E-07
4.424165E-01        -1.051503E-07
4.420190E-01        -1.047303E-07
4.416220E-01        -1.043104E-07
4.412253E-01        -1.038955E-07
4.408289E-01        -1.034855E-07
4.404329E-01        -1.030755E-07
4.400372E-01        -1.026655E-07
4.396420E-01        -1.022556E-07
4.392470E-01        -1.018456E-07
4.388524E-01        -1.014406E-07
4.384582E-01        -1.010407E-07
4.380643E-01        -1.006407E-07
4.376708E-01        -1.002408E-07
4.372776E-01        -9.984225E-08
4.368848E-01        -9.944580E-08
4.364924E-01        -9.905090E-08
4.361003E-01        -9.865794E-08
4.357085E-01        -9.826643E-08
4.353171E-01        -9.787647E-08
4.349260E-01        -9.748846E-08
4.345353E-01        -9.710200E-08
4.341450E-01        -9.671658E-08
4.337550E-01        -9.633311E-08
4.333653E-01        -9.595160E-08
4.329760E-01        -9.557113E-08
4.325871E-01        -9.519221E-08
4.321985E-01        -9.481524E-08
4.318102E-01        -9.443973E-08
4.314223E-01        -9.406526E-08
4.310348E-01        -9.369235E-08
4.306476E-01        -9.332138E-08
4.302607E-01        -9.295187E-08
4.298742E-01        -9.258391E-08
4.294881E-01        -9.221751E-08
4.291022E-01        -9.185245E-08
4.287168E-01        -9.148905E-08
4.283316E-01        -9.112701E-08
4.279469E-01        -9.076661E-08
4.275624E-01        -9.040708E-08
4.271784E-01        -9.004919E-08
4.267946E-01        -8.969316E-08
4.264112E-01        -8.933868E-08
4.260282E-01        -8.898576E-08
4.256455E-01        -8.863430E-08
4.252631E-01        -8.828379E-08
4.248811E-01        -8.793484E-08
4.244994E-01        -8.758735E-08
4.241181E-01        -8.724140E-08
4.237371E-01        -8.689692E-08
4.233564E-01        -8.655341E-08
4.229761E-01        -8.621144E-08
4.225961E-01        -8.587093E-08
4.222165E-01        -8.553198E-08
4.218372E-01        -8.519449E-08
4.214583E-01        -8.485855E-08
4.210797E-01        -8.452408E-08
4.207014E-01        -8.419058E-08
4.203235E-01        -8.385812E-08
4.199459E-01        -8.352713E-08
4.195687E-01        -8.319769E-08
4.191918E-01        -8.286972E-08
4.188152E-01        -8.254321E-08
4.184390E-01        -8.221776E-08
4.180631E-01        -8.189377E-08
4.176875E-01        -8.157126E-08
4.173123E-01        -8.124980E-08
4.169374E-01        -8.092980E-08
4.165629E-01        -8.061086E-08
4.161887E-01        -8.029338E-08
4.158148E-01        -7.997738E-08
4.154413E-01        -7.966243E-08
4.150681E-01        -7.934895E-08
4.146952E-01        -7.903644E-08
4.143227E-01        -7.872548E-08
4.139505E-01        -7.841600E-08
4.135787E-01        -7.810757E-08
4.132071E-01        -7.780052E-08
4.128359E-01        -7.749454E-08
4.124651E-01        -7.718960E-08
4.120946E-01        -7.688614E-08
4.117244E-01        -7.658415E-08
4.113545E-01        -7.628314E-08
4.109850E-01        -7.598318E-08
4.106158E-01        -7.568469E-08
4.102469E-01        -7.538768E-08
4.098784E-01        -7.509173E-08
4.095102E-01        -7.479674E-08
4.091423E-01        -7.450324E-08
4.087748E-01        -7.421079E-08
4.084076E-01        -7.391932E-08
4.080407E-01        -7.362882E-08
4.076741E-01        -7.333979E-08
4.073079E-01        -7.305232E-08
4.069420E-01        -7.276583E-08
4.065765E-01        -7.248040E-08
4.062112E-01        -7.219636E-08
4.058463E-01        -7.191339E-08
4.054818E-01        -7.163146E-08
4.051175E-01        -7.135094E-08
4.047536E-01        -7.107148E-08
4.043900E-01        -7.079299E-08
4.040267E-01        -7.051548E-08
4.036638E-01        -7.023903E-08
4.033012E-01        -6.996405E-08
4.029389E-01        -6.969007E-08
4.025769E-01        -6.941705E-08
4.022153E-01        -6.914560E-08
4.018539E-01        -6.887505E-08
4.014929E-01        -6.860556E-08
4.011323E-01        -6.833713E-08
4.007719E-01        -6.806960E-08
4.004119E-01        -6.780362E-08
4.000522E-01        -6.753864E-08
3.996928E-01        -6.727463E-08
3.993338E-01        -6.701169E-08
3.989751E-01        -6.674971E-08
3.986167E-01        -6.648923E-08
3.982586E-01        -6.622924E-08
3.979008E-01        -6.597022E-08
3.975434E-01        -6.571276E-08
3.971863E-01        -6.545629E-08
3.968295E-01        -6.520080E-08
3.964730E-01        -6.494630E-08
3.961168E-01        -6.469278E-08
3.957610E-01        -6.444032E-08
3.954055E-01        -6.418884E-08
3.950503E-01        -6.393835E-08
3.946954E-01        -6.368885E-08
3.943408E-01        -6.344034E-08
3.939866E-01        -6.319336E-08
3.936327E-01        -6.294740E-08
3.932790E-01        -6.270185E-08
3.929258E-01        -6.245742E-08
3.925728E-01        -6.221391E-08
3.922201E-01        -6.197139E-08
3.918678E-01        -6.172993E-08
3.915158E-01        -6.148945E-08
3.911641E-01        -6.125045E-08
3.908127E-01        -6.101198E-08
3.904616E-01        -6.077444E-08
3.901109E-01        -6.053851E-08
3.897604E-01        -6.030249E-08
3.894103E-01        -6.006750E-08
3.890605E-01        -5.983402E-08
3.887110E-01        -5.960153E-08
3.883618E-01        -5.937003E-08
3.880129E-01        -5.913903E-08
3.876644E-01        -5.890906E-08
3.873161E-01        -5.868005E-08
3.869682E-01        -5.845206E-08
3.866206E-01        -5.822510E-08
3.862732E-01        -5.799903E-08
3.859263E-01        -5.777411E-08
3.855796E-01        -5.754961E-08
3.852332E-01        -5.732610E-08
3.848871E-01        -5.710358E-08
3.845414E-01        -5.688212E-08
3.841959E-01        -5.666110E-08
3.838508E-01        -5.644111E-08
3.835060E-01        -5.622262E-08
3.831615E-01        -5.600465E-08
3.828173E-01        -5.578716E-08
3.824734E-01        -5.557114E-08
3.821298E-01        -5.535615E-08
3.817865E-01        -5.514115E-08
3.814436E-01        -5.492718E-08
3.811009E-01        -5.471466E-08
3.807586E-01        -5.450271E-08
3.804165E-01        -5.429166E-08
3.800748E-01        -5.408170E-08
3.797334E-01        -5.387222E-08
3.793922E-01        -5.366368E-08
3.790514E-01        -5.345619E-08
3.787109E-01        -5.324921E-08
3.783707E-01        -5.304320E-08
3.780308E-01        -5.283822E-08
3.776912E-01        -5.263372E-08
3.773519E-01        -5.243021E-08
3.770130E-01        -5.222776E-08
3.766743E-01        -5.202577E-08
3.763359E-01        -5.182473E-08
3.759978E-01        -5.162473E-08
3.756601E-01        -5.142527E-08
3.753226E-01        -5.122675E-08
3.749855E-01        -5.102881E-08
3.746486E-01        -5.083176E-08
3.743121E-01        -5.063581E-08
3.739758E-01        -5.044028E-08
3.736399E-01        -5.024581E-08
3.733042E-01        -5.005180E-08
3.729689E-01        -4.985881E-08
3.726338E-01        -4.966679E-08
3.722991E-01        -4.947532E-08
3.719646E-01        -4.928430E-08
3.716305E-01        -4.909431E-08
3.712967E-01        -4.890535E-08
3.709631E-01        -4.871681E-08
3.706299E-01        -4.852934E-08
3.702969E-01        -4.834232E-08
3.699643E-01        -4.815584E-08
3.696319E-01        -4.797031E-08
3.692999E-01        -4.778584E-08
3.689681E-01        -4.760230E-08
3.686367E-01        -4.741935E-08
3.683055E-01        -4.723682E-08
3.679747E-01        -4.705487E-08
3.676441E-01        -4.687382E-08
3.673139E-01        -4.669387E-08
3.669839E-01        -4.651435E-08
3.666542E-01        -4.633535E-08
3.663249E-01        -4.615736E-08
3.659958E-01        -4.598037E-08
3.656670E-01        -4.580385E-08
3.653385E-01        -4.562786E-08
3.650103E-01        -4.545235E-08
3.646824E-01        -4.527784E-08
3.643548E-01        -4.510434E-08
3.640275E-01        -4.493136E-08
3.637005E-01        -4.475886E-08
3.633738E-01        -4.458689E-08
3.630474E-01        -4.441587E-08
3.627213E-01        -4.424590E-08
3.623954E-01        -4.407637E-08
3.620699E-01        -4.390741E-08
3.617446E-01        -4.373888E-08
3.614197E-01        -4.357140E-08
3.610950E-01        -4.340440E-08
3.607706E-01        -4.323788E-08
3.604465E-01        -4.307237E-08
3.601227E-01        -4.290738E-08
3.597992E-01        -4.274336E-08
3.594760E-01        -4.257990E-08
3.591531E-01        -4.241688E-08
3.588305E-01        -4.225492E-08
3.585081E-01        -4.209338E-08
3.581861E-01        -4.193242E-08
3.578643E-01        -4.177190E-08
3.575428E-01        -4.161238E-08
3.572216E-01        -4.145338E-08
3.569007E-01        -4.129487E-08
3.565801E-01        -4.113689E-08
3.562598E-01        -4.097940E-08
3.559398E-01        -4.082290E-08
3.556200E-01        -4.066737E-08
3.553006E-01        -4.051241E-08
3.549814E-01        -4.035741E-08
3.546625E-01        -4.020337E-08
3.543439E-01        -4.005039E-08
3.540256E-01        -3.989741E-08
3.537076E-01        -3.974491E-08
3.533898E-01        -3.959337E-08
3.530724E-01        -3.944241E-08
3.527552E-01        -3.929189E-08
3.524383E-01        -3.914237E-08
3.521217E-01        -3.899339E-08
3.518054E-01        -3.884488E-08
3.514894E-01        -3.869691E-08
3.511736E-01        -3.854938E-08
3.508581E-01        -3.840285E-08
3.505430E-01        -3.825690E-08
3.502281E-01        -3.811139E-08
3.499135E-01        -3.796641E-08
3.495991E-01        -3.782187E-08
3.492851E-01        -3.767790E-08
3.489713E-01        -3.753438E-08
3.486578E-01        -3.739186E-08
3.483446E-01        -3.724988E-08
3.480317E-01        -3.710790E-08
3.477190E-01        -3.696683E-08
3.474067E-01        -3.682688E-08
3.470946E-01        -3.668688E-08
3.467828E-01        -3.654737E-08
3.464713E-01        -3.640886E-08
3.461600E-01        -3.627085E-08
3.458491E-01        -3.613289E-08
3.455384E-01        -3.599537E-08
3.452280E-01        -3.585885E-08
3.449179E-01        -3.572288E-08
3.446080E-01        -3.558734E-08
3.442985E-01        -3.545285E-08
3.439892E-01        -3.531839E-08
3.436802E-01        -3.518435E-08
3.433714E-01        -3.505134E-08
3.430630E-01        -3.491837E-08
3.427548E-01        -3.478585E-08
3.424469E-01        -3.465433E-08
3.421393E-01        -3.452336E-08
3.418319E-01        -3.439282E-08
3.415248E-01        -3.426282E-08
3.412180E-01        -3.413283E-08
3.409115E-01        -3.400333E-08
3.406053E-01        -3.387483E-08
3.402993E-01        -3.374683E-08
3.399936E-01        -3.361931E-08
3.396882E-01        -3.349233E-08
3.393830E-01        -3.336579E-08
3.390782E-01        -3.323984E-08
3.387736E-01        -3.311385E-08
3.384692E-01        -3.298877E-08
3.381652E-01        -3.286433E-08
3.378614E-01        -3.274028E-08
3.375579E-01        -3.261682E-08
3.372547E-01        -3.249332E-08
3.369517E-01        -3.237078E-08
3.366490E-01        -3.224879E-08
3.363466E-01        -3.212728E-08
3.360445E-01        -3.200631E-08
3.357426E-01        -3.188531E-08
3.354410E-01        -3.176526E-08
3.351396E-01        -3.164578E-08
3.348386E-01        -3.152628E-08
3.345378E-01        -3.140729E-08
3.342373E-01        -3.128878E-08
3.339370E-01        -3.117124E-08
3.336370E-01        -3.105424E-08
3.333373E-01        -3.093726E-08
3.330379E-01        -3.082075E-08
3.327387E-01        -3.070476E-08
3.324398E-01        -3.058924E-08
3.321412E-01        -3.047426E-08
3.318428E-01        -3.035973E-08
3.315447E-01        -3.024574E-08
3.312469E-01        -3.013176E-08
3.309493E-01        -3.001823E-08
3.306520E-01        -2.990571E-08
3.303550E-01        -2.979373E-08
3.300582E-01        -2.968172E-08
3.297617E-01        -2.957020E-08
3.294655E-01        -2.945922E-08
3.291695E-01        -2.934869E-08
3.288738E-01        -2.923870E-08
3.285784E-01        -2.912872E-08
3.282832E-01        -2.901919E-08
3.279883E-01        -2.891066E-08
3.276937E-01        -2.880222E-08
3.273993E-01        -2.869416E-08
3.271052E-01        -2.858670E-08
3.268114E-01        -2.847920E-08
3.265178E-01        -2.837266E-08
3.262245E-01        -2.826668E-08
3.259314E-01        -2.816067E-08
3.256386E-01        -2.805515E-08
3.253461E-01        -2.795017E-08
3.250538E-01        -2.784563E-08
3.247618E-01        -2.774164E-08
3.244701E-01        -2.763766E-08
3.241786E-01        -2.753413E-08
3.238874E-01        -2.743115E-08
3.235965E-01        -2.732864E-08
3.233058E-01        -2.722665E-08
3.230153E-01        -2.712510E-08
3.227252E-01        -2.702367E-08
3.224353E-01        -2.692261E-08
3.221456E-01        -2.682214E-08
3.218562E-01        -2.672161E-08
3.215671E-01        -2.662209E-08
3.212782E-01        -2.652309E-08
3.209896E-01        -2.642410E-08
3.207013E-01        -2.632513E-08
3.204132E-01        -2.622660E-08
3.201253E-01        -2.612905E-08
3.198378E-01        -2.603209E-08
3.195504E-01        -2.593507E-08
3.192634E-01        -2.583809E-08
3.189766E-01        -2.574157E-08
3.186901E-01        -2.564559E-08
3.184038E-01        -2.555006E-08
3.181177E-01        -2.545504E-08
3.178320E-01        -2.536008E-08
3.175465E-01        -2.526555E-08
3.172612E-01        -2.517155E-08
3.169762E-01        -2.507802E-08
3.166915E-01        -2.498504E-08
3.164070E-01        -2.489205E-08
3.161227E-01        -2.479950E-08
3.158388E-01        -2.470753E-08
3.155550E-01        -2.461552E-08
3.152716E-01        -2.452401E-08
3.149883E-01        -2.443299E-08
3.147054E-01        -2.434202E-08
3.144227E-01        -2.425149E-08
3.141402E-01        -2.416148E-08
3.138580E-01        -2.407195E-08
3.135761E-01        -2.398252E-08
3.132944E-01        -2.389344E-08
3.130130E-01        -2.380500E-08
3.127318E-01        -2.371647E-08
3.124508E-01        -2.362846E-08
3.121702E-01        -2.354095E-08
3.118897E-01        -2.345394E-08
3.116096E-01        -2.336697E-08
3.113296E-01        -2.327995E-08
3.110500E-01        -2.319344E-08
3.107705E-01        -2.310789E-08
3.104914E-01        -2.302246E-08
3.102125E-01        -2.293693E-08
3.099338E-01        -2.285193E-08
3.096554E-01        -2.276741E-08
3.093772E-01        -2.268340E-08
3.090993E-01        -2.259942E-08
3.088216E-01        -2.251588E-08
3.085442E-01        -2.243289E-08
3.082670E-01        -2.234989E-08
3.079901E-01        -2.226690E-08
3.077134E-01        -2.218436E-08
3.074370E-01        -2.210238E-08
3.071608E-01        -2.202084E-08
3.068849E-01        -2.193986E-08
3.066092E-01        -2.185886E-08
3.063338E-01        -2.177787E-08
3.060586E-01        -2.169734E-08
3.057837E-01        -2.161736E-08
3.055090E-01        -2.153782E-08
3.052345E-01        -2.145835E-08
3.049603E-01        -2.137882E-08
3.046864E-01        -2.130030E-08
3.044127E-01        -2.122185E-08
3.041392E-01        -2.114330E-08
3.038660E-01        -2.106531E-08
3.035930E-01        -2.098777E-08
3.033203E-01        -2.091078E-08
3.030478E-01        -2.083379E-08
3.027756E-01        -2.075680E-08
3.025036E-01        -2.068026E-08
3.022319E-01        -2.060428E-08
3.019604E-01        -2.052829E-08
3.016891E-01        -2.045274E-08
3.014181E-01        -2.037775E-08
3.011473E-01        -2.030275E-08
3.008768E-01        -2.022822E-08
3.006065E-01        -2.015423E-08
3.003365E-01        -2.007979E-08
3.000667E-01        -2.000571E-08
2.997971E-01        -1.993270E-08
2.995278E-01        -1.985971E-08
2.992588E-01        -1.978674E-08
2.989899E-01        -1.971373E-08
2.987213E-01        -1.964119E-08
2.984530E-01        -1.956921E-08
2.981849E-01        -1.949722E-08
2.979170E-01        -1.942567E-08
2.976494E-01        -1.935468E-08
2.973820E-01        -1.928368E-08
2.971149E-01        -1.921316E-08
2.968480E-01        -1.914271E-08
2.965813E-01        -1.907216E-08
2.963149E-01        -1.900218E-08
2.960487E-01        -1.893263E-08
2.957828E-01        -1.886365E-08
2.955171E-01        -1.879466E-08
2.952516E-01        -1.872566E-08
2.949864E-01        -1.865713E-08
2.947214E-01        -1.858913E-08
2.944566E-01        -1.852113E-08
2.941921E-01        -1.845314E-08
2.939278E-01        -1.838559E-08
2.936638E-01        -1.831861E-08
2.934000E-01        -1.825162E-08
2.931364E-01        -1.818462E-08
2.928731E-01        -1.811808E-08
2.926100E-01        -1.805209E-08
2.923471E-01        -1.798608E-08
2.920845E-01        -1.792009E-08
2.918221E-01        -1.785455E-08
2.915600E-01        -1.778957E-08
2.912981E-01        -1.772458E-08
2.910364E-01        -1.766003E-08
2.907749E-01        -1.759557E-08
2.905137E-01        -1.753103E-08
2.902528E-01        -1.746751E-08
2.899920E-01        -1.740405E-08
2.897315E-01        -1.734051E-08
2.894713E-01        -1.727753E-08
2.892112E-01        -1.721452E-08
2.889514E-01        -1.715153E-08
2.886918E-01        -1.708898E-08
2.884325E-01        -1.702700E-08
2.881734E-01        -1.696500E-08
2.879145E-01        -1.690300E-08
2.876559E-01        -1.684147E-08
2.873975E-01        -1.678048E-08
2.871393E-01        -1.671948E-08
2.868814E-01        -1.665849E-08
2.866237E-01        -1.659750E-08
2.863662E-01        -1.653695E-08
2.861089E-01        -1.647695E-08
2.858519E-01        -1.641741E-08
2.855951E-01        -1.635796E-08
2.853386E-01        -1.629843E-08
2.850823E-01        -1.623944E-08
2.848262E-01        -1.618044E-08
2.845703E-01        -1.612144E-08
2.843147E-01        -1.606291E-08
2.840593E-01        -1.600446E-08
2.838041E-01        -1.594591E-08
2.835491E-01        -1.588836E-08
2.832944E-01        -1.583091E-08
2.830399E-01        -1.577337E-08
2.827857E-01        -1.571639E-08
2.825316E-01        -1.565938E-08
2.822778E-01        -1.560238E-08
2.820243E-01        -1.554585E-08
2.817709E-01        -1.548985E-08
2.815178E-01        -1.543386E-08
2.812649E-01        -1.537786E-08
2.810122E-01        -1.532186E-08
2.807598E-01        -1.526632E-08
2.805076E-01        -1.521133E-08
2.802556E-01        -1.515633E-08
2.800039E-01        -1.510135E-08
2.797523E-01        -1.504679E-08
2.795010E-01        -1.499235E-08
2.792499E-01        -1.493780E-08
2.789991E-01        -1.488381E-08
2.787485E-01        -1.483027E-08
2.784980E-01        -1.477681E-08
2.782479E-01        -1.472328E-08
2.779979E-01        -1.467028E-08
2.777482E-01        -1.461729E-08
2.774987E-01        -1.456429E-08
2.772494E-01        -1.451174E-08
2.770003E-01        -1.445929E-08
2.767515E-01        -1.440675E-08
2.765029E-01        -1.435521E-08
2.762545E-01        -1.430376E-08
2.760063E-01        -1.425176E-08
2.757584E-01        -1.420022E-08
2.755107E-01        -1.414923E-08
2.752632E-01        -1.409823E-08
2.750159E-01        -1.404723E-08
2.747689E-01        -1.399669E-08
2.745220E-01        -1.394669E-08
2.742754E-01        -1.389625E-08
2.740290E-01        -1.384614E-08
2.737829E-01        -1.379671E-08
2.735369E-01        -1.374671E-08
2.732912E-01        -1.369716E-08
2.730457E-01        -1.364817E-08
2.728004E-01        -1.359917E-08
2.725554E-01        -1.355018E-08
2.723105E-01        -1.350118E-08
2.720659E-01        -1.345263E-08
2.718215E-01        -1.340419E-08
2.715773E-01        -1.335564E-08
2.713334E-01        -1.330810E-08
2.710896E-01        -1.326065E-08
2.708461E-01        -1.321266E-08
2.706028E-01        -1.316511E-08
2.703597E-01        -1.311811E-08
2.701168E-01        -1.307111E-08
2.698742E-01        -1.302412E-08
2.696318E-01        -1.297713E-08
2.693895E-01        -1.293057E-08
2.691475E-01        -1.288413E-08
2.689058E-01        -1.283759E-08
2.686642E-01        -1.279159E-08
2.684229E-01        -1.274605E-08
2.681817E-01        -1.270059E-08
2.679408E-01        -1.265504E-08
2.677001E-01        -1.260960E-08
2.674596E-01        -1.256405E-08
2.672194E-01        -1.251906E-08
2.669793E-01        -1.247450E-08
2.667395E-01        -1.243007E-08
2.664999E-01        -1.238552E-08
2.662605E-01        -1.234108E-08
2.660213E-01        -1.229653E-08
2.657823E-01        -1.225252E-08
2.655436E-01        -1.220898E-08
2.653050E-01        -1.216553E-08
2.650667E-01        -1.212198E-08
2.648286E-01        -1.207855E-08
2.645907E-01        -1.203500E-08
2.643530E-01        -1.199200E-08
2.641155E-01        -1.194944E-08
2.638783E-01        -1.190701E-08
2.636412E-01        -1.186401E-08
2.634044E-01        -1.182146E-08
2.631678E-01        -1.177947E-08
2.629314E-01        -1.173747E-08
2.626952E-01        -1.169547E-08
2.624592E-01        -1.165392E-08
2.622234E-01        -1.161248E-08
2.619878E-01        -1.157091E-08
2.617525E-01        -1.152993E-08
2.615174E-01        -1.148894E-08
2.612824E-01        -1.144793E-08
2.610477E-01        -1.140693E-08
2.608132E-01        -1.136594E-08
2.605789E-01        -1.132538E-08
2.603448E-01        -1.128538E-08
2.601110E-01        -1.124540E-08
2.598773E-01        -1.120540E-08
2.596439E-01        -1.116541E-08
2.594106E-01        -1.112540E-08
2.591776E-01        -1.108585E-08
2.589448E-01        -1.104642E-08
2.587121E-01        -1.100685E-08
2.584797E-01        -1.096786E-08
2.582475E-01        -1.092886E-08
2.580156E-01        -1.088988E-08
2.577838E-01        -1.085132E-08
2.575522E-01        -1.081288E-08
2.573208E-01        -1.077431E-08
2.570897E-01        -1.073589E-08
2.568587E-01        -1.069732E-08
2.566280E-01        -1.065933E-08
2.563975E-01        -1.062178E-08
2.561671E-01        -1.058433E-08
2.559370E-01        -1.054678E-08
2.557071E-01        -1.050935E-08
2.554774E-01        -1.047179E-08
2.552479E-01        -1.043479E-08
2.550186E-01        -1.039779E-08
2.547895E-01        -1.036080E-08
2.545606E-01        -1.032424E-08
2.543320E-01        -1.028781E-08
2.541035E-01        -1.025125E-08
2.538752E-01        -1.021481E-08
2.536472E-01        -1.017826E-08
2.534193E-01        -1.014226E-08
2.531917E-01        -1.010627E-08
2.529642E-01        -1.007026E-08
2.527370E-01        -1.003471E-08
2.525099E-01        -9.999486E-09
2.522831E-01        -9.964039E-09
2.520565E-01        -9.928734E-09
2.518300E-01        -9.893570E-09
2.516038E-01        -9.858565E-09
2.513778E-01        -9.823715E-09
2.511520E-01        -9.788964E-09
2.509264E-01        -9.754314E-09
2.507010E-01        -9.719806E-09
2.504758E-01        -9.685454E-09
2.502507E-01        -9.651231E-09
2.500259E-01        -9.617135E-09
2.498013E-01        -9.583126E-09
2.495769E-01        -9.549273E-09
2.493527E-01        -9.515519E-09
2.491287E-01        -9.481910E-09
2.489049E-01        -9.448412E-09
2.486814E-01        -9.415061E-09
2.484580E-01        -9.381863E-09
2.482348E-01        -9.348709E-09
2.480118E-01        -9.315698E-09
2.477890E-01        -9.282844E-09
2.475664E-01        -9.250090E-09
2.473440E-01        -9.217435E-09
2.471218E-01        -9.184924E-09
2.468998E-01        -9.152570E-09
2.466780E-01        -9.120316E-09
2.464564E-01        -9.088162E-09
2.462350E-01        -9.056108E-09
2.460138E-01        -9.024197E-09
2.457928E-01        -8.992400E-09
2.455720E-01        -8.960690E-09
2.453514E-01        -8.929137E-09
2.451310E-01        -8.897684E-09
2.449108E-01        -8.866374E-09
2.446908E-01        -8.835178E-09
2.444710E-01        -8.804070E-09
2.442514E-01        -8.773074E-09
2.440320E-01        -8.742166E-09
2.438128E-01        -8.711415E-09
2.435937E-01        -8.680794E-09
2.433749E-01        -8.650300E-09
2.431563E-01        -8.619850E-09
2.429379E-01        -8.589544E-09
2.427196E-01        -8.559338E-09
2.425016E-01        -8.529233E-09
2.422837E-01        -8.499271E-09
2.420661E-01        -8.469424E-09
2.418486E-01        -8.439664E-09
2.416314E-01        -8.410018E-09
2.414143E-01        -8.380458E-09
2.411975E-01        -8.351057E-09
2.409808E-01        -8.321756E-09
2.407643E-01        -8.292499E-09
2.405480E-01        -8.263386E-09
2.403319E-01        -8.234430E-09
2.401160E-01        -8.205532E-09
2.399003E-01        -8.176721E-09
2.396848E-01        -8.148068E-09
2.394695E-01        -8.119516E-09
2.392544E-01        -8.091021E-09
2.390395E-01        -8.062614E-09
2.388247E-01        -8.034351E-09
2.386102E-01        -8.006202E-09
2.383959E-01        -7.978154E-09
2.381817E-01        -7.950194E-09
2.379677E-01        -7.922335E-09
2.377540E-01        -7.894590E-09
2.375404E-01        -7.866933E-09
2.373270E-01        -7.839377E-09
2.371138E-01        -7.811922E-09
2.369008E-01        -7.784568E-09
2.366880E-01        -7.757315E-09
2.364754E-01        -7.730206E-09
2.362629E-01        -7.703200E-09
2.360507E-01        -7.676251E-09
2.358387E-01        -7.649402E-09
2.356268E-01        -7.622642E-09
2.354151E-01        -7.595984E-09
2.352037E-01        -7.569396E-09
2.349924E-01        -7.542883E-09
2.347813E-01        -7.516528E-09
2.345704E-01        -7.490275E-09
2.343596E-01        -7.464110E-09
2.341491E-01        -7.438059E-09
2.339388E-01        -7.412067E-09
2.337286E-01        -7.386149E-09
2.335187E-01        -7.360402E-09
2.333089E-01        -7.334701E-09
2.330993E-01        -7.309045E-09
2.328899E-01        -7.283533E-09
2.326807E-01        -7.258136E-09
2.324717E-01        -7.232784E-09
2.322628E-01        -7.207521E-09
2.320542E-01        -7.182372E-09
2.318457E-01        -7.157312E-09
2.316375E-01        -7.132366E-09
2.314294E-01        -7.107509E-09
2.312215E-01        -7.082754E-09
2.310138E-01        -7.058057E-09
2.308063E-01        -7.033448E-09
2.305989E-01        -7.008943E-09
2.303918E-01        -6.984494E-09
2.301848E-01        -6.960135E-09
2.299780E-01        -6.935878E-09
2.297714E-01        -6.911722E-09
2.295650E-01        -6.887668E-09
2.293588E-01        -6.863715E-09
2.291528E-01        -6.839822E-09
2.289469E-01        -6.815961E-09
2.287412E-01        -6.792245E-09
2.285358E-01        -6.768657E-09
2.283305E-01        -6.745101E-09
2.281254E-01        -6.721605E-09
2.279204E-01        -6.698185E-09
2.277157E-01        -6.674892E-09
2.275111E-01        -6.651675E-09
2.273067E-01        -6.628575E-09
2.271026E-01        -6.605530E-09
2.268985E-01        -6.582565E-09
2.266947E-01        -6.559670E-09
2.264911E-01        -6.536862E-09
2.262876E-01        -6.514160E-09
2.260843E-01        -6.491502E-09
2.258812E-01        -6.468946E-09
2.256783E-01        -6.446492E-09
2.254756E-01        -6.424098E-09
2.252730E-01        -6.401737E-09
2.250707E-01        -6.379531E-09
2.248685E-01        -6.357432E-09
2.246665E-01        -6.335334E-09
2.244647E-01        -6.313324E-09
2.242630E-01        -6.291419E-09
2.240616E-01        -6.269570E-09
2.238603E-01        -6.247812E-09
2.236592E-01        -6.226157E-09
2.234583E-01        -6.204561E-09
2.232575E-01        -6.183041E-09
2.230570E-01        -6.161606E-09
2.228566E-01        -6.140190E-09
2.226564E-01        -6.118934E-09
2.224564E-01        -6.097738E-09
2.222566E-01        -6.076586E-09
2.220569E-01        -6.055526E-09
2.218574E-01        -6.034526E-09
2.216581E-01        -6.013612E-09
2.214590E-01        -5.992816E-09
2.212601E-01        -5.972065E-09
2.210613E-01        -5.951363E-09
2.208627E-01        -5.930748E-09
2.206643E-01        -5.910250E-09
2.204661E-01        -5.889755E-09
2.202680E-01        -5.869336E-09
2.200702E-01        -5.849045E-09
2.198725E-01        -5.828789E-09
2.196750E-01        -5.808634E-09
2.194776E-01        -5.788530E-09
2.192805E-01        -5.768480E-09
2.190835E-01        -5.748523E-09
2.188867E-01        -5.728667E-09
2.186901E-01        -5.708872E-09
2.184936E-01        -5.689111E-09
2.182973E-01        -5.669411E-09
2.181012E-01        -5.649797E-09
2.179053E-01        -5.630302E-09
2.177096E-01        -5.610850E-09
2.175140E-01        -5.591449E-09
2.173186E-01        -5.572093E-09
2.171234E-01        -5.552839E-09
2.169283E-01        -5.533678E-09
2.167335E-01        -5.514586E-09
2.165388E-01        -5.495530E-09
2.163442E-01        -5.476524E-09
2.161499E-01        -5.457614E-09
2.159557E-01        -5.438813E-09
2.157617E-01        -5.420015E-09
2.155679E-01        -5.401261E-09
2.153743E-01        -5.382609E-09
2.151808E-01        -5.364050E-09
2.149875E-01        -5.345552E-09
2.147944E-01        -5.327098E-09
2.146014E-01        -5.308696E-09
2.144086E-01        -5.290379E-09
2.142160E-01        -5.272182E-09
2.140236E-01        -5.253987E-09
2.138313E-01        -5.235827E-09
2.136392E-01        -5.217769E-09
2.134473E-01        -5.199814E-09
2.132556E-01        -5.181920E-09
2.130640E-01        -5.164019E-09
2.128726E-01        -5.146205E-09
2.126814E-01        -5.128509E-09
2.124903E-01        -5.110806E-09
2.122994E-01        -5.093148E-09
2.121087E-01        -5.075593E-09
2.119182E-01        -5.058140E-09
2.117278E-01        -5.040739E-09
2.115376E-01        -5.023383E-09
2.113476E-01        -5.006087E-09
2.111577E-01        -4.988826E-09
2.109680E-01        -4.971669E-09
2.107785E-01        -4.954572E-09
2.105892E-01        -4.937477E-09
2.104000E-01        -4.920460E-09
2.102110E-01        -4.903562E-09
2.100222E-01        -4.886667E-09
2.098335E-01        -4.869849E-09
2.096450E-01        -4.853109E-09
2.094567E-01        -4.836396E-09
2.092685E-01        -4.819794E-09
2.090805E-01        -4.803195E-09
2.088927E-01        -4.786640E-09
2.087051E-01        -4.770188E-09
2.085176E-01        -4.753788E-09
2.083303E-01        -4.737432E-09
2.081431E-01        -4.721171E-09
2.079561E-01        -4.704971E-09
2.077693E-01        -4.688773E-09
2.075827E-01        -4.672620E-09
2.073962E-01        -4.656561E-09
2.072099E-01        -4.640563E-09
2.070238E-01        -4.624610E-09
2.068378E-01        -4.608750E-09
2.066520E-01        -4.592952E-09
2.064663E-01        -4.577149E-09
2.062809E-01        -4.561398E-09
2.060956E-01        -4.545741E-09
2.059104E-01        -4.530138E-09
2.057255E-01        -4.514587E-09
2.055406E-01        -4.499081E-09
2.053560E-01        -4.483627E-09
2.051715E-01        -4.468226E-09
2.049872E-01        -4.452870E-09
2.048031E-01        -4.437616E-09
2.046191E-01        -4.422416E-09
2.044353E-01        -4.407219E-09
2.042516E-01        -4.392057E-09
2.040682E-01        -4.377007E-09
2.038848E-01        -4.362002E-09
2.037017E-01        -4.347049E-09
2.035187E-01        -4.332149E-09
2.033359E-01        -4.317294E-09
2.031532E-01        -4.302492E-09
2.029707E-01        -4.287735E-09
2.027884E-01        -4.273039E-09
2.026062E-01        -4.258379E-09
2.024242E-01        -4.243781E-09
2.022424E-01        -4.229226E-09
2.020607E-01        -4.214726E-09
2.018792E-01        -4.200270E-09
2.016978E-01        -4.185867E-09
2.015166E-01        -4.171509E-09
2.013356E-01        -4.157213E-09
2.011548E-01        -4.142960E-09
2.009741E-01        -4.128803E-09
2.007935E-01        -4.114658E-09
2.006131E-01        -4.100540E-09
2.004329E-01        -4.086543E-09
2.002529E-01        -4.072548E-09
2.000730E-01        -4.058590E-09
1.998933E-01        -4.044693E-09
1.997137E-01        -4.030833E-09
1.995343E-01        -4.017035E-09
1.993550E-01        -4.003273E-09
1.991760E-01        -3.989581E-09
1.989970E-01        -3.975918E-09
1.988183E-01        -3.962324E-09
1.986397E-01        -3.948766E-09
1.984612E-01        -3.935263E-09
1.982829E-01        -3.921763E-09
1.981048E-01        -3.908307E-09
1.979269E-01        -3.894954E-09
1.977491E-01        -3.881655E-09
1.975714E-01        -3.868352E-09
1.973939E-01        -3.855093E-09
1.972166E-01        -3.841937E-09
1.970395E-01        -3.828843E-09
1.968624E-01        -3.815737E-09
1.966856E-01        -3.802683E-09
1.965089E-01        -3.789683E-09
1.963324E-01        -3.776686E-09
1.961560E-01        -3.763767E-09
1.959798E-01        -3.750928E-09
1.958038E-01        -3.738074E-09
1.956279E-01        -3.725316E-09
1.954521E-01        -3.712612E-09
1.952766E-01        -3.699919E-09
1.951011E-01        -3.687255E-09
1.949259E-01        -3.674661E-09
1.947508E-01        -3.662104E-09
1.945758E-01        -3.649601E-09
1.944010E-01        -3.637102E-09
1.942264E-01        -3.624646E-09
1.940519E-01        -3.612286E-09
1.938776E-01        -3.599989E-09
1.937034E-01        -3.587688E-09
1.935294E-01        -3.575430E-09
1.933556E-01        -3.563235E-09
1.931819E-01        -3.551036E-09
1.930083E-01        -3.538873E-09
1.928350E-01        -3.526821E-09
1.926617E-01        -3.514776E-09
1.924887E-01        -3.502764E-09
1.923157E-01        -3.490819E-09
1.921430E-01        -3.478865E-09
1.919704E-01        -3.467007E-09
1.917979E-01        -3.455204E-09
1.916256E-01        -3.443405E-09
1.914535E-01        -3.431650E-09
1.912815E-01        -3.419950E-09
1.911097E-01        -3.408253E-09
1.909380E-01        -3.396594E-09
1.907665E-01        -3.385037E-09
1.905951E-01        -3.373495E-09
1.904239E-01        -3.361938E-09
1.902528E-01        -3.350477E-09
1.900819E-01        -3.339079E-09
1.899112E-01        -3.327683E-09
1.897406E-01        -3.316325E-09
1.895701E-01        -3.305023E-09
1.893998E-01        -3.293764E-09
1.892297E-01        -3.282568E-09
1.890597E-01        -3.271368E-09
1.888899E-01        -3.260171E-09
1.887202E-01        -3.249052E-09
1.885507E-01        -3.238015E-09
1.883813E-01        -3.226955E-09
1.882121E-01        -3.215958E-09
1.880430E-01        -3.204957E-09
1.878741E-01        -3.194000E-09
1.877053E-01        -3.183140E-09
1.875367E-01        -3.172342E-09
1.873682E-01        -3.161541E-09
1.871999E-01        -3.150743E-09
1.870317E-01        -3.139982E-09
1.868637E-01        -3.129284E-09
1.866958E-01        -3.118623E-09
1.865281E-01        -3.108025E-09
1.863606E-01        -3.097430E-09
1.861932E-01        -3.086872E-09
1.860259E-01        -3.076370E-09
1.858588E-01        -3.065872E-09
1.856918E-01        -3.055411E-09
1.855250E-01        -3.045013E-09
1.853584E-01        -3.034617E-09
1.851918E-01        -3.024253E-09
1.850255E-01        -3.013958E-09
1.848593E-01        -3.003700E-09
1.846932E-01        -2.993499E-09
1.845273E-01        -2.983300E-09
1.843615E-01        -2.973139E-09
1.841959E-01        -2.963041E-09
1.840305E-01        -2.952946E-09
1.838651E-01        -2.942882E-09
1.837000E-01        -2.932888E-09
1.835350E-01        -2.922890E-09
1.833701E-01        -2.912929E-09
1.832054E-01        -2.903032E-09
1.830408E-01        -2.893131E-09
1.828763E-01        -2.883268E-09
1.827121E-01        -2.873474E-09
1.825479E-01        -2.863671E-09
1.823839E-01        -2.853911E-09
1.822201E-01        -2.844214E-09
1.820564E-01        -2.834515E-09
1.818929E-01        -2.824858E-09
1.817295E-01        -2.815259E-09
1.815662E-01        -2.805657E-09
1.814031E-01        -2.796098E-09
1.812402E-01        -2.786603E-09
1.810774E-01        -2.777104E-09
1.809147E-01        -2.767643E-09
1.807522E-01        -2.758245E-09
1.805898E-01        -2.748885E-09
1.804276E-01        -2.739547E-09
1.802655E-01        -2.730187E-09
1.801036E-01        -2.720930E-09
1.799418E-01        -2.711690E-09
1.797801E-01        -2.702428E-09
1.796186E-01        -2.693229E-09
1.794573E-01        -2.684073E-09
1.792961E-01        -2.674974E-09
1.791350E-01        -2.665873E-09
1.789741E-01        -2.656775E-09
1.788133E-01        -2.647714E-09
1.786527E-01        -2.638717E-09
1.784922E-01        -2.629757E-09
1.783318E-01        -2.620855E-09
1.781716E-01        -2.611955E-09
1.780116E-01        -2.603059E-09
1.778517E-01        -2.594201E-09
1.776919E-01        -2.585400E-09
1.775323E-01        -2.576602E-09
1.773728E-01        -2.567802E-09
1.772135E-01        -2.559044E-09
1.770543E-01        -2.550345E-09
1.768952E-01        -2.541683E-09
1.767363E-01        -2.533084E-09
1.765776E-01        -2.524488E-09
1.764189E-01        -2.515885E-09
1.762605E-01        -2.507330E-09
1.761021E-01        -2.498827E-09
1.759439E-01        -2.490328E-09
1.757859E-01        -2.481832E-09
1.756280E-01        -2.473373E-09
1.754702E-01        -2.464972E-09
1.753126E-01        -2.456614E-09
1.751551E-01        -2.448274E-09
1.749977E-01        -2.439912E-09
1.748405E-01        -2.431613E-09
1.746835E-01        -2.423356E-09
1.745265E-01        -2.415153E-09
1.743698E-01        -2.406958E-09
1.742131E-01        -2.398756E-09
1.740566E-01        -2.390596E-09
1.739003E-01        -2.382500E-09
1.737440E-01        -2.374396E-09
1.735880E-01        -2.366301E-09
1.734320E-01        -2.358238E-09
1.732762E-01        -2.350239E-09
1.731206E-01        -2.342243E-09
1.729651E-01        -2.334284E-09
1.728097E-01        -2.326383E-09
1.726544E-01        -2.318481E-09
1.724993E-01        -2.310582E-09
1.723444E-01        -2.302725E-09
1.721896E-01        -2.294927E-09
1.720349E-01        -2.287127E-09
1.718803E-01        -2.279324E-09
1.717259E-01        -2.271565E-09
1.715717E-01        -2.263869E-09
1.714176E-01        -2.256171E-09
1.712636E-01        -2.248510E-09
1.711097E-01        -2.240908E-09
1.709560E-01        -2.233310E-09
1.708024E-01        -2.225709E-09
1.706490E-01        -2.218112E-09
1.704957E-01        -2.210551E-09
1.703425E-01        -2.203050E-09
1.701895E-01        -2.195591E-09
1.700366E-01        -2.188152E-09
1.698839E-01        -2.180694E-09
1.697313E-01        -2.173295E-09
1.695788E-01        -2.165895E-09
1.694265E-01        -2.158537E-09
1.692743E-01        -2.151237E-09
1.691222E-01        -2.143936E-09
1.689703E-01        -2.136638E-09
1.688185E-01        -2.129377E-09
1.686669E-01        -2.122141E-09
1.685153E-01        -2.114877E-09
1.683640E-01        -2.107721E-09
1.682127E-01        -2.100580E-09
1.680616E-01        -2.093420E-09
1.679106E-01        -2.086320E-09
1.677598E-01        -2.079222E-09
1.676091E-01        -2.072162E-09
1.674585E-01        -2.065161E-09
1.673081E-01        -2.058163E-09
1.671578E-01        -2.051164E-09
1.670076E-01        -2.044163E-09
1.668576E-01        -2.037204E-09
1.667077E-01        -2.030304E-09
1.665580E-01        -2.023407E-09
1.664083E-01        -2.016504E-09
1.662589E-01        -2.009648E-09
1.661095E-01        -2.002846E-09
1.659603E-01        -1.996048E-09
1.658112E-01        -1.989248E-09
1.656622E-01        -1.982485E-09
1.655134E-01        -1.975787E-09
1.653647E-01        -1.969087E-09
1.652162E-01        -1.962390E-09
1.650678E-01        -1.955730E-09
1.649195E-01        -1.949091E-09
1.647714E-01        -1.942433E-09
1.646233E-01        -1.935830E-09
1.644754E-01        -1.929269E-09
1.643277E-01        -1.922733E-09
1.641801E-01        -1.916173E-09
1.640326E-01        -1.909673E-09
1.638852E-01        -1.903211E-09
1.637380E-01        -1.896773E-09
1.635909E-01        -1.890312E-09
1.634440E-01        -1.883915E-09
1.632972E-01        -1.877517E-09
1.631505E-01        -1.871117E-09
1.630039E-01        -1.864755E-09
1.628575E-01        -1.858418E-09
1.627112E-01        -1.852057E-09
1.625650E-01        -1.845795E-09
1.624190E-01        -1.839559E-09
1.622731E-01        -1.833298E-09
1.621273E-01        -1.827098E-09
1.619817E-01        -1.820900E-09
1.618361E-01        -1.814697E-09
1.616908E-01        -1.808501E-09
1.615455E-01        -1.802338E-09
1.614004E-01        -1.796239E-09
1.612554E-01        -1.790140E-09
1.611105E-01        -1.784038E-09
1.609658E-01        -1.777979E-09
1.608212E-01        -1.771941E-09
1.606768E-01        -1.765883E-09
1.605324E-01        -1.759920E-09
1.603882E-01        -1.753982E-09
1.602441E-01        -1.747982E-09
1.601002E-01        -1.742023E-09
1.599564E-01        -1.736124E-09
1.598127E-01        -1.730225E-09
1.596691E-01        -1.724362E-09
1.595257E-01        -1.718526E-09
1.593824E-01        -1.712665E-09
1.592392E-01        -1.706865E-09
1.590961E-01        -1.701063E-09
1.589532E-01        -1.695264E-09
1.588104E-01        -1.689503E-09
1.586678E-01        -1.683768E-09
1.585252E-01        -1.678004E-09
1.583828E-01        -1.672305E-09
1.582406E-01        -1.666647E-09
1.580984E-01        -1.661007E-09
1.579564E-01        -1.655347E-09
1.578145E-01        -1.649747E-09
1.576727E-01        -1.644147E-09
1.575311E-01        -1.638549E-09
1.573896E-01        -1.632950E-09
1.572482E-01        -1.627388E-09
1.571069E-01        -1.621887E-09
1.569658E-01        -1.616389E-09
1.568248E-01        -1.610890E-09
1.566839E-01        -1.605389E-09
1.565432E-01        -1.599930E-09
1.564025E-01        -1.594528E-09
1.562620E-01        -1.589128E-09
1.561217E-01        -1.583732E-09
1.559814E-01        -1.578330E-09
1.558413E-01        -1.572932E-09
1.557013E-01        -1.567570E-09
1.555614E-01        -1.562270E-09
1.554217E-01        -1.556972E-09
1.552821E-01        -1.551673E-09
1.551426E-01        -1.546373E-09
1.550032E-01        -1.541111E-09
1.548640E-01        -1.535913E-09
1.547249E-01        -1.530676E-09
1.545859E-01        -1.525452E-09
1.544470E-01        -1.520313E-09
1.543082E-01        -1.515112E-09
1.541696E-01        -1.509951E-09
1.540311E-01        -1.504851E-09
1.538928E-01        -1.499754E-09
1.537545E-01        -1.494653E-09
1.536164E-01        -1.489554E-09
1.534784E-01        -1.484454E-09
1.533405E-01        -1.479392E-09
1.532028E-01        -1.474394E-09
1.530652E-01        -1.469396E-09
1.529277E-01        -1.464396E-09
1.527903E-01        -1.459396E-09
1.526530E-01        -1.454433E-09
1.525159E-01        -1.449496E-09
1.523789E-01        -1.444535E-09
1.522420E-01        -1.439635E-09
1.521052E-01        -1.434734E-09
1.519686E-01        -1.429874E-09
1.518321E-01        -1.425037E-09
1.516957E-01        -1.420176E-09
1.515594E-01        -1.415337E-09
1.514233E-01        -1.410477E-09
1.512873E-01        -1.405679E-09
1.511514E-01        -1.400917E-09
1.510156E-01        -1.396179E-09
1.508799E-01        -1.391416E-09
1.507444E-01        -1.386680E-09
1.506090E-01        -1.381919E-09
1.504737E-01        -1.377219E-09
1.503385E-01        -1.372557E-09
1.502034E-01        -1.367917E-09
1.500685E-01        -1.363257E-09
1.499337E-01        -1.358620E-09
1.497990E-01        -1.353958E-09
1.496644E-01        -1.349357E-09
1.495300E-01        -1.344759E-09
1.493957E-01        -1.340198E-09
1.492615E-01        -1.335661E-09
1.491274E-01        -1.331099E-09
1.489934E-01        -1.326598E-09
1.488596E-01        -1.322100E-09
1.487259E-01        -1.317601E-09
1.485923E-01        -1.313101E-09
1.484588E-01        -1.308601E-09
1.483254E-01        -1.304138E-09
1.481922E-01        -1.299740E-09
1.480590E-01        -1.295300E-09
1.479260E-01        -1.290839E-09
1.477932E-01        -1.286480E-09
1.476604E-01        -1.282141E-09
1.475277E-01        -1.277740E-09
1.473952E-01        -1.273379E-09
1.472628E-01        -1.269080E-09
1.471305E-01        -1.264780E-09
1.469983E-01        -1.260441E-09
1.468663E-01        -1.256119E-09
1.467344E-01        -1.251883E-09
1.466026E-01        -1.247583E-09
1.464709E-01        -1.243321E-09
1.463393E-01        -1.239121E-09
1.462078E-01        -1.234920E-09
1.460765E-01        -1.230722E-09
1.459453E-01        -1.226523E-09
1.458142E-01        -1.222324E-09
1.456832E-01        -1.218161E-09
1.455523E-01        -1.214023E-09
1.454215E-01        -1.209860E-09
1.452909E-01        -1.205761E-09
1.451604E-01        -1.201662E-09
1.450300E-01        -1.197562E-09
1.448997E-01        -1.193462E-09
1.447695E-01        -1.189399E-09
1.446395E-01        -1.185363E-09
1.445096E-01        -1.181302E-09
1.443797E-01        -1.177300E-09
1.442500E-01        -1.173300E-09
1.441205E-01        -1.169303E-09
1.439910E-01        -1.165303E-09
1.438617E-01        -1.161305E-09
1.437324E-01        -1.157340E-09
1.436033E-01        -1.153404E-09
1.434743E-01        -1.149442E-09
1.433454E-01        -1.145542E-09
1.432166E-01        -1.141641E-09
1.430880E-01        -1.137743E-09
1.429595E-01        -1.133882E-09
1.428310E-01        -1.130043E-09
1.427027E-01        -1.126143E-09
1.425745E-01        -1.122281E-09
1.424465E-01        -1.118484E-09
1.423185E-01        -1.114683E-09
1.421906E-01        -1.110882E-09
1.420629E-01        -1.107083E-09
1.419353E-01        -1.103321E-09
1.418078E-01        -1.099584E-09
1.416804E-01        -1.095784E-09
1.415531E-01        -1.092021E-09
1.414260E-01        -1.088323E-09
1.412989E-01        -1.084622E-09
1.411720E-01        -1.080923E-09
1.410452E-01        -1.077224E-09
1.409185E-01        -1.073562E-09
1.407919E-01        -1.069925E-09
1.406654E-01        -1.066262E-09
1.405390E-01        -1.062624E-09
1.404128E-01        -1.058963E-09
1.402867E-01        -1.055364E-09
1.401606E-01        -1.051762E-09
1.400347E-01        -1.048163E-09
1.399089E-01        -1.044600E-09
1.397833E-01        -1.041066E-09
1.396577E-01        -1.037465E-09
1.395322E-01        -1.033901E-09
1.394069E-01        -1.030403E-09
1.392817E-01        -1.026904E-09
1.391565E-01        -1.023402E-09
1.390315E-01        -1.019903E-09
1.389066E-01        -1.016403E-09
1.387819E-01        -1.012943E-09
1.386572E-01        -1.009505E-09
1.385326E-01        -1.006041E-09
1.384082E-01        -1.002606E-09
1.382838E-01        -9.991489E-10
1.381596E-01        -9.957587E-10
1.380355E-01        -9.923568E-10
1.379115E-01        -9.889708E-10
1.377876E-01        -9.855945E-10
1.376638E-01        -9.822279E-10
1.375402E-01        -9.788737E-10
1.374166E-01        -9.755265E-10
1.372932E-01        -9.721917E-10
1.371699E-01        -9.688703E-10
1.370466E-01        -9.655585E-10
1.369235E-01        -9.622565E-10
1.368005E-01        -9.589706E-10
1.366776E-01        -9.556943E-10
1.365548E-01        -9.524278E-10
1.364322E-01        -9.491736E-10
1.363096E-01        -9.459266E-10
1.361872E-01        -9.426955E-10
1.360648E-01        -9.394743E-10
1.359426E-01        -9.362590E-10
1.358205E-01        -9.330572E-10
1.356985E-01        -9.298715E-10
1.355766E-01        -9.266918E-10
1.354548E-01        -9.235192E-10
1.353331E-01        -9.203627E-10
1.352115E-01        -9.172160E-10
1.350901E-01        -9.140816E-10
1.349687E-01        -9.109544E-10
1.348475E-01        -9.078395E-10
1.347263E-01        -9.047318E-10
1.346053E-01        -9.016365E-10
1.344844E-01        -8.985509E-10
1.343636E-01        -8.954788E-10
1.342429E-01        -8.924191E-10
1.341223E-01        -8.893629E-10
1.340018E-01        -8.863201E-10
1.338814E-01        -8.832898E-10
1.337612E-01        -8.802655E-10
1.336410E-01        -8.772521E-10
1.335209E-01        -8.742512E-10
1.334010E-01        -8.712563E-10
1.332812E-01        -8.682748E-10
1.331614E-01        -8.653033E-10
1.330418E-01        -8.623414E-10
1.329223E-01        -8.593921E-10
1.328029E-01        -8.564462E-10
1.326836E-01        -8.535137E-10
1.325644E-01        -8.505938E-10
1.324453E-01        -8.476774E-10
1.323263E-01        -8.447744E-10
1.322075E-01        -8.418865E-10
1.320887E-01        -8.389995E-10
1.319700E-01        -8.361261E-10
1.318515E-01        -8.332676E-10
1.317331E-01        -8.304126E-10
1.316147E-01        -8.275650E-10
1.314965E-01        -8.247297E-10
1.313784E-01        -8.219042E-10
1.312603E-01        -8.190862E-10
1.311424E-01        -8.162805E-10
1.310246E-01        -8.134846E-10
1.309069E-01        -8.106985E-10
1.307893E-01        -8.079187E-10
1.306718E-01        -8.051460E-10
1.305544E-01        -8.023896E-10
1.304372E-01        -7.996417E-10
1.303200E-01        -7.968986E-10
1.302029E-01        -7.941681E-10
1.300860E-01        -7.914435E-10
1.299691E-01        -7.887301E-10
1.298524E-01        -7.860316E-10
1.297357E-01        -7.833343E-10
1.296192E-01        -7.806492E-10
1.295027E-01        -7.779717E-10
1.293864E-01        -7.753027E-10
1.292702E-01        -7.726409E-10
1.291540E-01        -7.699931E-10
1.290380E-01        -7.673539E-10
1.289221E-01        -7.647181E-10
1.288063E-01        -7.620959E-10
1.286906E-01        -7.594864E-10
1.285750E-01        -7.568804E-10
1.284595E-01        -7.542806E-10
1.283441E-01        -7.516881E-10
1.282288E-01        -7.491118E-10
1.281136E-01        -7.465418E-10
1.279985E-01        -7.439790E-10
1.278835E-01        -7.414289E-10
1.277686E-01        -7.388823E-10
1.276539E-01        -7.363479E-10
1.275392E-01        -7.338175E-10
1.274246E-01        -7.312943E-10
1.273101E-01        -7.287875E-10
1.271958E-01        -7.262892E-10
1.270815E-01        -7.237922E-10
1.269674E-01        -7.213073E-10
1.268533E-01        -7.188302E-10
1.267393E-01        -7.163595E-10
1.266255E-01        -7.138981E-10
1.265117E-01        -7.114472E-10
1.263981E-01        -7.090021E-10
1.262846E-01        -7.065669E-10
1.261711E-01        -7.041395E-10
1.260578E-01        -7.017243E-10
1.259445E-01        -6.993132E-10
1.258314E-01        -6.969079E-10
1.257184E-01        -6.945125E-10
1.256054E-01        -6.921249E-10
1.254926E-01        -6.897494E-10
1.253799E-01        -6.873804E-10
1.252672E-01        -6.850127E-10
1.251547E-01        -6.826572E-10
1.250423E-01        -6.803116E-10
1.249299E-01        -6.779739E-10
1.248177E-01        -6.756447E-10
1.247056E-01        -6.733190E-10
1.245936E-01        -6.710034E-10
1.244816E-01        -6.686956E-10
1.243698E-01        -6.663963E-10
1.242581E-01        -6.641042E-10
1.241465E-01        -6.618249E-10
1.240349E-01        -6.595471E-10
1.239235E-01        -6.572778E-10
1.238122E-01        -6.550156E-10
1.237010E-01        -6.527663E-10
1.235899E-01        -6.505206E-10
1.234788E-01        -6.482792E-10
1.233679E-01        -6.460471E-10
1.232571E-01        -6.438278E-10
1.231464E-01        -6.416120E-10
1.230357E-01        -6.394007E-10
1.229252E-01        -6.371986E-10
1.228148E-01        -6.350093E-10
1.227045E-01        -6.328236E-10
1.225942E-01        -6.306424E-10
1.224841E-01        -6.284703E-10
1.223741E-01        -6.263111E-10
1.222641E-01        -6.241500E-10
1.221543E-01        -6.219979E-10
1.220446E-01        -6.198588E-10
1.219349E-01        -6.177213E-10
1.218254E-01        -6.155958E-10
1.217160E-01        -6.134767E-10
1.216066E-01        -6.113629E-10
1.214974E-01        -6.092603E-10
1.213882E-01        -6.071565E-10
1.212792E-01        -6.050676E-10
1.211703E-01        -6.029823E-10
1.210614E-01        -6.009050E-10
1.209527E-01        -5.988362E-10
1.208440E-01        -5.967691E-10
1.207354E-01        -5.947120E-10
1.206270E-01        -5.926633E-10
1.205186E-01        -5.906164E-10
1.204104E-01        -5.885813E-10
1.203022E-01        -5.865544E-10
1.201941E-01        -5.845340E-10
1.200862E-01        -5.825191E-10
1.199783E-01        -5.805089E-10
1.198705E-01        -5.785058E-10
1.197628E-01        -5.765156E-10
1.196552E-01        -5.745255E-10
1.195477E-01        -5.725391E-10
1.194404E-01        -5.705645E-10
1.193331E-01        -5.685981E-10
1.192259E-01        -5.666383E-10
1.191188E-01        -5.646821E-10
1.190118E-01        -5.627359E-10
1.189048E-01        -5.607945E-10
1.187980E-01        -5.588584E-10
1.186913E-01        -5.569290E-10
1.185847E-01        -5.550066E-10
1.184782E-01        -5.530938E-10
1.183717E-01        -5.511798E-10
1.182654E-01        -5.492806E-10
1.181592E-01        -5.473850E-10
1.180530E-01        -5.454942E-10
1.179470E-01        -5.436088E-10
1.178410E-01        -5.417317E-10
1.177351E-01        -5.398611E-10
1.176294E-01        -5.379959E-10
1.175237E-01        -5.361391E-10
1.174181E-01        -5.342888E-10
1.173127E-01        -5.324439E-10
1.172073E-01        -5.306038E-10
1.171020E-01        -5.287673E-10
1.169968E-01        -5.269409E-10
1.168917E-01        -5.251211E-10
1.167867E-01        -5.233049E-10
1.166818E-01        -5.214987E-10
1.165770E-01        -5.196992E-10
1.164722E-01        -5.179016E-10
1.163676E-01        -5.161122E-10
1.162631E-01        -5.143265E-10
1.161586E-01        -5.125492E-10
1.160543E-01        -5.107802E-10
1.159500E-01        -5.090131E-10
1.158459E-01        -5.072543E-10
1.157418E-01        -5.054974E-10
1.156378E-01        -5.037506E-10
1.155340E-01        -5.020121E-10
1.154302E-01        -5.002755E-10
1.153265E-01        -4.985456E-10
1.152229E-01        -4.968192E-10
1.151194E-01        -4.951030E-10
1.150160E-01        -4.933934E-10
1.149126E-01        -4.916823E-10
1.148094E-01        -4.899799E-10
1.147063E-01        -4.882871E-10
1.146032E-01        -4.865933E-10
1.145003E-01        -4.849143E-10
1.143974E-01        -4.832338E-10
1.142947E-01        -4.815585E-10
1.141920E-01        -4.798917E-10
1.140894E-01        -4.782316E-10
1.139869E-01        -4.765750E-10
1.138845E-01        -4.749251E-10
1.137822E-01        -4.732788E-10
1.136800E-01        -4.716427E-10
1.135779E-01        -4.700132E-10
1.134759E-01        -4.683838E-10
1.133739E-01        -4.667564E-10
1.132721E-01        -4.651408E-10
1.131703E-01        -4.635302E-10
1.130687E-01        -4.619249E-10
1.129671E-01        -4.603246E-10
1.128656E-01        -4.587279E-10
1.127642E-01        -4.571414E-10
1.126629E-01        -4.555615E-10
1.125617E-01        -4.539817E-10
1.124606E-01        -4.524056E-10
1.123596E-01        -4.508396E-10
1.122586E-01        -4.492788E-10
1.121578E-01        -4.477196E-10
1.120570E-01        -4.461625E-10
1.119564E-01        -4.446171E-10
1.118558E-01        -4.430768E-10
1.117553E-01        -4.415401E-10
1.116549E-01        -4.400102E-10
1.115546E-01        -4.384838E-10
1.114544E-01        -4.369641E-10
1.113543E-01        -4.354481E-10
1.112543E-01        -4.339387E-10
1.111543E-01        -4.324314E-10
1.110545E-01        -4.309323E-10
1.109547E-01        -4.294354E-10
1.108550E-01        -4.279486E-10
1.107555E-01        -4.264665E-10
1.106560E-01        -4.249834E-10
1.105566E-01        -4.235136E-10
1.104572E-01        -4.220425E-10
1.103580E-01        -4.205765E-10
1.102589E-01        -4.191172E-10
1.101598E-01        -4.176600E-10
1.100609E-01        -4.162110E-10
1.099620E-01        -4.147641E-10
1.098632E-01        -4.133275E-10
1.097645E-01        -4.118940E-10
1.096659E-01        -4.104611E-10
1.095674E-01        -4.090380E-10
1.094690E-01        -4.076154E-10
1.093707E-01        -4.062027E-10
1.092724E-01        -4.047855E-10
1.091742E-01        -4.033785E-10
1.090762E-01        -4.019797E-10
1.089782E-01        -4.005831E-10
1.088803E-01        -3.991932E-10
1.087825E-01        -3.978069E-10
1.086848E-01        -3.964273E-10
1.085871E-01        -3.950465E-10
1.084896E-01        -3.936707E-10
1.083921E-01        -3.923037E-10
1.082947E-01        -3.909434E-10
1.081975E-01        -3.895847E-10
1.081003E-01        -3.882282E-10
1.080032E-01        -3.868784E-10
1.079061E-01        -3.855309E-10
1.078092E-01        -3.841915E-10
1.077124E-01        -3.828557E-10
1.076156E-01        -3.815253E-10
1.075189E-01        -3.801985E-10
1.074223E-01        -3.788784E-10
1.073258E-01        -3.775619E-10
1.072294E-01        -3.762488E-10
1.071331E-01        -3.749361E-10
1.070369E-01        -3.736368E-10
1.069407E-01        -3.723363E-10
1.068446E-01        -3.710394E-10
1.067487E-01        -3.697506E-10
1.066528E-01        -3.684606E-10
1.065570E-01        -3.671777E-10
1.064612E-01        -3.659034E-10
1.063656E-01        -3.646274E-10
1.062701E-01        -3.633582E-10
1.061746E-01        -3.620912E-10
1.060792E-01        -3.608311E-10
1.059839E-01        -3.595745E-10
1.058887E-01        -3.583247E-10
1.057936E-01        -3.570751E-10
1.056986E-01        -3.558291E-10
1.056036E-01        -3.545920E-10
1.055087E-01        -3.533583E-10
1.054140E-01        -3.521262E-10
1.053193E-01        -3.509029E-10
1.052247E-01        -3.496765E-10
1.051301E-01        -3.484591E-10
1.050357E-01        -3.472497E-10
1.049413E-01        -3.460393E-10
1.048471E-01        -3.448337E-10
1.047529E-01        -3.436336E-10
1.046588E-01        -3.424337E-10
1.045648E-01        -3.412375E-10
1.044708E-01        -3.400501E-10
1.043770E-01        -3.388674E-10
1.042832E-01        -3.376805E-10
1.041895E-01        -3.365037E-10
1.040959E-01        -3.353338E-10
1.040024E-01        -3.341640E-10
1.039090E-01        -3.329979E-10
1.038157E-01        -3.318385E-10
1.037224E-01        -3.306781E-10
1.036292E-01        -3.295247E-10
1.035361E-01        -3.283813E-10
1.034431E-01        -3.272349E-10
1.033502E-01        -3.260953E-10
1.032574E-01        -3.249560E-10
1.031646E-01        -3.238189E-10
1.030719E-01        -3.226887E-10
1.029793E-01        -3.215621E-10
1.028868E-01        -3.204423E-10
1.027944E-01        -3.193227E-10
1.027021E-01        -3.182067E-10
1.026098E-01        -3.170963E-10
1.025176E-01        -3.159895E-10
1.024255E-01        -3.148896E-10
1.023335E-01        -3.137898E-10
1.022416E-01        -3.126936E-10
1.021498E-01        -3.116042E-10
1.020580E-01        -3.105139E-10
1.019663E-01        -3.094271E-10
1.018747E-01        -3.083472E-10
1.017832E-01        -3.072709E-10
1.016918E-01        -3.062014E-10
1.016004E-01        -3.051309E-10
1.015091E-01        -3.040640E-10
1.014180E-01        -3.030051E-10
1.013268E-01        -3.019441E-10
1.012358E-01        -3.008879E-10
1.011449E-01        -2.998385E-10
1.010540E-01        -2.987881E-10
1.009632E-01        -2.977413E-10
1.008725E-01        -2.967014E-10
1.007819E-01        -2.956650E-10
1.006914E-01        -2.946355E-10
1.006009E-01        -2.936051E-10
1.005106E-01        -2.925793E-10
1.004203E-01        -2.915560E-10
1.003301E-01        -2.905329E-10
1.002399E-01        -2.895188E-10
1.001499E-01        -2.885061E-10
1.000599E-01        -2.875025E-10
9.997005E-02        -2.864930E-10
9.988024E-02        -2.854864E-10
9.979052E-02        -2.844899E-10
9.970088E-02        -2.835000E-10
9.961131E-02        -2.825100E-10
9.952183E-02        -2.815201E-10
9.943243E-02        -2.805336E-10
9.934311E-02        -2.795537E-10
9.925386E-02        -2.785737E-10
9.916470E-02        -2.775972E-10
9.907562E-02        -2.766273E-10
9.898662E-02        -2.756574E-10
9.889770E-02        -2.746908E-10
9.880886E-02        -2.737309E-10
9.872010E-02        -2.727744E-10
9.863141E-02        -2.718210E-10
9.854281E-02        -2.708645E-10
9.845429E-02        -2.699179E-10
9.836585E-02        -2.689781E-10
9.827748E-02        -2.680381E-10
9.818920E-02        -2.670982E-10
9.810099E-02        -2.661616E-10
9.801287E-02        -2.652284E-10
9.792482E-02        -2.642951E-10
9.783685E-02        -2.633719E-10
9.774897E-02        -2.624453E-10
9.766116E-02        -2.615287E-10
9.757343E-02        -2.606155E-10
9.748577E-02        -2.596988E-10
9.739820E-02        -2.587890E-10
9.731071E-02        -2.578824E-10
9.722329E-02        -2.569825E-10
9.713595E-02        -2.560825E-10
9.704870E-02        -2.551827E-10
9.696151E-02        -2.542860E-10
9.687441E-02        -2.533961E-10
9.678739E-02        -2.525095E-10
9.670044E-02        -2.516263E-10
9.661358E-02        -2.507397E-10
9.652679E-02        -2.498598E-10
9.644007E-02        -2.489831E-10
9.635344E-02        -2.481133E-10
9.626688E-02        -2.472433E-10
9.618041E-02        -2.463768E-10
9.609401E-02        -2.455136E-10
9.600768E-02        -2.446469E-10
9.592144E-02        -2.437903E-10
9.583527E-02        -2.429404E-10
9.574918E-02        -2.420871E-10
9.566317E-02        -2.412338E-10
9.557723E-02        -2.403906E-10
9.549137E-02        -2.395440E-10
9.540559E-02        -2.387041E-10
9.531989E-02        -2.378675E-10
9.523426E-02        -2.370342E-10
9.514871E-02        -2.361976E-10
9.506324E-02        -2.353710E-10
9.497784E-02        -2.345478E-10
9.489252E-02        -2.337211E-10
9.480728E-02        -2.329013E-10
9.472211E-02        -2.320846E-10
9.463702E-02        -2.312714E-10
9.455200E-02        -2.304547E-10
9.446707E-02        -2.296481E-10
9.438221E-02        -2.288449E-10
9.429742E-02        -2.280382E-10
9.421271E-02        -2.272383E-10
9.412808E-02        -2.264384E-10
9.404352E-02        -2.256417E-10
9.395904E-02        -2.248518E-10
9.387464E-02        -2.240620E-10
9.379031E-02        -2.232720E-10
9.370605E-02        -2.224853E-10
9.362188E-02        -2.217055E-10
9.353777E-02        -2.209287E-10
9.345375E-02        -2.201556E-10
9.336980E-02        -2.193789E-10
9.328592E-02        -2.186090E-10
9.320212E-02        -2.178391E-10
9.311840E-02        -2.170724E-10
9.303475E-02        -2.163125E-10
9.295117E-02        -2.155525E-10
9.286767E-02        -2.147926E-10
9.278425E-02        -2.140360E-10
9.270090E-02        -2.132861E-10
9.261762E-02        -2.125361E-10
9.253442E-02        -2.117862E-10
9.245130E-02        -2.110395E-10
9.236825E-02        -2.102996E-10
9.228527E-02        -2.095596E-10
9.220237E-02        -2.088230E-10
9.211954E-02        -2.080898E-10
9.203679E-02        -2.073531E-10
9.195411E-02        -2.066264E-10
9.187151E-02        -2.059033E-10
9.178898E-02        -2.051766E-10
9.170652E-02        -2.044566E-10
9.162414E-02        -2.037367E-10
9.154184E-02        -2.030168E-10
9.145960E-02        -2.023001E-10
9.137744E-02        -2.015902E-10
9.129536E-02        -2.008803E-10
9.121334E-02        -2.001735E-10
9.113141E-02        -1.994704E-10
9.104954E-02        -1.987637E-10
9.096775E-02        -1.980670E-10
9.088603E-02        -1.973738E-10
9.080439E-02        -1.966772E-10
9.072282E-02        -1.959872E-10
9.064132E-02        -1.952973E-10
9.055989E-02        -1.946073E-10
9.047854E-02        -1.939206E-10
9.039726E-02        -1.932407E-10
9.031606E-02        -1.925608E-10
9.023493E-02        -1.918809E-10
9.015387E-02        -1.912042E-10
9.007288E-02        -1.905310E-10
8.999197E-02        -1.898543E-10
8.991113E-02        -1.891876E-10
8.983036E-02        -1.885244E-10
8.974966E-02        -1.878577E-10
8.966904E-02        -1.871978E-10
8.958849E-02        -1.865378E-10
8.950801E-02        -1.858779E-10
8.942760E-02        -1.852212E-10
8.934727E-02        -1.845713E-10
8.926700E-02        -1.839213E-10
8.918681E-02        -1.832713E-10
8.910670E-02        -1.826247E-10
8.902665E-02        -1.819847E-10
8.894668E-02        -1.813448E-10
8.886677E-02        -1.807048E-10
8.878694E-02        -1.800649E-10
8.870719E-02        -1.794282E-10
8.862750E-02        -1.787982E-10
8.854788E-02        -1.781683E-10
8.846834E-02        -1.775384E-10
8.838887E-02        -1.769116E-10
8.830947E-02        -1.762885E-10
8.823014E-02        -1.756618E-10
8.815088E-02        -1.750450E-10
8.807169E-02        -1.744319E-10
8.799257E-02        -1.738151E-10
8.791353E-02        -1.732020E-10
8.783455E-02        -1.725852E-10
8.775565E-02        -1.719785E-10
8.767682E-02        -1.713754E-10
8.759806E-02        -1.707686E-10
8.751937E-02        -1.701687E-10
8.744075E-02        -1.695688E-10
8.736220E-02        -1.689688E-10
8.728372E-02        -1.683689E-10
8.720531E-02        -1.677721E-10
8.712697E-02        -1.671821E-10
8.704870E-02        -1.665922E-10
8.697051E-02        -1.660055E-10
8.689238E-02        -1.654223E-10
8.681432E-02        -1.648355E-10
8.673634E-02        -1.642557E-10
8.665842E-02        -1.636757E-10
8.658057E-02        -1.630957E-10
8.650280E-02        -1.625190E-10
8.642509E-02        -1.619459E-10
8.634745E-02        -1.613691E-10
8.626989E-02        -1.608024E-10
8.619239E-02        -1.602392E-10
8.611496E-02        -1.596693E-10
8.603760E-02        -1.591025E-10
8.596031E-02        -1.585425E-10
8.588309E-02        -1.579826E-10
8.580594E-02        -1.574226E-10
8.572886E-02        -1.568659E-10
8.565185E-02        -1.563159E-10
8.557491E-02        -1.557660E-10
8.549803E-02        -1.552160E-10
8.542123E-02        -1.546661E-10
8.534450E-02        -1.541162E-10
8.526783E-02        -1.535694E-10
8.519123E-02        -1.530294E-10
8.511470E-02        -1.524895E-10
8.503824E-02        -1.519495E-10
8.496185E-02        -1.514096E-10
8.488553E-02        -1.508728E-10
8.480927E-02        -1.503428E-10
8.473309E-02        -1.498129E-10
8.465697E-02        -1.492829E-10
8.458092E-02        -1.487530E-10
8.450494E-02        -1.482262E-10
8.442903E-02        -1.477031E-10
8.435319E-02        -1.471763E-10
8.427741E-02        -1.466564E-10
8.420170E-02        -1.461395E-10
8.412606E-02        -1.456264E-10
8.405049E-02        -1.451097E-10
8.397499E-02        -1.445997E-10
8.389955E-02        -1.440866E-10
8.382418E-02        -1.435729E-10
8.374888E-02        -1.430698E-10
8.367365E-02        -1.425599E-10
8.359848E-02        -1.420531E-10
8.352339E-02        -1.415532E-10
8.344836E-02        -1.410532E-10
8.337339E-02        -1.405532E-10
8.329850E-02        -1.400533E-10
8.322367E-02        -1.395565E-10
8.314891E-02        -1.390666E-10
8.307421E-02        -1.385766E-10
8.299959E-02        -1.380867E-10
8.292503E-02        -1.375967E-10
8.285053E-02        -1.371067E-10
8.277611E-02        -1.366199E-10
8.270175E-02        -1.361400E-10
8.262746E-02        -1.356600E-10
8.255323E-02        -1.351800E-10
8.247907E-02        -1.347001E-10
8.240498E-02        -1.342201E-10
8.233096E-02        -1.337434E-10
8.225700E-02        -1.332734E-10
8.218310E-02        -1.328034E-10
8.210928E-02        -1.323335E-10
8.203552E-02        -1.318635E-10
8.196182E-02        -1.313935E-10
8.188820E-02        -1.309268E-10
8.181463E-02        -1.304636E-10
8.174114E-02        -1.299968E-10
8.166771E-02        -1.295369E-10
8.159435E-02        -1.290800E-10
8.152105E-02        -1.286270E-10
8.144782E-02        -1.281670E-10
8.137465E-02        -1.277101E-10
8.130155E-02        -1.272602E-10
8.122852E-02        -1.268103E-10
8.115555E-02        -1.263603E-10
8.108264E-02        -1.259134E-10
8.100981E-02        -1.254704E-10
8.093703E-02        -1.250235E-10
8.086433E-02        -1.245805E-10
8.079168E-02        -1.241336E-10
8.071911E-02        -1.236937E-10
8.064660E-02        -1.232568E-10
8.057415E-02        -1.228237E-10
8.050177E-02        -1.223869E-10
8.042945E-02        -1.219538E-10
8.035720E-02        -1.215170E-10
8.028502E-02        -1.210870E-10
8.021290E-02        -1.206571E-10
8.014084E-02        -1.202302E-10
8.006885E-02        -1.198072E-10
7.999692E-02        -1.193803E-10
7.992506E-02        -1.189572E-10
7.985326E-02        -1.185304E-10
7.978153E-02        -1.181135E-10
7.970986E-02        -1.177005E-10
7.963825E-02        -1.172805E-10
7.956671E-02        -1.168636E-10
7.949524E-02        -1.164506E-10
7.942382E-02        -1.160337E-10
7.935248E-02        -1.156238E-10
7.928119E-02        -1.152138E-10
7.920997E-02        -1.148038E-10
7.913882E-02        -1.143939E-10
7.906773E-02        -1.139870E-10
7.899670E-02        -1.135870E-10
7.892573E-02        -1.131839E-10
7.885483E-02        -1.127771E-10
7.878400E-02        -1.123771E-10
7.871322E-02        -1.119802E-10
7.864252E-02        -1.115872E-10
7.857187E-02        -1.111873E-10
7.850129E-02        -1.107904E-10
7.843077E-02        -1.104004E-10
7.836031E-02        -1.100104E-10
7.828992E-02        -1.096205E-10
7.821959E-02        -1.092305E-10
7.814933E-02        -1.088406E-10
7.807912E-02        -1.084536E-10
7.800898E-02        -1.080706E-10
7.793891E-02        -1.076838E-10
7.786889E-02        -1.073038E-10
7.779894E-02        -1.069238E-10
7.772905E-02        -1.065438E-10
7.765923E-02        -1.061639E-10
7.758947E-02        -1.057870E-10
7.751977E-02        -1.054140E-10
7.745013E-02        -1.050371E-10
7.738055E-02        -1.046671E-10
7.731104E-02        -1.042941E-10
7.724159E-02        -1.039171E-10
7.717220E-02        -1.035502E-10
7.710288E-02        -1.031872E-10
7.703362E-02        -1.028173E-10
7.696442E-02        -1.024504E-10
7.689528E-02        -1.020904E-10
7.682620E-02        -1.017274E-10
7.675719E-02        -1.013605E-10
7.668823E-02        -1.010005E-10
7.661934E-02        -1.006436E-10
7.655052E-02        -1.002906E-10
7.648175E-02        -9.993152E-11
7.641305E-02        -9.957518E-11
7.634440E-02        -9.922079E-11
7.627582E-02        -9.886814E-11
7.620730E-02        -9.851678E-11
7.613884E-02        -9.816681E-11
7.607045E-02        -9.781748E-11
7.600211E-02        -9.746980E-11
7.593384E-02        -9.712346E-11
7.586562E-02        -9.677845E-11
7.579747E-02        -9.643410E-11
7.572938E-02        -9.609144E-11
7.566135E-02        -9.574977E-11
7.559339E-02        -9.540914E-11
7.552548E-02        -9.506977E-11
7.545763E-02        -9.473178E-11
7.538985E-02        -9.439444E-11
7.532212E-02        -9.405875E-11
7.525446E-02        -9.372440E-11
7.518686E-02        -9.339145E-11
7.511932E-02        -9.305879E-11
7.505184E-02        -9.272743E-11
7.498442E-02        -9.239777E-11
7.491706E-02        -9.206910E-11
7.484976E-02        -9.174143E-11
7.478252E-02        -9.141506E-11
7.471534E-02        -9.109038E-11
7.464822E-02        -9.076641E-11
7.458117E-02        -9.044308E-11
7.451417E-02        -9.012140E-11
7.444723E-02        -8.980072E-11
7.438035E-02        -8.948104E-11
7.431354E-02        -8.916270E-11
7.424678E-02        -8.884572E-11
7.418008E-02        -8.852934E-11
7.411344E-02        -8.821436E-11
7.404687E-02        -8.790003E-11
7.398035E-02        -8.758734E-11
7.391389E-02        -8.727567E-11
7.384749E-02        -8.696499E-11
7.378116E-02        -8.665536E-11
7.371488E-02        -8.634698E-11
7.364866E-02        -8.604001E-11
7.358250E-02        -8.573334E-11
7.351640E-02        -8.542797E-11
7.345036E-02        -8.512400E-11
7.338438E-02        -8.482064E-11
7.331845E-02        -8.451894E-11
7.325259E-02        -8.421828E-11
7.318679E-02        -8.391833E-11
7.312104E-02        -8.361893E-11
7.305536E-02        -8.332129E-11
7.298973E-02        -8.302460E-11
7.292416E-02        -8.272892E-11
7.285865E-02        -8.243424E-11
7.279320E-02        -8.214087E-11
7.272781E-02        -8.184890E-11
7.266248E-02        -8.155724E-11
7.259720E-02        -8.126654E-11
7.253199E-02        -8.097689E-11
7.246683E-02        -8.068850E-11
7.240173E-02        -8.040152E-11
7.233669E-02        -8.011485E-11
7.227171E-02        -7.982918E-11
7.220679E-02        -7.954481E-11
7.214193E-02        -7.926186E-11
7.207712E-02        -7.897917E-11
7.201237E-02        -7.869779E-11
7.194768E-02        -7.841781E-11
7.188305E-02        -7.813815E-11
7.181848E-02        -7.785949E-11
7.175396E-02        -7.758209E-11
7.168950E-02        -7.730611E-11
7.162510E-02        -7.703043E-11
7.156076E-02        -7.675576E-11
7.149648E-02        -7.648210E-11
7.143225E-02        -7.620941E-11
7.136808E-02        -7.593803E-11
7.130397E-02        -7.566776E-11
7.123992E-02        -7.539740E-11
7.117592E-02        -7.512870E-11
7.111198E-02        -7.486102E-11
7.104810E-02        -7.459435E-11
7.098428E-02        -7.432868E-11
7.092051E-02        -7.406369E-11
7.085680E-02        -7.379931E-11
7.079315E-02        -7.353664E-11
7.072956E-02        -7.327468E-11
7.066602E-02        -7.301329E-11
7.060254E-02        -7.275331E-11
7.053911E-02        -7.249361E-11
7.047575E-02        -7.223496E-11
7.041244E-02        -7.197727E-11
7.034919E-02        -7.172060E-11
7.028599E-02        -7.146491E-11
7.022285E-02        -7.121022E-11
7.015977E-02        -7.095655E-11
7.009674E-02        -7.070356E-11
7.003377E-02        -7.045117E-11
6.997086E-02        -7.020021E-11
6.990801E-02        -6.994955E-11
6.984521E-02        -6.969986E-11
6.978246E-02        -6.945116E-11
6.971978E-02        -6.920350E-11
6.965715E-02        -6.895682E-11
6.959457E-02        -6.871112E-11
6.953205E-02        -6.846613E-11
6.946959E-02        -6.822146E-11
6.940719E-02        -6.797809E-11
6.934484E-02        -6.773611E-11
6.928254E-02        -6.749440E-11
6.922031E-02        -6.725375E-11
6.915812E-02        -6.701374E-11
6.909600E-02        -6.677437E-11
6.903393E-02        -6.653640E-11
6.897191E-02        -6.629869E-11
6.890996E-02        -6.606204E-11
6.884805E-02        -6.582633E-11
6.878621E-02        -6.559167E-11
6.872441E-02        -6.535766E-11
6.866268E-02        -6.512430E-11
6.860100E-02        -6.489232E-11
6.853937E-02        -6.466062E-11
6.847780E-02        -6.442993E-11
6.841629E-02        -6.419997E-11
6.835483E-02        -6.397058E-11
6.829342E-02        -6.374258E-11
6.823207E-02        -6.351489E-11
6.817078E-02        -6.328822E-11
6.810954E-02        -6.306253E-11
6.804836E-02        -6.283756E-11
6.798723E-02        -6.261287E-11
6.792615E-02        -6.238917E-11
6.786514E-02        -6.216651E-11
6.780417E-02        -6.194480E-11
6.774326E-02        -6.172382E-11
6.768241E-02        -6.150315E-11
6.762161E-02        -6.128347E-11
6.756086E-02        -6.106476E-11
6.750017E-02        -6.084708E-11
6.743953E-02        -6.063009E-11
6.737895E-02        -6.041341E-11
6.731842E-02        -6.019771E-11
6.725795E-02        -5.998274E-11
6.719753E-02        -5.976834E-11
6.713717E-02        -5.955538E-11
6.707686E-02        -5.934269E-11
6.701660E-02        -5.913070E-11
6.695640E-02        -5.891930E-11
6.689625E-02        -5.870932E-11
6.683616E-02        -5.849964E-11
6.677612E-02        -5.829066E-11
6.671613E-02        -5.808225E-11
6.665620E-02        -5.787527E-11
6.659632E-02        -5.766829E-11
6.653650E-02        -5.746190E-11
6.647672E-02        -5.725689E-11
6.641701E-02        -5.705222E-11
6.635734E-02        -5.684851E-11
6.629773E-02        -5.664553E-11
6.623818E-02        -5.644315E-11
6.617867E-02        -5.624185E-11
6.611923E-02        -5.604048E-11
6.605983E-02        -5.584049E-11
6.600049E-02        -5.564080E-11
6.594120E-02        -5.544211E-11
6.588196E-02        -5.524440E-11
6.582278E-02        -5.504743E-11
6.576365E-02        -5.485045E-11
6.570457E-02        -5.465403E-11
6.564555E-02        -5.445906E-11
6.558658E-02        -5.426437E-11
6.552766E-02        -5.407067E-11
6.546880E-02        -5.387770E-11
6.540999E-02        -5.368501E-11
6.535123E-02        -5.349303E-11
6.529252E-02        -5.330161E-11
6.523387E-02        -5.311164E-11
6.517527E-02        -5.292195E-11
6.511672E-02        -5.273296E-11
6.505822E-02        -5.254425E-11
6.499978E-02        -5.235656E-11
6.494139E-02        -5.216958E-11
6.488305E-02        -5.198288E-11
6.482477E-02        -5.179720E-11
6.476653E-02        -5.161220E-11
6.470835E-02        -5.142750E-11
6.465022E-02        -5.124380E-11
6.459215E-02        -5.106084E-11
6.453412E-02        -5.087813E-11
6.447615E-02        -5.069615E-11
6.441823E-02        -5.051474E-11
6.436036E-02        -5.033475E-11
6.430255E-02        -5.015479E-11
6.424478E-02        -4.997507E-11
6.418707E-02        -4.979638E-11
6.412941E-02        -4.961868E-11
6.407180E-02        -4.944169E-11
6.401425E-02        -4.926473E-11
6.395674E-02        -4.908830E-11
6.389929E-02        -4.891305E-11
6.384189E-02        -4.873764E-11
6.378454E-02        -4.856366E-11
6.372724E-02        -4.838995E-11
6.366999E-02        -4.821696E-11
6.361279E-02        -4.804425E-11
6.355565E-02        -4.787256E-11
6.349856E-02        -4.770159E-11
6.344151E-02        -4.753087E-11
6.338452E-02        -4.736117E-11
6.332758E-02        -4.719218E-11
6.327070E-02        -4.702322E-11
6.321386E-02        -4.685480E-11
6.315707E-02        -4.668752E-11
6.310034E-02        -4.652012E-11
6.304365E-02        -4.635411E-11
6.298702E-02        -4.618842E-11
6.293044E-02        -4.602345E-11
6.287391E-02        -4.585875E-11
6.281743E-02        -4.569477E-11
6.276100E-02        -4.553106E-11
6.270462E-02        -4.536836E-11
6.264829E-02        -4.520637E-11
6.259201E-02        -4.504466E-11
6.253578E-02        -4.488367E-11
6.247961E-02        -4.472299E-11
6.242348E-02        -4.456300E-11
6.236740E-02        -4.440328E-11
6.231138E-02        -4.424459E-11
6.225540E-02        -4.408660E-11
6.219948E-02        -4.392863E-11
6.214360E-02        -4.377119E-11
6.208778E-02        -4.361522E-11
6.203201E-02        -4.345925E-11
6.197628E-02        -4.330353E-11
6.192061E-02        -4.314855E-11
6.186498E-02        -4.299383E-11
6.180941E-02        -4.284014E-11
6.175388E-02        -4.268714E-11
6.169841E-02        -4.253445E-11
6.164298E-02        -4.238245E-11
6.158761E-02        -4.223076E-11
6.153228E-02        -4.207976E-11
6.147701E-02        -4.192907E-11
6.142178E-02        -4.177907E-11
6.136661E-02        -4.162938E-11
6.131148E-02        -4.148039E-11
6.125640E-02        -4.133168E-11
6.120138E-02        -4.118399E-11
6.114640E-02        -4.103700E-11
6.109147E-02        -4.089001E-11
6.103659E-02        -4.074330E-11
6.098176E-02        -4.059760E-11
6.092698E-02        -4.045261E-11
6.087225E-02        -4.030791E-11
6.081756E-02        -4.016391E-11
6.076293E-02        -4.001993E-11
6.070835E-02        -3.987623E-11
6.065381E-02        -3.973351E-11
6.059932E-02        -3.959152E-11
6.054489E-02        -3.944983E-11
6.049050E-02        -3.930884E-11
6.043616E-02        -3.916813E-11
6.038187E-02        -3.902815E-11
6.032763E-02        -3.888844E-11
6.027343E-02        -3.874944E-11
6.021929E-02        -3.861046E-11
6.016519E-02        -3.847202E-11
6.011115E-02        -3.833478E-11
6.005715E-02        -3.819707E-11
6.000320E-02        -3.806036E-11
5.994929E-02        -3.792435E-11
5.989544E-02        -3.778865E-11
5.984164E-02        -3.765367E-11
5.978788E-02        -3.751868E-11
5.973417E-02        -3.738397E-11
5.968051E-02        -3.725026E-11
5.962690E-02        -3.711727E-11
5.957334E-02        -3.698430E-11
5.951982E-02        -3.685158E-11
5.946635E-02        -3.671986E-11
5.941293E-02        -3.658859E-11
5.935956E-02        -3.645716E-11
5.930624E-02        -3.632718E-11
5.925296E-02        -3.619719E-11
5.919973E-02        -3.606747E-11
5.914655E-02        -3.593848E-11
5.909342E-02        -3.580978E-11
5.904034E-02        -3.568180E-11
5.898730E-02        -3.555381E-11
5.893431E-02        -3.542609E-11
5.888137E-02        -3.529938E-11
5.882847E-02        -3.517338E-11
5.877563E-02        -3.504741E-11
5.872283E-02        -3.492170E-11
5.867008E-02        -3.479671E-11
5.861737E-02        -3.467198E-11
5.856472E-02        -3.454801E-11
5.851211E-02        -3.442430E-11
5.845954E-02        -3.430129E-11
5.840703E-02        -3.417832E-11
5.835456E-02        -3.405560E-11
5.830214E-02        -3.393361E-11
5.824977E-02        -3.381191E-11
5.819744E-02        -3.369091E-11
5.814516E-02        -3.357020E-11
5.809293E-02        -3.345022E-11
5.804074E-02        -3.333049E-11
5.798860E-02        -3.321150E-11
5.793651E-02        -3.309252E-11
5.788447E-02        -3.297381E-11
5.783247E-02        -3.285582E-11
5.778051E-02        -3.273809E-11
5.772861E-02        -3.262111E-11
5.767675E-02        -3.250412E-11
5.762494E-02        -3.238741E-11
5.757317E-02        -3.227141E-11
5.752145E-02        -3.215569E-11
5.746978E-02        -3.204071E-11
5.741816E-02        -3.192600E-11
5.736658E-02        -3.181202E-11
5.731504E-02        -3.169801E-11
5.726356E-02        -3.158431E-11
5.721212E-02        -3.147132E-11
5.716072E-02        -3.135832E-11
5.710937E-02        -3.124560E-11
5.705807E-02        -3.113389E-11
5.700681E-02        -3.102262E-11
5.695560E-02        -3.091118E-11
5.690444E-02        -3.080092E-11
5.685332E-02        -3.069020E-11
5.680225E-02        -3.058022E-11
5.675122E-02        -3.047049E-11
5.670024E-02        -3.036150E-11
5.664931E-02        -3.025280E-11
5.659842E-02        -3.014480E-11
5.654758E-02        -3.003682E-11
5.649678E-02        -2.992910E-11
5.644603E-02        -2.982211E-11
5.639532E-02        -2.971511E-11
5.634466E-02        -2.960840E-11
5.629404E-02        -2.950240E-11
5.624347E-02        -2.939668E-11
5.619295E-02        -2.929170E-11
5.614247E-02        -2.918671E-11
5.609204E-02        -2.908199E-11
5.604165E-02        -2.897800E-11
5.599131E-02        -2.887402E-11
5.594101E-02        -2.877029E-11
5.589075E-02        -2.866729E-11
5.584055E-02        -2.856458E-11
5.579038E-02        -2.846258E-11
5.574027E-02        -2.836060E-11
5.569020E-02        -2.825862E-11
5.564017E-02        -2.815689E-11
5.559019E-02        -2.805617E-11
5.554025E-02        -2.795618E-11
5.549035E-02        -2.785617E-11
5.544051E-02        -2.775620E-11
5.539070E-02        -2.765646E-11
5.534095E-02        -2.755749E-11
5.529123E-02        -2.745876E-11
5.524156E-02        -2.736076E-11
5.519194E-02        -2.726278E-11
5.514236E-02        -2.716479E-11
5.509282E-02        -2.706706E-11
5.504333E-02        -2.697007E-11
5.499389E-02        -2.687336E-11
5.494448E-02        -2.677735E-11
5.489513E-02        -2.668138E-11
5.484581E-02        -2.658564E-11
5.479655E-02        -2.649067E-11
5.474732E-02        -2.639567E-11
5.469814E-02        -2.630094E-11
5.464900E-02        -2.620695E-11
5.459991E-02        -2.611296E-11
5.455086E-02        -2.601923E-11
5.450186E-02        -2.592625E-11
5.445290E-02        -2.583326E-11
5.440398E-02        -2.574053E-11
5.435511E-02        -2.564854E-11
5.430628E-02        -2.555654E-11
5.425750E-02        -2.546483E-11
5.420876E-02        -2.537384E-11
5.416006E-02        -2.528284E-11
5.411141E-02        -2.519212E-11
5.406280E-02        -2.510186E-11
5.401424E-02        -2.501141E-11
5.396571E-02        -2.492214E-11
5.391724E-02        -2.483243E-11
5.386880E-02        -2.474343E-11
5.382041E-02        -2.465470E-11
5.377206E-02        -2.456671E-11
5.372376E-02        -2.447872E-11
5.367550E-02        -2.439100E-11
5.362728E-02        -2.430374E-11
5.357910E-02        -2.421600E-11
5.353097E-02        -2.412928E-11
5.348289E-02        -2.404303E-11
5.343484E-02        -2.395656E-11
5.338684E-02        -2.387131E-11
5.333888E-02        -2.378558E-11
5.329097E-02        -2.370033E-11
5.324309E-02        -2.361485E-11
5.319527E-02        -2.353061E-11
5.314748E-02        -2.344588E-11
5.309974E-02        -2.336189E-11
5.305204E-02        -2.327817E-11
5.300438E-02        -2.319517E-11
5.295676E-02        -2.311217E-11
5.290919E-02        -2.302918E-11
5.286166E-02        -2.294645E-11
5.281418E-02        -2.286447E-11
5.276673E-02        -2.278247E-11
5.271933E-02        -2.270048E-11
5.267197E-02        -2.261875E-11
5.262466E-02        -2.253776E-11
5.257738E-02        -2.245702E-11
5.253015E-02        -2.237703E-11
5.248296E-02        -2.229704E-11
5.243582E-02        -2.221706E-11
5.238871E-02        -2.213706E-11
5.234165E-02        -2.205733E-11
5.229463E-02        -2.197833E-11
5.224765E-02        -2.189960E-11
5.220072E-02        -2.182135E-11
5.215383E-02        -2.174263E-11
5.210698E-02        -2.166490E-11
5.206017E-02        -2.158764E-11
5.201340E-02        -2.150990E-11
5.196668E-02        -2.143292E-11
5.191999E-02        -2.135592E-11
5.187335E-02        -2.127918E-11
5.182676E-02        -2.120321E-11
5.178020E-02        -2.112721E-11
5.173368E-02        -2.105121E-11
5.168721E-02        -2.097548E-11
5.164078E-02        -2.090049E-11
5.159439E-02        -2.082576E-11
5.154804E-02        -2.075150E-11
5.150173E-02        -2.067676E-11
5.145547E-02        -2.060278E-11
5.140925E-02        -2.052879E-11
5.136306E-02        -2.045505E-11
5.131692E-02        -2.038205E-11
5.127083E-02        -2.030907E-11
5.122477E-02        -2.023608E-11
5.117875E-02        -2.016334E-11
5.113278E-02        -2.009135E-11
5.108684E-02        -2.001935E-11
5.104095E-02        -1.994736E-11
5.099510E-02        -1.987563E-11
5.094929E-02        -1.980463E-11
5.090352E-02        -1.973364E-11
5.085780E-02        -1.966266E-11
5.081211E-02        -1.959192E-11
5.076646E-02        -1.952192E-11
5.072086E-02        -1.945193E-11
5.067530E-02        -1.938220E-11
5.062977E-02        -1.931294E-11
5.058429E-02        -1.924321E-11
5.053885E-02        -1.917421E-11
5.049345E-02        -1.910548E-11
5.044809E-02        -1.903723E-11
5.040277E-02        -1.896849E-11
5.035750E-02        -1.890051E-11
5.031226E-02        -1.883277E-11
5.026706E-02        -1.876577E-11
5.022191E-02        -1.869852E-11
5.017679E-02        -1.863078E-11
5.013172E-02        -1.856405E-11
5.008668E-02        -1.849805E-11
5.004169E-02        -1.843180E-11
4.999674E-02        -1.836507E-11
4.995182E-02        -1.829933E-11
4.990695E-02        -1.823408E-11
4.986212E-02        -1.816835E-11
4.981733E-02        -1.810335E-11
4.977258E-02        -1.803836E-11
4.972786E-02        -1.797361E-11
4.968319E-02        -1.790962E-11
4.963856E-02        -1.784537E-11
4.959397E-02        -1.778089E-11
4.954942E-02        -1.771765E-11
4.950491E-02        -1.765391E-11
4.946044E-02        -1.759066E-11
4.941601E-02        -1.752693E-11
4.937161E-02        -1.746417E-11
4.932726E-02        -1.740193E-11
4.928295E-02        -1.733919E-11
4.923868E-02        -1.727720E-11
4.919445E-02        -1.721521E-11
4.915026E-02        -1.715347E-11
4.910610E-02        -1.709221E-11
4.906199E-02        -1.703048E-11
4.901792E-02        -1.696949E-11
4.897388E-02        -1.690874E-11
4.892989E-02        -1.684850E-11
4.888594E-02        -1.678776E-11
4.884202E-02        -1.672776E-11
4.879815E-02        -1.666778E-11
4.875431E-02        -1.660778E-11
4.871051E-02        -1.654803E-11
4.866675E-02        -1.648903E-11
4.862304E-02        -1.643005E-11
4.857936E-02        -1.637106E-11
4.853572E-02        -1.631206E-11
4.849212E-02        -1.625332E-11
4.844856E-02        -1.619533E-11
4.840503E-02        -1.613732E-11
4.836155E-02        -1.607933E-11
4.831811E-02        -1.602160E-11
4.827470E-02        -1.596434E-11
4.823134E-02        -1.590661E-11
4.818801E-02        -1.584961E-11
4.814472E-02        -1.579287E-11
4.810147E-02        -1.573662E-11
4.805826E-02        -1.567988E-11
4.801509E-02        -1.562388E-11
4.797196E-02        -1.556789E-11
4.792886E-02        -1.551189E-11
4.788581E-02        -1.545616E-11
4.784279E-02        -1.540091E-11
4.779981E-02        -1.534516E-11
4.775687E-02        -1.529016E-11
4.771397E-02        -1.523542E-11
4.767111E-02        -1.518118E-11
4.762829E-02        -1.512644E-11
4.758550E-02        -1.507244E-11
4.754276E-02        -1.501845E-11
4.750005E-02        -1.496446E-11
4.745738E-02        -1.491071E-11
4.741475E-02        -1.485747E-11
4.737215E-02        -1.480372E-11
4.732960E-02        -1.475073E-11
4.728708E-02        -1.469773E-11
4.724460E-02        -1.464499E-11
4.720216E-02        -1.459274E-11
4.715976E-02        -1.454000E-11
4.711739E-02        -1.448800E-11
4.707507E-02        -1.443601E-11
4.703278E-02        -1.438426E-11
4.699053E-02        -1.433302E-11
4.694832E-02        -1.428128E-11
4.690614E-02        -1.423028E-11
4.686401E-02        -1.417929E-11
4.682191E-02        -1.412829E-11
4.677985E-02        -1.407755E-11
4.673782E-02        -1.402729E-11
4.669584E-02        -1.397656E-11
4.665389E-02        -1.392656E-11
4.661198E-02        -1.387656E-11
4.657011E-02        -1.382682E-11
4.652827E-02        -1.377757E-11
4.648648E-02        -1.372783E-11
4.644472E-02        -1.367884E-11
4.640299E-02        -1.362983E-11
4.636131E-02        -1.358084E-11
4.631966E-02        -1.353184E-11
4.627805E-02        -1.348310E-11
4.623648E-02        -1.343510E-11
4.619495E-02        -1.338711E-11
4.615345E-02        -1.333912E-11
4.611199E-02        -1.329112E-11
4.607057E-02        -1.324338E-11
4.602918E-02        -1.319613E-11
4.598783E-02        -1.314838E-11
4.594652E-02        -1.310139E-11
4.590524E-02        -1.305438E-11
4.586401E-02        -1.300740E-11
4.582281E-02        -1.296065E-11
4.578164E-02        -1.291440E-11
4.574052E-02        -1.286766E-11
4.569943E-02        -1.282166E-11
4.565837E-02        -1.277566E-11
4.561736E-02        -1.272992E-11
4.557638E-02        -1.268467E-11
4.553544E-02        -1.263893E-11
4.549453E-02        -1.259368E-11
4.545366E-02        -1.254793E-11
4.541283E-02        -1.250293E-11
4.537204E-02        -1.245819E-11
4.533128E-02        -1.241395E-11
4.529056E-02        -1.236920E-11
4.524987E-02        -1.232495E-11
4.520922E-02        -1.228020E-11
4.516861E-02        -1.223621E-11
4.512804E-02        -1.219246E-11
4.508750E-02        -1.214922E-11
4.504699E-02        -1.210546E-11
4.500653E-02        -1.206223E-11
4.496610E-02        -1.201848E-11
4.492570E-02        -1.197548E-11
4.488535E-02        -1.193249E-11
4.484502E-02        -1.188948E-11
4.480474E-02        -1.184674E-11
4.476449E-02        -1.180474E-11
4.472428E-02        -1.176250E-11
4.468410E-02        -1.171975E-11
4.464396E-02        -1.167775E-11
4.460386E-02        -1.163601E-11
4.456379E-02        -1.159476E-11
4.452376E-02        -1.155277E-11
4.448376E-02        -1.151102E-11
4.444380E-02        -1.147002E-11
4.440387E-02        -1.142902E-11
4.436399E-02        -1.138803E-11
4.432413E-02        -1.134703E-11
4.428432E-02        -1.130628E-11
4.424454E-02        -1.126604E-11
4.420479E-02        -1.122529E-11
4.416508E-02        -1.118529E-11
4.412541E-02        -1.114530E-11
4.408577E-02        -1.110530E-11
4.404616E-02        -1.106530E-11
4.400660E-02        -1.102531E-11
4.396706E-02        -1.098555E-11
4.392757E-02        -1.094656E-11
4.388811E-02        -1.090756E-11
4.384868E-02        -1.086832E-11
4.380929E-02        -1.082881E-11
4.376994E-02        -1.079057E-11
4.373062E-02        -1.075158E-11
4.369133E-02        -1.071282E-11
4.365209E-02        -1.067459E-11
4.361287E-02        -1.063583E-11
4.357369E-02        -1.059783E-11
4.353455E-02        -1.055984E-11
4.349544E-02        -1.052184E-11
4.345637E-02        -1.048408E-11
4.341733E-02        -1.044685E-11
4.337833E-02        -1.040909E-11
4.333936E-02        -1.037209E-11
4.330043E-02        -1.033510E-11
4.326153E-02        -1.029786E-11
4.322267E-02        -1.026035E-11
4.318384E-02        -1.022411E-11
4.314505E-02        -1.018711E-11
4.310629E-02        -1.015036E-11
4.306757E-02        -1.011436E-11
4.302888E-02        -1.007812E-11
4.299023E-02        -1.004137E-11
4.295161E-02        -1.000547E-11
4.291302E-02        -9.969820E-12
4.287448E-02        -9.934057E-12
4.283596E-02        -9.898403E-12
4.279748E-02        -9.862931E-12
4.275903E-02        -9.827554E-12
4.272062E-02        -9.792283E-12
4.268225E-02        -9.757140E-12
4.264390E-02        -9.722137E-12
4.260560E-02        -9.687219E-12
4.256732E-02        -9.652516E-12
4.252909E-02        -9.617875E-12
4.249088E-02        -9.583374E-12
4.245271E-02        -9.548925E-12
4.241457E-02        -9.514673E-12
4.237647E-02        -9.480578E-12
4.233841E-02        -9.446535E-12
4.230037E-02        -9.412656E-12
4.226237E-02        -9.378883E-12
4.222441E-02        -9.345214E-12
4.218648E-02        -9.311666E-12
4.214858E-02        -9.278290E-12
4.211072E-02        -9.245020E-12
4.207289E-02        -9.211846E-12
4.203509E-02        -9.178768E-12
4.199733E-02        -9.145820E-12
4.195961E-02        -9.113053E-12
4.192191E-02        -9.080350E-12
4.188425E-02        -9.047723E-12
4.184663E-02        -9.015331E-12
4.180904E-02        -8.982959E-12
4.177148E-02        -8.950708E-12
4.173396E-02        -8.918614E-12
4.169647E-02        -8.886565E-12
4.165901E-02        -8.854689E-12
4.162159E-02        -8.822918E-12
4.158420E-02        -8.791268E-12
4.154684E-02        -8.759768E-12
4.150952E-02        -8.728320E-12
4.147223E-02        -8.697022E-12
4.143497E-02        -8.665768E-12
4.139775E-02        -8.634696E-12
4.136056E-02        -8.603721E-12
4.132341E-02        -8.572852E-12
4.128629E-02        -8.542080E-12
4.124920E-02        -8.511429E-12
4.121215E-02        -8.480936E-12
4.117512E-02        -8.450455E-12
4.113814E-02        -8.420112E-12
4.110118E-02        -8.389934E-12
4.106426E-02        -8.359862E-12
4.102737E-02        -8.329864E-12
4.099051E-02        -8.299911E-12
4.095369E-02        -8.270139E-12
4.091690E-02        -8.240465E-12
4.088015E-02        -8.210920E-12
4.084342E-02        -8.181517E-12
4.080673E-02        -8.152144E-12
4.077008E-02        -8.122876E-12
4.073345E-02        -8.093698E-12
4.069686E-02        -8.064649E-12
4.066030E-02        -8.035750E-12
4.062378E-02        -8.006905E-12
4.058728E-02        -7.978202E-12
4.055082E-02        -7.949552E-12
4.051439E-02        -7.921052E-12
4.047800E-02        -7.892606E-12
4.044164E-02        -7.864310E-12
4.040531E-02        -7.836059E-12
4.036901E-02        -7.807959E-12
4.033275E-02        -7.779912E-12
4.029652E-02        -7.752039E-12
4.026032E-02        -7.724241E-12
4.022415E-02        -7.696488E-12
4.018802E-02        -7.668893E-12
4.015192E-02        -7.641344E-12
4.011585E-02        -7.613946E-12
4.007981E-02        -7.586592E-12
4.004380E-02        -7.559391E-12
4.000783E-02        -7.532241E-12
3.997189E-02        -7.505244E-12
3.993599E-02        -7.478298E-12
3.990011E-02        -7.451497E-12
3.986427E-02        -7.424725E-12
3.982846E-02        -7.398075E-12
3.979268E-02        -7.371576E-12
3.975693E-02        -7.345100E-12
3.972122E-02        -7.318728E-12
3.968554E-02        -7.292456E-12
3.964989E-02        -7.266305E-12
3.961427E-02        -7.240306E-12
3.957868E-02        -7.214306E-12
3.954313E-02        -7.188357E-12
3.950760E-02        -7.162577E-12
3.947211E-02        -7.136903E-12
3.943666E-02        -7.111312E-12
3.940123E-02        -7.085758E-12
3.936583E-02        -7.060357E-12
3.933047E-02        -7.035007E-12
3.929514E-02        -7.009811E-12
3.925984E-02        -6.984636E-12
3.922457E-02        -6.959560E-12
3.918934E-02        -6.934589E-12
3.915413E-02        -6.909711E-12
3.911896E-02        -6.884915E-12
3.908382E-02        -6.860164E-12
3.904871E-02        -6.835590E-12
3.901363E-02        -6.811091E-12
3.897858E-02        -6.786614E-12
3.894357E-02        -6.762242E-12
3.890859E-02        -6.737970E-12
3.887363E-02        -6.713790E-12
3.883871E-02        -6.689716E-12
3.880382E-02        -6.665741E-12
3.876897E-02        -6.641849E-12
3.873414E-02        -6.617972E-12
3.869934E-02        -6.594194E-12
3.866458E-02        -6.570522E-12
3.862985E-02        -6.546949E-12
3.859514E-02        -6.523469E-12
3.856047E-02        -6.500094E-12
3.852583E-02        -6.476796E-12
3.849123E-02        -6.453527E-12
3.845665E-02        -6.430350E-12
3.842210E-02        -6.407273E-12
3.838759E-02        -6.384301E-12
3.835310E-02        -6.361399E-12
3.831865E-02        -6.338549E-12
3.828423E-02        -6.315853E-12
3.824984E-02        -6.293179E-12
3.821548E-02        -6.270604E-12
3.818115E-02        -6.248106E-12
3.814685E-02        -6.225653E-12
3.811258E-02        -6.203354E-12
3.807834E-02        -6.181077E-12
3.804414E-02        -6.158906E-12
3.800996E-02        -6.136805E-12
3.797582E-02        -6.114756E-12
3.794170E-02        -6.092854E-12
3.790762E-02        -6.070981E-12
3.787356E-02        -6.049201E-12
3.783954E-02        -6.027505E-12
3.780555E-02        -6.005831E-12
3.777159E-02        -5.984279E-12
3.773766E-02        -5.962859E-12
3.770376E-02        -5.941407E-12
3.766989E-02        -5.920109E-12
3.763605E-02        -5.898833E-12
3.760224E-02        -5.877657E-12
3.756846E-02        -5.856581E-12
3.753471E-02        -5.835582E-12
3.750099E-02        -5.814628E-12
3.746731E-02        -5.793812E-12
3.743365E-02        -5.772957E-12
3.740002E-02        -5.752280E-12
3.736642E-02        -5.731681E-12
3.733286E-02        -5.711109E-12
3.729932E-02        -5.690609E-12
3.726581E-02        -5.670154E-12
3.723234E-02        -5.649860E-12
3.719889E-02        -5.629560E-12
3.716548E-02        -5.609310E-12
3.713209E-02        -5.589210E-12
3.709873E-02        -5.569132E-12
3.706541E-02        -5.549160E-12
3.703211E-02        -5.529260E-12
3.699884E-02        -5.509383E-12
3.696561E-02        -5.489611E-12
3.693240E-02        -5.469933E-12
3.689922E-02        -5.450333E-12
3.686608E-02        -5.430762E-12
3.683296E-02        -5.411284E-12
3.679987E-02        -5.391885E-12
3.676681E-02        -5.372508E-12
3.673378E-02        -5.353231E-12
3.670079E-02        -5.334038E-12
3.666782E-02        -5.314861E-12
3.663488E-02        -5.295785E-12
3.660197E-02        -5.276809E-12
3.656909E-02        -5.257911E-12
3.653624E-02        -5.239035E-12
3.650342E-02        -5.220238E-12
3.647062E-02        -5.201457E-12
3.643786E-02        -5.182782E-12
3.640513E-02        -5.164208E-12
3.637243E-02        -5.145712E-12
3.633975E-02        -5.127232E-12
3.630711E-02        -5.108836E-12
3.627449E-02        -5.090480E-12
3.624191E-02        -5.072263E-12
3.620935E-02        -5.054007E-12
3.617682E-02        -5.035907E-12
3.614432E-02        -5.017830E-12
3.611186E-02        -4.999837E-12
3.607942E-02        -4.981861E-12
3.604700E-02        -4.963979E-12
3.601462E-02        -4.946182E-12
3.598227E-02        -4.928407E-12
3.594995E-02        -4.910733E-12
3.591765E-02        -4.893132E-12
3.588539E-02        -4.875558E-12
3.585315E-02        -4.858080E-12
3.582094E-02        -4.840680E-12
3.578876E-02        -4.823303E-12
3.575662E-02        -4.806010E-12
3.572449E-02        -4.788729E-12
3.569240E-02        -4.771532E-12
3.566034E-02        -4.754379E-12
3.562831E-02        -4.737383E-12
3.559630E-02        -4.720382E-12
3.556432E-02        -4.703404E-12
3.553238E-02        -4.686532E-12
3.550046E-02        -4.669733E-12
3.546857E-02        -4.652957E-12
3.543670E-02        -4.636254E-12
3.540487E-02        -4.619601E-12
3.537307E-02        -4.603084E-12
3.534129E-02        -4.586505E-12
3.530954E-02        -4.570027E-12
3.527782E-02        -4.553650E-12
3.524613E-02        -4.537352E-12
3.521447E-02        -4.521055E-12
3.518284E-02        -4.504802E-12
3.515123E-02        -4.488679E-12
3.511965E-02        -4.472523E-12
3.508810E-02        -4.456524E-12
3.505658E-02        -4.440525E-12
3.502509E-02        -4.424550E-12
3.499363E-02        -4.408675E-12
3.496219E-02        -4.392874E-12
3.493079E-02        -4.377101E-12
3.489941E-02        -4.361424E-12
3.486806E-02        -4.345804E-12
3.483673E-02        -4.330145E-12
3.480544E-02        -4.314649E-12
3.477417E-02        -4.299170E-12
3.474294E-02        -4.283776E-12
3.471173E-02        -4.268377E-12
3.468054E-02        -4.253018E-12
3.464939E-02        -4.237800E-12
3.461826E-02        -4.222543E-12
3.458717E-02        -4.207448E-12
3.455610E-02        -4.192350E-12
3.452505E-02        -4.177269E-12
3.449404E-02        -4.162294E-12
3.446305E-02        -4.147394E-12
3.443209E-02        -4.132495E-12
3.440116E-02        -4.117618E-12
3.437026E-02        -4.102843E-12
3.433938E-02        -4.088142E-12
3.430854E-02        -4.073469E-12
3.427772E-02        -4.058870E-12
3.424692E-02        -4.044289E-12
3.421616E-02        -4.029793E-12
3.418542E-02        -4.015314E-12
3.415471E-02        -4.000915E-12
3.412403E-02        -3.986539E-12
3.409338E-02        -3.972242E-12
3.406275E-02        -3.957964E-12
3.403215E-02        -3.943786E-12
3.400158E-02        -3.929667E-12
3.397104E-02        -3.915513E-12
3.394052E-02        -3.901513E-12
3.391003E-02        -3.887514E-12
3.387957E-02        -3.873537E-12
3.384913E-02        -3.859636E-12
3.381873E-02        -3.845762E-12
3.378835E-02        -3.831985E-12
3.375799E-02        -3.818262E-12
3.372767E-02        -3.804508E-12
3.369737E-02        -3.790909E-12
3.366710E-02        -3.777310E-12
3.363686E-02        -3.763735E-12
3.360664E-02        -3.750234E-12
3.357645E-02        -3.736757E-12
3.354629E-02        -3.723359E-12
3.351615E-02        -3.709979E-12
3.348604E-02        -3.696680E-12
3.345596E-02        -3.683403E-12
3.342591E-02        -3.670206E-12
3.339588E-02        -3.657027E-12
3.336588E-02        -3.643928E-12
3.333591E-02        -3.630831E-12
3.330596E-02        -3.617752E-12
3.327604E-02        -3.604774E-12
3.324615E-02        -3.591876E-12
3.321629E-02        -3.579001E-12
3.318645E-02        -3.566181E-12
3.315663E-02        -3.553321E-12
3.312685E-02        -3.540624E-12
3.309709E-02        -3.527925E-12
3.306736E-02        -3.515248E-12
3.303765E-02        -3.502647E-12
3.300798E-02        -3.490073E-12
3.297832E-02        -3.477570E-12
3.294870E-02        -3.465074E-12
3.291910E-02        -3.452595E-12
3.288953E-02        -3.440218E-12
3.285998E-02        -3.427918E-12
3.283047E-02        -3.415622E-12
3.280097E-02        -3.403341E-12
3.277151E-02        -3.391145E-12
3.274207E-02        -3.378946E-12
3.271266E-02        -3.366790E-12
3.268327E-02        -3.354769E-12
3.265391E-02        -3.342691E-12
3.262458E-02        -3.330693E-12
3.259527E-02        -3.318714E-12
3.256599E-02        -3.306816E-12
3.253673E-02        -3.294936E-12
3.250751E-02        -3.283140E-12
3.247830E-02        -3.271359E-12
3.244913E-02        -3.259663E-12
3.241998E-02        -3.247964E-12
3.239086E-02        -3.236287E-12
3.236176E-02        -3.224687E-12
3.233269E-02        -3.213109E-12
3.230364E-02        -3.201608E-12
3.227462E-02        -3.190109E-12
3.224563E-02        -3.178632E-12
3.221666E-02        -3.167232E-12
3.218772E-02        -3.155854E-12
3.215881E-02        -3.144557E-12
3.212992E-02        -3.133258E-12
3.210106E-02        -3.121981E-12
3.207222E-02        -3.110802E-12
3.204341E-02        -3.099682E-12
3.201462E-02        -3.088502E-12
3.198586E-02        -3.077424E-12
3.195713E-02        -3.066426E-12
3.192842E-02        -3.055426E-12
3.189974E-02        -3.044428E-12
3.187109E-02        -3.033473E-12
3.184245E-02        -3.022650E-12
3.181385E-02        -3.011773E-12
3.178527E-02        -3.000974E-12
3.175672E-02        -2.990197E-12
3.172819E-02        -2.979497E-12
3.169969E-02        -2.968799E-12
3.167121E-02        -2.958119E-12
3.164276E-02        -2.947520E-12
3.161434E-02        -2.936944E-12
3.158594E-02        -2.926424E-12
3.155756E-02        -2.915864E-12
3.152921E-02        -2.905444E-12
3.150089E-02        -2.894967E-12
3.147259E-02        -2.884588E-12
3.144432E-02        -2.874269E-12
3.141607E-02        -2.863910E-12
3.138785E-02        -2.853691E-12
3.135966E-02        -2.843415E-12
3.133149E-02        -2.833216E-12
3.130334E-02        -2.823036E-12
3.127522E-02        -2.812937E-12
3.124712E-02        -2.802836E-12
3.121905E-02        -2.792758E-12
3.119101E-02        -2.782760E-12
3.116299E-02        -2.772761E-12
3.113500E-02        -2.762784E-12
3.110703E-02        -2.752884E-12
3.107908E-02        -2.743004E-12
3.105116E-02        -2.733204E-12
3.102327E-02        -2.723407E-12
3.099540E-02        -2.713607E-12
3.096756E-02        -2.703830E-12
3.093974E-02        -2.694151E-12
3.091195E-02        -2.684532E-12
3.088418E-02        -2.674853E-12
3.085643E-02        -2.665252E-12
3.082871E-02        -2.655673E-12
3.080102E-02        -2.646175E-12
3.077335E-02        -2.636676E-12
3.074571E-02        -2.627198E-12
3.071809E-02        -2.617799E-12
3.069049E-02        -2.608398E-12
3.066292E-02        -2.599019E-12
3.063538E-02        -2.589722E-12
3.060786E-02        -2.580423E-12
3.058036E-02        -2.571143E-12
3.055289E-02        -2.561944E-12
3.052545E-02        -2.552747E-12
3.049802E-02        -2.543565E-12
3.047063E-02        -2.534468E-12
3.044326E-02        -2.525370E-12
3.041591E-02        -2.516290E-12
3.038858E-02        -2.507289E-12
3.036129E-02        -2.498292E-12
3.033401E-02        -2.489291E-12
3.030676E-02        -2.480332E-12
3.027954E-02        -2.471515E-12
3.025234E-02        -2.462616E-12
3.022516E-02        -2.453735E-12
3.019801E-02        -2.444937E-12
3.017088E-02        -2.436157E-12
3.014378E-02        -2.427459E-12
3.011670E-02        -2.418759E-12
3.008965E-02        -2.410061E-12
3.006262E-02        -2.401382E-12
3.003561E-02        -2.392782E-12
3.000863E-02        -2.384183E-12
2.998167E-02        -2.375603E-12
2.995474E-02        -2.367105E-12
2.992783E-02        -2.358605E-12
2.990094E-02        -2.350124E-12
2.987408E-02        -2.341725E-12
2.984725E-02        -2.333328E-12
2.982044E-02        -2.324950E-12
2.979365E-02        -2.316630E-12
2.976688E-02        -2.308249E-12
2.974014E-02        -2.299970E-12
2.971343E-02        -2.291772E-12
2.968674E-02        -2.283574E-12
2.966007E-02        -2.275374E-12
2.963342E-02        -2.267193E-12
2.960680E-02        -2.259074E-12
2.958021E-02        -2.250916E-12
2.955363E-02        -2.242895E-12
2.952709E-02        -2.234818E-12
2.950056E-02        -2.226817E-12
2.947406E-02        -2.218818E-12
2.944758E-02        -2.210838E-12
2.942113E-02        -2.202920E-12
2.939470E-02        -2.194960E-12
2.936829E-02        -2.187140E-12
2.934191E-02        -2.179261E-12
2.931555E-02        -2.171461E-12
2.928922E-02        -2.163664E-12
2.926291E-02        -2.155884E-12
2.923662E-02        -2.148184E-12
2.921036E-02        -2.140486E-12
2.918412E-02        -2.132787E-12
2.915790E-02        -2.125106E-12
2.913171E-02        -2.117508E-12
2.910554E-02        -2.109909E-12
2.907939E-02        -2.102328E-12
2.905327E-02        -2.094810E-12
2.902717E-02        -2.087230E-12
2.900110E-02        -2.079752E-12
2.897504E-02        -2.072331E-12
2.894901E-02        -2.064851E-12
2.892301E-02        -2.057453E-12
2.889703E-02        -2.050054E-12
2.887107E-02        -2.042674E-12
2.884513E-02        -2.035373E-12
2.881922E-02        -2.028075E-12
2.879333E-02        -2.020795E-12
2.876747E-02        -2.013577E-12
2.874162E-02        -2.006296E-12
2.871581E-02        -1.999118E-12
2.869001E-02        -1.991998E-12
2.866424E-02        -1.984819E-12
2.863849E-02        -1.977720E-12
2.861276E-02        -1.970620E-12
2.858706E-02        -1.963521E-12
2.856138E-02        -1.956441E-12
2.853572E-02        -1.949441E-12
2.851009E-02        -1.942443E-12
2.848448E-02        -1.935463E-12
2.845889E-02        -1.928564E-12
2.843332E-02        -1.921663E-12
2.840778E-02        -1.914764E-12
2.838226E-02        -1.907865E-12
2.835676E-02        -1.900984E-12
2.833129E-02        -1.894185E-12
2.830584E-02        -1.887386E-12
2.828041E-02        -1.880605E-12
2.825501E-02        -1.873888E-12
2.822963E-02        -1.867109E-12
2.820427E-02        -1.860409E-12
2.817893E-02        -1.853728E-12
2.815362E-02        -1.847130E-12
2.812833E-02        -1.840511E-12
2.810306E-02        -1.833850E-12
2.807781E-02        -1.827330E-12
2.805259E-02        -1.820751E-12
2.802739E-02        -1.814251E-12
2.800221E-02        -1.807751E-12
2.797706E-02        -1.801253E-12
2.795193E-02        -1.794754E-12
2.792682E-02        -1.788274E-12
2.790173E-02        -1.781874E-12
2.787666E-02        -1.775493E-12
2.785162E-02        -1.769175E-12
2.782660E-02        -1.762794E-12
2.780161E-02        -1.756497E-12
2.777663E-02        -1.750196E-12
2.775168E-02        -1.743897E-12
2.772675E-02        -1.737617E-12
2.770184E-02        -1.731417E-12
2.767696E-02        -1.725219E-12
2.765209E-02        -1.719017E-12
2.762725E-02        -1.712818E-12
2.760244E-02        -1.706640E-12
2.757764E-02        -1.700539E-12
2.755287E-02        -1.694441E-12
2.752812E-02        -1.688342E-12
2.750339E-02        -1.682261E-12
2.747868E-02        -1.676261E-12
2.745400E-02        -1.670262E-12
2.742933E-02        -1.664261E-12
2.740469E-02        -1.658262E-12
2.738007E-02        -1.652281E-12
2.735548E-02        -1.646383E-12
2.733090E-02        -1.640482E-12
2.730635E-02        -1.634583E-12
2.728182E-02        -1.628703E-12
2.725732E-02        -1.622905E-12
2.723283E-02        -1.617105E-12
2.720837E-02        -1.611306E-12
2.718392E-02        -1.605505E-12
2.715950E-02        -1.599724E-12
2.713511E-02        -1.594008E-12
2.711073E-02        -1.588226E-12
2.708638E-02        -1.582527E-12
2.706205E-02        -1.576847E-12
2.703773E-02        -1.571227E-12
2.701345E-02        -1.565548E-12
2.698918E-02        -1.559948E-12
2.696493E-02        -1.554347E-12
2.694071E-02        -1.548767E-12
2.691651E-02        -1.543249E-12
2.689233E-02        -1.537669E-12
2.686817E-02        -1.532169E-12
2.684404E-02        -1.526671E-12
2.681992E-02        -1.521189E-12
2.679583E-02        -1.515771E-12
2.677176E-02        -1.510291E-12
2.674771E-02        -1.504891E-12
2.672368E-02        -1.499491E-12
2.669968E-02        -1.494093E-12
2.667569E-02        -1.488711E-12
2.665173E-02        -1.483412E-12
2.662779E-02        -1.478113E-12
2.660387E-02        -1.472814E-12
2.657997E-02        -1.467514E-12
2.655609E-02        -1.462233E-12
2.653223E-02        -1.457013E-12
2.650840E-02        -1.451734E-12
2.648459E-02        -1.446535E-12
2.646079E-02        -1.441333E-12
2.643702E-02        -1.436153E-12
2.641328E-02        -1.431036E-12
2.638955E-02        -1.425855E-12
2.636584E-02        -1.420755E-12
2.634216E-02        -1.415656E-12
2.631849E-02        -1.410574E-12
2.629485E-02        -1.405556E-12
2.627123E-02        -1.400476E-12
2.624763E-02        -1.395476E-12
2.622405E-02        -1.390476E-12
2.620049E-02        -1.385476E-12
2.617696E-02        -1.380496E-12
2.615344E-02        -1.375577E-12
2.612995E-02        -1.370597E-12
2.610648E-02        -1.365698E-12
2.608302E-02        -1.360797E-12
2.605959E-02        -1.355898E-12
2.603618E-02        -1.351017E-12
2.601279E-02        -1.346198E-12
2.598943E-02        -1.341319E-12
2.596608E-02        -1.336519E-12
2.594275E-02        -1.331718E-12
2.591945E-02        -1.326938E-12
2.589617E-02        -1.322221E-12
2.587290E-02        -1.317438E-12
2.584966E-02        -1.312739E-12
2.582644E-02        -1.308040E-12
2.580324E-02        -1.303341E-12
2.578006E-02        -1.298641E-12
2.575690E-02        -1.293959E-12
2.573376E-02        -1.289359E-12
2.571065E-02        -1.284743E-12
2.568755E-02        -1.280079E-12
2.566447E-02        -1.275561E-12
2.564142E-02        -1.270962E-12
2.561839E-02        -1.266382E-12
2.559537E-02        -1.261862E-12
2.557238E-02        -1.257282E-12
2.554941E-02        -1.252782E-12
2.552646E-02        -1.248283E-12
2.550353E-02        -1.243802E-12
2.548062E-02        -1.239384E-12
2.545773E-02        -1.234903E-12
2.543486E-02        -1.230503E-12
2.541201E-02        -1.226103E-12
2.538918E-02        -1.221703E-12
2.536637E-02        -1.217303E-12
2.534359E-02        -1.212923E-12
2.532082E-02        -1.208605E-12
2.529807E-02        -1.204223E-12
2.527535E-02        -1.199924E-12
2.525264E-02        -1.195624E-12
2.522996E-02        -1.191325E-12
2.520729E-02        -1.187024E-12
2.518465E-02        -1.182744E-12
2.516202E-02        -1.178543E-12
2.513942E-02        -1.174326E-12
2.511684E-02        -1.170045E-12
2.509428E-02        -1.165846E-12
2.507173E-02        -1.161663E-12
2.504921E-02        -1.157546E-12
2.502671E-02        -1.153365E-12
2.500423E-02        -1.149265E-12
2.498176E-02        -1.145146E-12
2.495932E-02        -1.140965E-12
2.493690E-02        -1.136883E-12
2.491450E-02        -1.132866E-12
2.489212E-02        -1.128767E-12
2.486976E-02        -1.124685E-12
2.484742E-02        -1.120686E-12
2.482510E-02        -1.116686E-12
2.480280E-02        -1.112687E-12
2.478052E-02        -1.108687E-12
2.475825E-02        -1.104686E-12
2.473601E-02        -1.100705E-12
2.471379E-02        -1.096787E-12
2.469159E-02        -1.092806E-12
2.466941E-02        -1.088906E-12
2.464725E-02        -1.085007E-12
2.462511E-02        -1.081107E-12
2.460299E-02        -1.077226E-12
2.458089E-02        -1.073408E-12
2.455881E-02        -1.069527E-12
2.453674E-02        -1.065708E-12
2.451470E-02        -1.061826E-12
2.449268E-02        -1.058027E-12
2.447068E-02        -1.054228E-12
2.444870E-02        -1.050446E-12
2.442673E-02        -1.046728E-12
2.440479E-02        -1.042946E-12
2.438287E-02        -1.039230E-12
2.436096E-02        -1.035447E-12
2.433908E-02        -1.031748E-12
2.431722E-02        -1.028049E-12
2.429537E-02        -1.024348E-12
2.427355E-02        -1.020667E-12
2.425174E-02        -1.017049E-12
2.422995E-02        -1.013366E-12
2.420819E-02        -1.009750E-12
2.418644E-02        -1.006067E-12
2.416472E-02        -1.002474E-12
2.414301E-02        -9.989005E-13
2.412132E-02        -9.953141E-13
2.409965E-02        -9.917459E-13
2.407800E-02        -9.881879E-13
2.405637E-02        -9.846417E-13
2.403476E-02        -9.811121E-13
2.401317E-02        -9.775861E-13
2.399160E-02        -9.740784E-13
2.397005E-02        -9.705826E-13
2.394852E-02        -9.671051E-13
2.392700E-02        -9.636361E-13
2.390551E-02        -9.601788E-13
2.388403E-02        -9.567301E-13
2.386258E-02        -9.532948E-13
2.384114E-02        -9.498762E-13
2.381972E-02        -9.464678E-13
2.379833E-02        -9.430711E-13
2.377695E-02        -9.396847E-13
2.375559E-02        -9.363166E-13
2.373425E-02        -9.329570E-13
2.371293E-02        -9.296026E-13
2.369163E-02        -9.262732E-13
2.367034E-02        -9.229459E-13
2.364908E-02        -9.196367E-13
2.362784E-02        -9.163312E-13
2.360661E-02        -9.130425E-13
2.358540E-02        -9.097657E-13
2.356422E-02        -9.065072E-13
2.354305E-02        -9.032507E-13
2.352190E-02        -9.000126E-13
2.350077E-02        -8.967846E-13
2.347966E-02        -8.935668E-13
2.345857E-02        -8.903592E-13
2.343749E-02        -8.871602E-13
2.341644E-02        -8.839746E-13
2.339540E-02        -8.808060E-13
2.337439E-02        -8.776490E-13
2.335339E-02        -8.744989E-13
2.333241E-02        -8.713542E-13
2.331145E-02        -8.682345E-13
2.329051E-02        -8.651167E-13
2.326959E-02        -8.620108E-13
2.324868E-02        -8.589201E-13
2.322780E-02        -8.558345E-13
2.320693E-02        -8.527659E-13
2.318609E-02        -8.497073E-13
2.316526E-02        -8.466508E-13
2.314445E-02        -8.436128E-13
2.312366E-02        -8.405866E-13
2.310289E-02        -8.375773E-13
2.308213E-02        -8.345683E-13
2.306140E-02        -8.315728E-13
2.304068E-02        -8.285926E-13
2.301998E-02        -8.256160E-13
2.299930E-02        -8.226561E-13
2.297864E-02        -8.196999E-13
2.295800E-02        -8.167605E-13
2.293738E-02        -8.138247E-13
2.291677E-02        -8.109060E-13
2.289619E-02        -8.079989E-13
2.287562E-02        -8.051006E-13
2.285507E-02        -8.022125E-13
2.283454E-02        -7.993347E-13
2.281402E-02        -7.964656E-13
2.279353E-02        -7.936082E-13
2.277305E-02        -7.907596E-13
2.275260E-02        -7.879226E-13
2.273216E-02        -7.850944E-13
2.271174E-02        -7.822764E-13
2.269134E-02        -7.794687E-13
2.267095E-02        -7.766699E-13
2.265059E-02        -7.738826E-13
2.263024E-02        -7.711042E-13
2.260991E-02        -7.683360E-13
2.258960E-02        -7.655798E-13
2.256931E-02        -7.628404E-13
2.254903E-02        -7.601016E-13
2.252877E-02        -7.573730E-13
2.250854E-02        -7.546561E-13
2.248832E-02        -7.519480E-13
2.246812E-02        -7.492501E-13
2.244793E-02        -7.465595E-13
2.242777E-02        -7.438739E-13
2.240762E-02        -7.412054E-13
2.238749E-02        -7.385473E-13
2.236738E-02        -7.358993E-13
2.234729E-02        -7.332600E-13
2.232721E-02        -7.306229E-13
2.230715E-02        -7.280044E-13
2.228712E-02        -7.253959E-13
2.226709E-02        -7.227883E-13
2.224709E-02        -7.201989E-13
2.222711E-02        -7.176115E-13
2.220714E-02        -7.150346E-13
2.218719E-02        -7.124748E-13
2.216726E-02        -7.099168E-13
2.214735E-02        -7.073692E-13
2.212745E-02        -7.048305E-13
2.210757E-02        -7.023021E-13
2.208771E-02        -6.997823E-13
2.206787E-02        -6.972660E-13
2.204805E-02        -6.947668E-13
2.202824E-02        -6.922699E-13
2.200845E-02        -6.897899E-13
2.198868E-02        -6.873119E-13
2.196893E-02        -6.848441E-13
2.194920E-02        -6.823866E-13
2.192948E-02        -6.799382E-13
2.190978E-02        -6.775000E-13
2.189010E-02        -6.750705E-13
2.187043E-02        -6.726433E-13
2.185079E-02        -6.702344E-13
2.183116E-02        -6.678261E-13
2.181155E-02        -6.654282E-13
2.179195E-02        -6.630393E-13
2.177238E-02        -6.606619E-13
2.175282E-02        -6.582936E-13
2.173328E-02        -6.559339E-13
2.171375E-02        -6.535766E-13
2.169425E-02        -6.512376E-13
2.167476E-02        -6.488992E-13
2.165529E-02        -6.465695E-13
2.163584E-02        -6.442434E-13
2.161640E-02        -6.419348E-13
2.159698E-02        -6.396348E-13
2.157758E-02        -6.373368E-13
2.155820E-02        -6.350491E-13
2.153883E-02        -6.327705E-13
2.151948E-02        -6.305005E-13
2.150015E-02        -6.282342E-13
2.148084E-02        -6.259848E-13
2.146154E-02        -6.237363E-13
2.144226E-02        -6.214981E-13
2.142300E-02        -6.192701E-13
2.140375E-02        -6.170497E-13
2.138453E-02        -6.148324E-13
2.136532E-02        -6.126243E-13
2.134612E-02        -6.104253E-13
2.132695E-02        -6.082377E-13
2.130779E-02        -6.060578E-13
2.128865E-02        -6.038797E-13
2.126953E-02        -6.017120E-13
2.125042E-02        -5.995535E-13
2.123133E-02        -5.974036E-13
2.121226E-02        -5.952573E-13
2.119320E-02        -5.931270E-13
2.117416E-02        -5.909970E-13
2.115514E-02        -5.888706E-13
2.113614E-02        -5.867613E-13
2.111715E-02        -5.846527E-13
2.109818E-02        -5.825545E-13
2.107923E-02        -5.804667E-13
2.106029E-02        -5.783864E-13
2.104137E-02        -5.763081E-13
2.102247E-02        -5.742401E-13
2.100359E-02        -5.721808E-13
2.098472E-02        -5.701240E-13
2.096587E-02        -5.680843E-13
2.094703E-02        -5.660438E-13
2.092822E-02        -5.640080E-13
2.090942E-02        -5.619882E-13
2.089063E-02        -5.599693E-13
2.087187E-02        -5.579618E-13
2.085312E-02        -5.559619E-13
2.083439E-02        -5.539640E-13
2.081567E-02        -5.519753E-13
2.079697E-02        -5.499954E-13
2.077829E-02        -5.480175E-13
2.075962E-02        -5.460488E-13
2.074097E-02        -5.440904E-13
2.072234E-02        -5.421408E-13
2.070373E-02        -5.401931E-13
2.068513E-02        -5.382548E-13
2.066655E-02        -5.363267E-13
2.064798E-02        -5.344064E-13
2.062943E-02        -5.324864E-13
2.061090E-02        -5.305700E-13
2.059239E-02        -5.286707E-13
2.057389E-02        -5.267723E-13
2.055541E-02        -5.248842E-13
2.053694E-02        -5.230039E-13
2.051849E-02        -5.211240E-13
2.050006E-02        -5.192475E-13
2.048164E-02        -5.173873E-13
2.046325E-02        -5.155299E-13
2.044486E-02        -5.136809E-13
2.042650E-02        -5.118417E-13
2.040815E-02        -5.100034E-13
2.038981E-02        -5.081729E-13
2.037150E-02        -5.063469E-13
2.035320E-02        -5.045355E-13
2.033491E-02        -5.027181E-13
2.031665E-02        -5.009190E-13
2.029840E-02        -4.991209E-13
2.028016E-02        -4.973305E-13
2.026194E-02        -4.955420E-13
2.024374E-02        -4.937639E-13
2.022556E-02        -4.919946E-13
2.020739E-02        -4.902262E-13
2.018924E-02        -4.884682E-13
2.017110E-02        -4.867180E-13
2.015298E-02        -4.849698E-13
2.013488E-02        -4.832303E-13
2.011679E-02        -4.814918E-13
2.009872E-02        -4.797636E-13
2.008066E-02        -4.780449E-13
2.006262E-02        -4.763334E-13
2.004460E-02        -4.746169E-13
2.002659E-02        -4.729167E-13
2.000860E-02        -4.712185E-13
1.999063E-02        -4.695290E-13
1.997267E-02        -4.678421E-13
1.995473E-02        -4.661709E-13
1.993680E-02        -4.644922E-13
1.991890E-02        -4.628248E-13
1.990100E-02        -4.611659E-13
1.988312E-02        -4.595158E-13
1.986526E-02        -4.578661E-13
1.984742E-02        -4.562183E-13
1.982959E-02        -4.545799E-13
1.981178E-02        -4.529503E-13
1.979398E-02        -4.513218E-13
1.977620E-02        -4.497036E-13
1.975843E-02        -4.480933E-13
1.974068E-02        -4.464850E-13
1.972295E-02        -4.448854E-13
1.970523E-02        -4.432869E-13
1.968753E-02        -4.416972E-13
1.966984E-02        -4.401085E-13
1.965217E-02        -4.385301E-13
1.963452E-02        -4.369606E-13
1.961688E-02        -4.353906E-13
1.959926E-02        -4.338240E-13
1.958165E-02        -4.322723E-13
1.956406E-02        -4.307156E-13
1.954649E-02        -4.291761E-13
1.952893E-02        -4.276362E-13
1.951139E-02        -4.260981E-13
1.949386E-02        -4.245696E-13
1.947635E-02        -4.230499E-13
1.945885E-02        -4.215297E-13
1.944137E-02        -4.200129E-13
1.942391E-02        -4.185119E-13
1.940646E-02        -4.170050E-13
1.938903E-02        -4.155139E-13
1.937161E-02        -4.140168E-13
1.935421E-02        -4.125371E-13
1.933682E-02        -4.110569E-13
1.931945E-02        -4.095787E-13
1.930209E-02        -4.081084E-13
1.928475E-02        -4.066400E-13
1.926743E-02        -4.051819E-13
1.925012E-02        -4.037319E-13
1.923283E-02        -4.022823E-13
1.921555E-02        -4.008352E-13
1.919829E-02        -3.994040E-13
1.918105E-02        -3.979662E-13
1.916381E-02        -3.965370E-13
1.914660E-02        -3.951176E-13
1.912940E-02        -3.936992E-13
1.911222E-02        -3.922897E-13
1.909505E-02        -3.908797E-13
1.907789E-02        -3.894708E-13
1.906076E-02        -3.880731E-13
1.904363E-02        -3.866826E-13
1.902653E-02        -3.852949E-13
1.900943E-02        -3.839143E-13
1.899236E-02        -3.825365E-13
1.897530E-02        -3.811667E-13
1.895825E-02        -3.797965E-13
1.894122E-02        -3.784297E-13
1.892420E-02        -3.770779E-13
1.890720E-02        -3.757195E-13
1.889022E-02        -3.743715E-13
1.887325E-02        -3.730316E-13
1.885630E-02        -3.716921E-13
1.883936E-02        -3.703551E-13
1.882243E-02        -3.690332E-13
1.880553E-02        -3.677055E-13
1.878863E-02        -3.663851E-13
1.877175E-02        -3.650666E-13
1.875489E-02        -3.637584E-13
1.873804E-02        -3.624584E-13
1.872121E-02        -3.611587E-13
1.870439E-02        -3.598601E-13
1.868759E-02        -3.585704E-13
1.867080E-02        -3.572818E-13
1.865403E-02        -3.560021E-13
1.863727E-02        -3.547221E-13
1.862053E-02        -3.534438E-13
1.860380E-02        -3.521752E-13
1.858709E-02        -3.509155E-13
1.857040E-02        -3.496576E-13
1.855371E-02        -3.484057E-13
1.853705E-02        -3.471492E-13
1.852039E-02        -3.459088E-13
1.850376E-02        -3.446694E-13
1.848713E-02        -3.434290E-13
1.847053E-02        -3.421926E-13
1.845393E-02        -3.409707E-13
1.843736E-02        -3.397428E-13
1.842079E-02        -3.385238E-13
1.840425E-02        -3.373130E-13
1.838771E-02        -3.360956E-13
1.837120E-02        -3.348963E-13
1.835469E-02        -3.336959E-13
1.833820E-02        -3.324959E-13
1.832173E-02        -3.312977E-13
1.830527E-02        -3.301092E-13
1.828883E-02        -3.289296E-13
1.827240E-02        -3.277496E-13
1.825599E-02        -3.265715E-13
1.823959E-02        -3.254016E-13
1.822320E-02        -3.242328E-13
1.820683E-02        -3.230729E-13
1.819047E-02        -3.219127E-13
1.817413E-02        -3.207543E-13
1.815781E-02        -3.196049E-13
1.814150E-02        -3.184565E-13
1.812520E-02        -3.173164E-13
1.810892E-02        -3.161767E-13
1.809265E-02        -3.150380E-13
1.807640E-02        -3.139084E-13
1.806016E-02        -3.127798E-13
1.804394E-02        -3.116602E-13
1.802773E-02        -3.105416E-13
1.801153E-02        -3.094314E-13
1.799535E-02        -3.083215E-13
1.797919E-02        -3.072134E-13
1.796303E-02        -3.061129E-13
1.794690E-02        -3.050135E-13
1.793078E-02        -3.039151E-13
1.791467E-02        -3.028251E-13
1.789858E-02        -3.017368E-13
1.788250E-02        -3.006568E-13
1.786643E-02        -2.995779E-13
1.785038E-02        -2.985066E-13
1.783435E-02        -2.974299E-13
1.781833E-02        -2.963687E-13
1.780232E-02        -2.952999E-13
1.778633E-02        -2.942402E-13
1.777035E-02        -2.931816E-13
1.775439E-02        -2.921319E-13
1.773844E-02        -2.910833E-13
1.772250E-02        -2.900431E-13
1.770658E-02        -2.890032E-13
1.769068E-02        -2.879637E-13
1.767479E-02        -2.869254E-13
1.765891E-02        -2.858967E-13
1.764304E-02        -2.848750E-13
1.762720E-02        -2.838485E-13
1.761136E-02        -2.828368E-13
1.759554E-02        -2.818184E-13
1.757973E-02        -2.808082E-13
1.756394E-02        -2.797999E-13
1.754816E-02        -2.787984E-13
1.753240E-02        -2.777916E-13
1.751665E-02        -2.768003E-13
1.750091E-02        -2.758015E-13
1.748519E-02        -2.748117E-13
1.746949E-02        -2.738236E-13
1.745379E-02        -2.728433E-13
1.743811E-02        -2.718647E-13
1.742245E-02        -2.708937E-13
1.740680E-02        -2.699167E-13
1.739116E-02        -2.689552E-13
1.737554E-02        -2.679868E-13
1.735993E-02        -2.670268E-13
1.734434E-02        -2.660672E-13
1.732875E-02        -2.651081E-13
1.731319E-02        -2.641586E-13
1.729764E-02        -2.632103E-13
1.728210E-02        -2.622703E-13
1.726657E-02        -2.613301E-13
1.725106E-02        -2.603902E-13
1.723556E-02        -2.594515E-13
1.722008E-02        -2.585218E-13
1.720461E-02        -2.575932E-13
1.718916E-02        -2.566736E-13
1.717372E-02        -2.557538E-13
1.715829E-02        -2.548337E-13
1.714287E-02        -2.539148E-13
1.712747E-02        -2.530049E-13
1.711209E-02        -2.520967E-13
1.709672E-02        -2.511955E-13
1.708136E-02        -2.502882E-13
1.706601E-02        -2.493966E-13
1.705068E-02        -2.484981E-13
1.703537E-02        -2.476086E-13
1.702006E-02        -2.467183E-13
1.700477E-02        -2.458297E-13
1.698950E-02        -2.449502E-13
1.697424E-02        -2.440717E-13
1.695899E-02        -2.432003E-13
1.694375E-02        -2.423215E-13
1.692853E-02        -2.414516E-13
1.691333E-02        -2.405835E-13
1.689813E-02        -2.397232E-13
1.688295E-02        -2.388633E-13
1.686779E-02        -2.380050E-13
1.685263E-02        -2.371547E-13
1.683749E-02        -2.363047E-13
1.682237E-02        -2.354551E-13
1.680726E-02        -2.346067E-13
1.679216E-02        -2.337667E-13
1.677707E-02        -2.329278E-13
1.676200E-02        -2.320966E-13
1.674695E-02        -2.312584E-13
1.673190E-02        -2.304282E-13
1.671687E-02        -2.295997E-13
1.670185E-02        -2.287796E-13
1.668685E-02        -2.279598E-13
1.667186E-02        -2.271399E-13
1.665688E-02        -2.263212E-13
1.664192E-02        -2.255114E-13
1.662697E-02        -2.247015E-13
1.661203E-02        -2.238927E-13
1.659711E-02        -2.230929E-13
1.658220E-02        -2.222930E-13
1.656731E-02        -2.214947E-13
1.655242E-02        -2.207031E-13
1.653755E-02        -2.199058E-13
1.652270E-02        -2.191249E-13
1.650786E-02        -2.183351E-13
1.649303E-02        -2.175464E-13
1.647821E-02        -2.167663E-13
1.646341E-02        -2.159879E-13
1.644862E-02        -2.152179E-13
1.643384E-02        -2.144478E-13
1.641908E-02        -2.136780E-13
1.640433E-02        -2.129080E-13
1.638959E-02        -2.121392E-13
1.637487E-02        -2.113795E-13
1.636016E-02        -2.106209E-13
1.634546E-02        -2.098694E-13
1.633078E-02        -2.091110E-13
1.631611E-02        -2.083611E-13
1.630145E-02        -2.076123E-13
1.628681E-02        -2.068726E-13
1.627218E-02        -2.061327E-13
1.625756E-02        -2.053927E-13
1.624296E-02        -2.046530E-13
1.622837E-02        -2.039144E-13
1.621379E-02        -2.031844E-13
1.619922E-02        -2.024555E-13
1.618467E-02        -2.017344E-13
1.617013E-02        -2.010057E-13
1.615561E-02        -2.002861E-13
1.614109E-02        -1.995658E-13
1.612659E-02        -1.988472E-13
1.611211E-02        -1.981376E-13
1.609763E-02        -1.974274E-13
1.608317E-02        -1.967175E-13
1.606872E-02        -1.960087E-13
1.605429E-02        -1.953090E-13
1.603987E-02        -1.946092E-13
1.602546E-02        -1.939092E-13
1.601106E-02        -1.932104E-13
1.599668E-02        -1.925206E-13
1.598231E-02        -1.918307E-13
1.596795E-02        -1.911406E-13
1.595361E-02        -1.904522E-13
1.593928E-02        -1.897723E-13
1.592496E-02        -1.890923E-13
1.591065E-02        -1.884122E-13
1.589636E-02        -1.877336E-13
1.588208E-02        -1.870637E-13
1.586781E-02        -1.863936E-13
1.585356E-02        -1.857239E-13
1.583932E-02        -1.850553E-13
1.582509E-02        -1.843953E-13
1.581087E-02        -1.837339E-13
1.579667E-02        -1.830667E-13
1.578248E-02        -1.824155E-13
1.576830E-02        -1.817567E-13
1.575414E-02        -1.811070E-13
1.573998E-02        -1.804567E-13
1.572584E-02        -1.798081E-13
1.571172E-02        -1.791672E-13
1.569760E-02        -1.785182E-13
1.568350E-02        -1.778784E-13
1.566941E-02        -1.772396E-13
1.565534E-02        -1.766087E-13
1.564127E-02        -1.759697E-13
1.562722E-02        -1.753398E-13
1.561319E-02        -1.747103E-13
1.559916E-02        -1.740814E-13
1.558515E-02        -1.734616E-13
1.557115E-02        -1.728417E-13
1.555716E-02        -1.722216E-13
1.554318E-02        -1.716015E-13
1.552922E-02        -1.709829E-13
1.551527E-02        -1.703730E-13
1.550133E-02        -1.697630E-13
1.548741E-02        -1.691533E-13
1.547349E-02        -1.685430E-13
1.545959E-02        -1.679343E-13
1.544571E-02        -1.673347E-13
1.543183E-02        -1.667346E-13
1.541797E-02        -1.661347E-13
1.540412E-02        -1.655361E-13
1.539028E-02        -1.649460E-13
1.537646E-02        -1.643563E-13
1.536264E-02        -1.637661E-13
1.534884E-02        -1.631761E-13
1.533505E-02        -1.625874E-13
1.532128E-02        -1.620077E-13
1.530752E-02        -1.614279E-13
1.529376E-02        -1.608475E-13
1.528003E-02        -1.602692E-13
1.526630E-02        -1.596979E-13
1.525259E-02        -1.591193E-13
1.523888E-02        -1.585490E-13
1.522519E-02        -1.579803E-13
1.521152E-02        -1.574194E-13
1.519785E-02        -1.568505E-13
1.518420E-02        -1.562907E-13
1.517056E-02        -1.557307E-13
1.515693E-02        -1.551707E-13
1.514332E-02        -1.546122E-13
1.512971E-02        -1.540608E-13
1.511612E-02        -1.535021E-13
1.510254E-02        -1.529521E-13
1.508898E-02        -1.524025E-13
1.507542E-02        -1.518535E-13
1.506188E-02        -1.513137E-13
1.504835E-02        -1.507725E-13
1.503483E-02        -1.502250E-13
1.502132E-02        -1.496936E-13
1.500783E-02        -1.491538E-13
1.499435E-02        -1.486152E-13
1.498088E-02        -1.480852E-13
1.496742E-02        -1.475552E-13
1.495398E-02        -1.470255E-13
1.494054E-02        -1.464952E-13
1.492712E-02        -1.459666E-13
1.491371E-02        -1.454466E-13
1.490031E-02        -1.449265E-13
1.488693E-02        -1.444068E-13
1.487356E-02        -1.438870E-13
1.486020E-02        -1.433683E-13
1.484685E-02        -1.428571E-13
1.483351E-02        -1.423382E-13
1.482018E-02        -1.418281E-13
1.480687E-02        -1.413195E-13
1.479357E-02        -1.408184E-13
1.478028E-02        -1.403096E-13
1.476700E-02        -1.398096E-13
1.475374E-02        -1.393098E-13
1.474048E-02        -1.388096E-13
1.472724E-02        -1.383097E-13
1.471401E-02        -1.378110E-13
1.470079E-02        -1.373197E-13
1.468759E-02        -1.368212E-13
1.467439E-02        -1.363310E-13
1.466121E-02        -1.358412E-13
1.464804E-02        -1.353524E-13
1.463488E-02        -1.348712E-13
1.462174E-02        -1.343827E-13
1.460860E-02        -1.339026E-13
1.459548E-02        -1.334228E-13
1.458237E-02        -1.329429E-13
1.456927E-02        -1.324641E-13
1.455618E-02        -1.319929E-13
1.454310E-02        -1.315140E-13
1.453004E-02        -1.310442E-13
1.451699E-02        -1.305743E-13
1.450395E-02        -1.301056E-13
1.449092E-02        -1.296444E-13
1.447790E-02        -1.291755E-13
1.446489E-02        -1.287154E-13
1.445190E-02        -1.282544E-13
1.443892E-02        -1.277857E-13
1.442595E-02        -1.273270E-13
1.441299E-02        -1.268758E-13
1.440004E-02        -1.264170E-13
1.438710E-02        -1.259669E-13
1.437418E-02        -1.255170E-13
1.436127E-02        -1.250672E-13
1.434837E-02        -1.246173E-13
1.433548E-02        -1.241673E-13
1.432260E-02        -1.237184E-13
1.430973E-02        -1.232783E-13
1.429688E-02        -1.228385E-13
1.428404E-02        -1.223987E-13
1.427120E-02        -1.219584E-13
1.425838E-02        -1.215185E-13
1.424558E-02        -1.210800E-13
1.423278E-02        -1.206488E-13
1.421999E-02        -1.202098E-13
1.420722E-02        -1.197800E-13
1.419446E-02        -1.193501E-13
1.418170E-02        -1.189210E-13
1.416897E-02        -1.185002E-13
1.415624E-02        -1.180714E-13
1.414352E-02        -1.176502E-13
1.413081E-02        -1.172224E-13
1.411812E-02        -1.168102E-13
1.410544E-02        -1.163827E-13
1.409277E-02        -1.159716E-13
1.408011E-02        -1.155528E-13
1.406746E-02        -1.151416E-13
1.405482E-02        -1.147227E-13
1.404220E-02        -1.143129E-13
1.402958E-02        -1.139028E-13
1.401698E-02        -1.134929E-13
1.400439E-02        -1.130842E-13
1.399181E-02        -1.126831E-13
1.397924E-02        -1.122742E-13
1.396668E-02        -1.118742E-13
1.395413E-02        -1.114741E-13
1.394160E-02        -1.110743E-13
1.392907E-02        -1.106742E-13
1.391656E-02        -1.102755E-13
1.390406E-02        -1.098844E-13
1.389157E-02        -1.094856E-13
1.387909E-02        -1.090956E-13
1.386662E-02        -1.087056E-13
1.385417E-02        -1.083158E-13
1.384172E-02        -1.079257E-13
1.382929E-02        -1.075359E-13
1.381686E-02        -1.071468E-13
1.380445E-02        -1.067669E-13
1.379205E-02        -1.063870E-13
1.377966E-02        -1.060059E-13
1.376728E-02        -1.056181E-13
1.375492E-02        -1.052473E-13
1.374256E-02        -1.048672E-13
1.373021E-02        -1.044871E-13
1.371788E-02        -1.041084E-13
1.370556E-02        -1.037385E-13
1.369325E-02        -1.033686E-13
1.368094E-02        -1.029984E-13
1.366865E-02        -1.026284E-13
1.365638E-02        -1.022587E-13
1.364411E-02        -1.018898E-13
1.363185E-02        -1.015286E-13
1.361961E-02        -1.011599E-13
1.360737E-02        -1.007998E-13
1.359515E-02        -1.004399E-13
1.358293E-02        -1.000794E-13
1.357073E-02        -9.971708E-14
1.355854E-02        -9.935936E-14
1.354636E-02        -9.900339E-14
1.353419E-02        -9.864762E-14
1.352204E-02        -9.829400E-14
1.350989E-02        -9.794106E-14
1.349775E-02        -9.758920E-14
1.348563E-02        -9.723950E-14
1.347351E-02        -9.689048E-14
1.346141E-02        -9.654273E-14
1.344932E-02        -9.619606E-14
1.343723E-02        -9.585097E-14
1.342516E-02        -9.550714E-14
1.341310E-02        -9.516428E-14
1.340105E-02        -9.482251E-14
1.338902E-02        -9.448289E-14
1.337699E-02        -9.414397E-14
1.336497E-02        -9.380602E-14
1.335297E-02        -9.346933E-14
1.334097E-02        -9.313345E-14
1.332899E-02        -9.279971E-14
1.331701E-02        -9.246668E-14
1.330505E-02        -9.213490E-14
1.329310E-02        -9.180421E-14
1.328116E-02        -9.147528E-14
1.326923E-02        -9.114655E-14
1.325731E-02        -9.081969E-14
1.324540E-02        -9.049381E-14
1.323350E-02        -9.016891E-14
1.322161E-02        -8.984511E-14
1.320973E-02        -8.952306E-14
1.319787E-02        -8.920149E-14
1.318601E-02        -8.888151E-14
1.317417E-02        -8.856279E-14
1.316233E-02        -8.824479E-14
1.315051E-02        -8.792803E-14
1.313869E-02        -8.761210E-14
1.312689E-02        -8.729820E-14
1.311510E-02        -8.698451E-14
1.310332E-02        -8.667268E-14
1.309155E-02        -8.636185E-14
1.307979E-02        -8.605199E-14
1.306804E-02        -8.574313E-14
1.305630E-02        -8.543524E-14
1.304457E-02        -8.512845E-14
1.303285E-02        -8.482343E-14
1.302114E-02        -8.451862E-14
1.300945E-02        -8.421594E-14
1.299776E-02        -8.391388E-14
1.298608E-02        -8.361202E-14
1.297442E-02        -8.331230E-14
1.296276E-02        -8.301331E-14
1.295112E-02        -8.271557E-14
1.293948E-02        -8.241856E-14
1.292786E-02        -8.212279E-14
1.291625E-02        -8.182811E-14
1.290464E-02        -8.153496E-14
1.289305E-02        -8.124216E-14
1.288147E-02        -8.095045E-14
1.286990E-02        -8.066052E-14
1.285834E-02        -8.037068E-14
1.284678E-02        -8.008169E-14
1.283524E-02        -7.979473E-14
1.282371E-02        -7.950798E-14
1.281219E-02        -7.922300E-14
1.280069E-02        -7.893847E-14
1.278919E-02        -7.865558E-14
1.277770E-02        -7.837358E-14
1.276622E-02        -7.809177E-14
1.275475E-02        -7.781186E-14
1.274329E-02        -7.753283E-14
1.273185E-02        -7.725425E-14
1.272041E-02        -7.697732E-14
1.270898E-02        -7.670127E-14
1.269756E-02        -7.642543E-14
1.268616E-02        -7.615171E-14
1.267476E-02        -7.587865E-14
1.266338E-02        -7.560602E-14
1.265200E-02        -7.533495E-14
1.264063E-02        -7.506408E-14
1.262928E-02        -7.479523E-14
1.261793E-02        -7.452635E-14
1.260660E-02        -7.425949E-14
1.259528E-02        -7.399273E-14
1.258396E-02        -7.372683E-14
1.257266E-02        -7.346296E-14
1.256136E-02        -7.319895E-14
1.255008E-02        -7.293618E-14
1.253880E-02        -7.267417E-14
1.252754E-02        -7.241338E-14
1.251629E-02        -7.215360E-14
1.250504E-02        -7.189458E-14
1.249381E-02        -7.163678E-14
1.248259E-02        -7.137999E-14
1.247137E-02        -7.112386E-14
1.246017E-02        -7.086817E-14
1.244898E-02        -7.061436E-14
1.243779E-02        -7.036123E-14
1.242662E-02        -7.010843E-14
1.241546E-02        -6.985662E-14
1.240430E-02        -6.960559E-14
1.239316E-02        -6.935579E-14
1.238203E-02        -6.910698E-14
1.237091E-02        -6.885917E-14
1.235979E-02        -6.861214E-14
1.234869E-02        -6.836623E-14
1.233760E-02        -6.812052E-14
1.232651E-02        -6.787640E-14
1.231544E-02        -6.763259E-14
1.230438E-02        -6.738978E-14
1.229332E-02        -6.714776E-14
1.228228E-02        -6.690696E-14
1.227125E-02        -6.666715E-14
1.226022E-02        -6.642803E-14
1.224921E-02        -6.618934E-14
1.223821E-02        -6.595244E-14
1.222721E-02        -6.571543E-14
1.221623E-02        -6.547963E-14
1.220525E-02        -6.524463E-14
1.219429E-02        -6.501074E-14
1.218334E-02        -6.477706E-14
1.217239E-02        -6.454496E-14
1.216146E-02        -6.431318E-14
1.215053E-02        -6.408220E-14
1.213962E-02        -6.385242E-14
1.212871E-02        -6.362344E-14
1.211782E-02        -6.339558E-14
1.210693E-02        -6.316761E-14
1.209605E-02        -6.294065E-14
1.208519E-02        -6.271489E-14
1.207433E-02        -6.248994E-14
1.206349E-02        -6.226610E-14
1.205265E-02        -6.204215E-14
1.204182E-02        -6.181921E-14
1.203100E-02        -6.159728E-14
1.202020E-02        -6.137655E-14
1.200940E-02        -6.115653E-14
1.199861E-02        -6.093671E-14
1.198783E-02        -6.071871E-14
1.197706E-02        -6.050080E-14
1.196630E-02        -6.028381E-14
1.195555E-02        -6.006692E-14
1.194481E-02        -5.985113E-14
1.193408E-02        -5.963706E-14
1.192336E-02        -5.942229E-14
1.191265E-02        -5.920943E-14
1.190195E-02        -5.899747E-14
1.189126E-02        -5.878562E-14
1.188058E-02        -5.857469E-14
1.186991E-02        -5.836395E-14
1.185924E-02        -5.815483E-14
1.184859E-02        -5.794601E-14
1.183795E-02        -5.773821E-14
1.182731E-02        -5.753111E-14
1.181669E-02        -5.732442E-14
1.180607E-02        -5.711925E-14
1.179547E-02        -5.691357E-14
1.178487E-02        -5.670961E-14
1.177428E-02        -5.650656E-14
1.176371E-02        -5.630381E-14
1.175314E-02        -5.610178E-14
1.174258E-02        -5.589986E-14
1.173203E-02        -5.569895E-14
1.172149E-02        -5.549905E-14
1.171096E-02        -5.530015E-14
1.170044E-02        -5.510218E-14
1.168993E-02        -5.490430E-14
1.167943E-02        -5.470735E-14
1.166894E-02        -5.451059E-14
1.165846E-02        -5.431565E-14
1.164798E-02        -5.412054E-14
1.163752E-02        -5.392582E-14
1.162707E-02        -5.373291E-14
1.161662E-02        -5.353993E-14
1.160619E-02        -5.334805E-14
1.159576E-02        -5.315609E-14
1.158534E-02        -5.296514E-14
1.157494E-02        -5.277539E-14
1.156454E-02        -5.258637E-14
1.155415E-02        -5.239745E-14
1.154377E-02        -5.220946E-14
1.153340E-02        -5.202166E-14
1.152304E-02        -5.183569E-14
1.151269E-02        -5.164974E-14
1.150235E-02        -5.146389E-14
1.149201E-02        -5.127887E-14
1.148169E-02        -5.109504E-14
1.147138E-02        -5.091213E-14
1.146107E-02        -5.072915E-14
1.145078E-02        -5.054736E-14
1.144049E-02        -5.036632E-14
1.143021E-02        -5.018538E-14
1.141994E-02        -5.000536E-14
1.140969E-02        -4.982562E-14
1.139944E-02        -4.964672E-14
1.138920E-02        -4.946875E-14
1.137896E-02        -4.929070E-14
1.136874E-02        -4.911384E-14
1.135853E-02        -4.893791E-14
1.134833E-02        -4.876208E-14
1.133813E-02        -4.858709E-14
1.132795E-02        -4.841320E-14
1.131777E-02        -4.823924E-14
1.130760E-02        -4.806620E-14
1.129745E-02        -4.789345E-14
1.128730E-02        -4.772153E-14
1.127716E-02        -4.755054E-14
1.126703E-02        -4.737966E-14
1.125691E-02        -4.720979E-14
1.124679E-02        -4.704067E-14
1.123669E-02        -4.687183E-14
1.122660E-02        -4.670392E-14
1.121651E-02        -4.653594E-14
1.120644E-02        -4.636906E-14
1.119637E-02        -4.620220E-14
1.118631E-02        -4.603709E-14
1.117626E-02        -4.587127E-14
1.116622E-02        -4.570729E-14
1.115619E-02        -4.554331E-14
1.114617E-02        -4.537945E-14
1.113616E-02        -4.521660E-14
1.112615E-02        -4.505452E-14
1.111616E-02        -4.489270E-14
1.110617E-02        -4.473165E-14
1.109620E-02        -4.457086E-14
1.108623E-02        -4.441093E-14
1.107627E-02        -4.425193E-14
1.106632E-02        -4.409304E-14
1.105638E-02        -4.393507E-14
1.104645E-02        -4.377721E-14
1.103652E-02        -4.362011E-14
1.102661E-02        -4.346329E-14
1.101670E-02        -4.330732E-14
1.100681E-02        -4.315243E-14
1.099692E-02        -4.299750E-14
1.098704E-02        -4.284349E-14
1.097717E-02        -4.268960E-14
1.096731E-02        -4.253663E-14
1.095746E-02        -4.238376E-14
1.094761E-02        -4.223167E-14
1.093778E-02        -4.207984E-14
1.092795E-02        -4.192879E-14
1.091814E-02        -4.177808E-14
1.090833E-02        -4.162898E-14
1.089853E-02        -4.147907E-14
1.088874E-02        -4.133017E-14
1.087896E-02        -4.118221E-14
1.086918E-02        -4.103420E-14
1.085942E-02        -4.088728E-14
1.084967E-02        -4.074046E-14
1.083992E-02        -4.059442E-14
1.083018E-02        -4.044848E-14
1.082045E-02        -4.030348E-14
1.081073E-02        -4.015859E-14
1.080102E-02        -4.001462E-14
1.079132E-02        -3.987076E-14
1.078162E-02        -3.972769E-14
1.077194E-02        -3.958487E-14
1.076226E-02        -3.944292E-14
1.075259E-02        -3.930190E-14
1.074294E-02        -3.916105E-14
1.073328E-02        -3.902001E-14
1.072364E-02        -3.888005E-14
1.071401E-02        -3.874020E-14
1.070439E-02        -3.860136E-14
1.069477E-02        -3.846332E-14
1.068516E-02        -3.832529E-14
1.067556E-02        -3.818737E-14
1.066597E-02        -3.805039E-14
1.065639E-02        -3.791350E-14
1.064682E-02        -3.777764E-14
1.063725E-02        -3.764249E-14
1.062770E-02        -3.750675E-14
1.061815E-02        -3.737272E-14
1.060861E-02        -3.723871E-14
1.059908E-02        -3.710481E-14
1.058956E-02        -3.697184E-14
1.058005E-02        -3.683898E-14
1.057055E-02        -3.670705E-14
1.056105E-02        -3.657509E-14
1.055156E-02        -3.644406E-14
1.054208E-02        -3.631314E-14
1.053261E-02        -3.618315E-14
1.052315E-02        -3.605319E-14
1.051370E-02        -3.592333E-14
1.050425E-02        -3.579435E-14
1.049482E-02        -3.566644E-14
1.048539E-02        -3.553843E-14
1.047597E-02        -3.541051E-14
1.046656E-02        -3.528353E-14
1.045716E-02        -3.515666E-14
1.044776E-02        -3.503067E-14
1.043838E-02        -3.490567E-14
1.042900E-02        -3.477973E-14
1.041963E-02        -3.465480E-14
1.041027E-02        -3.453082E-14
1.040092E-02        -3.440685E-14
1.039158E-02        -3.428299E-14
1.038224E-02        -3.416002E-14
1.037292E-02        -3.403811E-14
1.036360E-02        -3.391610E-14
1.035429E-02        -3.379411E-14
1.034499E-02        -3.367230E-14
1.033569E-02        -3.355214E-14
1.032641E-02        -3.343130E-14
1.031713E-02        -3.331135E-14
1.030787E-02        -3.319238E-14
1.029861E-02        -3.307255E-14
1.028935E-02        -3.295437E-14
1.028011E-02        -3.283550E-14
1.027088E-02        -3.271766E-14
1.026165E-02        -3.260062E-14
1.025243E-02        -3.248361E-14
1.024322E-02        -3.236670E-14
1.023402E-02        -3.225082E-14
1.022483E-02        -3.213579E-14
1.021564E-02        -3.201982E-14
1.020646E-02        -3.190487E-14
1.019730E-02        -3.179091E-14
1.018814E-02        -3.167609E-14
1.017898E-02        -3.156292E-14
1.016984E-02        -3.144914E-14
1.016070E-02        -3.133702E-14
1.015158E-02        -3.122420E-14
1.014246E-02        -3.111220E-14
1.013335E-02        -3.100031E-14
1.012424E-02        -3.088923E-14
1.011515E-02        -3.077838E-14
1.010606E-02        -3.066835E-14
1.009698E-02        -3.055834E-14
1.008791E-02        -3.044844E-14
1.007885E-02        -3.033947E-14
1.006980E-02        -3.023053E-14
1.006075E-02        -3.012157E-14
1.005171E-02        -3.001355E-14
1.004268E-02        -2.990564E-14
1.003366E-02        -2.979867E-14
1.002465E-02        -2.969172E-14
1.001564E-02        -2.958475E-14
1.000665E-02        -2.947885E-14
9.997657E-03        -2.937289E-14
9.988676E-03        -2.926790E-14
9.979703E-03        -2.916291E-14
9.970738E-03        -2.905800E-14
9.961781E-03        -2.895401E-14
9.952833E-03        -2.885003E-14
9.943892E-03        -2.874611E-14
9.934959E-03        -2.864312E-14
9.926034E-03        -2.854020E-14
9.917118E-03        -2.843822E-14
9.908209E-03        -2.833623E-14
9.899308E-03        -2.823431E-14
9.890415E-03        -2.813332E-14
9.881531E-03        -2.803233E-14
9.872654E-03        -2.793142E-14
9.863785E-03        -2.783142E-14
9.854924E-03        -2.773143E-14
9.846072E-03        -2.763153E-14
9.837227E-03        -2.753254E-14
9.828390E-03        -2.743362E-14
9.819561E-03        -2.733563E-14
9.810740E-03        -2.723764E-14
9.801927E-03        -2.713973E-14
9.793121E-03        -2.704265E-14
9.784324E-03        -2.694482E-14
9.775535E-03        -2.684876E-14
9.766753E-03        -2.675184E-14
9.757979E-03        -2.665592E-14
9.749214E-03        -2.656086E-14
9.740456E-03        -2.646494E-14
9.731706E-03        -2.637002E-14
9.722964E-03        -2.627596E-14
9.714229E-03        -2.618104E-14
9.705503E-03        -2.608713E-14
9.696784E-03        -2.599406E-14
9.688074E-03        -2.590015E-14
9.679371E-03        -2.580723E-14
9.670675E-03        -2.571516E-14
9.661988E-03        -2.562224E-14
9.653309E-03        -2.553033E-14
9.644637E-03        -2.543926E-14
9.635973E-03        -2.534735E-14
9.627317E-03        -2.525643E-14
9.618668E-03        -2.516636E-14
9.610028E-03        -2.507545E-14
9.601395E-03        -2.498553E-14
9.592770E-03        -2.489646E-14
9.584153E-03        -2.480655E-14
9.575543E-03        -2.471763E-14
9.566941E-03        -2.462956E-14
9.558347E-03        -2.454064E-14
9.549761E-03        -2.445266E-14
9.541182E-03        -2.436474E-14
9.532611E-03        -2.427774E-14
9.524048E-03        -2.419076E-14
9.515492E-03        -2.410376E-14
9.506944E-03        -2.401684E-14
9.498404E-03        -2.393085E-14
9.489871E-03        -2.384493E-14
9.481346E-03        -2.375986E-14
9.472829E-03        -2.367395E-14
9.464320E-03        -2.358903E-14
9.455818E-03        -2.350497E-14
9.447323E-03        -2.342004E-14
9.438837E-03        -2.333606E-14
9.430358E-03        -2.325214E-14
9.421886E-03        -2.316914E-14
9.413422E-03        -2.308614E-14
9.404966E-03        -2.300316E-14
9.396517E-03        -2.292023E-14
9.388076E-03        -2.283824E-14
9.379643E-03        -2.275625E-14
9.371217E-03        -2.267433E-14
9.362799E-03        -2.259334E-14
9.354388E-03        -2.251235E-14
9.345985E-03        -2.243143E-14
9.337589E-03        -2.235136E-14
9.329201E-03        -2.227044E-14
9.320820E-03        -2.219051E-14
9.312447E-03        -2.211145E-14
9.304082E-03        -2.203153E-14
9.295724E-03        -2.195254E-14
9.287373E-03        -2.187361E-14
9.279030E-03        -2.179562E-14
9.270695E-03        -2.171763E-14
9.262367E-03        -2.163964E-14
9.254046E-03        -2.156171E-14
9.245733E-03        -2.148472E-14
9.237428E-03        -2.140774E-14
9.229130E-03        -2.133074E-14
9.220839E-03        -2.125382E-14
9.212556E-03        -2.117783E-14
9.204280E-03        -2.110183E-14
9.196011E-03        -2.102590E-14
9.187751E-03        -2.095085E-14
9.179497E-03        -2.087499E-14
9.171251E-03        -2.080093E-14
9.163012E-03        -2.072593E-14
9.154781E-03        -2.065101E-14
9.146557E-03        -2.057702E-14
9.138341E-03        -2.050310E-14
9.130132E-03        -2.043004E-14
9.121930E-03        -2.035611E-14
9.113735E-03        -2.028318E-14
9.105548E-03        -2.021112E-14
9.097369E-03        -2.013820E-14
9.089196E-03        -2.006620E-14
9.081031E-03        -1.999421E-14
9.072874E-03        -1.992222E-14
9.064724E-03        -1.985030E-14
9.056581E-03        -1.977930E-14
9.048445E-03        -1.970831E-14
9.040316E-03        -1.963738E-14
9.032195E-03        -1.956738E-14
9.024082E-03        -1.949740E-14
9.015975E-03        -1.942740E-14
9.007876E-03        -1.935747E-14
8.999784E-03        -1.928841E-14
8.991699E-03        -1.921848E-14
8.983622E-03        -1.914949E-14
8.975552E-03        -1.908057E-14
8.967489E-03        -1.901257E-14
8.959433E-03        -1.894458E-14
8.951385E-03        -1.887659E-14
8.943344E-03        -1.880866E-14
8.935310E-03        -1.874160E-14
8.927283E-03        -1.867367E-14
8.919264E-03        -1.860668E-14
8.911251E-03        -1.853975E-14
8.903246E-03        -1.847369E-14
8.895248E-03        -1.840682E-14
8.887257E-03        -1.834176E-14
8.879274E-03        -1.827578E-14
8.871298E-03        -1.820985E-14
8.863328E-03        -1.814485E-14
8.855366E-03        -1.807986E-14
8.847411E-03        -1.801486E-14
8.839464E-03        -1.794988E-14
8.831523E-03        -1.788494E-14
8.823589E-03        -1.782094E-14
8.815663E-03        -1.775702E-14
8.807744E-03        -1.769396E-14
8.799832E-03        -1.763003E-14
8.791927E-03        -1.756704E-14
8.784029E-03        -1.750405E-14
8.776138E-03        -1.744105E-14
8.768254E-03        -1.737812E-14
8.760377E-03        -1.731612E-14
8.752508E-03        -1.725413E-14
8.744645E-03        -1.719213E-14
8.736790E-03        -1.713021E-14
8.728942E-03        -1.706915E-14
8.721100E-03        -1.700722E-14
8.713266E-03        -1.694622E-14
8.705439E-03        -1.688529E-14
8.697618E-03        -1.682523E-14
8.689805E-03        -1.676430E-14
8.681999E-03        -1.670431E-14
8.674200E-03        -1.664438E-14
8.666408E-03        -1.658532E-14
8.658622E-03        -1.652539E-14
8.650844E-03        -1.646639E-14
8.643073E-03        -1.640740E-14
8.635309E-03        -1.634841E-14
8.627552E-03        -1.628948E-14
8.619801E-03        -1.623142E-14
8.612058E-03        -1.617248E-14
8.604322E-03        -1.611449E-14
8.596592E-03        -1.605655E-14
8.588870E-03        -1.599950E-14
8.581154E-03        -1.594157E-14
8.573446E-03        -1.588458E-14
8.565744E-03        -1.582758E-14
8.558049E-03        -1.577064E-14
8.550361E-03        -1.571459E-14
8.542681E-03        -1.565766E-14
8.535007E-03        -1.560167E-14
8.527339E-03        -1.554566E-14
8.519679E-03        -1.548973E-14
8.512026E-03        -1.543468E-14
8.504379E-03        -1.537874E-14
8.496740E-03        -1.532375E-14
8.489107E-03        -1.526876E-14
8.481481E-03        -1.521382E-14
8.473862E-03        -1.515977E-14
8.466250E-03        -1.510483E-14
8.458644E-03        -1.505083E-14
8.451046E-03        -1.499684E-14
8.443454E-03        -1.494290E-14
8.435869E-03        -1.488985E-14
8.428291E-03        -1.483591E-14
8.420720E-03        -1.478292E-14
8.413155E-03        -1.472992E-14
8.405598E-03        -1.467693E-14
8.398047E-03        -1.462400E-14
8.390503E-03        -1.457194E-14
8.382965E-03        -1.451900E-14
8.375435E-03        -1.446701E-14
8.367911E-03        -1.441507E-14
8.360394E-03        -1.436402E-14
8.352884E-03        -1.431208E-14
8.345380E-03        -1.426109E-14
8.337884E-03        -1.421004E-14
8.330393E-03        -1.415815E-14
8.322910E-03        -1.410810E-14
8.315434E-03        -1.405717E-14
8.307964E-03        -1.400712E-14
8.300500E-03        -1.395617E-14
8.293044E-03        -1.390618E-14
8.285594E-03        -1.385624E-14
8.278151E-03        -1.380719E-14
8.270715E-03        -1.375725E-14
8.263285E-03        -1.370820E-14
8.255862E-03        -1.365826E-14
8.248446E-03        -1.360932E-14
8.241036E-03        -1.356127E-14
8.233633E-03        -1.351228E-14
8.226236E-03        -1.346333E-14
8.218847E-03        -1.341534E-14
8.211464E-03        -1.336735E-14
8.204087E-03        -1.331935E-14
8.196717E-03        -1.327135E-14
8.189354E-03        -1.322342E-14
8.181997E-03        -1.317642E-14
8.174647E-03        -1.312942E-14
8.167304E-03        -1.308243E-14
8.159967E-03        -1.303543E-14
8.152637E-03        -1.298844E-14
8.145313E-03        -1.294150E-14
8.137996E-03        -1.289545E-14
8.130686E-03        -1.284851E-14
8.123382E-03        -1.280251E-14
8.116084E-03        -1.275657E-14
8.108794E-03        -1.271152E-14
8.101509E-03        -1.266558E-14
8.094232E-03        -1.262053E-14
8.086960E-03        -1.257459E-14
8.079696E-03        -1.252959E-14
8.072438E-03        -1.248460E-14
8.065186E-03        -1.243965E-14
8.057941E-03        -1.239561E-14
8.050702E-03        -1.235066E-14
8.043470E-03        -1.230667E-14
8.036245E-03        -1.226267E-14
8.029026E-03        -1.221868E-14
8.021813E-03        -1.217468E-14
8.014607E-03        -1.213074E-14
8.007407E-03        -1.208769E-14
8.000214E-03        -1.204375E-14
7.993027E-03        -1.200075E-14
7.985847E-03        -1.195776E-14
7.978673E-03        -1.191476E-14
7.971506E-03        -1.187176E-14
7.964345E-03        -1.182882E-14
7.957191E-03        -1.178683E-14
7.950042E-03        -1.174483E-14
7.942901E-03        -1.170283E-14
7.935766E-03        -1.166084E-14
7.928637E-03        -1.161884E-14
7.921514E-03        -1.157684E-14
7.914398E-03        -1.153490E-14
7.907289E-03        -1.149391E-14
7.900185E-03        -1.145291E-14
7.893089E-03        -1.141192E-14
7.885998E-03        -1.137092E-14
7.878914E-03        -1.132992E-14
7.871836E-03        -1.128898E-14
7.864765E-03        -1.124893E-14
7.857700E-03        -1.120799E-14
7.850641E-03        -1.116799E-14
7.843589E-03        -1.112799E-14
7.836543E-03        -1.108800E-14
7.829503E-03        -1.104805E-14
7.822470E-03        -1.100901E-14
7.815443E-03        -1.096906E-14
7.808422E-03        -1.093001E-14
7.801407E-03        -1.089006E-14
7.794399E-03        -1.085107E-14
7.787397E-03        -1.081212E-14
7.780402E-03        -1.077408E-14
7.773413E-03        -1.073508E-14
7.766430E-03        -1.069614E-14
7.759453E-03        -1.065814E-14
7.752483E-03        -1.062015E-14
7.745518E-03        -1.058214E-14
7.738560E-03        -1.054415E-14
7.731609E-03        -1.050616E-14
7.724663E-03        -1.046820E-14
7.717724E-03        -1.043116E-14
7.710791E-03        -1.039321E-14
7.703864E-03        -1.035621E-14
7.696944E-03        -1.031922E-14
7.690030E-03        -1.028223E-14
7.683122E-03        -1.024523E-14
7.676220E-03        -1.020823E-14
7.669324E-03        -1.017128E-14
7.662435E-03        -1.013524E-14
7.655551E-03        -1.009829E-14
7.648674E-03        -1.006229E-14
7.641803E-03        -1.002630E-14
7.634938E-03        -9.990308E-15
7.628080E-03        -9.954515E-15
7.621227E-03        -9.918725E-15
7.614381E-03        -9.883139E-15
7.607541E-03        -9.847744E-15
7.600707E-03        -9.812356E-15
7.593879E-03        -9.777164E-15
7.587058E-03        -9.742075E-15
7.580242E-03        -9.707086E-15
7.573433E-03        -9.672296E-15
7.566629E-03        -9.637601E-15
7.559832E-03        -9.603010E-15
7.553041E-03        -9.568524E-15
7.546256E-03        -9.534227E-15
7.539477E-03        -9.499939E-15
7.532704E-03        -9.465851E-15
7.525937E-03        -9.431953E-15
7.519177E-03        -9.398069E-15
7.512422E-03        -9.364375E-15
7.505674E-03        -9.330785E-15
7.498931E-03        -9.297291E-15
7.492195E-03        -9.263901E-15
7.485464E-03        -9.230610E-15
7.478740E-03        -9.197519E-15
7.472022E-03        -9.164528E-15
7.465310E-03        -9.131637E-15
7.458603E-03        -9.098845E-15
7.451903E-03        -9.066250E-15
7.445209E-03        -9.033662E-15
7.438521E-03        -9.001271E-15
7.431839E-03        -8.968979E-15
7.425163E-03        -8.936787E-15
7.418492E-03        -8.904695E-15
7.411828E-03        -8.872799E-15
7.405170E-03        -8.840912E-15
7.398518E-03        -8.809220E-15
7.391872E-03        -8.777629E-15
7.385231E-03        -8.746133E-15
7.378597E-03        -8.714742E-15
7.371969E-03        -8.683451E-15
7.365346E-03        -8.652259E-15
7.358730E-03        -8.621264E-15
7.352120E-03        -8.590278E-15
7.345515E-03        -8.559483E-15
7.338917E-03        -8.528789E-15
7.332324E-03        -8.498103E-15
7.325737E-03        -8.467705E-15
7.319156E-03        -8.437312E-15
7.312581E-03        -8.407019E-15
7.306012E-03        -8.376826E-15
7.299449E-03        -8.346738E-15
7.292892E-03        -8.316842E-15
7.286341E-03        -8.286955E-15
7.279795E-03        -8.257255E-15
7.273256E-03        -8.227569E-15
7.266722E-03        -8.198075E-15
7.260194E-03        -8.168681E-15
7.253672E-03        -8.139384E-15
7.247156E-03        -8.110095E-15
7.240646E-03        -8.081003E-15
7.234142E-03        -8.052012E-15
7.227643E-03        -8.023117E-15
7.221150E-03        -7.994323E-15
7.214663E-03        -7.965629E-15
7.208182E-03        -7.937040E-15
7.201707E-03        -7.908644E-15
7.195238E-03        -7.880253E-15
7.188774E-03        -7.851958E-15
7.182316E-03        -7.823764E-15
7.175864E-03        -7.795671E-15
7.169418E-03        -7.767683E-15
7.162978E-03        -7.739887E-15
7.156543E-03        -7.712092E-15
7.150114E-03        -7.684398E-15
7.143691E-03        -7.656805E-15
7.137274E-03        -7.629317E-15
7.130862E-03        -7.602018E-15
7.124457E-03        -7.574728E-15
7.118057E-03        -7.547535E-15
7.111662E-03        -7.520438E-15
7.105274E-03        -7.493447E-15
7.098891E-03        -7.466553E-15
7.092514E-03        -7.439759E-15
7.086143E-03        -7.413067E-15
7.079777E-03        -7.386472E-15
7.073417E-03        -7.359978E-15
7.067063E-03        -7.333581E-15
7.060715E-03        -7.307194E-15
7.054372E-03        -7.280999E-15
7.048035E-03        -7.254902E-15
7.041703E-03        -7.228810E-15
7.035378E-03        -7.202915E-15
7.029058E-03        -7.177025E-15
7.022743E-03        -7.151325E-15
7.016435E-03        -7.125634E-15
7.010132E-03        -7.100044E-15
7.003835E-03        -7.074648E-15
6.997543E-03        -7.049249E-15
6.991257E-03        -7.023859E-15
6.984977E-03        -6.998667E-15
6.978702E-03        -6.973572E-15
6.972433E-03        -6.948578E-15
6.966169E-03        -6.923678E-15
6.959911E-03        -6.898784E-15
6.953659E-03        -6.873995E-15
6.947413E-03        -6.849399E-15
6.941172E-03        -6.824805E-15
6.934936E-03        -6.800309E-15
6.928707E-03        -6.775918E-15
6.922482E-03        -6.751617E-15
6.916264E-03        -6.727329E-15
6.910051E-03        -6.703231E-15
6.903843E-03        -6.679135E-15
6.897642E-03        -6.655148E-15
6.891445E-03        -6.631347E-15
6.885255E-03        -6.607553E-15
6.879070E-03        -6.583763E-15
6.872890E-03        -6.560167E-15
6.866716E-03        -6.536669E-15
6.860547E-03        -6.513173E-15
6.854385E-03        -6.489783E-15
6.848227E-03        -6.466486E-15
6.842075E-03        -6.443292E-15
6.835929E-03        -6.420195E-15
6.829788E-03        -6.397104E-15
6.823653E-03        -6.374207E-15
6.817523E-03        -6.351312E-15
6.811399E-03        -6.328519E-15
6.805280E-03        -6.305824E-15
6.799167E-03        -6.283227E-15
6.793059E-03        -6.260636E-15
6.786956E-03        -6.238235E-15
6.780860E-03        -6.215844E-15
6.774768E-03        -6.193544E-15
6.768682E-03        -6.171252E-15
6.762602E-03        -6.149156E-15
6.756527E-03        -6.127062E-15
6.750458E-03        -6.105069E-15
6.744393E-03        -6.083171E-15
6.738335E-03        -6.061375E-15
6.732282E-03        -6.039581E-15
6.726234E-03        -6.017886E-15
6.720192E-03        -5.996292E-15
6.714155E-03        -5.974797E-15
6.708123E-03        -5.953397E-15
6.702097E-03        -5.932003E-15
6.696077E-03        -5.910710E-15
6.690062E-03        -5.889516E-15
6.684052E-03        -5.868418E-15
6.678047E-03        -5.847321E-15
6.672048E-03        -5.826326E-15
6.666055E-03        -5.805430E-15
6.660067E-03        -5.784540E-15
6.654084E-03        -5.763841E-15
6.648106E-03        -5.743145E-15
6.642134E-03        -5.722547E-15
6.636167E-03        -5.701955E-15
6.630206E-03        -5.681558E-15
6.624250E-03        -5.661163E-15
6.618299E-03        -5.640864E-15
6.612354E-03        -5.620570E-15
6.606414E-03        -5.600379E-15
6.600479E-03        -5.580376E-15
6.594550E-03        -5.560285E-15
6.588626E-03        -5.540387E-15
6.582708E-03        -5.520495E-15
6.576794E-03        -5.500695E-15
6.570886E-03        -5.480903E-15
6.564983E-03        -5.461301E-15
6.559086E-03        -5.441610E-15
6.553194E-03        -5.422116E-15
6.547307E-03        -5.402717E-15
6.541425E-03        -5.383318E-15
6.535549E-03        -5.363926E-15
6.529678E-03        -5.344728E-15
6.523812E-03        -5.325532E-15
6.517952E-03        -5.306438E-15
6.512097E-03        -5.287441E-15
6.506247E-03        -5.268446E-15
6.500402E-03        -5.249546E-15
6.494563E-03        -5.230652E-15
6.488729E-03        -5.211858E-15
6.482900E-03        -5.193162E-15
6.477076E-03        -5.174563E-15
6.471258E-03        -5.155969E-15
6.465444E-03        -5.137472E-15
6.459636E-03        -5.119074E-15
6.453834E-03        -5.100681E-15
6.448036E-03        -5.082384E-15
6.442244E-03        -5.064187E-15
6.436456E-03        -5.045989E-15
6.430674E-03        -5.027891E-15
6.424898E-03        -5.009798E-15
6.419126E-03        -4.991801E-15
6.413360E-03        -4.973907E-15
6.407598E-03        -4.956106E-15
6.401842E-03        -4.938311E-15
6.396092E-03        -4.920616E-15
6.390346E-03        -4.902919E-15
6.384605E-03        -4.885322E-15
6.378870E-03        -4.867825E-15
6.373140E-03        -4.850330E-15
6.367415E-03        -4.832933E-15
6.361695E-03        -4.815539E-15
6.355980E-03        -4.798338E-15
6.350270E-03        -4.781044E-15
6.344566E-03        -4.763947E-15
6.338866E-03        -4.746847E-15
6.333172E-03        -4.729755E-15
6.327483E-03        -4.712858E-15
6.321799E-03        -4.695959E-15
6.316120E-03        -4.679064E-15
6.310446E-03        -4.662268E-15
6.304777E-03        -4.645569E-15
6.299113E-03        -4.628872E-15
6.293455E-03        -4.612275E-15
6.287801E-03        -4.595678E-15
6.282153E-03        -4.579184E-15
6.276509E-03        -4.562783E-15
6.270871E-03        -4.546388E-15
6.265238E-03        -4.530093E-15
6.259610E-03        -4.513893E-15
6.253987E-03        -4.497600E-15
6.248369E-03        -4.481501E-15
6.242756E-03        -4.465405E-15
6.237148E-03        -4.449407E-15
6.231545E-03        -4.433411E-15
6.225947E-03        -4.417515E-15
6.220354E-03        -4.401716E-15
6.214766E-03        -4.385917E-15
6.209183E-03        -4.370120E-15
6.203605E-03        -4.354424E-15
6.198033E-03        -4.338828E-15
6.192465E-03        -4.323231E-15
6.186902E-03        -4.307734E-15
6.181344E-03        -4.292333E-15
6.175791E-03        -4.276839E-15
6.170244E-03        -4.261542E-15
6.164701E-03        -4.246246E-15
6.159163E-03        -4.231047E-15
6.153630E-03        -4.215848E-15
6.148102E-03        -4.200654E-15
6.142579E-03        -4.185653E-15
6.137061E-03        -4.170559E-15
6.131548E-03        -4.155661E-15
6.126040E-03        -4.140762E-15
6.120537E-03        -4.125866E-15
6.115039E-03        -4.111068E-15
6.109546E-03        -4.096273E-15
6.104057E-03        -4.081575E-15
6.098574E-03        -4.066977E-15
6.093095E-03        -4.052379E-15
6.087622E-03        -4.037882E-15
6.082153E-03        -4.023382E-15
6.076690E-03        -4.008888E-15
6.071231E-03        -3.994491E-15
6.065777E-03        -3.980192E-15
6.060328E-03        -3.965896E-15
6.054884E-03        -3.951697E-15
6.049445E-03        -3.937501E-15
6.044010E-03        -3.923401E-15
6.038581E-03        -3.909303E-15
6.033156E-03        -3.895208E-15
6.027737E-03        -3.881309E-15
6.022322E-03        -3.867314E-15
6.016912E-03        -3.853513E-15
6.011507E-03        -3.839619E-15
6.006107E-03        -3.825919E-15
6.000711E-03        -3.812121E-15
5.995321E-03        -3.798425E-15
5.989935E-03        -3.784826E-15
5.984554E-03        -3.771229E-15
5.979178E-03        -3.757730E-15
5.973807E-03        -3.744234E-15
5.968441E-03        -3.730837E-15
5.963079E-03        -3.717437E-15
5.957722E-03        -3.704039E-15
5.952370E-03        -3.690742E-15
5.947023E-03        -3.677544E-15
5.941681E-03        -3.664346E-15
5.936344E-03        -3.651151E-15
5.931011E-03        -3.638053E-15
5.925683E-03        -3.625054E-15
5.920360E-03        -3.612056E-15
5.915041E-03        -3.599057E-15
5.909728E-03        -3.586160E-15
5.904419E-03        -3.573263E-15
5.899115E-03        -3.560464E-15
5.893816E-03        -3.547668E-15
5.888521E-03        -3.534968E-15
5.883231E-03        -3.522270E-15
5.877946E-03        -3.509672E-15
5.872666E-03        -3.497074E-15
5.867391E-03        -3.484478E-15
5.862120E-03        -3.471979E-15
5.856854E-03        -3.459482E-15
5.851593E-03        -3.447084E-15
5.846336E-03        -3.434686E-15
5.841084E-03        -3.422387E-15
5.835837E-03        -3.410090E-15
5.830595E-03        -3.397892E-15
5.825357E-03        -3.385694E-15
5.820124E-03        -3.373594E-15
5.814896E-03        -3.361399E-15
5.809672E-03        -3.349399E-15
5.804453E-03        -3.337400E-15
5.799239E-03        -3.325404E-15
5.794029E-03        -3.313504E-15
5.788824E-03        -3.301605E-15
5.783624E-03        -3.289708E-15
5.778429E-03        -3.277911E-15
5.773238E-03        -3.266113E-15
5.768052E-03        -3.254415E-15
5.762870E-03        -3.242716E-15
5.757693E-03        -3.231117E-15
5.752521E-03        -3.219519E-15
5.747353E-03        -3.207921E-15
5.742190E-03        -3.196423E-15
5.737032E-03        -3.185023E-15
5.731878E-03        -3.173525E-15
5.726729E-03        -3.162128E-15
5.721585E-03        -3.150830E-15
5.716445E-03        -3.139531E-15
5.711310E-03        -3.128234E-15
5.706179E-03        -3.117034E-15
5.701054E-03        -3.105839E-15
5.695932E-03        -3.094737E-15
5.690815E-03        -3.083540E-15
5.685703E-03        -3.072540E-15
5.680596E-03        -3.061446E-15
5.675493E-03        -3.050545E-15
5.670394E-03        -3.039546E-15
5.665301E-03        -3.028649E-15
5.660211E-03        -3.017750E-15
5.655127E-03        -3.006952E-15
5.650047E-03        -2.996155E-15
5.644971E-03        -2.985454E-15
5.639900E-03        -2.974658E-15
5.634834E-03        -2.964058E-15
5.629772E-03        -2.953360E-15
5.624714E-03        -2.942761E-15
5.619662E-03        -2.932263E-15
5.614613E-03        -2.921665E-15
5.609570E-03        -2.911266E-15
5.604531E-03        -2.900768E-15
5.599496E-03        -2.890369E-15
5.594466E-03        -2.879971E-15
5.589440E-03        -2.869671E-15
5.584419E-03        -2.859373E-15
5.579403E-03        -2.849076E-15
5.574391E-03        -2.838877E-15
5.569383E-03        -2.828679E-15
5.564380E-03        -2.818579E-15
5.559381E-03        -2.808381E-15
5.554387E-03        -2.798381E-15
5.549398E-03        -2.788284E-15
5.544413E-03        -2.778286E-15
5.539432E-03        -2.768287E-15
5.534456E-03        -2.758388E-15
5.529484E-03        -2.748490E-15
5.524517E-03        -2.738690E-15
5.519554E-03        -2.728792E-15
5.514596E-03        -2.718994E-15
5.509642E-03        -2.709294E-15
5.504693E-03        -2.699498E-15
5.499748E-03        -2.689898E-15
5.494807E-03        -2.680199E-15
5.489871E-03        -2.670600E-15
5.484939E-03        -2.661000E-15
5.480012E-03        -2.651403E-15
5.475089E-03        -2.641904E-15
5.470171E-03        -2.632505E-15
5.465257E-03        -2.623007E-15
5.460348E-03        -2.613609E-15
5.455442E-03        -2.604209E-15
5.450542E-03        -2.594911E-15
5.445645E-03        -2.585611E-15
5.440754E-03        -2.576313E-15
5.435866E-03        -2.567014E-15
5.430983E-03        -2.557815E-15
5.426104E-03        -2.548617E-15
5.421230E-03        -2.539518E-15
5.416360E-03        -2.530419E-15
5.411494E-03        -2.521319E-15
5.406633E-03        -2.512222E-15
5.401776E-03        -2.503222E-15
5.396924E-03        -2.494225E-15
5.392075E-03        -2.485324E-15
5.387232E-03        -2.476427E-15
5.382392E-03        -2.467526E-15
5.377557E-03        -2.458628E-15
5.372726E-03        -2.449829E-15
5.367900E-03        -2.441031E-15
5.363078E-03        -2.432331E-15
5.358260E-03        -2.423533E-15
5.353447E-03        -2.414835E-15
5.348638E-03        -2.406235E-15
5.343833E-03        -2.397536E-15
5.339032E-03        -2.388936E-15
5.334236E-03        -2.380338E-15
5.329444E-03        -2.371839E-15
5.324657E-03        -2.363340E-15
5.319874E-03        -2.354842E-15
5.315095E-03        -2.346442E-15
5.310320E-03        -2.337943E-15
5.305550E-03        -2.329545E-15
5.300784E-03        -2.321246E-15
5.296022E-03        -2.312847E-15
5.291264E-03        -2.304647E-15
5.286511E-03        -2.296348E-15
5.281762E-03        -2.288049E-15
5.277018E-03        -2.279851E-15
5.272277E-03        -2.271652E-15
5.267541E-03        -2.263553E-15
5.262809E-03        -2.255454E-15
5.258081E-03        -2.247354E-15
5.253358E-03        -2.239256E-15
5.248639E-03        -2.231257E-15
5.243924E-03        -2.223258E-15
5.239213E-03        -2.215258E-15
5.234507E-03        -2.207260E-15
5.229804E-03        -2.199360E-15
5.225106E-03        -2.191461E-15
5.220413E-03        -2.183663E-15
5.215723E-03        -2.175763E-15
5.211038E-03        -2.167964E-15
5.206357E-03        -2.160166E-15
5.201680E-03        -2.152467E-15
5.197007E-03        -2.144767E-15
5.192338E-03        -2.137067E-15
5.187674E-03        -2.129368E-15
5.183014E-03        -2.121670E-15
5.178358E-03        -2.114071E-15
5.173706E-03        -2.106471E-15
5.169058E-03        -2.098972E-15
5.164415E-03        -2.091473E-15
5.159776E-03        -2.083875E-15
5.155141E-03        -2.076475E-15
5.150510E-03        -2.068976E-15
5.145883E-03        -2.061577E-15
5.141260E-03        -2.054177E-15
5.136642E-03        -2.046779E-15
5.132027E-03        -2.039478E-15
5.127417E-03        -2.032179E-15
5.122811E-03        -2.024880E-15
5.118209E-03        -2.017581E-15
5.113611E-03        -2.010381E-15
5.109018E-03        -2.003083E-15
5.104428E-03        -1.995983E-15
5.099843E-03        -1.988784E-15
5.095262E-03        -1.981685E-15
5.090685E-03        -1.974487E-15
5.086111E-03        -1.967486E-15
5.081543E-03        -1.960388E-15
5.076978E-03        -1.953389E-15
5.072417E-03        -1.946389E-15
5.067860E-03        -1.939389E-15
5.063308E-03        -1.932391E-15
5.058759E-03        -1.925490E-15
5.054215E-03        -1.918592E-15
5.049675E-03        -1.911693E-15
5.045139E-03        -1.904794E-15
5.040606E-03        -1.897993E-15
5.036078E-03        -1.891194E-15
5.031554E-03        -1.884395E-15
5.027034E-03        -1.877595E-15
5.022519E-03        -1.870897E-15
5.018007E-03        -1.864198E-15
5.013499E-03        -1.857498E-15
5.008995E-03        -1.850798E-15
5.004496E-03        -1.844200E-15
5.000000E-03        -1.837500E-15
