# Source: NUDEC_BSM v2 (https://github.com/MiguelEA/nudec_BSM/tree/v2)
# Escudero, Jackson, Laine, Sandner, arXiv:2511.04747 (2025)
# me = 0.51099895 MeV, alpha = 1/137.035999084
# T (MeV)           d^2P_int/dT^2 (e^4) [MeV^2]
4.000000E+01        -2.904300E-01
3.996407E+01        -2.898701E-01
3.992817E+01        -2.893102E-01
3.989230E+01        -2.887402E-01
3.985646E+01        -2.881802E-01
3.982066E+01        -2.876203E-01
3.978489E+01        -2.870704E-01
3.974915E+01        -2.865104E-01
3.971344E+01        -2.859504E-01
3.967777E+01        -2.854006E-01
3.964212E+01        -2.848405E-01
3.960651E+01        -2.842906E-01
3.957093E+01        -2.837406E-01
3.953539E+01        -2.831908E-01
3.949987E+01        -2.826408E-01
3.946439E+01        -2.820909E-01
3.942894E+01        -2.815410E-01
3.939352E+01        -2.809910E-01
3.935813E+01        -2.804410E-01
3.932277E+01        -2.799010E-01
3.928745E+01        -2.793611E-01
3.925215E+01        -2.788111E-01
3.921689E+01        -2.782711E-01
3.918166E+01        -2.777312E-01
3.914647E+01        -2.771913E-01
3.911130E+01        -2.766513E-01
3.907617E+01        -2.761214E-01
3.904106E+01        -2.755814E-01
3.900599E+01        -2.750415E-01
3.897095E+01        -2.745115E-01
3.893595E+01        -2.739817E-01
3.890097E+01        -2.734417E-01
3.886602E+01        -2.729116E-01
3.883111E+01        -2.723818E-01
3.879623E+01        -2.718519E-01
3.876138E+01        -2.713219E-01
3.872656E+01        -2.708019E-01
3.869177E+01        -2.702720E-01
3.865701E+01        -2.697520E-01
3.862228E+01        -2.692220E-01
3.858759E+01        -2.687021E-01
3.855292E+01        -2.681821E-01
3.851829E+01        -2.676522E-01
3.848369E+01        -2.671422E-01
3.844912E+01        -2.666223E-01
3.841458E+01        -2.661023E-01
3.838007E+01        -2.655824E-01
3.834559E+01        -2.650624E-01
3.831115E+01        -2.645525E-01
3.827673E+01        -2.640425E-01
3.824235E+01        -2.635226E-01
3.820799E+01        -2.630125E-01
3.817367E+01        -2.625026E-01
3.813938E+01        -2.619927E-01
3.810512E+01        -2.614828E-01
3.807089E+01        -2.609728E-01
3.803669E+01        -2.604728E-01
3.800252E+01        -2.599629E-01
3.796838E+01        -2.594530E-01
3.793427E+01        -2.589529E-01
3.790020E+01        -2.584531E-01
3.786615E+01        -2.579431E-01
3.783213E+01        -2.574430E-01
3.779815E+01        -2.569432E-01
3.776419E+01        -2.564431E-01
3.773027E+01        -2.559433E-01
3.769638E+01        -2.554533E-01
3.766251E+01        -2.549533E-01
3.762868E+01        -2.544534E-01
3.759488E+01        -2.539634E-01
3.756111E+01        -2.534735E-01
3.752736E+01        -2.529735E-01
3.749365E+01        -2.524835E-01
3.745997E+01        -2.519936E-01
3.742632E+01        -2.515036E-01
3.739270E+01        -2.510137E-01
3.735911E+01        -2.505237E-01
3.732555E+01        -2.500437E-01
3.729202E+01        -2.495538E-01
3.725852E+01        -2.490738E-01
3.722505E+01        -2.485839E-01
3.719161E+01        -2.481039E-01
3.715820E+01        -2.476240E-01
3.712482E+01        -2.471341E-01
3.709147E+01        -2.466540E-01
3.705815E+01        -2.461741E-01
3.702486E+01        -2.457040E-01
3.699160E+01        -2.452242E-01
3.695837E+01        -2.447442E-01
3.692517E+01        -2.442742E-01
3.689200E+01        -2.437943E-01
3.685886E+01        -2.433243E-01
3.682575E+01        -2.428445E-01
3.679267E+01        -2.423744E-01
3.675961E+01        -2.419044E-01
3.672659E+01        -2.414344E-01
3.669360E+01        -2.409645E-01
3.666064E+01        -2.404946E-01
3.662771E+01        -2.400247E-01
3.659480E+01        -2.395645E-01
3.656193E+01        -2.390947E-01
3.652908E+01        -2.386346E-01
3.649627E+01        -2.381648E-01
3.646348E+01        -2.377047E-01
3.643073E+01        -2.372448E-01
3.639800E+01        -2.367848E-01
3.636531E+01        -2.363249E-01
3.633264E+01        -2.358649E-01
3.630000E+01        -2.354050E-01
3.626739E+01        -2.349450E-01
3.623481E+01        -2.344850E-01
3.620226E+01        -2.340350E-01
3.616974E+01        -2.335752E-01
3.613725E+01        -2.331251E-01
3.610479E+01        -2.326653E-01
3.607235E+01        -2.322151E-01
3.603995E+01        -2.317653E-01
3.600757E+01        -2.313152E-01
3.597523E+01        -2.308654E-01
3.594291E+01        -2.304154E-01
3.591062E+01        -2.299654E-01
3.587836E+01        -2.295154E-01
3.584613E+01        -2.290753E-01
3.581393E+01        -2.286255E-01
3.578176E+01        -2.281855E-01
3.574961E+01        -2.277356E-01
3.571750E+01        -2.272955E-01
3.568541E+01        -2.268555E-01
3.565336E+01        -2.264157E-01
3.562133E+01        -2.259757E-01
3.558933E+01        -2.255357E-01
3.555736E+01        -2.250958E-01
3.552542E+01        -2.246558E-01
3.549351E+01        -2.242159E-01
3.546162E+01        -2.237857E-01
3.542977E+01        -2.233460E-01
3.539794E+01        -2.229159E-01
3.536614E+01        -2.224859E-01
3.533437E+01        -2.220461E-01
3.530263E+01        -2.216160E-01
3.527092E+01        -2.211861E-01
3.523923E+01        -2.207560E-01
3.520758E+01        -2.203262E-01
3.517595E+01        -2.198962E-01
3.514435E+01        -2.194662E-01
3.511278E+01        -2.190461E-01
3.508124E+01        -2.186163E-01
3.504972E+01        -2.181863E-01
3.501824E+01        -2.177663E-01
3.498678E+01        -2.173463E-01
3.495535E+01        -2.169165E-01
3.492395E+01        -2.164964E-01
3.489258E+01        -2.160764E-01
3.486123E+01        -2.156564E-01
3.482991E+01        -2.152364E-01
3.479863E+01        -2.148166E-01
3.476737E+01        -2.143966E-01
3.473613E+01        -2.139864E-01
3.470493E+01        -2.135666E-01
3.467375E+01        -2.131466E-01
3.464261E+01        -2.127366E-01
3.461149E+01        -2.123267E-01
3.458039E+01        -2.119067E-01
3.454933E+01        -2.114967E-01
3.451829E+01        -2.110867E-01
3.448729E+01        -2.106768E-01
3.445630E+01        -2.102667E-01
3.442535E+01        -2.098568E-01
3.439443E+01        -2.094469E-01
3.436353E+01        -2.090369E-01
3.433266E+01        -2.086368E-01
3.430182E+01        -2.082270E-01
3.427101E+01        -2.078171E-01
3.424022E+01        -2.074169E-01
3.420946E+01        -2.070169E-01
3.417873E+01        -2.066072E-01
3.414803E+01        -2.062071E-01
3.411735E+01        -2.058071E-01
3.408670E+01        -2.054071E-01
3.405608E+01        -2.050071E-01
3.402549E+01        -2.046072E-01
3.399492E+01        -2.042072E-01
3.396438E+01        -2.038170E-01
3.393387E+01        -2.034173E-01
3.390339E+01        -2.030173E-01
3.387293E+01        -2.026271E-01
3.384251E+01        -2.022275E-01
3.381210E+01        -2.018372E-01
3.378173E+01        -2.014473E-01
3.375138E+01        -2.010573E-01
3.372106E+01        -2.006575E-01
3.369077E+01        -2.002674E-01
3.366051E+01        -1.998775E-01
3.363027E+01        -1.994875E-01
3.360006E+01        -1.991074E-01
3.356988E+01        -1.987176E-01
3.353972E+01        -1.983276E-01
3.350959E+01        -1.979377E-01
3.347949E+01        -1.975575E-01
3.344941E+01        -1.971775E-01
3.341936E+01        -1.967877E-01
3.338934E+01        -1.964076E-01
3.335935E+01        -1.960277E-01
3.332938E+01        -1.956477E-01
3.329944E+01        -1.952579E-01
3.326953E+01        -1.948778E-01
3.323964E+01        -1.944978E-01
3.320978E+01        -1.941276E-01
3.317995E+01        -1.937479E-01
3.315014E+01        -1.933679E-01
3.312036E+01        -1.929879E-01
3.309061E+01        -1.926178E-01
3.306089E+01        -1.922381E-01
3.303119E+01        -1.918679E-01
3.300151E+01        -1.914881E-01
3.297187E+01        -1.911180E-01
3.294225E+01        -1.907480E-01
3.291266E+01        -1.903781E-01
3.288309E+01        -1.900081E-01
3.285355E+01        -1.896381E-01
3.282404E+01        -1.892682E-01
3.279455E+01        -1.888981E-01
3.276509E+01        -1.885282E-01
3.273566E+01        -1.881680E-01
3.270625E+01        -1.877983E-01
3.267687E+01        -1.874283E-01
3.264752E+01        -1.870682E-01
3.261819E+01        -1.866984E-01
3.258889E+01        -1.863382E-01
3.255961E+01        -1.859782E-01
3.253036E+01        -1.856182E-01
3.250114E+01        -1.852485E-01
3.247195E+01        -1.848884E-01
3.244278E+01        -1.845284E-01
3.241363E+01        -1.841684E-01
3.238451E+01        -1.838084E-01
3.235542E+01        -1.834582E-01
3.232636E+01        -1.830986E-01
3.229732E+01        -1.827386E-01
3.226830E+01        -1.823883E-01
3.223932E+01        -1.820287E-01
3.221036E+01        -1.816785E-01
3.218142E+01        -1.813187E-01
3.215251E+01        -1.809685E-01
3.212363E+01        -1.806185E-01
3.209477E+01        -1.802685E-01
3.206594E+01        -1.799186E-01
3.203713E+01        -1.795588E-01
3.200836E+01        -1.792185E-01
3.197960E+01        -1.788687E-01
3.195087E+01        -1.785187E-01
3.192217E+01        -1.781688E-01
3.189350E+01        -1.778189E-01
3.186485E+01        -1.774786E-01
3.183622E+01        -1.771289E-01
3.180762E+01        -1.767886E-01
3.177905E+01        -1.764390E-01
3.175050E+01        -1.760987E-01
3.172198E+01        -1.757588E-01
3.169348E+01        -1.754090E-01
3.166501E+01        -1.750688E-01
3.163657E+01        -1.747289E-01
3.160815E+01        -1.743889E-01
3.157975E+01        -1.740489E-01
3.155138E+01        -1.737089E-01
3.152304E+01        -1.733690E-01
3.149472E+01        -1.730290E-01
3.146643E+01        -1.726988E-01
3.143816E+01        -1.723591E-01
3.140992E+01        -1.720288E-01
3.138171E+01        -1.716892E-01
3.135352E+01        -1.713493E-01
3.132535E+01        -1.710190E-01
3.129721E+01        -1.706890E-01
3.126910E+01        -1.703591E-01
3.124101E+01        -1.700194E-01
3.121294E+01        -1.696891E-01
3.118490E+01        -1.693591E-01
3.115689E+01        -1.690292E-01
3.112890E+01        -1.686992E-01
3.110094E+01        -1.683693E-01
3.107300E+01        -1.680490E-01
3.104509E+01        -1.677194E-01
3.101720E+01        -1.673894E-01
3.098933E+01        -1.670690E-01
3.096150E+01        -1.667395E-01
3.093368E+01        -1.664094E-01
3.090589E+01        -1.660891E-01
3.087813E+01        -1.657692E-01
3.085039E+01        -1.654395E-01
3.082268E+01        -1.651193E-01
3.079499E+01        -1.647993E-01
3.076733E+01        -1.644794E-01
3.073969E+01        -1.641594E-01
3.071207E+01        -1.638394E-01
3.068448E+01        -1.635194E-01
3.065692E+01        -1.631995E-01
3.062938E+01        -1.628795E-01
3.060187E+01        -1.625693E-01
3.057438E+01        -1.622496E-01
3.054691E+01        -1.619296E-01
3.051947E+01        -1.616193E-01
3.049205E+01        -1.612996E-01
3.046466E+01        -1.609894E-01
3.043730E+01        -1.606698E-01
3.040995E+01        -1.603594E-01
3.038264E+01        -1.600495E-01
3.035534E+01        -1.597395E-01
3.032807E+01        -1.594198E-01
3.030083E+01        -1.591096E-01
3.027361E+01        -1.587996E-01
3.024641E+01        -1.584896E-01
3.021924E+01        -1.581796E-01
3.019210E+01        -1.578794E-01
3.016497E+01        -1.575697E-01
3.013788E+01        -1.572598E-01
3.011080E+01        -1.569594E-01
3.008375E+01        -1.566498E-01
3.005673E+01        -1.563398E-01
3.002973E+01        -1.560396E-01
3.000275E+01        -1.557299E-01
2.997580E+01        -1.554296E-01
2.994887E+01        -1.551296E-01
2.992197E+01        -1.548297E-01
2.989509E+01        -1.545200E-01
2.986824E+01        -1.542198E-01
2.984140E+01        -1.539197E-01
2.981460E+01        -1.536198E-01
2.978781E+01        -1.533198E-01
2.976106E+01        -1.530199E-01
2.973432E+01        -1.527199E-01
2.970761E+01        -1.524296E-01
2.968092E+01        -1.521299E-01
2.965426E+01        -1.518300E-01
2.962762E+01        -1.515397E-01
2.960101E+01        -1.512401E-01
2.957442E+01        -1.509498E-01
2.954785E+01        -1.506501E-01
2.952130E+01        -1.503597E-01
2.949479E+01        -1.500602E-01
2.946829E+01        -1.497699E-01
2.944182E+01        -1.494799E-01
2.941537E+01        -1.491899E-01
2.938895E+01        -1.489000E-01
2.936255E+01        -1.486100E-01
2.933617E+01        -1.483200E-01
2.930982E+01        -1.480301E-01
2.928349E+01        -1.477401E-01
2.925718E+01        -1.474501E-01
2.923090E+01        -1.471698E-01
2.920464E+01        -1.468802E-01
2.917840E+01        -1.465901E-01
2.915219E+01        -1.463098E-01
2.912600E+01        -1.460202E-01
2.909984E+01        -1.457303E-01
2.907370E+01        -1.454499E-01
2.904758E+01        -1.451699E-01
2.902149E+01        -1.448804E-01
2.899542E+01        -1.446000E-01
2.896937E+01        -1.443200E-01
2.894335E+01        -1.440401E-01
2.891735E+01        -1.437601E-01
2.889137E+01        -1.434801E-01
2.886542E+01        -1.432002E-01
2.883949E+01        -1.429202E-01
2.881358E+01        -1.426402E-01
2.878770E+01        -1.423603E-01
2.876183E+01        -1.420802E-01
2.873600E+01        -1.418100E-01
2.871018E+01        -1.415303E-01
2.868439E+01        -1.412503E-01
2.865863E+01        -1.409801E-01
2.863288E+01        -1.407004E-01
2.860716E+01        -1.404301E-01
2.858146E+01        -1.401505E-01
2.855579E+01        -1.398802E-01
2.853013E+01        -1.396101E-01
2.850450E+01        -1.393401E-01
2.847890E+01        -1.390606E-01
2.845332E+01        -1.387903E-01
2.842776E+01        -1.385203E-01
2.840222E+01        -1.382503E-01
2.837670E+01        -1.379803E-01
2.835121E+01        -1.377103E-01
2.832574E+01        -1.374403E-01
2.830030E+01        -1.371800E-01
2.827488E+01        -1.369104E-01
2.824948E+01        -1.366405E-01
2.822410E+01        -1.363705E-01
2.819875E+01        -1.361101E-01
2.817341E+01        -1.358405E-01
2.814811E+01        -1.355802E-01
2.812282E+01        -1.353106E-01
2.809756E+01        -1.350502E-01
2.807232E+01        -1.347903E-01
2.804710E+01        -1.345207E-01
2.802190E+01        -1.342603E-01
2.799673E+01        -1.340003E-01
2.797158E+01        -1.337403E-01
2.794645E+01        -1.334803E-01
2.792135E+01        -1.332108E-01
2.789627E+01        -1.329601E-01
2.787121E+01        -1.327005E-01
2.784617E+01        -1.324405E-01
2.782116E+01        -1.321805E-01
2.779616E+01        -1.319205E-01
2.777119E+01        -1.316605E-01
2.774625E+01        -1.314102E-01
2.772132E+01        -1.311506E-01
2.769642E+01        -1.308906E-01
2.767154E+01        -1.306403E-01
2.764668E+01        -1.303807E-01
2.762184E+01        -1.301302E-01
2.759703E+01        -1.298803E-01
2.757224E+01        -1.296207E-01
2.754747E+01        -1.293703E-01
2.752273E+01        -1.291204E-01
2.749800E+01        -1.288608E-01
2.747330E+01        -1.286104E-01
2.744862E+01        -1.283605E-01
2.742396E+01        -1.281105E-01
2.739933E+01        -1.278605E-01
2.737471E+01        -1.276105E-01
2.735012E+01        -1.273605E-01
2.732555E+01        -1.271105E-01
2.730101E+01        -1.268606E-01
2.727648E+01        -1.266202E-01
2.725198E+01        -1.263707E-01
2.722750E+01        -1.261207E-01
2.720304E+01        -1.258803E-01
2.717860E+01        -1.256307E-01
2.715419E+01        -1.253904E-01
2.712979E+01        -1.251407E-01
2.710542E+01        -1.249003E-01
2.708107E+01        -1.246508E-01
2.705675E+01        -1.244105E-01
2.703244E+01        -1.241704E-01
2.700816E+01        -1.239209E-01
2.698390E+01        -1.236805E-01
2.695966E+01        -1.234406E-01
2.693544E+01        -1.232006E-01
2.691124E+01        -1.229606E-01
2.688707E+01        -1.227206E-01
2.686291E+01        -1.224806E-01
2.683878E+01        -1.222406E-01
2.681467E+01        -1.220007E-01
2.679058E+01        -1.217702E-01
2.676652E+01        -1.215307E-01
2.674247E+01        -1.212907E-01
2.671845E+01        -1.210508E-01
2.669445E+01        -1.208204E-01
2.667047E+01        -1.205808E-01
2.664651E+01        -1.203408E-01
2.662257E+01        -1.201104E-01
2.659866E+01        -1.198805E-01
2.657476E+01        -1.196409E-01
2.655089E+01        -1.194105E-01
2.652704E+01        -1.191710E-01
2.650321E+01        -1.189405E-01
2.647940E+01        -1.187105E-01
2.645561E+01        -1.184805E-01
2.643185E+01        -1.182506E-01
2.640810E+01        -1.180206E-01
2.638438E+01        -1.177906E-01
2.636068E+01        -1.175511E-01
2.633700E+01        -1.173302E-01
2.631334E+01        -1.171007E-01
2.628970E+01        -1.168707E-01
2.626609E+01        -1.166408E-01
2.624249E+01        -1.164108E-01
2.621892E+01        -1.161808E-01
2.619536E+01        -1.159603E-01
2.617183E+01        -1.157308E-01
2.614832E+01        -1.155104E-01
2.612483E+01        -1.152809E-01
2.610136E+01        -1.150509E-01
2.607792E+01        -1.148305E-01
2.605449E+01        -1.146105E-01
2.603109E+01        -1.143810E-01
2.600770E+01        -1.141605E-01
2.598434E+01        -1.139310E-01
2.596100E+01        -1.137106E-01
2.593768E+01        -1.134906E-01
2.591438E+01        -1.132707E-01
2.589110E+01        -1.130507E-01
2.586784E+01        -1.128307E-01
2.584460E+01        -1.126107E-01
2.582138E+01        -1.123907E-01
2.579819E+01        -1.121707E-01
2.577501E+01        -1.119507E-01
2.575186E+01        -1.117308E-01
2.572873E+01        -1.115108E-01
2.570561E+01        -1.112908E-01
2.568252E+01        -1.110708E-01
2.565945E+01        -1.108604E-01
2.563640E+01        -1.106409E-01
2.561337E+01        -1.104209E-01
2.559036E+01        -1.102104E-01
2.556737E+01        -1.099909E-01
2.554441E+01        -1.097805E-01
2.552146E+01        -1.095610E-01
2.549853E+01        -1.093505E-01
2.547563E+01        -1.091406E-01
2.545274E+01        -1.089210E-01
2.542988E+01        -1.087106E-01
2.540703E+01        -1.085006E-01
2.538421E+01        -1.082906E-01
2.536141E+01        -1.080712E-01
2.533862E+01        -1.078606E-01
2.531586E+01        -1.076507E-01
2.529312E+01        -1.074407E-01
2.527040E+01        -1.072307E-01
2.524770E+01        -1.070208E-01
2.522502E+01        -1.068108E-01
2.520236E+01        -1.066008E-01
2.517972E+01        -1.064003E-01
2.515710E+01        -1.061908E-01
2.513450E+01        -1.059809E-01
2.511192E+01        -1.057709E-01
2.508936E+01        -1.055704E-01
2.506682E+01        -1.053609E-01
2.504431E+01        -1.051604E-01
2.502181E+01        -1.049510E-01
2.499933E+01        -1.047410E-01
2.497687E+01        -1.045404E-01
2.495444E+01        -1.043405E-01
2.493202E+01        -1.041310E-01
2.490962E+01        -1.039305E-01
2.488725E+01        -1.037306E-01
2.486489E+01        -1.035211E-01
2.484255E+01        -1.033206E-01
2.482024E+01        -1.031206E-01
2.479794E+01        -1.029206E-01
2.477566E+01        -1.027206E-01
2.475341E+01        -1.025112E-01
2.473117E+01        -1.023107E-01
2.470895E+01        -1.021107E-01
2.468676E+01        -1.019107E-01
2.466458E+01        -1.017202E-01
2.464242E+01        -1.015207E-01
2.462029E+01        -1.013208E-01
2.459817E+01        -1.011208E-01
2.457607E+01        -1.009208E-01
2.455400E+01        -1.007209E-01
2.453194E+01        -1.005303E-01
2.450990E+01        -1.003309E-01
2.448789E+01        -1.001404E-01
2.446589E+01        -9.994096E-02
2.444391E+01        -9.974568E-02
2.442195E+01        -9.955069E-02
2.440001E+01        -9.935570E-02
2.437809E+01        -9.916165E-02
2.435619E+01        -9.896766E-02
2.433431E+01        -9.877368E-02
2.431245E+01        -9.858064E-02
2.429061E+01        -9.838861E-02
2.426879E+01        -9.819569E-02
2.424699E+01        -9.800366E-02
2.422521E+01        -9.781169E-02
2.420345E+01        -9.762067E-02
2.418171E+01        -9.742971E-02
2.415998E+01        -9.723961E-02
2.413828E+01        -9.704966E-02
2.411660E+01        -9.685971E-02
2.409493E+01        -9.667063E-02
2.407329E+01        -9.648169E-02
2.405166E+01        -9.629267E-02
2.403006E+01        -9.610468E-02
2.400847E+01        -9.591667E-02
2.398690E+01        -9.572866E-02
2.396535E+01        -9.554161E-02
2.394383E+01        -9.535470E-02
2.392232E+01        -9.516865E-02
2.390083E+01        -9.498267E-02
2.387936E+01        -9.479669E-02
2.385791E+01        -9.461072E-02
2.383647E+01        -9.442561E-02
2.381506E+01        -9.424160E-02
2.379367E+01        -9.405670E-02
2.377229E+01        -9.387261E-02
2.375094E+01        -9.368962E-02
2.372960E+01        -9.350566E-02
2.370829E+01        -9.332362E-02
2.368699E+01        -9.314067E-02
2.366571E+01        -9.295862E-02
2.364445E+01        -9.277663E-02
2.362321E+01        -9.259559E-02
2.360199E+01        -9.241368E-02
2.358079E+01        -9.223360E-02
2.355960E+01        -9.205261E-02
2.353844E+01        -9.187261E-02
2.351730E+01        -9.169361E-02
2.349617E+01        -9.151365E-02
2.347506E+01        -9.133458E-02
2.345397E+01        -9.115653E-02
2.343291E+01        -9.097768E-02
2.341186E+01        -9.079964E-02
2.339082E+01        -9.062252E-02
2.336981E+01        -9.044462E-02
2.334882E+01        -9.026761E-02
2.332784E+01        -9.009152E-02
2.330689E+01        -8.991465E-02
2.328595E+01        -8.973952E-02
2.326503E+01        -8.956358E-02
2.324413E+01        -8.938853E-02
2.322325E+01        -8.921356E-02
2.320239E+01        -8.903859E-02
2.318155E+01        -8.886457E-02
2.316072E+01        -8.869054E-02
2.313992E+01        -8.851754E-02
2.311913E+01        -8.834454E-02
2.309836E+01        -8.817154E-02
2.307761E+01        -8.799855E-02
2.305688E+01        -8.782652E-02
2.303617E+01        -8.765455E-02
2.301548E+01        -8.748354E-02
2.299480E+01        -8.731252E-02
2.297414E+01        -8.714151E-02
2.295351E+01        -8.697059E-02
2.293289E+01        -8.680054E-02
2.291229E+01        -8.663057E-02
2.289170E+01        -8.646146E-02
2.287114E+01        -8.629157E-02
2.285059E+01        -8.612249E-02
2.283007E+01        -8.595450E-02
2.280956E+01        -8.578651E-02
2.278907E+01        -8.561853E-02
2.276860E+01        -8.545056E-02
2.274814E+01        -8.528346E-02
2.272771E+01        -8.511652E-02
2.270729E+01        -8.495044E-02
2.268689E+01        -8.478351E-02
2.266651E+01        -8.461746E-02
2.264615E+01        -8.445243E-02
2.262581E+01        -8.428747E-02
2.260548E+01        -8.412245E-02
2.258518E+01        -8.395752E-02
2.256489E+01        -8.379253E-02
2.254462E+01        -8.362848E-02
2.252436E+01        -8.346537E-02
2.250413E+01        -8.330242E-02
2.248391E+01        -8.313847E-02
2.246372E+01        -8.297642E-02
2.244354E+01        -8.281349E-02
2.242338E+01        -8.265146E-02
2.240323E+01        -8.248942E-02
2.238311E+01        -8.232841E-02
2.236300E+01        -8.216740E-02
2.234291E+01        -8.200641E-02
2.232284E+01        -8.184544E-02
2.230279E+01        -8.168541E-02
2.228275E+01        -8.152539E-02
2.226274E+01        -8.136639E-02
2.224274E+01        -8.120647E-02
2.222276E+01        -8.104743E-02
2.220279E+01        -8.088932E-02
2.218285E+01        -8.073044E-02
2.216292E+01        -8.057237E-02
2.214301E+01        -8.041532E-02
2.212312E+01        -8.025741E-02
2.210325E+01        -8.010039E-02
2.208339E+01        -7.994337E-02
2.206355E+01        -7.978730E-02
2.204373E+01        -7.963038E-02
2.202393E+01        -7.947435E-02
2.200415E+01        -7.931933E-02
2.198438E+01        -7.916432E-02
2.196463E+01        -7.900840E-02
2.194490E+01        -7.885429E-02
2.192519E+01        -7.869940E-02
2.190549E+01        -7.854531E-02
2.188581E+01        -7.839225E-02
2.186615E+01        -7.823833E-02
2.184651E+01        -7.808530E-02
2.182688E+01        -7.793228E-02
2.180728E+01        -7.777935E-02
2.178769E+01        -7.762730E-02
2.176811E+01        -7.747525E-02
2.174856E+01        -7.732330E-02
2.172902E+01        -7.717223E-02
2.170950E+01        -7.702124E-02
2.169000E+01        -7.687027E-02
2.167052E+01        -7.671932E-02
2.165105E+01        -7.656924E-02
2.163160E+01        -7.641925E-02
2.161217E+01        -7.626928E-02
2.159275E+01        -7.612019E-02
2.157336E+01        -7.597126E-02
2.155398E+01        -7.582227E-02
2.153461E+01        -7.567323E-02
2.151527E+01        -7.552521E-02
2.149594E+01        -7.537721E-02
2.147663E+01        -7.523015E-02
2.145734E+01        -7.508226E-02
2.143806E+01        -7.493517E-02
2.141881E+01        -7.478825E-02
2.139956E+01        -7.464212E-02
2.138034E+01        -7.449616E-02
2.136113E+01        -7.435015E-02
2.134195E+01        -7.420423E-02
2.132277E+01        -7.405911E-02
2.130362E+01        -7.391416E-02
2.128448E+01        -7.376916E-02
2.126536E+01        -7.362417E-02
2.124626E+01        -7.348014E-02
2.122717E+01        -7.333612E-02
2.120810E+01        -7.319306E-02
2.118905E+01        -7.304916E-02
2.117002E+01        -7.290613E-02
2.115100E+01        -7.276313E-02
2.113200E+01        -7.262107E-02
2.111302E+01        -7.247818E-02
2.109405E+01        -7.233610E-02
2.107510E+01        -7.219503E-02
2.105617E+01        -7.205313E-02
2.103725E+01        -7.191204E-02
2.101836E+01        -7.177111E-02
2.099948E+01        -7.163107E-02
2.098061E+01        -7.149011E-02
2.096176E+01        -7.135003E-02
2.094293E+01        -7.121005E-02
2.092412E+01        -7.107101E-02
2.090532E+01        -7.093107E-02
2.088654E+01        -7.079201E-02
2.086778E+01        -7.065397E-02
2.084904E+01        -7.051510E-02
2.083031E+01        -7.037704E-02
2.081159E+01        -7.023899E-02
2.079290E+01        -7.010197E-02
2.077422E+01        -6.996405E-02
2.075556E+01        -6.982700E-02
2.073691E+01        -6.968998E-02
2.071829E+01        -6.955398E-02
2.069967E+01        -6.941701E-02
2.068108E+01        -6.928098E-02
2.066250E+01        -6.914591E-02
2.064394E+01        -6.901001E-02
2.062539E+01        -6.887491E-02
2.060687E+01        -6.873998E-02
2.058835E+01        -6.860493E-02
2.056986E+01        -6.846998E-02
2.055138E+01        -6.833591E-02
2.053292E+01        -6.820193E-02
2.051447E+01        -6.806884E-02
2.049605E+01        -6.793499E-02
2.047763E+01        -6.780187E-02
2.045924E+01        -6.766892E-02
2.044086E+01        -6.753685E-02
2.042250E+01        -6.740395E-02
2.040415E+01        -6.727186E-02
2.038582E+01        -6.713987E-02
2.036751E+01        -6.700883E-02
2.034921E+01        -6.687689E-02
2.033093E+01        -6.674583E-02
2.031267E+01        -6.661487E-02
2.029442E+01        -6.648479E-02
2.027619E+01        -6.635388E-02
2.025798E+01        -6.622385E-02
2.023978E+01        -6.609385E-02
2.022160E+01        -6.596480E-02
2.020343E+01        -6.583486E-02
2.018528E+01        -6.570579E-02
2.016715E+01        -6.557774E-02
2.014903E+01        -6.544881E-02
2.013093E+01        -6.532074E-02
2.011285E+01        -6.519279E-02
2.009478E+01        -6.506478E-02
2.007673E+01        -6.493681E-02
2.005870E+01        -6.480978E-02
2.004068E+01        -6.468278E-02
2.002267E+01        -6.455575E-02
2.000469E+01        -6.442881E-02
1.998672E+01        -6.430275E-02
1.996876E+01        -6.417672E-02
1.995082E+01        -6.405072E-02
1.993290E+01        -6.392475E-02
1.991500E+01        -6.379972E-02
1.989711E+01        -6.367474E-02
1.987923E+01        -6.354971E-02
1.986137E+01        -6.342470E-02
1.984353E+01        -6.330065E-02
1.982571E+01        -6.317670E-02
1.980790E+01        -6.305271E-02
1.979010E+01        -6.292868E-02
1.977232E+01        -6.280560E-02
1.975456E+01        -6.268263E-02
1.973682E+01        -6.255968E-02
1.971909E+01        -6.243669E-02
1.970137E+01        -6.231458E-02
1.968368E+01        -6.219265E-02
1.966599E+01        -6.206969E-02
1.964833E+01        -6.194858E-02
1.963068E+01        -6.182668E-02
1.961304E+01        -6.170557E-02
1.959542E+01        -6.158458E-02
1.957782E+01        -6.146361E-02
1.956023E+01        -6.134352E-02
1.954266E+01        -6.122262E-02
1.952511E+01        -6.110259E-02
1.950757E+01        -6.098260E-02
1.949004E+01        -6.086349E-02
1.947253E+01        -6.074357E-02
1.945504E+01        -6.062452E-02
1.943757E+01        -6.050558E-02
1.942010E+01        -6.038653E-02
1.940266E+01        -6.026850E-02
1.938523E+01        -6.015051E-02
1.936782E+01        -6.003255E-02
1.935042E+01        -5.991455E-02
1.933303E+01        -5.979651E-02
1.931567E+01        -5.967949E-02
1.929832E+01        -5.956251E-02
1.928098E+01        -5.944550E-02
1.926366E+01        -5.932851E-02
1.924635E+01        -5.921241E-02
1.922906E+01        -5.909641E-02
1.921179E+01        -5.898045E-02
1.919453E+01        -5.886445E-02
1.917729E+01        -5.874940E-02
1.916006E+01        -5.863439E-02
1.914285E+01        -5.851850E-02
1.912565E+01        -5.840432E-02
1.910847E+01        -5.828942E-02
1.909131E+01        -5.817539E-02
1.907416E+01        -5.806048E-02
1.905702E+01        -5.794729E-02
1.903990E+01        -5.783338E-02
1.902280E+01        -5.771942E-02
1.900571E+01        -5.760634E-02
1.898864E+01        -5.749337E-02
1.897158E+01        -5.738036E-02
1.895454E+01        -5.726739E-02
1.893751E+01        -5.715530E-02
1.892050E+01        -5.704333E-02
1.890350E+01        -5.693131E-02
1.888652E+01        -5.681933E-02
1.886956E+01        -5.670830E-02
1.885260E+01        -5.659634E-02
1.883567E+01        -5.648530E-02
1.881875E+01        -5.637431E-02
1.880184E+01        -5.626421E-02
1.878495E+01        -5.615330E-02
1.876808E+01        -5.604326E-02
1.875122E+01        -5.593327E-02
1.873437E+01        -5.582325E-02
1.871755E+01        -5.571423E-02
1.870073E+01        -5.560429E-02
1.868393E+01        -5.549521E-02
1.866715E+01        -5.538625E-02
1.865038E+01        -5.527817E-02
1.863362E+01        -5.516923E-02
1.861689E+01        -5.506121E-02
1.860016E+01        -5.495318E-02
1.858345E+01        -5.484518E-02
1.856676E+01        -5.473722E-02
1.855008E+01        -5.463014E-02
1.853342E+01        -5.452226E-02
1.851677E+01        -5.441518E-02
1.850013E+01        -5.430906E-02
1.848351E+01        -5.420215E-02
1.846691E+01        -5.409610E-02
1.845032E+01        -5.398919E-02
1.843375E+01        -5.388314E-02
1.841719E+01        -5.377715E-02
1.840064E+01        -5.367204E-02
1.838411E+01        -5.356705E-02
1.836760E+01        -5.346118E-02
1.835110E+01        -5.335610E-02
1.833461E+01        -5.325199E-02
1.831814E+01        -5.314709E-02
1.830169E+01        -5.304305E-02
1.828525E+01        -5.293815E-02
1.826882E+01        -5.283496E-02
1.825241E+01        -5.273107E-02
1.823601E+01        -5.262705E-02
1.821963E+01        -5.252399E-02
1.820327E+01        -5.242104E-02
1.818691E+01        -5.231800E-02
1.817058E+01        -5.221506E-02
1.815425E+01        -5.211203E-02
1.813794E+01        -5.200994E-02
1.812165E+01        -5.190797E-02
1.810537E+01        -5.180598E-02
1.808911E+01        -5.170401E-02
1.807286E+01        -5.160293E-02
1.805662E+01        -5.150100E-02
1.804040E+01        -5.139993E-02
1.802420E+01        -5.129897E-02
1.800800E+01        -5.119884E-02
1.799183E+01        -5.109798E-02
1.797567E+01        -5.099792E-02
1.795952E+01        -5.089792E-02
1.794338E+01        -5.079788E-02
1.792727E+01        -5.069795E-02
1.791116E+01        -5.059792E-02
1.789507E+01        -5.049884E-02
1.787900E+01        -5.039898E-02
1.786294E+01        -5.030081E-02
1.784689E+01        -5.020189E-02
1.783086E+01        -5.010291E-02
1.781484E+01        -5.000482E-02
1.779884E+01        -4.990594E-02
1.778285E+01        -4.980785E-02
1.776687E+01        -4.971074E-02
1.775091E+01        -4.961284E-02
1.773497E+01        -4.951489E-02
1.771903E+01        -4.941776E-02
1.770312E+01        -4.932081E-02
1.768721E+01        -4.922378E-02
1.767132E+01        -4.912678E-02
1.765545E+01        -4.903073E-02
1.763959E+01        -4.893474E-02
1.762374E+01        -4.883781E-02
1.760791E+01        -4.874174E-02
1.759210E+01        -4.864670E-02
1.757629E+01        -4.855076E-02
1.756050E+01        -4.845568E-02
1.754473E+01        -4.835981E-02
1.752897E+01        -4.826564E-02
1.751322E+01        -4.817072E-02
1.749749E+01        -4.807574E-02
1.748177E+01        -4.798165E-02
1.746607E+01        -4.788678E-02
1.745038E+01        -4.779269E-02
1.743470E+01        -4.769868E-02
1.741904E+01        -4.760470E-02
1.740339E+01        -4.751160E-02
1.738776E+01        -4.741863E-02
1.737214E+01        -4.732473E-02
1.735653E+01        -4.723163E-02
1.734094E+01        -4.713864E-02
1.732536E+01        -4.704655E-02
1.730980E+01        -4.695367E-02
1.729425E+01        -4.686158E-02
1.727871E+01        -4.676957E-02
1.726319E+01        -4.667759E-02
1.724768E+01        -4.658558E-02
1.723219E+01        -4.649452E-02
1.721671E+01        -4.640263E-02
1.720124E+01        -4.631152E-02
1.718579E+01        -4.622054E-02
1.717035E+01        -4.612954E-02
1.715493E+01        -4.603948E-02
1.713952E+01        -4.594859E-02
1.712412E+01        -4.585848E-02
1.710874E+01        -4.576851E-02
1.709337E+01        -4.567851E-02
1.707801E+01        -4.558849E-02
1.706267E+01        -4.549851E-02
1.704735E+01        -4.540947E-02
1.703203E+01        -4.531954E-02
1.701673E+01        -4.523045E-02
1.700144E+01        -4.514144E-02
1.698617E+01        -4.505337E-02
1.697091E+01        -4.496447E-02
1.695567E+01        -4.487641E-02
1.694044E+01        -4.478752E-02
1.692522E+01        -4.469942E-02
1.691001E+01        -4.461140E-02
1.689482E+01        -4.452432E-02
1.687965E+01        -4.443646E-02
1.686448E+01        -4.434933E-02
1.684933E+01        -4.426234E-02
1.683420E+01        -4.417538E-02
1.681908E+01        -4.408841E-02
1.680397E+01        -4.400141E-02
1.678887E+01        -4.391529E-02
1.677379E+01        -4.382841E-02
1.675872E+01        -4.374231E-02
1.674367E+01        -4.365634E-02
1.672863E+01        -4.357036E-02
1.671360E+01        -4.348526E-02
1.669858E+01        -4.339933E-02
1.668358E+01        -4.331424E-02
1.666860E+01        -4.322839E-02
1.665362E+01        -4.314327E-02
1.663866E+01        -4.305918E-02
1.662372E+01        -4.297432E-02
1.660878E+01        -4.288929E-02
1.659386E+01        -4.280520E-02
1.657896E+01        -4.272125E-02
1.656406E+01        -4.263722E-02
1.654918E+01        -4.255323E-02
1.653432E+01        -4.246927E-02
1.651946E+01        -4.238614E-02
1.650462E+01        -4.230225E-02
1.648980E+01        -4.221919E-02
1.647498E+01        -4.213616E-02
1.646018E+01        -4.205317E-02
1.644540E+01        -4.197021E-02
1.643062E+01        -4.188808E-02
1.641587E+01        -4.180615E-02
1.640112E+01        -4.172324E-02
1.638639E+01        -4.164116E-02
1.637166E+01        -4.155912E-02
1.635696E+01        -4.147716E-02
1.634226E+01        -4.139604E-02
1.632758E+01        -4.131505E-02
1.631292E+01        -4.123320E-02
1.629826E+01        -4.115207E-02
1.628362E+01        -4.107109E-02
1.626899E+01        -4.099008E-02
1.625438E+01        -4.091002E-02
1.623978E+01        -4.082913E-02
1.622519E+01        -4.074903E-02
1.621061E+01        -4.066901E-02
1.619605E+01        -4.058903E-02
1.618150E+01        -4.050904E-02
1.616697E+01        -4.042908E-02
1.615244E+01        -4.034995E-02
1.613793E+01        -4.027006E-02
1.612344E+01        -4.019100E-02
1.610895E+01        -4.011198E-02
1.609448E+01        -4.003299E-02
1.608002E+01        -3.995399E-02
1.606558E+01        -3.987502E-02
1.605115E+01        -3.979694E-02
1.603673E+01        -3.971894E-02
1.602232E+01        -3.964093E-02
1.600793E+01        -3.956205E-02
1.599355E+01        -3.948486E-02
1.597918E+01        -3.940695E-02
1.596483E+01        -3.932899E-02
1.595048E+01        -3.925184E-02
1.593616E+01        -3.917490E-02
1.592184E+01        -3.909788E-02
1.590754E+01        -3.902091E-02
1.589325E+01        -3.894391E-02
1.587897E+01        -3.886691E-02
1.586471E+01        -3.879083E-02
1.585045E+01        -3.871390E-02
1.583622E+01        -3.863785E-02
1.582199E+01        -3.856184E-02
1.580778E+01        -3.848586E-02
1.579358E+01        -3.840987E-02
1.577939E+01        -3.833476E-02
1.576521E+01        -3.825885E-02
1.575105E+01        -3.818376E-02
1.573690E+01        -3.810877E-02
1.572277E+01        -3.803381E-02
1.570864E+01        -3.795878E-02
1.569453E+01        -3.788380E-02
1.568043E+01        -3.780970E-02
1.566635E+01        -3.773484E-02
1.565227E+01        -3.766071E-02
1.563821E+01        -3.758672E-02
1.562416E+01        -3.751271E-02
1.561013E+01        -3.743875E-02
1.559611E+01        -3.736477E-02
1.558210E+01        -3.729168E-02
1.556810E+01        -3.721778E-02
1.555411E+01        -3.714465E-02
1.554014E+01        -3.707167E-02
1.552618E+01        -3.699868E-02
1.551223E+01        -3.692567E-02
1.549830E+01        -3.685271E-02
1.548438E+01        -3.678062E-02
1.547047E+01        -3.670773E-02
1.545657E+01        -3.663562E-02
1.544268E+01        -3.656360E-02
1.542881E+01        -3.649162E-02
1.541495E+01        -3.641963E-02
1.540110E+01        -3.634762E-02
1.538727E+01        -3.627655E-02
1.537345E+01        -3.620468E-02
1.535964E+01        -3.613358E-02
1.534584E+01        -3.606257E-02
1.533205E+01        -3.599156E-02
1.531828E+01        -3.592058E-02
1.530452E+01        -3.584959E-02
1.529077E+01        -3.577859E-02
1.527703E+01        -3.570847E-02
1.526331E+01        -3.563849E-02
1.524960E+01        -3.556851E-02
1.523590E+01        -3.549762E-02
1.522221E+01        -3.542839E-02
1.520854E+01        -3.535853E-02
1.519488E+01        -3.528855E-02
1.518123E+01        -3.521944E-02
1.516759E+01        -3.514955E-02
1.515396E+01        -3.508042E-02
1.514035E+01        -3.501144E-02
1.512675E+01        -3.494245E-02
1.511316E+01        -3.487345E-02
1.509959E+01        -3.480449E-02
1.508602E+01        -3.473636E-02
1.507247E+01        -3.466749E-02
1.505893E+01        -3.459939E-02
1.504540E+01        -3.453138E-02
1.503189E+01        -3.446342E-02
1.501838E+01        -3.439539E-02
1.500489E+01        -3.432740E-02
1.499141E+01        -3.426030E-02
1.497795E+01        -3.419245E-02
1.496449E+01        -3.412532E-02
1.495105E+01        -3.405745E-02
1.493762E+01        -3.399035E-02
1.492420E+01        -3.392335E-02
1.491079E+01        -3.385634E-02
1.489740E+01        -3.379026E-02
1.488401E+01        -3.372334E-02
1.487064E+01        -3.365724E-02
1.485729E+01        -3.359129E-02
1.484394E+01        -3.352439E-02
1.483060E+01        -3.345826E-02
1.481728E+01        -3.339228E-02
1.480397E+01        -3.332718E-02
1.479067E+01        -3.326129E-02
1.477739E+01        -3.319533E-02
1.476411E+01        -3.313020E-02
1.475085E+01        -3.306433E-02
1.473760E+01        -3.299923E-02
1.472436E+01        -3.293423E-02
1.471113E+01        -3.286922E-02
1.469792E+01        -3.280514E-02
1.468471E+01        -3.274023E-02
1.467152E+01        -3.267524E-02
1.465834E+01        -3.261113E-02
1.464517E+01        -3.254713E-02
1.463202E+01        -3.248317E-02
1.461887E+01        -3.241914E-02
1.460574E+01        -3.235516E-02
1.459262E+01        -3.229117E-02
1.457951E+01        -3.222717E-02
1.456641E+01        -3.216405E-02
1.455333E+01        -3.210020E-02
1.454026E+01        -3.203711E-02
1.452719E+01        -3.197407E-02
1.451414E+01        -3.191108E-02
1.450111E+01        -3.184813E-02
1.448808E+01        -3.178511E-02
1.447506E+01        -3.172298E-02
1.446206E+01        -3.166012E-02
1.444907E+01        -3.159802E-02
1.443609E+01        -3.153514E-02
1.442312E+01        -3.147302E-02
1.441017E+01        -3.141106E-02
1.439722E+01        -3.134904E-02
1.438429E+01        -3.128706E-02
1.437137E+01        -3.122596E-02
1.435846E+01        -3.116408E-02
1.434556E+01        -3.110297E-02
1.433267E+01        -3.104107E-02
1.431980E+01        -3.097999E-02
1.430693E+01        -3.091897E-02
1.429408E+01        -3.085798E-02
1.428124E+01        -3.079699E-02
1.426841E+01        -3.073599E-02
1.425559E+01        -3.067587E-02
1.424279E+01        -3.061502E-02
1.422999E+01        -3.055489E-02
1.421721E+01        -3.049491E-02
1.420444E+01        -3.043404E-02
1.419168E+01        -3.037393E-02
1.417893E+01        -3.031481E-02
1.416619E+01        -3.025492E-02
1.415347E+01        -3.019495E-02
1.414075E+01        -3.013582E-02
1.412805E+01        -3.007595E-02
1.411536E+01        -3.001685E-02
1.410268E+01        -2.995785E-02
1.409001E+01        -2.989885E-02
1.407735E+01        -2.983985E-02
1.406470E+01        -2.978083E-02
1.405207E+01        -2.972186E-02
1.403945E+01        -2.966288E-02
1.402684E+01        -2.960478E-02
1.401423E+01        -2.954586E-02
1.400165E+01        -2.948779E-02
1.398907E+01        -2.942978E-02
1.397650E+01        -2.937178E-02
1.396395E+01        -2.931381E-02
1.395140E+01        -2.925578E-02
1.393887E+01        -2.919780E-02
1.392635E+01        -2.914070E-02
1.391384E+01        -2.908282E-02
1.390134E+01        -2.902571E-02
1.388885E+01        -2.896870E-02
1.387637E+01        -2.891169E-02
1.386391E+01        -2.885472E-02
1.385145E+01        -2.879770E-02
1.383901E+01        -2.874072E-02
1.382658E+01        -2.868373E-02
1.381416E+01        -2.862762E-02
1.380175E+01        -2.857075E-02
1.378935E+01        -2.851463E-02
1.377696E+01        -2.845774E-02
1.376459E+01        -2.840165E-02
1.375222E+01        -2.834563E-02
1.373987E+01        -2.828966E-02
1.372753E+01        -2.823368E-02
1.371519E+01        -2.817852E-02
1.370287E+01        -2.812265E-02
1.369056E+01        -2.806754E-02
1.367827E+01        -2.801170E-02
1.366598E+01        -2.795657E-02
1.365370E+01        -2.790156E-02
1.364144E+01        -2.784659E-02
1.362918E+01        -2.779157E-02
1.361694E+01        -2.773659E-02
1.360471E+01        -2.768161E-02
1.359249E+01        -2.762662E-02
1.358028E+01        -2.757251E-02
1.356808E+01        -2.751851E-02
1.355589E+01        -2.746363E-02
1.354371E+01        -2.740950E-02
1.353154E+01        -2.735549E-02
1.351939E+01        -2.730152E-02
1.350724E+01        -2.724750E-02
1.349511E+01        -2.719353E-02
1.348299E+01        -2.714042E-02
1.347087E+01        -2.708651E-02
1.345877E+01        -2.703252E-02
1.344668E+01        -2.697941E-02
1.343460E+01        -2.692641E-02
1.342254E+01        -2.687345E-02
1.341048E+01        -2.682045E-02
1.339843E+01        -2.676744E-02
1.338639E+01        -2.671443E-02
1.337437E+01        -2.666146E-02
1.336236E+01        -2.660936E-02
1.335035E+01        -2.655646E-02
1.333836E+01        -2.650435E-02
1.332638E+01        -2.645149E-02
1.331441E+01        -2.639938E-02
1.330244E+01        -2.634734E-02
1.329050E+01        -2.629539E-02
1.327856E+01        -2.624339E-02
1.326663E+01        -2.619139E-02
1.325471E+01        -2.613939E-02
1.324280E+01        -2.608825E-02
1.323091E+01        -2.603641E-02
1.321902E+01        -2.598527E-02
1.320715E+01        -2.593342E-02
1.319528E+01        -2.588228E-02
1.318343E+01        -2.583130E-02
1.317159E+01        -2.578032E-02
1.315975E+01        -2.572929E-02
1.314793E+01        -2.567918E-02
1.313612E+01        -2.562831E-02
1.312432E+01        -2.557732E-02
1.311253E+01        -2.552720E-02
1.310075E+01        -2.547632E-02
1.308898E+01        -2.542620E-02
1.307723E+01        -2.537624E-02
1.306548E+01        -2.532623E-02
1.305374E+01        -2.527622E-02
1.304201E+01        -2.522621E-02
1.303030E+01        -2.517624E-02
1.301859E+01        -2.512623E-02
1.300690E+01        -2.507625E-02
1.299521E+01        -2.502711E-02
1.298354E+01        -2.497813E-02
1.297188E+01        -2.492827E-02
1.296022E+01        -2.487912E-02
1.294858E+01        -2.483014E-02
1.293695E+01        -2.478115E-02
1.292533E+01        -2.473216E-02
1.291372E+01        -2.468317E-02
1.290212E+01        -2.463418E-02
1.289053E+01        -2.458606E-02
1.287895E+01        -2.453719E-02
1.286738E+01        -2.448819E-02
1.285582E+01        -2.444006E-02
1.284427E+01        -2.439206E-02
1.283273E+01        -2.434406E-02
1.282120E+01        -2.429518E-02
1.280969E+01        -2.424709E-02
1.279818E+01        -2.419909E-02
1.278668E+01        -2.415195E-02
1.277520E+01        -2.410411E-02
1.276372E+01        -2.405610E-02
1.275225E+01        -2.400896E-02
1.274080E+01        -2.396111E-02
1.272935E+01        -2.391397E-02
1.271792E+01        -2.386700E-02
1.270649E+01        -2.381998E-02
1.269508E+01        -2.377213E-02
1.268367E+01        -2.372586E-02
1.267228E+01        -2.367900E-02
1.266090E+01        -2.363202E-02
1.264952E+01        -2.358500E-02
1.263816E+01        -2.353889E-02
1.262681E+01        -2.349204E-02
1.261546E+01        -2.344588E-02
1.260413E+01        -2.339903E-02
1.259281E+01        -2.335291E-02
1.258150E+01        -2.330693E-02
1.257019E+01        -2.326090E-02
1.255890E+01        -2.321491E-02
1.254762E+01        -2.316893E-02
1.253635E+01        -2.312294E-02
1.252509E+01        -2.307695E-02
1.251384E+01        -2.303183E-02
1.250259E+01        -2.298593E-02
1.249136E+01        -2.294081E-02
1.248014E+01        -2.289582E-02
1.246893E+01        -2.284996E-02
1.245773E+01        -2.280484E-02
1.244654E+01        -2.275984E-02
1.243536E+01        -2.271485E-02
1.242419E+01        -2.266986E-02
1.241303E+01        -2.262487E-02
1.240188E+01        -2.258075E-02
1.239073E+01        -2.253584E-02
1.237960E+01        -2.249085E-02
1.236848E+01        -2.244673E-02
1.235737E+01        -2.240187E-02
1.234627E+01        -2.235774E-02
1.233518E+01        -2.231375E-02
1.232410E+01        -2.226976E-02
1.231303E+01        -2.222577E-02
1.230197E+01        -2.218178E-02
1.229092E+01        -2.213779E-02
1.227988E+01        -2.209379E-02
1.226884E+01        -2.205063E-02
1.225782E+01        -2.200677E-02
1.224681E+01        -2.196365E-02
1.223581E+01        -2.191979E-02
1.222482E+01        -2.187667E-02
1.221384E+01        -2.183282E-02
1.220286E+01        -2.178966E-02
1.219190E+01        -2.174667E-02
1.218095E+01        -2.170368E-02
1.217001E+01        -2.166069E-02
1.215908E+01        -2.161771E-02
1.214815E+01        -2.157555E-02
1.213724E+01        -2.153270E-02
1.212634E+01        -2.148972E-02
1.211544E+01        -2.144756E-02
1.210456E+01        -2.140471E-02
1.209369E+01        -2.136260E-02
1.208282E+01        -2.132058E-02
1.207197E+01        -2.127860E-02
1.206112E+01        -2.123658E-02
1.205029E+01        -2.119460E-02
1.203946E+01        -2.115259E-02
1.202865E+01        -2.111061E-02
1.201784E+01        -2.106860E-02
1.200705E+01        -2.102663E-02
1.199626E+01        -2.098548E-02
1.198549E+01        -2.094365E-02
1.197472E+01        -2.090250E-02
1.196396E+01        -2.086063E-02
1.195321E+01        -2.081949E-02
1.194248E+01        -2.077852E-02
1.193175E+01        -2.073752E-02
1.192103E+01        -2.069652E-02
1.191032E+01        -2.065552E-02
1.189962E+01        -2.061452E-02
1.188893E+01        -2.057352E-02
1.187825E+01        -2.053339E-02
1.186758E+01        -2.049253E-02
1.185692E+01        -2.045154E-02
1.184627E+01        -2.041141E-02
1.183563E+01        -2.037142E-02
1.182500E+01        -2.033057E-02
1.181437E+01        -2.029041E-02
1.180376E+01        -2.025043E-02
1.179316E+01        -2.021044E-02
1.178256E+01        -2.017043E-02
1.177198E+01        -2.013045E-02
1.176140E+01        -2.009043E-02
1.175084E+01        -2.005046E-02
1.174028E+01        -2.001044E-02
1.172974E+01        -1.997134E-02
1.171920E+01        -1.993147E-02
1.170867E+01        -1.989232E-02
1.169815E+01        -1.985332E-02
1.168764E+01        -1.981346E-02
1.167714E+01        -1.977432E-02
1.166665E+01        -1.973532E-02
1.165617E+01        -1.969633E-02
1.164570E+01        -1.965734E-02
1.163524E+01        -1.961835E-02
1.162479E+01        -1.957936E-02
1.161435E+01        -1.954037E-02
1.160391E+01        -1.950221E-02
1.159349E+01        -1.946337E-02
1.158308E+01        -1.942525E-02
1.157267E+01        -1.938638E-02
1.156227E+01        -1.934823E-02
1.155189E+01        -1.930939E-02
1.154151E+01        -1.927125E-02
1.153114E+01        -1.923325E-02
1.152078E+01        -1.919524E-02
1.151043E+01        -1.915725E-02
1.150009E+01        -1.911925E-02
1.148976E+01        -1.908126E-02
1.147944E+01        -1.904326E-02
1.146913E+01        -1.900614E-02
1.145883E+01        -1.896829E-02
1.144853E+01        -1.893113E-02
1.143825E+01        -1.889329E-02
1.142797E+01        -1.885614E-02
1.141771E+01        -1.881830E-02
1.140745E+01        -1.878116E-02
1.139720E+01        -1.874415E-02
1.138697E+01        -1.870718E-02
1.137674E+01        -1.867018E-02
1.136652E+01        -1.863319E-02
1.135631E+01        -1.859619E-02
1.134610E+01        -1.855917E-02
1.133591E+01        -1.852218E-02
1.132573E+01        -1.848605E-02
1.131555E+01        -1.844918E-02
1.130539E+01        -1.841220E-02
1.129523E+01        -1.837605E-02
1.128509E+01        -1.834007E-02
1.127495E+01        -1.830321E-02
1.126482E+01        -1.826707E-02
1.125470E+01        -1.823107E-02
1.124459E+01        -1.819507E-02
1.123449E+01        -1.815908E-02
1.122440E+01        -1.812309E-02
1.121432E+01        -1.808711E-02
1.120424E+01        -1.805109E-02
1.119418E+01        -1.801511E-02
1.118412E+01        -1.797910E-02
1.117407E+01        -1.794395E-02
1.116404E+01        -1.790812E-02
1.115401E+01        -1.787298E-02
1.114399E+01        -1.783713E-02
1.113398E+01        -1.780199E-02
1.112397E+01        -1.776696E-02
1.111398E+01        -1.773198E-02
1.110400E+01        -1.769614E-02
1.109402E+01        -1.766098E-02
1.108406E+01        -1.762601E-02
1.107410E+01        -1.759186E-02
1.106415E+01        -1.755699E-02
1.105421E+01        -1.752199E-02
1.104428E+01        -1.748700E-02
1.103436E+01        -1.745201E-02
1.102445E+01        -1.741788E-02
1.101455E+01        -1.738303E-02
1.100465E+01        -1.734888E-02
1.099477E+01        -1.731404E-02
1.098489E+01        -1.727989E-02
1.097502E+01        -1.724589E-02
1.096516E+01        -1.721189E-02
1.095531E+01        -1.717789E-02
1.094547E+01        -1.714390E-02
1.093564E+01        -1.710991E-02
1.092581E+01        -1.707589E-02
1.091600E+01        -1.704191E-02
1.090619E+01        -1.700790E-02
1.089640E+01        -1.697393E-02
1.088661E+01        -1.694078E-02
1.087683E+01        -1.690693E-02
1.086706E+01        -1.687379E-02
1.085729E+01        -1.683991E-02
1.084754E+01        -1.680678E-02
1.083780E+01        -1.677295E-02
1.082806E+01        -1.673979E-02
1.081833E+01        -1.670678E-02
1.080862E+01        -1.667381E-02
1.079891E+01        -1.664082E-02
1.078921E+01        -1.660782E-02
1.077951E+01        -1.657480E-02
1.076983E+01        -1.654181E-02
1.076016E+01        -1.650883E-02
1.075049E+01        -1.647668E-02
1.074083E+01        -1.644382E-02
1.073118E+01        -1.641082E-02
1.072154E+01        -1.637867E-02
1.071191E+01        -1.634583E-02
1.070229E+01        -1.631369E-02
1.069268E+01        -1.628171E-02
1.068307E+01        -1.624884E-02
1.067347E+01        -1.621669E-02
1.066389E+01        -1.618472E-02
1.065431E+01        -1.615272E-02
1.064473E+01        -1.612069E-02
1.063517E+01        -1.608871E-02
1.062562E+01        -1.605672E-02
1.061607E+01        -1.602471E-02
1.060654E+01        -1.599273E-02
1.059701E+01        -1.596158E-02
1.058749E+01        -1.592973E-02
1.057798E+01        -1.589774E-02
1.056848E+01        -1.586660E-02
1.055898E+01        -1.583473E-02
1.054950E+01        -1.580360E-02
1.054002E+01        -1.577260E-02
1.053055E+01        -1.574074E-02
1.052109E+01        -1.570960E-02
1.051164E+01        -1.567860E-02
1.050220E+01        -1.564762E-02
1.049276E+01        -1.561660E-02
1.048334E+01        -1.558562E-02
1.047392E+01        -1.555462E-02
1.046451E+01        -1.552362E-02
1.045511E+01        -1.549262E-02
1.044572E+01        -1.546248E-02
1.043634E+01        -1.543164E-02
1.042696E+01        -1.540063E-02
1.041759E+01        -1.537048E-02
1.040824E+01        -1.533965E-02
1.039889E+01        -1.530951E-02
1.038954E+01        -1.527863E-02
1.038021E+01        -1.524850E-02
1.037089E+01        -1.521851E-02
1.036157E+01        -1.518851E-02
1.035226E+01        -1.515850E-02
1.034296E+01        -1.512765E-02
1.033367E+01        -1.509751E-02
1.032439E+01        -1.506837E-02
1.031511E+01        -1.503851E-02
1.030585E+01        -1.500853E-02
1.029659E+01        -1.497853E-02
1.028734E+01        -1.494853E-02
1.027810E+01        -1.491939E-02
1.026887E+01        -1.488955E-02
1.025964E+01        -1.485953E-02
1.025042E+01        -1.483038E-02
1.024122E+01        -1.480140E-02
1.023202E+01        -1.477156E-02
1.022283E+01        -1.474241E-02
1.021364E+01        -1.471255E-02
1.020447E+01        -1.468341E-02
1.019530E+01        -1.465441E-02
1.018614E+01        -1.462541E-02
1.017699E+01        -1.459641E-02
1.016785E+01        -1.456742E-02
1.015871E+01        -1.453840E-02
1.014959E+01        -1.450942E-02
1.014047E+01        -1.448042E-02
1.013136E+01        -1.445227E-02
1.012226E+01        -1.442343E-02
1.011317E+01        -1.439529E-02
1.010408E+01        -1.436643E-02
1.009501E+01        -1.433745E-02
1.008594E+01        -1.430929E-02
1.007688E+01        -1.428045E-02
1.006783E+01        -1.425231E-02
1.005878E+01        -1.422429E-02
1.004975E+01        -1.419631E-02
1.004072E+01        -1.416746E-02
1.003170E+01        -1.413931E-02
1.002269E+01        -1.411132E-02
1.001368E+01        -1.408330E-02
1.000469E+01        -1.405532E-02
9.995700E+00        -1.402732E-02
9.986721E+00        -1.399932E-02
9.977749E+00        -1.397217E-02
9.968786E+00        -1.394432E-02
9.959831E+00        -1.391633E-02
9.950884E+00        -1.388918E-02
9.941945E+00        -1.386133E-02
9.933014E+00        -1.383334E-02
9.924091E+00        -1.380618E-02
9.915176E+00        -1.377919E-02
9.906269E+00        -1.375134E-02
9.897370E+00        -1.372419E-02
9.888479E+00        -1.369719E-02
9.879596E+00        -1.367020E-02
9.870721E+00        -1.364236E-02
9.861854E+00        -1.361520E-02
9.852995E+00        -1.358821E-02
9.844144E+00        -1.356121E-02
9.835301E+00        -1.353421E-02
9.826466E+00        -1.350722E-02
9.817638E+00        -1.348106E-02
9.808819E+00        -1.345422E-02
9.800008E+00        -1.342722E-02
9.791204E+00        -1.340022E-02
9.782408E+00        -1.337407E-02
9.773621E+00        -1.334723E-02
9.764841E+00        -1.332108E-02
9.756069E+00        -1.329424E-02
9.747305E+00        -1.326808E-02
9.738549E+00        -1.324124E-02
9.729801E+00        -1.321509E-02
9.721060E+00        -1.318909E-02
9.712327E+00        -1.316309E-02
9.703603E+00        -1.313709E-02
9.694886E+00        -1.311110E-02
9.686177E+00        -1.308426E-02
9.677476E+00        -1.305810E-02
9.668782E+00        -1.303295E-02
9.660096E+00        -1.300711E-02
9.651419E+00        -1.298111E-02
9.642749E+00        -1.295511E-02
9.634086E+00        -1.292911E-02
9.625432E+00        -1.290312E-02
9.616785E+00        -1.287796E-02
9.608146E+00        -1.285212E-02
9.599515E+00        -1.282697E-02
9.590892E+00        -1.280113E-02
9.582276E+00        -1.277597E-02
9.573668E+00        -1.275013E-02
9.565068E+00        -1.272498E-02
9.556476E+00        -1.269998E-02
9.547891E+00        -1.267414E-02
9.539314E+00        -1.264898E-02
9.530745E+00        -1.262399E-02
9.522183E+00        -1.259899E-02
9.513629E+00        -1.257399E-02
9.505083E+00        -1.254899E-02
9.496544E+00        -1.252400E-02
9.488013E+00        -1.249900E-02
9.479490E+00        -1.247400E-02
9.470974E+00        -1.244984E-02
9.462467E+00        -1.242501E-02
9.453966E+00        -1.240001E-02
9.445474E+00        -1.237585E-02
9.436989E+00        -1.235102E-02
9.428511E+00        -1.232602E-02
9.420041E+00        -1.230186E-02
9.411579E+00        -1.227702E-02
9.403125E+00        -1.225286E-02
9.394678E+00        -1.222887E-02
9.386238E+00        -1.220403E-02
9.377807E+00        -1.217987E-02
9.369382E+00        -1.215587E-02
9.360966E+00        -1.213188E-02
9.352556E+00        -1.210704E-02
9.344155E+00        -1.208288E-02
9.335761E+00        -1.205888E-02
9.327374E+00        -1.203488E-02
9.318996E+00        -1.201173E-02
9.310624E+00        -1.198789E-02
9.302260E+00        -1.196389E-02
9.293904E+00        -1.193989E-02
9.285555E+00        -1.191590E-02
9.277214E+00        -1.189274E-02
9.268880E+00        -1.186890E-02
9.260553E+00        -1.184490E-02
9.252235E+00        -1.182174E-02
9.243923E+00        -1.179791E-02
9.235619E+00        -1.177475E-02
9.227323E+00        -1.175091E-02
9.219034E+00        -1.172775E-02
9.210752E+00        -1.170476E-02
9.202478E+00        -1.168092E-02
9.194211E+00        -1.165776E-02
9.185952E+00        -1.163476E-02
9.177700E+00        -1.161176E-02
9.169455E+00        -1.158877E-02
9.161218E+00        -1.156577E-02
9.152989E+00        -1.154277E-02
9.144766E+00        -1.151977E-02
9.136551E+00        -1.149677E-02
9.128344E+00        -1.147378E-02
9.120144E+00        -1.145078E-02
9.111951E+00        -1.142778E-02
9.103766E+00        -1.140562E-02
9.095588E+00        -1.138279E-02
9.087417E+00        -1.135979E-02
9.079254E+00        -1.133763E-02
9.071097E+00        -1.131479E-02
9.062949E+00        -1.129180E-02
9.054807E+00        -1.126963E-02
9.046673E+00        -1.124763E-02
9.038547E+00        -1.122480E-02
9.030427E+00        -1.120264E-02
9.022315E+00        -1.118064E-02
9.014210E+00        -1.115781E-02
9.006112E+00        -1.113565E-02
8.998022E+00        -1.111365E-02
8.989939E+00        -1.109165E-02
8.981863E+00        -1.106965E-02
8.973795E+00        -1.104766E-02
8.965733E+00        -1.102566E-02
8.957679E+00        -1.100366E-02
8.949632E+00        -1.098166E-02
8.941593E+00        -1.095966E-02
8.933560E+00        -1.093767E-02
8.925535E+00        -1.091650E-02
8.917517E+00        -1.089467E-02
8.909507E+00        -1.087267E-02
8.901503E+00        -1.085068E-02
8.893507E+00        -1.082951E-02
8.885518E+00        -1.080768E-02
8.877536E+00        -1.078652E-02
8.869561E+00        -1.076468E-02
8.861593E+00        -1.074352E-02
8.853633E+00        -1.072252E-02
8.845679E+00        -1.070069E-02
8.837733E+00        -1.067953E-02
8.829794E+00        -1.065853E-02
8.821862E+00        -1.063670E-02
8.813937E+00        -1.061553E-02
8.806019E+00        -1.059453E-02
8.798109E+00        -1.057354E-02
8.790205E+00        -1.055254E-02
8.782309E+00        -1.053154E-02
8.774420E+00        -1.051054E-02
8.766537E+00        -1.048954E-02
8.758662E+00        -1.046855E-02
8.750794E+00        -1.044755E-02
8.742933E+00        -1.042738E-02
8.735079E+00        -1.040655E-02
8.727233E+00        -1.038556E-02
8.719393E+00        -1.036456E-02
8.711560E+00        -1.034439E-02
8.703734E+00        -1.032356E-02
8.695916E+00        -1.030256E-02
8.688104E+00        -1.028240E-02
8.680299E+00        -1.026240E-02
8.672502E+00        -1.024157E-02
8.664711E+00        -1.022140E-02
8.656927E+00        -1.020057E-02
8.649151E+00        -1.018041E-02
8.641381E+00        -1.016041E-02
8.633618E+00        -1.013958E-02
8.625862E+00        -1.011941E-02
8.618114E+00        -1.009941E-02
8.610372E+00        -1.007942E-02
8.602637E+00        -1.005942E-02
8.594909E+00        -1.003942E-02
8.587188E+00        -1.001942E-02
8.579474E+00        -9.999340E-03
8.571767E+00        -9.979408E-03
8.564067E+00        -9.959510E-03
8.556374E+00        -9.939695E-03
8.548687E+00        -9.919896E-03
8.541008E+00        -9.900099E-03
8.533336E+00        -9.880385E-03
8.525670E+00        -9.860686E-03
8.518011E+00        -9.841070E-03
8.510359E+00        -9.821472E-03
8.502714E+00        -9.801874E-03
8.495076E+00        -9.782359E-03
8.487445E+00        -9.762861E-03
8.479821E+00        -9.743364E-03
8.472203E+00        -9.723948E-03
8.464592E+00        -9.704549E-03
8.456988E+00        -9.685233E-03
8.449391E+00        -9.665935E-03
8.441801E+00        -9.646638E-03
8.434218E+00        -9.627424E-03
8.426641E+00        -9.608224E-03
8.419071E+00        -9.589108E-03
8.411508E+00        -9.570010E-03
8.403952E+00        -9.550913E-03
8.396403E+00        -9.531898E-03
8.388860E+00        -9.512899E-03
8.381324E+00        -9.493901E-03
8.373795E+00        -9.474985E-03
8.366273E+00        -9.456088E-03
8.358757E+00        -9.437189E-03
8.351248E+00        -9.418373E-03
8.343746E+00        -9.399575E-03
8.336251E+00        -9.380860E-03
8.328763E+00        -9.362164E-03
8.321281E+00        -9.343465E-03
8.313806E+00        -9.324850E-03
8.306337E+00        -9.306250E-03
8.298875E+00        -9.287734E-03
8.291420E+00        -9.269236E-03
8.283972E+00        -9.250738E-03
8.276530E+00        -9.232239E-03
8.269095E+00        -9.213823E-03
8.261667E+00        -9.195508E-03
8.254246E+00        -9.177129E-03
8.246831E+00        -9.158813E-03
8.239422E+00        -9.140596E-03
8.232021E+00        -9.122317E-03
8.224626E+00        -9.104101E-03
8.217238E+00        -9.085986E-03
8.209856E+00        -9.067887E-03
8.202481E+00        -9.049789E-03
8.195112E+00        -9.031689E-03
8.187751E+00        -9.013675E-03
8.180395E+00        -8.995757E-03
8.173047E+00        -8.977778E-03
8.165705E+00        -8.959862E-03
8.158370E+00        -8.941965E-03
8.151041E+00        -8.924149E-03
8.143719E+00        -8.906351E-03
8.136403E+00        -8.888552E-03
8.129094E+00        -8.870836E-03
8.121791E+00        -8.853137E-03
8.114495E+00        -8.835520E-03
8.107206E+00        -8.817841E-03
8.099923E+00        -8.800224E-03
8.092647E+00        -8.782709E-03
8.085377E+00        -8.765210E-03
8.078114E+00        -8.747713E-03
8.070857E+00        -8.730214E-03
8.063607E+00        -8.712798E-03
8.056363E+00        -8.695399E-03
8.049126E+00        -8.678083E-03
8.041896E+00        -8.660787E-03
8.034671E+00        -8.643486E-03
8.027454E+00        -8.626190E-03
8.020243E+00        -8.608974E-03
8.013038E+00        -8.591857E-03
8.005840E+00        -8.574677E-03
7.998648E+00        -8.557561E-03
7.991462E+00        -8.540461E-03
7.984284E+00        -8.523446E-03
7.977111E+00        -8.506447E-03
7.969945E+00        -8.489448E-03
7.962786E+00        -8.472533E-03
7.955633E+00        -8.455635E-03
7.948486E+00        -8.438736E-03
7.941346E+00        -8.421838E-03
7.934212E+00        -8.405022E-03
7.927084E+00        -8.388304E-03
7.919963E+00        -8.371524E-03
7.912849E+00        -8.354809E-03
7.905741E+00        -8.338111E-03
7.898639E+00        -8.321495E-03
7.891543E+00        -8.304895E-03
7.884454E+00        -8.288297E-03
7.877371E+00        -8.271780E-03
7.870295E+00        -8.255200E-03
7.863225E+00        -8.238766E-03
7.856161E+00        -8.222285E-03
7.849104E+00        -8.205869E-03
7.842053E+00        -8.189471E-03
7.835008E+00        -8.173153E-03
7.827970E+00        -8.156856E-03
7.820938E+00        -8.140557E-03
7.813912E+00        -8.124258E-03
7.806893E+00        -8.108043E-03
7.799880E+00        -8.091844E-03
7.792873E+00        -8.075727E-03
7.785873E+00        -8.059630E-03
7.778879E+00        -8.043532E-03
7.771891E+00        -8.027433E-03
7.764909E+00        -8.011416E-03
7.757934E+00        -7.995418E-03
7.750965E+00        -7.979420E-03
7.744002E+00        -7.963503E-03
7.737045E+00        -7.947603E-03
7.730095E+00        -7.931706E-03
7.723151E+00        -7.915889E-03
7.716213E+00        -7.900090E-03
7.709282E+00        -7.884293E-03
7.702356E+00        -7.868493E-03
7.695437E+00        -7.852777E-03
7.688524E+00        -7.837078E-03
7.681617E+00        -7.821461E-03
7.674717E+00        -7.805864E-03
7.667823E+00        -7.790266E-03
7.660934E+00        -7.774666E-03
7.654052E+00        -7.759149E-03
7.647177E+00        -7.743652E-03
7.640307E+00        -7.728153E-03
7.633444E+00        -7.712737E-03
7.626586E+00        -7.697336E-03
7.619735E+00        -7.681938E-03
7.612890E+00        -7.666540E-03
7.606052E+00        -7.651224E-03
7.599219E+00        -7.635925E-03
7.592393E+00        -7.620709E-03
7.585572E+00        -7.605509E-03
7.578758E+00        -7.590311E-03
7.571950E+00        -7.575113E-03
7.565148E+00        -7.559996E-03
7.558352E+00        -7.544897E-03
7.551562E+00        -7.529799E-03
7.544778E+00        -7.514699E-03
7.538001E+00        -7.499684E-03
7.531229E+00        -7.484684E-03
7.524464E+00        -7.469768E-03
7.517705E+00        -7.454870E-03
7.510951E+00        -7.439970E-03
7.504204E+00        -7.425072E-03
7.497463E+00        -7.410255E-03
7.490728E+00        -7.395375E-03
7.483999E+00        -7.380640E-03
7.477276E+00        -7.365860E-03
7.470559E+00        -7.351143E-03
7.463848E+00        -7.336444E-03
7.457143E+00        -7.321745E-03
7.450444E+00        -7.307128E-03
7.443751E+00        -7.292529E-03
7.437064E+00        -7.277930E-03
7.430384E+00        -7.263414E-03
7.423709E+00        -7.248916E-03
7.417040E+00        -7.234417E-03
7.410377E+00        -7.219918E-03
7.403720E+00        -7.205500E-03
7.397069E+00        -7.191101E-03
7.390424E+00        -7.176703E-03
7.383786E+00        -7.162387E-03
7.377153E+00        -7.148007E-03
7.370526E+00        -7.133690E-03
7.363904E+00        -7.119471E-03
7.357289E+00        -7.105191E-03
7.350680E+00        -7.090974E-03
7.344077E+00        -7.076857E-03
7.337480E+00        -7.062678E-03
7.330888E+00        -7.048559E-03
7.324303E+00        -7.034462E-03
7.317723E+00        -7.020362E-03
7.311150E+00        -7.006346E-03
7.304582E+00        -6.992347E-03
7.298020E+00        -6.978348E-03
7.291464E+00        -6.964349E-03
7.284914E+00        -6.950432E-03
7.278370E+00        -6.936533E-03
7.271832E+00        -6.922635E-03
7.265299E+00        -6.908816E-03
7.258773E+00        -6.895019E-03
7.252252E+00        -6.881220E-03
7.245737E+00        -6.867421E-03
7.239228E+00        -6.853703E-03
7.232725E+00        -6.840005E-03
7.226228E+00        -6.826306E-03
7.219737E+00        -6.812609E-03
7.213251E+00        -6.798990E-03
7.206771E+00        -6.785391E-03
7.200297E+00        -6.771873E-03
7.193829E+00        -6.758294E-03
7.187367E+00        -6.744777E-03
7.180910E+00        -6.731277E-03
7.174459E+00        -6.717778E-03
7.168015E+00        -6.704362E-03
7.161575E+00        -6.690962E-03
7.155142E+00        -6.677564E-03
7.148714E+00        -6.664164E-03
7.142293E+00        -6.650848E-03
7.135877E+00        -6.637550E-03
7.129466E+00        -6.624249E-03
7.123062E+00        -6.611033E-03
7.116663E+00        -6.597753E-03
7.110270E+00        -6.584535E-03
7.103883E+00        -6.571337E-03
7.097501E+00        -6.558218E-03
7.091125E+00        -6.545119E-03
7.084755E+00        -6.532020E-03
7.078391E+00        -6.518922E-03
7.072032E+00        -6.505823E-03
7.065679E+00        -6.492805E-03
7.059332E+00        -6.479806E-03
7.052991E+00        -6.466889E-03
7.046655E+00        -6.453910E-03
7.040325E+00        -6.440992E-03
7.034000E+00        -6.428092E-03
7.027682E+00        -6.415276E-03
7.021369E+00        -6.402396E-03
7.015061E+00        -6.389577E-03
7.008759E+00        -6.376778E-03
7.002463E+00        -6.363979E-03
6.996173E+00        -6.351262E-03
6.989888E+00        -6.338563E-03
6.983609E+00        -6.325864E-03
6.977336E+00        -6.313167E-03
6.971068E+00        -6.300548E-03
6.964805E+00        -6.287948E-03
6.958549E+00        -6.275350E-03
6.952298E+00        -6.262752E-03
6.946053E+00        -6.250234E-03
6.939813E+00        -6.237735E-03
6.933579E+00        -6.225236E-03
6.927350E+00        -6.212737E-03
6.921127E+00        -6.200318E-03
6.914910E+00        -6.187920E-03
6.908698E+00        -6.175521E-03
6.902492E+00        -6.163123E-03
6.896291E+00        -6.150804E-03
6.890096E+00        -6.138424E-03
6.883907E+00        -6.126188E-03
6.877723E+00        -6.113908E-03
6.871544E+00        -6.101608E-03
6.865372E+00        -6.089391E-03
6.859204E+00        -6.077191E-03
6.853043E+00        -6.065074E-03
6.846886E+00        -6.052893E-03
6.840736E+00        -6.040776E-03
6.834591E+00        -6.028678E-03
6.828451E+00        -6.016578E-03
6.822317E+00        -6.004560E-03
6.816188E+00        -5.992480E-03
6.810065E+00        -5.980462E-03
6.803948E+00        -5.968464E-03
6.797835E+00        -5.956544E-03
6.791729E+00        -5.944646E-03
6.785628E+00        -5.932748E-03
6.779532E+00        -5.920848E-03
6.773442E+00        -5.908950E-03
6.767357E+00        -5.897131E-03
6.761278E+00        -5.885252E-03
6.755204E+00        -5.873513E-03
6.749136E+00        -5.861735E-03
6.743073E+00        -5.849936E-03
6.737016E+00        -5.838218E-03
6.730964E+00        -5.826519E-03
6.724917E+00        -5.814819E-03
6.718876E+00        -5.803201E-03
6.712840E+00        -5.791601E-03
6.706810E+00        -5.780003E-03
6.700785E+00        -5.768404E-03
6.694766E+00        -5.756806E-03
6.688752E+00        -5.745287E-03
6.682743E+00        -5.733787E-03
6.676740E+00        -5.722289E-03
6.670742E+00        -5.710790E-03
6.664750E+00        -5.699372E-03
6.658763E+00        -5.687893E-03
6.652781E+00        -5.676474E-03
6.646805E+00        -5.665155E-03
6.640834E+00        -5.653776E-03
6.634868E+00        -5.642457E-03
6.628908E+00        -5.631158E-03
6.622953E+00        -5.619859E-03
6.617004E+00        -5.608561E-03
6.611060E+00        -5.597342E-03
6.605121E+00        -5.586063E-03
6.599187E+00        -5.574843E-03
6.593259E+00        -5.563725E-03
6.587336E+00        -5.552546E-03
6.581419E+00        -5.541428E-03
6.575507E+00        -5.530329E-03
6.569600E+00        -5.519230E-03
6.563698E+00        -5.508130E-03
6.557802E+00        -5.497112E-03
6.551911E+00        -5.486113E-03
6.546025E+00        -5.475033E-03
6.540145E+00        -5.464095E-03
6.534270E+00        -5.453117E-03
6.528400E+00        -5.442197E-03
6.522535E+00        -5.431297E-03
6.516676E+00        -5.420399E-03
6.510822E+00        -5.409500E-03
6.504973E+00        -5.398601E-03
6.499130E+00        -5.387783E-03
6.493291E+00        -5.376983E-03
6.487458E+00        -5.366184E-03
6.481630E+00        -5.355464E-03
6.475808E+00        -5.344686E-03
6.469991E+00        -5.333968E-03
6.464179E+00        -5.323269E-03
6.458372E+00        -5.312570E-03
6.452570E+00        -5.301950E-03
6.446774E+00        -5.291272E-03
6.440982E+00        -5.280652E-03
6.435196E+00        -5.270053E-03
6.429415E+00        -5.259533E-03
6.423640E+00        -5.248956E-03
6.417869E+00        -5.238436E-03
6.412104E+00        -5.227937E-03
6.406344E+00        -5.217438E-03
6.400589E+00        -5.206939E-03
6.394839E+00        -5.196519E-03
6.389095E+00        -5.186042E-03
6.383355E+00        -5.175621E-03
6.377621E+00        -5.165303E-03
6.371892E+00        -5.154924E-03
6.366168E+00        -5.144525E-03
6.360449E+00        -5.134206E-03
6.354735E+00        -5.123906E-03
6.349027E+00        -5.113608E-03
6.343323E+00        -5.103388E-03
6.337625E+00        -5.093110E-03
6.331932E+00        -5.082891E-03
6.326244E+00        -5.072692E-03
6.320561E+00        -5.062493E-03
6.314883E+00        -5.052373E-03
6.309210E+00        -5.042194E-03
6.303543E+00        -5.032076E-03
6.297880E+00        -5.021976E-03
6.292223E+00        -5.011878E-03
6.286570E+00        -5.001857E-03
6.280923E+00        -4.991779E-03
6.275281E+00        -4.981760E-03
6.269643E+00        -4.971760E-03
6.264011E+00        -4.961761E-03
6.258384E+00        -4.951841E-03
6.252762E+00        -4.941863E-03
6.247145E+00        -4.931943E-03
6.241533E+00        -4.922044E-03
6.235926E+00        -4.912145E-03
6.230325E+00        -4.902327E-03
6.224728E+00        -4.892448E-03
6.219136E+00        -4.882628E-03
6.213549E+00        -4.872828E-03
6.207968E+00        -4.863031E-03
6.202391E+00        -4.853231E-03
6.196819E+00        -4.843511E-03
6.191252E+00        -4.833811E-03
6.185691E+00        -4.824034E-03
6.180134E+00        -4.814393E-03
6.174582E+00        -4.804715E-03
6.169036E+00        -4.795017E-03
6.163494E+00        -4.785396E-03
6.157957E+00        -4.775797E-03
6.152425E+00        -4.766198E-03
6.146898E+00        -4.756598E-03
6.141377E+00        -4.747080E-03
6.135860E+00        -4.737501E-03
6.130348E+00        -4.727982E-03
6.124841E+00        -4.718482E-03
6.119339E+00        -4.708983E-03
6.113842E+00        -4.699564E-03
6.108349E+00        -4.690163E-03
6.102862E+00        -4.680685E-03
6.097380E+00        -4.671266E-03
6.091903E+00        -4.661868E-03
6.086430E+00        -4.652547E-03
6.080963E+00        -4.643169E-03
6.075500E+00        -4.633849E-03
6.070042E+00        -4.624549E-03
6.064589E+00        -4.615250E-03
6.059141E+00        -4.605951E-03
6.053698E+00        -4.596731E-03
6.048260E+00        -4.587453E-03
6.042827E+00        -4.578233E-03
6.037399E+00        -4.569035E-03
6.031975E+00        -4.559835E-03
6.026557E+00        -4.550716E-03
6.021143E+00        -4.541537E-03
6.015734E+00        -4.532417E-03
6.010330E+00        -4.523318E-03
6.004931E+00        -4.514219E-03
5.999536E+00        -4.505119E-03
5.994147E+00        -4.496099E-03
5.988762E+00        -4.487021E-03
5.983383E+00        -4.478002E-03
5.978008E+00        -4.469003E-03
5.972637E+00        -4.460002E-03
5.967272E+00        -4.451082E-03
5.961912E+00        -4.442105E-03
5.956556E+00        -4.433185E-03
5.951205E+00        -4.424285E-03
5.945859E+00        -4.415386E-03
5.940518E+00        -4.406488E-03
5.935181E+00        -4.397666E-03
5.929850E+00        -4.388790E-03
5.924523E+00        -4.379969E-03
5.919201E+00        -4.371170E-03
5.913883E+00        -4.362370E-03
5.908571E+00        -4.353572E-03
5.903263E+00        -4.344851E-03
5.897960E+00        -4.336073E-03
5.892662E+00        -4.327353E-03
5.887368E+00        -4.318653E-03
5.882080E+00        -4.309955E-03
5.876796E+00        -4.301256E-03
5.871516E+00        -4.292634E-03
5.866242E+00        -4.284036E-03
5.860972E+00        -4.275436E-03
5.855707E+00        -4.266837E-03
5.850447E+00        -4.258238E-03
5.845191E+00        -4.249638E-03
5.839941E+00        -4.241119E-03
5.834694E+00        -4.232540E-03
5.829453E+00        -4.224020E-03
5.824216E+00        -4.215520E-03
5.818984E+00        -4.207021E-03
5.813757E+00        -4.198601E-03
5.808534E+00        -4.190123E-03
5.803317E+00        -4.181704E-03
5.798103E+00        -4.173303E-03
5.792895E+00        -4.164905E-03
5.787691E+00        -4.156505E-03
5.782492E+00        -4.148185E-03
5.777297E+00        -4.139807E-03
5.772107E+00        -4.131486E-03
5.766922E+00        -4.123187E-03
5.761742E+00        -4.114888E-03
5.756566E+00        -4.106589E-03
5.751395E+00        -4.098290E-03
5.746228E+00        -4.090069E-03
5.741066E+00        -4.081791E-03
5.735909E+00        -4.073571E-03
5.730756E+00        -4.065371E-03
5.725608E+00        -4.057250E-03
5.720465E+00        -4.049073E-03
5.715326E+00        -4.040874E-03
5.710192E+00        -4.032753E-03
5.705062E+00        -4.024653E-03
5.699937E+00        -4.016554E-03
5.694817E+00        -4.008455E-03
5.689701E+00        -4.000356E-03
5.684590E+00        -3.992335E-03
5.679484E+00        -3.984259E-03
5.674382E+00        -3.976238E-03
5.669284E+00        -3.968238E-03
5.664191E+00        -3.960238E-03
5.659103E+00        -3.952317E-03
5.654019E+00        -3.944339E-03
5.648940E+00        -3.936419E-03
5.643866E+00        -3.928442E-03
5.638796E+00        -3.920521E-03
5.633730E+00        -3.912621E-03
5.628670E+00        -3.904801E-03
5.623613E+00        -3.896923E-03
5.618561E+00        -3.889101E-03
5.613514E+00        -3.881224E-03
5.608472E+00        -3.873404E-03
5.603433E+00        -3.865604E-03
5.598400E+00        -3.857806E-03
5.593371E+00        -3.850085E-03
5.588346E+00        -3.842307E-03
5.583326E+00        -3.834586E-03
5.578310E+00        -3.826808E-03
5.573299E+00        -3.819087E-03
5.568293E+00        -3.811467E-03
5.563291E+00        -3.803790E-03
5.558293E+00        -3.796090E-03
5.553300E+00        -3.788469E-03
5.548311E+00        -3.780791E-03
5.543327E+00        -3.773170E-03
5.538347E+00        -3.765570E-03
5.533372E+00        -3.757971E-03
5.528402E+00        -3.750451E-03
5.523435E+00        -3.742873E-03
5.518473E+00        -3.735351E-03
5.513516E+00        -3.727774E-03
5.508563E+00        -3.720253E-03
5.503615E+00        -3.712754E-03
5.498671E+00        -3.705333E-03
5.493731E+00        -3.697855E-03
5.488796E+00        -3.690356E-03
5.483866E+00        -3.682936E-03
5.478939E+00        -3.675535E-03
5.474017E+00        -3.668136E-03
5.469100E+00        -3.660737E-03
5.464187E+00        -3.653338E-03
5.459279E+00        -3.646017E-03
5.454374E+00        -3.638639E-03
5.449475E+00        -3.631318E-03
5.444579E+00        -3.623940E-03
5.439688E+00        -3.616619E-03
5.434802E+00        -3.609398E-03
5.429920E+00        -3.602121E-03
5.425042E+00        -3.594822E-03
5.420168E+00        -3.587599E-03
5.415299E+00        -3.580322E-03
5.410435E+00        -3.573102E-03
5.405574E+00        -3.565902E-03
5.400719E+00        -3.558704E-03
5.395867E+00        -3.551581E-03
5.391020E+00        -3.544405E-03
5.386177E+00        -3.537283E-03
5.381338E+00        -3.530105E-03
5.376504E+00        -3.522984E-03
5.371674E+00        -3.515884E-03
5.366849E+00        -3.508786E-03
5.362028E+00        -3.501764E-03
5.357211E+00        -3.494687E-03
5.352399E+00        -3.487588E-03
5.347591E+00        -3.480567E-03
5.342787E+00        -3.473567E-03
5.337987E+00        -3.466567E-03
5.333192E+00        -3.459568E-03
5.328401E+00        -3.452569E-03
5.323614E+00        -3.445646E-03
5.318832E+00        -3.438670E-03
5.314054E+00        -3.431748E-03
5.309281E+00        -3.424850E-03
5.304511E+00        -3.417872E-03
5.299746E+00        -3.411028E-03
5.294985E+00        -3.404151E-03
5.290229E+00        -3.397253E-03
5.285476E+00        -3.390430E-03
5.280728E+00        -3.383553E-03
5.275984E+00        -3.376731E-03
5.271245E+00        -3.369932E-03
5.266510E+00        -3.363133E-03
5.261779E+00        -3.356334E-03
5.257052E+00        -3.349534E-03
5.252329E+00        -3.342812E-03
5.247611E+00        -3.336035E-03
5.242897E+00        -3.329313E-03
5.238187E+00        -3.322614E-03
5.233482E+00        -3.315915E-03
5.228781E+00        -3.309216E-03
5.224083E+00        -3.302516E-03
5.219391E+00        -3.295818E-03
5.214702E+00        -3.289195E-03
5.210018E+00        -3.282596E-03
5.205337E+00        -3.275919E-03
5.200661E+00        -3.269297E-03
5.195989E+00        -3.262697E-03
5.191322E+00        -3.256099E-03
5.186658E+00        -3.249576E-03
5.181999E+00        -3.243000E-03
5.177344E+00        -3.236478E-03
5.172693E+00        -3.229901E-03
5.168046E+00        -3.223378E-03
5.163404E+00        -3.216880E-03
5.158765E+00        -3.210380E-03
5.154131E+00        -3.203880E-03
5.149501E+00        -3.197458E-03
5.144875E+00        -3.190982E-03
5.140254E+00        -3.184561E-03
5.135636E+00        -3.178083E-03
5.131023E+00        -3.171662E-03
5.126413E+00        -3.165261E-03
5.121808E+00        -3.158862E-03
5.117207E+00        -3.152463E-03
5.112610E+00        -3.146141E-03
5.108018E+00        -3.139765E-03
5.103429E+00        -3.133442E-03
5.098844E+00        -3.127142E-03
5.094264E+00        -3.120766E-03
5.089688E+00        -3.114521E-03
5.085116E+00        -3.108245E-03
5.080548E+00        -3.101946E-03
5.075984E+00        -3.095646E-03
5.071424E+00        -3.089424E-03
5.066868E+00        -3.083147E-03
5.062317E+00        -3.076926E-03
5.057769E+00        -3.070726E-03
5.053225E+00        -3.064525E-03
5.048686E+00        -3.058327E-03
5.044151E+00        -3.052128E-03
5.039620E+00        -3.046006E-03
5.035092E+00        -3.039828E-03
5.030569E+00        -3.033706E-03
5.026050E+00        -3.027530E-03
5.021535E+00        -3.021407E-03
5.017024E+00        -3.015308E-03
5.012517E+00        -3.009208E-03
5.008015E+00        -3.003110E-03
5.003516E+00        -2.997087E-03
4.999021E+00        -2.991010E-03
4.994530E+00        -2.984987E-03
4.990044E+00        -2.978912E-03
4.985561E+00        -2.972889E-03
4.981082E+00        -2.966889E-03
4.976608E+00        -2.960890E-03
4.972137E+00        -2.954890E-03
4.967671E+00        -2.948969E-03
4.963208E+00        -2.942992E-03
4.958750E+00        -2.937070E-03
4.954295E+00        -2.931093E-03
4.949845E+00        -2.925171E-03
4.945398E+00        -2.919271E-03
4.940956E+00        -2.913372E-03
4.936517E+00        -2.907472E-03
4.932083E+00        -2.901574E-03
4.927652E+00        -2.895750E-03
4.923225E+00        -2.889874E-03
4.918803E+00        -2.884052E-03
4.914384E+00        -2.878175E-03
4.909969E+00        -2.872352E-03
4.905559E+00        -2.866554E-03
4.901152E+00        -2.860754E-03
4.896749E+00        -2.854954E-03
4.892350E+00        -2.849231E-03
4.887955E+00        -2.843455E-03
4.883565E+00        -2.837733E-03
4.879178E+00        -2.831957E-03
4.874795E+00        -2.826235E-03
4.870415E+00        -2.820534E-03
4.866040E+00        -2.814835E-03
4.861669E+00        -2.809136E-03
4.857302E+00        -2.803437E-03
4.852938E+00        -2.797736E-03
4.848579E+00        -2.792114E-03
4.844223E+00        -2.786438E-03
4.839872E+00        -2.780815E-03
4.835524E+00        -2.775216E-03
4.831180E+00        -2.769539E-03
4.826840E+00        -2.763993E-03
4.822504E+00        -2.758417E-03
4.818172E+00        -2.752818E-03
4.813844E+00        -2.747219E-03
4.809519E+00        -2.741695E-03
4.805199E+00        -2.736120E-03
4.800882E+00        -2.730596E-03
4.796570E+00        -2.725097E-03
4.792261E+00        -2.719521E-03
4.787956E+00        -2.713998E-03
4.783655E+00        -2.708575E-03
4.779358E+00        -2.703100E-03
4.775064E+00        -2.697600E-03
4.770775E+00        -2.692101E-03
4.766489E+00        -2.686677E-03
4.762207E+00        -2.681278E-03
4.757929E+00        -2.675802E-03
4.753655E+00        -2.670379E-03
4.749385E+00        -2.664980E-03
4.745118E+00        -2.659579E-03
4.740856E+00        -2.654181E-03
4.736597E+00        -2.648857E-03
4.732342E+00        -2.643482E-03
4.728091E+00        -2.638159E-03
4.723844E+00        -2.632783E-03
4.719600E+00        -2.627459E-03
4.715360E+00        -2.622160E-03
4.711124E+00        -2.616860E-03
4.706892E+00        -2.611561E-03
4.702664E+00        -2.606261E-03
4.698440E+00        -2.600963E-03
4.694219E+00        -2.595663E-03
4.690002E+00        -2.590439E-03
4.685789E+00        -2.585164E-03
4.681580E+00        -2.579941E-03
4.677374E+00        -2.574741E-03
4.673172E+00        -2.569541E-03
4.668974E+00        -2.564341E-03
4.664780E+00        -2.559142E-03
4.660590E+00        -2.553943E-03
4.656403E+00        -2.548743E-03
4.652220E+00        -2.543620E-03
4.648041E+00        -2.538445E-03
4.643865E+00        -2.533320E-03
4.639694E+00        -2.528146E-03
4.635526E+00        -2.523022E-03
4.631362E+00        -2.517923E-03
4.627201E+00        -2.512823E-03
4.623045E+00        -2.507724E-03
4.618892E+00        -2.502624E-03
4.614742E+00        -2.497600E-03
4.610597E+00        -2.492525E-03
4.606455E+00        -2.487501E-03
4.602317E+00        -2.482426E-03
4.598183E+00        -2.477403E-03
4.594052E+00        -2.472403E-03
4.589925E+00        -2.467403E-03
4.585802E+00        -2.462404E-03
4.581683E+00        -2.457405E-03
4.577567E+00        -2.452405E-03
4.573455E+00        -2.447406E-03
4.569346E+00        -2.442482E-03
4.565242E+00        -2.437507E-03
4.561141E+00        -2.432584E-03
4.557043E+00        -2.427683E-03
4.552949E+00        -2.422707E-03
4.548860E+00        -2.417785E-03
4.544773E+00        -2.412885E-03
4.540691E+00        -2.407986E-03
4.536612E+00        -2.403162E-03
4.532536E+00        -2.398286E-03
4.528465E+00        -2.393387E-03
4.524397E+00        -2.388564E-03
4.520332E+00        -2.383687E-03
4.516272E+00        -2.378865E-03
4.512215E+00        -2.374065E-03
4.508161E+00        -2.369265E-03
4.504111E+00        -2.364465E-03
4.500065E+00        -2.359666E-03
4.496023E+00        -2.354867E-03
4.491984E+00        -2.350067E-03
4.487949E+00        -2.345343E-03
4.483917E+00        -2.340568E-03
4.479889E+00        -2.335844E-03
4.475865E+00        -2.331069E-03
4.471844E+00        -2.326345E-03
4.467827E+00        -2.321646E-03
4.463813E+00        -2.316945E-03
4.459804E+00        -2.312247E-03
4.455797E+00        -2.307547E-03
4.451794E+00        -2.302847E-03
4.447795E+00        -2.298147E-03
4.443800E+00        -2.293524E-03
4.439808E+00        -2.288849E-03
4.435820E+00        -2.284225E-03
4.431835E+00        -2.279625E-03
4.427854E+00        -2.274951E-03
4.423876E+00        -2.270326E-03
4.419902E+00        -2.265727E-03
4.415931E+00        -2.261126E-03
4.411965E+00        -2.256528E-03
4.408001E+00        -2.252003E-03
4.404041E+00        -2.247428E-03
4.400085E+00        -2.242829E-03
4.396133E+00        -2.238305E-03
4.392183E+00        -2.233729E-03
4.388238E+00        -2.229206E-03
4.384296E+00        -2.224706E-03
4.380357E+00        -2.220206E-03
4.376422E+00        -2.215707E-03
4.372491E+00        -2.211207E-03
4.368563E+00        -2.206708E-03
4.364639E+00        -2.202209E-03
4.360718E+00        -2.197709E-03
4.356801E+00        -2.193285E-03
4.352887E+00        -2.188810E-03
4.348977E+00        -2.184386E-03
4.345070E+00        -2.179911E-03
4.341167E+00        -2.175487E-03
4.337267E+00        -2.171087E-03
4.333371E+00        -2.166688E-03
4.329478E+00        -2.162288E-03
4.325589E+00        -2.157889E-03
4.321703E+00        -2.153489E-03
4.317821E+00        -2.149165E-03
4.313942E+00        -2.144790E-03
4.310067E+00        -2.140466E-03
4.306195E+00        -2.136091E-03
4.302327E+00        -2.131767E-03
4.298462E+00        -2.127392E-03
4.294600E+00        -2.123067E-03
4.290742E+00        -2.118767E-03
4.286888E+00        -2.114468E-03
4.283037E+00        -2.110168E-03
4.279189E+00        -2.105868E-03
4.275345E+00        -2.101644E-03
4.271505E+00        -2.097370E-03
4.267668E+00        -2.093070E-03
4.263834E+00        -2.088846E-03
4.260004E+00        -2.084571E-03
4.256177E+00        -2.080347E-03
4.252353E+00        -2.076146E-03
4.248533E+00        -2.071947E-03
4.244717E+00        -2.067748E-03
4.240904E+00        -2.063548E-03
4.237094E+00        -2.059348E-03
4.233288E+00        -2.055149E-03
4.229485E+00        -2.050949E-03
4.225686E+00        -2.046750E-03
4.221890E+00        -2.042625E-03
4.218097E+00        -2.038450E-03
4.214308E+00        -2.034326E-03
4.210522E+00        -2.030226E-03
4.206740E+00        -2.026052E-03
4.202961E+00        -2.021927E-03
4.199185E+00        -2.017827E-03
4.195413E+00        -2.013728E-03
4.191644E+00        -2.009628E-03
4.187879E+00        -2.005529E-03
4.184117E+00        -2.001504E-03
4.180358E+00        -1.997430E-03
4.176603E+00        -1.993330E-03
4.172851E+00        -1.989305E-03
4.169102E+00        -1.985230E-03
4.165357E+00        -1.981206E-03
4.161615E+00        -1.977206E-03
4.157877E+00        -1.973207E-03
4.154142E+00        -1.969207E-03
4.150410E+00        -1.965208E-03
4.146682E+00        -1.961208E-03
4.142957E+00        -1.957209E-03
4.139235E+00        -1.953209E-03
4.135517E+00        -1.949210E-03
4.131802E+00        -1.945285E-03
4.128090E+00        -1.941310E-03
4.124382E+00        -1.937386E-03
4.120677E+00        -1.933411E-03
4.116975E+00        -1.929486E-03
4.113277E+00        -1.925587E-03
4.109582E+00        -1.921687E-03
4.105890E+00        -1.917787E-03
4.102201E+00        -1.913887E-03
4.098516E+00        -1.909987E-03
4.094835E+00        -1.906089E-03
4.091156E+00        -1.902188E-03
4.087481E+00        -1.898289E-03
4.083809E+00        -1.894464E-03
4.080141E+00        -1.890590E-03
4.076475E+00        -1.886764E-03
4.072813E+00        -1.882890E-03
4.069155E+00        -1.879066E-03
4.065499E+00        -1.875266E-03
4.061847E+00        -1.871466E-03
4.058198E+00        -1.867666E-03
4.054553E+00        -1.863867E-03
4.050911E+00        -1.860068E-03
4.047272E+00        -1.856268E-03
4.043636E+00        -1.852468E-03
4.040003E+00        -1.848743E-03
4.036374E+00        -1.844969E-03
4.032748E+00        -1.841169E-03
4.029126E+00        -1.837445E-03
4.025506E+00        -1.833670E-03
4.021890E+00        -1.829945E-03
4.018277E+00        -1.826245E-03
4.014667E+00        -1.822545E-03
4.011061E+00        -1.818846E-03
4.007458E+00        -1.815147E-03
4.003858E+00        -1.811447E-03
4.000261E+00        -1.807747E-03
3.996668E+00        -1.804048E-03
3.993077E+00        -1.800348E-03
3.989490E+00        -1.796722E-03
3.985906E+00        -1.793048E-03
3.982326E+00        -1.789424E-03
3.978748E+00        -1.785749E-03
3.975174E+00        -1.782124E-03
3.971603E+00        -1.778524E-03
3.968036E+00        -1.774851E-03
3.964471E+00        -1.771225E-03
3.960910E+00        -1.767626E-03
3.957352E+00        -1.764026E-03
3.953797E+00        -1.760427E-03
3.950245E+00        -1.756901E-03
3.946696E+00        -1.753327E-03
3.943151E+00        -1.749728E-03
3.939609E+00        -1.746128E-03
3.936070E+00        -1.742603E-03
3.932534E+00        -1.739029E-03
3.929001E+00        -1.735503E-03
3.925472E+00        -1.732004E-03
3.921945E+00        -1.728429E-03
3.918422E+00        -1.724904E-03
3.914902E+00        -1.721404E-03
3.911385E+00        -1.717904E-03
3.907872E+00        -1.714405E-03
3.904361E+00        -1.710905E-03
3.900854E+00        -1.707406E-03
3.897350E+00        -1.703906E-03
3.893849E+00        -1.700481E-03
3.890351E+00        -1.697007E-03
3.886856E+00        -1.693507E-03
3.883364E+00        -1.690081E-03
3.879876E+00        -1.686682E-03
3.876391E+00        -1.683209E-03
3.872908E+00        -1.679782E-03
3.869429E+00        -1.676383E-03
3.865953E+00        -1.672983E-03
3.862480E+00        -1.669509E-03
3.859011E+00        -1.666084E-03
3.855544E+00        -1.662758E-03
3.852081E+00        -1.659385E-03
3.848620E+00        -1.655985E-03
3.845163E+00        -1.652585E-03
3.841709E+00        -1.649186E-03
3.838258E+00        -1.645860E-03
3.834810E+00        -1.642487E-03
3.831365E+00        -1.639161E-03
3.827923E+00        -1.635787E-03
3.824484E+00        -1.632461E-03
3.821049E+00        -1.629162E-03
3.817616E+00        -1.625862E-03
3.814187E+00        -1.622489E-03
3.810760E+00        -1.619162E-03
3.807337E+00        -1.615863E-03
3.803917E+00        -1.612563E-03
3.800500E+00        -1.609264E-03
3.797086E+00        -1.606038E-03
3.793675E+00        -1.602764E-03
3.790267E+00        -1.599465E-03
3.786862E+00        -1.596239E-03
3.783460E+00        -1.592965E-03
3.780062E+00        -1.589740E-03
3.776666E+00        -1.586466E-03
3.773273E+00        -1.583240E-03
3.769884E+00        -1.580041E-03
3.766497E+00        -1.576767E-03
3.763114E+00        -1.573541E-03
3.759733E+00        -1.570341E-03
3.756356E+00        -1.567142E-03
3.752981E+00        -1.563942E-03
3.749610E+00        -1.560742E-03
3.746242E+00        -1.557543E-03
3.742876E+00        -1.554343E-03
3.739514E+00        -1.551217E-03
3.736155E+00        -1.548044E-03
3.732798E+00        -1.544917E-03
3.729445E+00        -1.541744E-03
3.726095E+00        -1.538618E-03
3.722748E+00        -1.535445E-03
3.719404E+00        -1.532319E-03
3.716062E+00        -1.529219E-03
3.712724E+00        -1.526046E-03
3.709389E+00        -1.522920E-03
3.706057E+00        -1.519820E-03
3.702728E+00        -1.516721E-03
3.699401E+00        -1.513620E-03
3.696078E+00        -1.510521E-03
3.692758E+00        -1.507495E-03
3.689441E+00        -1.504422E-03
3.686126E+00        -1.501321E-03
3.682815E+00        -1.498222E-03
3.679507E+00        -1.495196E-03
3.676201E+00        -1.492122E-03
3.672899E+00        -1.489097E-03
3.669600E+00        -1.486097E-03
3.666303E+00        -1.483024E-03
3.663010E+00        -1.479998E-03
3.659719E+00        -1.476998E-03
3.656431E+00        -1.473924E-03
3.653147E+00        -1.470898E-03
3.649865E+00        -1.467898E-03
3.646586E+00        -1.464899E-03
3.643311E+00        -1.461973E-03
3.640038E+00        -1.459000E-03
3.636768E+00        -1.456000E-03
3.633501E+00        -1.453000E-03
3.630237E+00        -1.450001E-03
3.626976E+00        -1.447074E-03
3.623718E+00        -1.444101E-03
3.620462E+00        -1.441174E-03
3.617210E+00        -1.438202E-03
3.613961E+00        -1.435275E-03
3.610714E+00        -1.432375E-03
3.607471E+00        -1.429403E-03
3.604230E+00        -1.426476E-03
3.600992E+00        -1.423576E-03
3.597757E+00        -1.420676E-03
3.594525E+00        -1.417776E-03
3.591296E+00        -1.414877E-03
3.588070E+00        -1.411977E-03
3.584847E+00        -1.409078E-03
3.581627E+00        -1.406178E-03
3.578409E+00        -1.403351E-03
3.575195E+00        -1.400479E-03
3.571983E+00        -1.397579E-03
3.568774E+00        -1.394752E-03
3.565569E+00        -1.391880E-03
3.562365E+00        -1.389052E-03
3.559165E+00        -1.386253E-03
3.555968E+00        -1.383380E-03
3.552774E+00        -1.380554E-03
3.549582E+00        -1.377754E-03
3.546394E+00        -1.374882E-03
3.543208E+00        -1.372055E-03
3.540025E+00        -1.369255E-03
3.536845E+00        -1.366455E-03
3.533668E+00        -1.363656E-03
3.530493E+00        -1.360929E-03
3.527322E+00        -1.358156E-03
3.524153E+00        -1.355356E-03
3.520987E+00        -1.352556E-03
3.517824E+00        -1.349830E-03
3.514664E+00        -1.347057E-03
3.511507E+00        -1.344257E-03
3.508353E+00        -1.341531E-03
3.505201E+00        -1.338831E-03
3.502052E+00        -1.336058E-03
3.498906E+00        -1.333331E-03
3.495763E+00        -1.330632E-03
3.492623E+00        -1.327859E-03
3.489485E+00        -1.325132E-03
3.486351E+00        -1.322433E-03
3.483219E+00        -1.319733E-03
3.480090E+00        -1.317033E-03
3.476964E+00        -1.314334E-03
3.473840E+00        -1.311633E-03
3.470719E+00        -1.308933E-03
3.467602E+00        -1.306307E-03
3.464487E+00        -1.303635E-03
3.461374E+00        -1.300934E-03
3.458265E+00        -1.298308E-03
3.455158E+00        -1.295635E-03
3.452055E+00        -1.293009E-03
3.448954E+00        -1.290336E-03
3.445855E+00        -1.287708E-03
3.442760E+00        -1.285036E-03
3.439667E+00        -1.282409E-03
3.436577E+00        -1.279809E-03
3.433490E+00        -1.277210E-03
3.430406E+00        -1.274538E-03
3.427324E+00        -1.271910E-03
3.424245E+00        -1.269310E-03
3.421169E+00        -1.266711E-03
3.418096E+00        -1.264111E-03
3.415026E+00        -1.261584E-03
3.411958E+00        -1.259012E-03
3.408893E+00        -1.256412E-03
3.405830E+00        -1.253812E-03
3.402771E+00        -1.251285E-03
3.399714E+00        -1.248712E-03
3.396660E+00        -1.246113E-03
3.393609E+00        -1.243586E-03
3.390560E+00        -1.241086E-03
3.387515E+00        -1.238514E-03
3.384472E+00        -1.235987E-03
3.381431E+00        -1.233414E-03
3.378394E+00        -1.230887E-03
3.375359E+00        -1.228387E-03
3.372327E+00        -1.225888E-03
3.369297E+00        -1.223388E-03
3.366270E+00        -1.220888E-03
3.363247E+00        -1.218389E-03
3.360225E+00        -1.215888E-03
3.357207E+00        -1.213389E-03
3.354191E+00        -1.210889E-03
3.351178E+00        -1.208389E-03
3.348167E+00        -1.205889E-03
3.345160E+00        -1.203462E-03
3.342155E+00        -1.200990E-03
3.339152E+00        -1.198490E-03
3.336153E+00        -1.196063E-03
3.333156E+00        -1.193591E-03
3.330162E+00        -1.191164E-03
3.327170E+00        -1.188691E-03
3.324181E+00        -1.186264E-03
3.321195E+00        -1.183864E-03
3.318212E+00        -1.181392E-03
3.315231E+00        -1.178965E-03
3.312253E+00        -1.176565E-03
3.309277E+00        -1.174165E-03
3.306304E+00        -1.171765E-03
3.303334E+00        -1.169365E-03
3.300367E+00        -1.166966E-03
3.297402E+00        -1.164566E-03
3.294440E+00        -1.162166E-03
3.291480E+00        -1.159766E-03
3.288524E+00        -1.157439E-03
3.285570E+00        -1.155067E-03
3.282618E+00        -1.152667E-03
3.279669E+00        -1.150339E-03
3.276723E+00        -1.147968E-03
3.273780E+00        -1.145640E-03
3.270839E+00        -1.143268E-03
3.267900E+00        -1.140868E-03
3.264965E+00        -1.138541E-03
3.262032E+00        -1.136241E-03
3.259101E+00        -1.133869E-03
3.256174E+00        -1.131542E-03
3.253249E+00        -1.129242E-03
3.250326E+00        -1.126942E-03
3.247406E+00        -1.124642E-03
3.244489E+00        -1.122342E-03
3.241575E+00        -1.120043E-03
3.238663E+00        -1.117743E-03
3.235753E+00        -1.115443E-03
3.232847E+00        -1.113144E-03
3.229943E+00        -1.110844E-03
3.227041E+00        -1.108544E-03
3.224142E+00        -1.106244E-03
3.221246E+00        -1.104016E-03
3.218352E+00        -1.101744E-03
3.215461E+00        -1.099517E-03
3.212573E+00        -1.097245E-03
3.209687E+00        -1.095017E-03
3.206803E+00        -1.092745E-03
3.203923E+00        -1.090518E-03
3.201044E+00        -1.088245E-03
3.198169E+00        -1.086018E-03
3.195296E+00        -1.083818E-03
3.192426E+00        -1.081547E-03
3.189558E+00        -1.079319E-03
3.186693E+00        -1.077119E-03
3.183830E+00        -1.074919E-03
3.180970E+00        -1.072719E-03
3.178112E+00        -1.070519E-03
3.175257E+00        -1.068319E-03
3.172405E+00        -1.066120E-03
3.169555E+00        -1.063920E-03
3.166708E+00        -1.061721E-03
3.163863E+00        -1.059520E-03
3.161021E+00        -1.057393E-03
3.158181E+00        -1.055221E-03
3.155344E+00        -1.053021E-03
3.152510E+00        -1.050893E-03
3.149678E+00        -1.048722E-03
3.146848E+00        -1.046522E-03
3.144022E+00        -1.044394E-03
3.141197E+00        -1.042294E-03
3.138376E+00        -1.040123E-03
3.135556E+00        -1.037994E-03
3.132740E+00        -1.035823E-03
3.129925E+00        -1.033695E-03
3.127114E+00        -1.031595E-03
3.124305E+00        -1.029496E-03
3.121498E+00        -1.027396E-03
3.118694E+00        -1.025296E-03
3.115892E+00        -1.023196E-03
3.113093E+00        -1.021096E-03
3.110297E+00        -1.018925E-03
3.107503E+00        -1.016868E-03
3.104711E+00        -1.014797E-03
3.101922E+00        -1.012697E-03
3.099136E+00        -1.010598E-03
3.096352E+00        -1.008498E-03
3.093570E+00        -1.006398E-03
3.090791E+00        -1.004369E-03
3.088015E+00        -1.002298E-03
3.085241E+00        -1.000241E-03
3.082469E+00        -9.981870E-04
3.079700E+00        -9.961344E-04
3.076933E+00        -9.940843E-04
3.074169E+00        -9.920417E-04
3.071408E+00        -9.900023E-04
3.068649E+00        -9.879697E-04
3.065892E+00        -9.859396E-04
3.063138E+00        -9.839099E-04
3.060386E+00        -9.818870E-04
3.057637E+00        -9.798674E-04
3.054890E+00        -9.778474E-04
3.052146E+00        -9.758349E-04
3.049404E+00        -9.738321E-04
3.046665E+00        -9.718254E-04
3.043928E+00        -9.698298E-04
3.041194E+00        -9.678331E-04
3.038462E+00        -9.658404E-04
3.035732E+00        -9.638574E-04
3.033005E+00        -9.618705E-04
3.030281E+00        -9.598883E-04
3.027559E+00        -9.579157E-04
3.024839E+00        -9.559457E-04
3.022122E+00        -9.539761E-04
3.019407E+00        -9.520133E-04
3.016694E+00        -9.500530E-04
3.013984E+00        -9.481003E-04
3.011277E+00        -9.461509E-04
3.008572E+00        -9.442011E-04
3.005869E+00        -9.422582E-04
3.003169E+00        -9.403185E-04
3.000471E+00        -9.383786E-04
2.997776E+00        -9.364462E-04
2.995083E+00        -9.345234E-04
2.992392E+00        -9.325962E-04
2.989704E+00        -9.306736E-04
2.987018E+00        -9.287607E-04
2.984335E+00        -9.268511E-04
2.981654E+00        -9.249412E-04
2.978976E+00        -9.230388E-04
2.976300E+00        -9.211390E-04
2.973626E+00        -9.192390E-04
2.970955E+00        -9.173465E-04
2.968286E+00        -9.154565E-04
2.965620E+00        -9.135742E-04
2.962956E+00        -9.116944E-04
2.960294E+00        -9.098143E-04
2.957635E+00        -9.079347E-04
2.954978E+00        -9.060690E-04
2.952323E+00        -9.042018E-04
2.949671E+00        -9.023392E-04
2.947021E+00        -9.004792E-04
2.944374E+00        -8.986196E-04
2.941729E+00        -8.967740E-04
2.939086E+00        -8.949268E-04
2.936446E+00        -8.930842E-04
2.933808E+00        -8.912443E-04
2.931173E+00        -8.894048E-04
2.928540E+00        -8.875722E-04
2.925909E+00        -8.857422E-04
2.923281E+00        -8.839126E-04
2.920655E+00        -8.820899E-04
2.918031E+00        -8.802770E-04
2.915410E+00        -8.784603E-04
2.912791E+00        -8.766475E-04
2.910174E+00        -8.748445E-04
2.907560E+00        -8.730449E-04
2.904948E+00        -8.712450E-04
2.902338E+00        -8.694449E-04
2.899731E+00        -8.676523E-04
2.897126E+00        -8.658624E-04
2.894524E+00        -8.640800E-04
2.891923E+00        -8.622996E-04
2.889326E+00        -8.605204E-04
2.886730E+00        -8.587473E-04
2.884137E+00        -8.569776E-04
2.881546E+00        -8.552077E-04
2.878957E+00        -8.534447E-04
2.876371E+00        -8.516850E-04
2.873787E+00        -8.499251E-04
2.871206E+00        -8.481727E-04
2.868627E+00        -8.464231E-04
2.866050E+00        -8.446803E-04
2.863475E+00        -8.429402E-04
2.860903E+00        -8.412006E-04
2.858333E+00        -8.394607E-04
2.855765E+00        -8.377278E-04
2.853200E+00        -8.360052E-04
2.850637E+00        -8.342784E-04
2.848076E+00        -8.325555E-04
2.845517E+00        -8.308353E-04
2.842961E+00        -8.291226E-04
2.840407E+00        -8.274127E-04
2.837856E+00        -8.257033E-04
2.835306E+00        -8.240001E-04
2.832759E+00        -8.223002E-04
2.830215E+00        -8.206009E-04
2.827672E+00        -8.189077E-04
2.825132E+00        -8.172180E-04
2.822594E+00        -8.155351E-04
2.820059E+00        -8.138486E-04
2.817525E+00        -8.121654E-04
2.814994E+00        -8.104926E-04
2.812466E+00        -8.088233E-04
2.809939E+00        -8.071531E-04
2.807415E+00        -8.054834E-04
2.804893E+00        -8.038206E-04
2.802373E+00        -8.021605E-04
2.799856E+00        -8.005010E-04
2.797341E+00        -7.988483E-04
2.794828E+00        -7.972054E-04
2.792317E+00        -7.955583E-04
2.789809E+00        -7.939158E-04
2.787303E+00        -7.922760E-04
2.784799E+00        -7.906361E-04
2.782297E+00        -7.890030E-04
2.779798E+00        -7.873735E-04
2.777301E+00        -7.857507E-04
2.774806E+00        -7.841238E-04
2.772313E+00        -7.825008E-04
2.769823E+00        -7.808882E-04
2.767334E+00        -7.792779E-04
2.764848E+00        -7.776680E-04
2.762365E+00        -7.760586E-04
2.759883E+00        -7.744555E-04
2.757404E+00        -7.728558E-04
2.754927E+00        -7.712559E-04
2.752452E+00        -7.696630E-04
2.749980E+00        -7.680735E-04
2.747509E+00        -7.664833E-04
2.745041E+00        -7.649005E-04
2.742575E+00        -7.633206E-04
2.740112E+00        -7.617412E-04
2.737650E+00        -7.601681E-04
2.735191E+00        -7.585984E-04
2.732734E+00        -7.570286E-04
2.730279E+00        -7.554657E-04
2.727826E+00        -7.539056E-04
2.725376E+00        -7.523461E-04
2.722928E+00        -7.507934E-04
2.720481E+00        -7.492430E-04
2.718038E+00        -7.476936E-04
2.715596E+00        -7.461436E-04
2.713157E+00        -7.446010E-04
2.710719E+00        -7.430607E-04
2.708284E+00        -7.415209E-04
2.705851E+00        -7.399880E-04
2.703421E+00        -7.384586E-04
2.700992E+00        -7.369355E-04
2.698566E+00        -7.354089E-04
2.696142E+00        -7.338861E-04
2.693720E+00        -7.323663E-04
2.691300E+00        -7.308533E-04
2.688882E+00        -7.293432E-04
2.686467E+00        -7.278337E-04
2.684053E+00        -7.263304E-04
2.681642E+00        -7.248236E-04
2.679233E+00        -7.233277E-04
2.676826E+00        -7.218307E-04
2.674422E+00        -7.203383E-04
2.672019E+00        -7.188481E-04
2.669619E+00        -7.173585E-04
2.667221E+00        -7.158757E-04
2.664825E+00        -7.143958E-04
2.662431E+00        -7.129159E-04
2.660039E+00        -7.114359E-04
2.657650E+00        -7.099633E-04
2.655262E+00        -7.084931E-04
2.652877E+00        -7.070304E-04
2.650494E+00        -7.055706E-04
2.648113E+00        -7.041108E-04
2.645734E+00        -7.026508E-04
2.643357E+00        -7.011908E-04
2.640983E+00        -6.997383E-04
2.638610E+00        -6.982950E-04
2.636240E+00        -6.968484E-04
2.633872E+00        -6.954056E-04
2.631506E+00        -6.939658E-04
2.629142E+00        -6.925259E-04
2.626780E+00        -6.910929E-04
2.624420E+00        -6.896628E-04
2.622063E+00        -6.882333E-04
2.619707E+00        -6.868101E-04
2.617354E+00        -6.853904E-04
2.615003E+00        -6.839707E-04
2.612654E+00        -6.825509E-04
2.610307E+00        -6.811380E-04
2.607962E+00        -6.797281E-04
2.605619E+00        -6.783181E-04
2.603279E+00        -6.769156E-04
2.600940E+00        -6.755085E-04
2.598603E+00        -6.741122E-04
2.596269E+00        -6.727156E-04
2.593937E+00        -6.713229E-04
2.591607E+00        -6.699331E-04
2.589279E+00        -6.685433E-04
2.586953E+00        -6.671535E-04
2.584629E+00        -6.657705E-04
2.582307E+00        -6.643905E-04
2.579987E+00        -6.630175E-04
2.577670E+00        -6.616410E-04
2.575354E+00        -6.602678E-04
2.573040E+00        -6.588977E-04
2.570729E+00        -6.575350E-04
2.568420E+00        -6.561753E-04
2.566112E+00        -6.548150E-04
2.563807E+00        -6.534553E-04
2.561504E+00        -6.521024E-04
2.559203E+00        -6.507526E-04
2.556904E+00        -6.494027E-04
2.554607E+00        -6.480528E-04
2.552312E+00        -6.467098E-04
2.550020E+00        -6.453703E-04
2.547729E+00        -6.440303E-04
2.545440E+00        -6.426903E-04
2.543154E+00        -6.413577E-04
2.540869E+00        -6.400276E-04
2.538587E+00        -6.387049E-04
2.536306E+00        -6.373778E-04
2.534028E+00        -6.360551E-04
2.531751E+00        -6.347349E-04
2.529477E+00        -6.334221E-04
2.527205E+00        -6.321055E-04
2.524935E+00        -6.307926E-04
2.522666E+00        -6.294823E-04
2.520400E+00        -6.281795E-04
2.518136E+00        -6.268797E-04
2.515874E+00        -6.255729E-04
2.513614E+00        -6.242769E-04
2.511356E+00        -6.229801E-04
2.509100E+00        -6.216872E-04
2.506846E+00        -6.203973E-04
2.504594E+00        -6.191074E-04
2.502344E+00        -6.178244E-04
2.500096E+00        -6.165444E-04
2.497850E+00        -6.152645E-04
2.495607E+00        -6.139851E-04
2.493365E+00        -6.127121E-04
2.491125E+00        -6.114421E-04
2.488887E+00        -6.101721E-04
2.486651E+00        -6.089021E-04
2.484417E+00        -6.076391E-04
2.482186E+00        -6.063796E-04
2.479956E+00        -6.051196E-04
2.477728E+00        -6.038597E-04
2.475502E+00        -6.026066E-04
2.473279E+00        -6.013571E-04
2.471057E+00        -6.001071E-04
2.468837E+00        -5.988640E-04
2.466619E+00        -5.976171E-04
2.464403E+00        -5.963741E-04
2.462190E+00        -5.951346E-04
2.459978E+00        -5.939016E-04
2.457768E+00        -5.926647E-04
2.455560E+00        -5.914316E-04
2.453354E+00        -5.902017E-04
2.451150E+00        -5.889786E-04
2.448948E+00        -5.877587E-04
2.446748E+00        -5.865388E-04
2.444550E+00        -5.853189E-04
2.442354E+00        -5.840990E-04
2.440160E+00        -5.828860E-04
2.437968E+00        -5.816762E-04
2.435778E+00        -5.804663E-04
2.433590E+00        -5.792565E-04
2.431404E+00        -5.780536E-04
2.429220E+00        -5.768538E-04
2.427038E+00        -5.756540E-04
2.424858E+00        -5.744612E-04
2.422679E+00        -5.732640E-04
2.420503E+00        -5.720712E-04
2.418329E+00        -5.708815E-04
2.416156E+00        -5.696982E-04
2.413986E+00        -5.685117E-04
2.411817E+00        -5.673284E-04
2.409651E+00        -5.661489E-04
2.407486E+00        -5.649757E-04
2.405323E+00        -5.637987E-04
2.403162E+00        -5.626256E-04
2.401004E+00        -5.614561E-04
2.398847E+00        -5.602862E-04
2.396692E+00        -5.591231E-04
2.394539E+00        -5.579632E-04
2.392388E+00        -5.567965E-04
2.390239E+00        -5.556404E-04
2.388092E+00        -5.544838E-04
2.385946E+00        -5.533303E-04
2.383803E+00        -5.521806E-04
2.381662E+00        -5.510310E-04
2.379522E+00        -5.498808E-04
2.377384E+00        -5.487376E-04
2.375249E+00        -5.475980E-04
2.373115E+00        -5.464580E-04
2.370983E+00        -5.453180E-04
2.368853E+00        -5.441849E-04
2.366725E+00        -5.430550E-04
2.364599E+00        -5.419252E-04
2.362475E+00        -5.407953E-04
2.360353E+00        -5.396656E-04
2.358233E+00        -5.385427E-04
2.356114E+00        -5.374226E-04
2.353998E+00        -5.363029E-04
2.351883E+00        -5.351897E-04
2.349770E+00        -5.340728E-04
2.347659E+00        -5.329597E-04
2.345551E+00        -5.318503E-04
2.343443E+00        -5.307468E-04
2.341338E+00        -5.296401E-04
2.339235E+00        -5.285372E-04
2.337134E+00        -5.274375E-04
2.335034E+00        -5.263374E-04
2.332937E+00        -5.252446E-04
2.330841E+00        -5.241477E-04
2.328747E+00        -5.230546E-04
2.326655E+00        -5.219647E-04
2.324565E+00        -5.208817E-04
2.322477E+00        -5.197950E-04
2.320391E+00        -5.187121E-04
2.318306E+00        -5.176320E-04
2.316224E+00        -5.165524E-04
2.314143E+00        -5.154723E-04
2.312064E+00        -5.143992E-04
2.309987E+00        -5.133293E-04
2.307912E+00        -5.122594E-04
2.305839E+00        -5.111896E-04
2.303767E+00        -5.101263E-04
2.301698E+00        -5.090666E-04
2.299630E+00        -5.080066E-04
2.297564E+00        -5.069466E-04
2.295500E+00        -5.058866E-04
2.293438E+00        -5.048336E-04
2.291378E+00        -5.037838E-04
2.289320E+00        -5.027273E-04
2.287263E+00        -5.016808E-04
2.285208E+00        -5.006339E-04
2.283156E+00        -4.995913E-04
2.281105E+00        -4.985514E-04
2.279056E+00        -4.975116E-04
2.277008E+00        -4.964713E-04
2.274963E+00        -4.954385E-04
2.272919E+00        -4.944016E-04
2.270877E+00        -4.933684E-04
2.268837E+00        -4.923453E-04
2.266799E+00        -4.913186E-04
2.264763E+00        -4.902889E-04
2.262728E+00        -4.892656E-04
2.260696E+00        -4.882460E-04
2.258665E+00        -4.872260E-04
2.256636E+00        -4.862129E-04
2.254609E+00        -4.851963E-04
2.252583E+00        -4.841829E-04
2.250560E+00        -4.831732E-04
2.248538E+00        -4.821632E-04
2.246518E+00        -4.811600E-04
2.244500E+00        -4.801602E-04
2.242484E+00        -4.791536E-04
2.240469E+00        -4.781502E-04
2.238457E+00        -4.771575E-04
2.236446E+00        -4.761607E-04
2.234437E+00        -4.751676E-04
2.232430E+00        -4.741778E-04
2.230424E+00        -4.731876E-04
2.228421E+00        -4.721980E-04
2.226419E+00        -4.712080E-04
2.224419E+00        -4.702249E-04
2.222421E+00        -4.692451E-04
2.220424E+00        -4.682650E-04
2.218430E+00        -4.672854E-04
2.216437E+00        -4.663122E-04
2.214446E+00        -4.653355E-04
2.212456E+00        -4.643621E-04
2.210469E+00        -4.633924E-04
2.208483E+00        -4.624291E-04
2.206499E+00        -4.614624E-04
2.204517E+00        -4.604993E-04
2.202537E+00        -4.595396E-04
2.200558E+00        -4.585795E-04
2.198581E+00        -4.576195E-04
2.196606E+00        -4.566596E-04
2.194633E+00        -4.557066E-04
2.192662E+00        -4.547569E-04
2.190692E+00        -4.538069E-04
2.188724E+00        -4.528569E-04
2.186758E+00        -4.519071E-04
2.184793E+00        -4.509637E-04
2.182831E+00        -4.500241E-04
2.180870E+00        -4.490841E-04
2.178911E+00        -4.481442E-04
2.176953E+00        -4.472040E-04
2.174998E+00        -4.462712E-04
2.173044E+00        -4.453412E-04
2.171092E+00        -4.444113E-04
2.169142E+00        -4.434816E-04
2.167193E+00        -4.425515E-04
2.165246E+00        -4.416282E-04
2.163301E+00        -4.407016E-04
2.161358E+00        -4.397786E-04
2.159416E+00        -4.388585E-04
2.157476E+00        -4.379453E-04
2.155538E+00        -4.370286E-04
2.153602E+00        -4.361157E-04
2.151667E+00        -4.352056E-04
2.149734E+00        -4.342956E-04
2.147803E+00        -4.333858E-04
2.145874E+00        -4.324760E-04
2.143946E+00        -4.315727E-04
2.142020E+00        -4.306660E-04
2.140096E+00        -4.297630E-04
2.138174E+00        -4.288633E-04
2.136253E+00        -4.279700E-04
2.134334E+00        -4.270734E-04
2.132417E+00        -4.261803E-04
2.130501E+00        -4.252902E-04
2.128587E+00        -4.244003E-04
2.126675E+00        -4.235104E-04
2.124764E+00        -4.226202E-04
2.122856E+00        -4.217374E-04
2.120949E+00        -4.208575E-04
2.119044E+00        -4.199777E-04
2.117140E+00        -4.190976E-04
2.115238E+00        -4.182176E-04
2.113338E+00        -4.173445E-04
2.111439E+00        -4.164676E-04
2.109543E+00        -4.155948E-04
2.107648E+00        -4.147249E-04
2.105754E+00        -4.138614E-04
2.103863E+00        -4.129950E-04
2.101973E+00        -4.121251E-04
2.100085E+00        -4.112620E-04
2.098198E+00        -4.104019E-04
2.096313E+00        -4.095419E-04
2.094430E+00        -4.086820E-04
2.092549E+00        -4.078291E-04
2.090669E+00        -4.069723E-04
2.088791E+00        -4.061192E-04
2.086914E+00        -4.052690E-04
2.085040E+00        -4.044194E-04
2.083167E+00        -4.035762E-04
2.081295E+00        -4.027293E-04
2.079426E+00        -4.018863E-04
2.077558E+00        -4.010464E-04
2.075691E+00        -4.002062E-04
2.073827E+00        -3.993666E-04
2.071964E+00        -3.985266E-04
2.070102E+00        -3.976931E-04
2.068243E+00        -3.968567E-04
2.066385E+00        -3.960235E-04
2.064529E+00        -3.951937E-04
2.062674E+00        -3.943636E-04
2.060821E+00        -3.935404E-04
2.058970E+00        -3.927139E-04
2.057120E+00        -3.918905E-04
2.055272E+00        -3.910705E-04
2.053426E+00        -3.902507E-04
2.051581E+00        -3.894306E-04
2.049738E+00        -3.886107E-04
2.047897E+00        -3.877976E-04
2.046057E+00        -3.869876E-04
2.044219E+00        -3.861776E-04
2.042383E+00        -3.853679E-04
2.040548E+00        -3.845578E-04
2.038715E+00        -3.837479E-04
2.036884E+00        -3.829449E-04
2.035054E+00        -3.821382E-04
2.033226E+00        -3.813350E-04
2.031400E+00        -3.805353E-04
2.029575E+00        -3.797353E-04
2.027752E+00        -3.789422E-04
2.025930E+00        -3.781454E-04
2.024110E+00        -3.773521E-04
2.022292E+00        -3.765623E-04
2.020475E+00        -3.757722E-04
2.018660E+00        -3.749823E-04
2.016847E+00        -3.741926E-04
2.015035E+00        -3.734092E-04
2.013225E+00        -3.726227E-04
2.011416E+00        -3.718392E-04
2.009609E+00        -3.710592E-04
2.007804E+00        -3.702794E-04
2.006000E+00        -3.695060E-04
2.004198E+00        -3.687295E-04
2.002398E+00        -3.679564E-04
2.000599E+00        -3.671797E-04
1.998802E+00        -3.664065E-04
1.997007E+00        -3.656435E-04
1.995213E+00        -3.648769E-04
1.993420E+00        -3.641067E-04
1.991630E+00        -3.633437E-04
1.989840E+00        -3.625767E-04
1.988053E+00        -3.618137E-04
1.986267E+00        -3.610537E-04
1.984483E+00        -3.603006E-04
1.982700E+00        -3.595439E-04
1.980919E+00        -3.587840E-04
1.979139E+00        -3.580305E-04
1.977362E+00        -3.572810E-04
1.975585E+00        -3.565307E-04
1.973811E+00        -3.557811E-04
1.972037E+00        -3.550308E-04
1.970266E+00        -3.542811E-04
1.968496E+00        -3.535378E-04
1.966728E+00        -3.527980E-04
1.964961E+00        -3.520580E-04
1.963196E+00        -3.513181E-04
1.961432E+00        -3.505780E-04
1.959670E+00        -3.498381E-04
1.957910E+00        -3.491050E-04
1.956151E+00        -3.483683E-04
1.954394E+00        -3.476351E-04
1.952638E+00        -3.469051E-04
1.950884E+00        -3.461752E-04
1.949131E+00        -3.454451E-04
1.947381E+00        -3.447222E-04
1.945631E+00        -3.439953E-04
1.943883E+00        -3.432719E-04
1.942137E+00        -3.425521E-04
1.940393E+00        -3.418325E-04
1.938649E+00        -3.411121E-04
1.936908E+00        -3.403924E-04
1.935168E+00        -3.396791E-04
1.933430E+00        -3.389627E-04
1.931693E+00        -3.382494E-04
1.929957E+00        -3.375391E-04
1.928224E+00        -3.368295E-04
1.926492E+00        -3.361196E-04
1.924761E+00        -3.354095E-04
1.923032E+00        -3.346996E-04
1.921304E+00        -3.339961E-04
1.919579E+00        -3.332966E-04
1.917854E+00        -3.325964E-04
1.916131E+00        -3.318964E-04
1.914410E+00        -3.311966E-04
1.912690E+00        -3.304965E-04
1.910972E+00        -3.298033E-04
1.909255E+00        -3.291066E-04
1.907540E+00        -3.284134E-04
1.905827E+00        -3.277237E-04
1.904115E+00        -3.270337E-04
1.902404E+00        -3.263436E-04
1.900695E+00        -3.256537E-04
1.898988E+00        -3.249705E-04
1.897282E+00        -3.242839E-04
1.895578E+00        -3.236007E-04
1.893875E+00        -3.229207E-04
1.892173E+00        -3.222405E-04
1.890474E+00        -3.215609E-04
1.888775E+00        -3.208807E-04
1.887079E+00        -3.202076E-04
1.885384E+00        -3.195312E-04
1.883690E+00        -3.188577E-04
1.881998E+00        -3.181878E-04
1.880307E+00        -3.175177E-04
1.878618E+00        -3.168479E-04
1.876930E+00        -3.161778E-04
1.875244E+00        -3.155145E-04
1.873560E+00        -3.148482E-04
1.871877E+00        -3.141848E-04
1.870195E+00        -3.135247E-04
1.868515E+00        -3.128582E-04
1.866837E+00        -3.121951E-04
1.865160E+00        -3.115417E-04
1.863484E+00        -3.108850E-04
1.861810E+00        -3.102317E-04
1.860138E+00        -3.095753E-04
1.858467E+00        -3.089220E-04
1.856797E+00        -3.082718E-04
1.855129E+00        -3.076219E-04
1.853463E+00        -3.069722E-04
1.851798E+00        -3.063222E-04
1.850134E+00        -3.056787E-04
1.848472E+00        -3.050322E-04
1.846812E+00        -3.043890E-04
1.845153E+00        -3.037491E-04
1.843495E+00        -3.031090E-04
1.841839E+00        -3.024690E-04
1.840184E+00        -3.018289E-04
1.838531E+00        -3.011890E-04
1.836880E+00        -3.005559E-04
1.835230E+00        -2.999194E-04
1.833581E+00        -2.992859E-04
1.831934E+00        -2.986560E-04
1.830288E+00        -2.980259E-04
1.828644E+00        -2.973961E-04
1.827001E+00        -2.967660E-04
1.825360E+00        -2.961362E-04
1.823720E+00        -2.955127E-04
1.822082E+00        -2.948929E-04
1.820445E+00        -2.942663E-04
1.818810E+00        -2.936431E-04
1.817176E+00        -2.930231E-04
1.815544E+00        -2.924033E-04
1.813913E+00        -2.917899E-04
1.812283E+00        -2.911732E-04
1.810655E+00        -2.905598E-04
1.809029E+00        -2.899435E-04
1.807404E+00        -2.893302E-04
1.805780E+00        -2.887201E-04
1.804158E+00        -2.881102E-04
1.802537E+00        -2.875001E-04
1.800918E+00        -2.868903E-04
1.799300E+00        -2.862868E-04
1.797684E+00        -2.856805E-04
1.796069E+00        -2.850770E-04
1.794456E+00        -2.844773E-04
1.792844E+00        -2.838773E-04
1.791233E+00        -2.832772E-04
1.789624E+00        -2.826773E-04
1.788016E+00        -2.820772E-04
1.786410E+00        -2.814774E-04
1.784805E+00        -2.808839E-04
1.783202E+00        -2.802941E-04
1.781600E+00        -2.796975E-04
1.780000E+00        -2.791043E-04
1.778401E+00        -2.785143E-04
1.776803E+00        -2.779242E-04
1.775207E+00        -2.773409E-04
1.773612E+00        -2.767543E-04
1.772019E+00        -2.761645E-04
1.770427E+00        -2.755810E-04
1.768837E+00        -2.750012E-04
1.767248E+00        -2.744212E-04
1.765660E+00        -2.738411E-04
1.764074E+00        -2.732612E-04
1.762489E+00        -2.726812E-04
1.760906E+00        -2.721013E-04
1.759324E+00        -2.715279E-04
1.757744E+00        -2.709516E-04
1.756165E+00        -2.703781E-04
1.754587E+00        -2.698081E-04
1.753011E+00        -2.692382E-04
1.751436E+00        -2.686681E-04
1.749863E+00        -2.680983E-04
1.748291E+00        -2.675284E-04
1.746721E+00        -2.669651E-04
1.745151E+00        -2.663983E-04
1.743584E+00        -2.658352E-04
1.742017E+00        -2.652684E-04
1.740453E+00        -2.647053E-04
1.738889E+00        -2.641452E-04
1.737327E+00        -2.635853E-04
1.735766E+00        -2.630317E-04
1.734207E+00        -2.624754E-04
1.732649E+00        -2.619154E-04
1.731093E+00        -2.613621E-04
1.729538E+00        -2.608057E-04
1.727984E+00        -2.602521E-04
1.726432E+00        -2.597023E-04
1.724881E+00        -2.591523E-04
1.723331E+00        -2.586022E-04
1.721783E+00        -2.580523E-04
1.720237E+00        -2.575091E-04
1.718691E+00        -2.569624E-04
1.717147E+00        -2.564189E-04
1.715605E+00        -2.558791E-04
1.714064E+00        -2.553328E-04
1.712524E+00        -2.547892E-04
1.710986E+00        -2.542494E-04
1.709449E+00        -2.537095E-04
1.707913E+00        -2.531759E-04
1.706379E+00        -2.526395E-04
1.704846E+00        -2.520995E-04
1.703314E+00        -2.515659E-04
1.701784E+00        -2.510360E-04
1.700255E+00        -2.504995E-04
1.698728E+00        -2.499661E-04
1.697202E+00        -2.494362E-04
1.695677E+00        -2.489061E-04
1.694154E+00        -2.483827E-04
1.692632E+00        -2.478563E-04
1.691112E+00        -2.473265E-04
1.689593E+00        -2.468031E-04
1.688075E+00        -2.462831E-04
1.686558E+00        -2.457564E-04
1.685043E+00        -2.452330E-04
1.683530E+00        -2.447133E-04
1.682017E+00        -2.441931E-04
1.680506E+00        -2.436796E-04
1.678997E+00        -2.431634E-04
1.677488E+00        -2.426432E-04
1.675982E+00        -2.421301E-04
1.674476E+00        -2.416135E-04
1.672972E+00        -2.411001E-04
1.671469E+00        -2.405901E-04
1.669967E+00        -2.400800E-04
1.668467E+00        -2.395701E-04
1.666968E+00        -2.390601E-04
1.665471E+00        -2.385503E-04
1.663975E+00        -2.380468E-04
1.662480E+00        -2.375403E-04
1.660987E+00        -2.370370E-04
1.659495E+00        -2.365306E-04
1.658004E+00        -2.360271E-04
1.656514E+00        -2.355269E-04
1.655026E+00        -2.350270E-04
1.653540E+00        -2.345273E-04
1.652054E+00        -2.340271E-04
1.650570E+00        -2.335337E-04
1.649087E+00        -2.330372E-04
1.647606E+00        -2.325438E-04
1.646126E+00        -2.320474E-04
1.644647E+00        -2.315538E-04
1.643170E+00        -2.310640E-04
1.641694E+00        -2.305676E-04
1.640219E+00        -2.300805E-04
1.638745E+00        -2.295939E-04
1.637273E+00        -2.291040E-04
1.635803E+00        -2.286143E-04
1.634333E+00        -2.281306E-04
1.632865E+00        -2.276443E-04
1.631398E+00        -2.271607E-04
1.629933E+00        -2.266745E-04
1.628468E+00        -2.261907E-04
1.627006E+00        -2.257111E-04
1.625544E+00        -2.252310E-04
1.624084E+00        -2.247511E-04
1.622625E+00        -2.242711E-04
1.621167E+00        -2.237975E-04
1.619711E+00        -2.233212E-04
1.618256E+00        -2.228477E-04
1.616802E+00        -2.223712E-04
1.615350E+00        -2.218978E-04
1.613899E+00        -2.214279E-04
1.612449E+00        -2.209579E-04
1.611000E+00        -2.204878E-04
1.609553E+00        -2.200179E-04
1.608107E+00        -2.195479E-04
1.606663E+00        -2.190781E-04
1.605219E+00        -2.186144E-04
1.603777E+00        -2.181480E-04
1.602337E+00        -2.176847E-04
1.600897E+00        -2.172181E-04
1.599459E+00        -2.167546E-04
1.598022E+00        -2.162946E-04
1.596587E+00        -2.158348E-04
1.595153E+00        -2.153749E-04
1.593720E+00        -2.149150E-04
1.592288E+00        -2.144549E-04
1.590858E+00        -2.140015E-04
1.589428E+00        -2.135448E-04
1.588001E+00        -2.130915E-04
1.586574E+00        -2.126350E-04
1.585149E+00        -2.121816E-04
1.583725E+00        -2.117316E-04
1.582302E+00        -2.112815E-04
1.580881E+00        -2.108317E-04
1.579461E+00        -2.103818E-04
1.578042E+00        -2.099318E-04
1.576624E+00        -2.094817E-04
1.575208E+00        -2.090383E-04
1.573793E+00        -2.085919E-04
1.572379E+00        -2.081483E-04
1.570967E+00        -2.077021E-04
1.569555E+00        -2.072583E-04
1.568146E+00        -2.068186E-04
1.566737E+00        -2.063786E-04
1.565329E+00        -2.059384E-04
1.563923E+00        -2.054985E-04
1.562518E+00        -2.050585E-04
1.561115E+00        -2.046188E-04
1.559712E+00        -2.041850E-04
1.558311E+00        -2.037487E-04
1.556911E+00        -2.033151E-04
1.555513E+00        -2.028789E-04
1.554115E+00        -2.024452E-04
1.552719E+00        -2.020152E-04
1.551325E+00        -2.015855E-04
1.549931E+00        -2.011554E-04
1.548539E+00        -2.007256E-04
1.547148E+00        -2.002957E-04
1.545758E+00        -1.998656E-04
1.544369E+00        -1.994419E-04
1.542982E+00        -1.990157E-04
1.541596E+00        -1.985922E-04
1.540211E+00        -1.981658E-04
1.538827E+00        -1.977421E-04
1.537445E+00        -1.973222E-04
1.536064E+00        -1.969023E-04
1.534684E+00        -1.964823E-04
1.533305E+00        -1.960622E-04
1.531928E+00        -1.956424E-04
1.530552E+00        -1.952225E-04
1.529177E+00        -1.948089E-04
1.527803E+00        -1.943924E-04
1.526431E+00        -1.939726E-04
1.525059E+00        -1.935588E-04
1.523689E+00        -1.931488E-04
1.522321E+00        -1.927327E-04
1.520953E+00        -1.923190E-04
1.519587E+00        -1.919091E-04
1.518222E+00        -1.914992E-04
1.516858E+00        -1.910892E-04
1.515495E+00        -1.906791E-04
1.514134E+00        -1.902756E-04
1.512774E+00        -1.898694E-04
1.511415E+00        -1.894657E-04
1.510057E+00        -1.890593E-04
1.508701E+00        -1.886559E-04
1.507345E+00        -1.882494E-04
1.505991E+00        -1.878458E-04
1.504638E+00        -1.874458E-04
1.503287E+00        -1.870460E-04
1.501936E+00        -1.866459E-04
1.500587E+00        -1.862460E-04
1.499239E+00        -1.858460E-04
1.497892E+00        -1.854460E-04
1.496547E+00        -1.850526E-04
1.495202E+00        -1.846561E-04
1.493859E+00        -1.842625E-04
1.492517E+00        -1.838662E-04
1.491177E+00        -1.834728E-04
1.489837E+00        -1.830827E-04
1.488499E+00        -1.826865E-04
1.487161E+00        -1.822926E-04
1.485826E+00        -1.819029E-04
1.484491E+00        -1.815192E-04
1.483157E+00        -1.811328E-04
1.481825E+00        -1.807429E-04
1.480494E+00        -1.803530E-04
1.479164E+00        -1.799694E-04
1.477835E+00        -1.795830E-04
1.476507E+00        -1.791993E-04
1.475181E+00        -1.788131E-04
1.473856E+00        -1.784295E-04
1.472532E+00        -1.780495E-04
1.471209E+00        -1.776695E-04
1.469888E+00        -1.772897E-04
1.468567E+00        -1.769096E-04
1.467248E+00        -1.765297E-04
1.465930E+00        -1.761498E-04
1.464613E+00        -1.757698E-04
1.463297E+00        -1.753960E-04
1.461983E+00        -1.750199E-04
1.460669E+00        -1.746461E-04
1.459357E+00        -1.742698E-04
1.458046E+00        -1.738962E-04
1.456737E+00        -1.735264E-04
1.455428E+00        -1.731500E-04
1.454121E+00        -1.727765E-04
1.452814E+00        -1.724063E-04
1.451509E+00        -1.720364E-04
1.450205E+00        -1.716727E-04
1.448903E+00        -1.713066E-04
1.447601E+00        -1.709366E-04
1.446301E+00        -1.705667E-04
1.445001E+00        -1.702028E-04
1.443703E+00        -1.698366E-04
1.442406E+00        -1.694729E-04
1.441111E+00        -1.691131E-04
1.439816E+00        -1.687468E-04
1.438523E+00        -1.683832E-04
1.437230E+00        -1.680230E-04
1.435939E+00        -1.676631E-04
1.434649E+00        -1.673031E-04
1.433361E+00        -1.669434E-04
1.432073E+00        -1.665833E-04
1.430787E+00        -1.662298E-04
1.429501E+00        -1.658733E-04
1.428217E+00        -1.655134E-04
1.426934E+00        -1.651597E-04
1.425652E+00        -1.648034E-04
1.424372E+00        -1.644499E-04
1.423092E+00        -1.640998E-04
1.421814E+00        -1.637500E-04
1.420536E+00        -1.633935E-04
1.419260E+00        -1.630398E-04
1.417985E+00        -1.626899E-04
1.416712E+00        -1.623401E-04
1.415439E+00        -1.619901E-04
1.414167E+00        -1.616463E-04
1.412897E+00        -1.613001E-04
1.411628E+00        -1.609502E-04
1.410360E+00        -1.606065E-04
1.409093E+00        -1.602603E-04
1.407827E+00        -1.599165E-04
1.406562E+00        -1.595765E-04
1.405299E+00        -1.592304E-04
1.404036E+00        -1.588865E-04
1.402775E+00        -1.585466E-04
1.401515E+00        -1.582067E-04
1.400256E+00        -1.578667E-04
1.398998E+00        -1.575267E-04
1.397741E+00        -1.571867E-04
1.396486E+00        -1.568469E-04
1.395231E+00        -1.565131E-04
1.393978E+00        -1.561769E-04
1.392726E+00        -1.558370E-04
1.391475E+00        -1.555034E-04
1.390225E+00        -1.551671E-04
1.388976E+00        -1.548334E-04
1.387728E+00        -1.545034E-04
1.386481E+00        -1.541733E-04
1.385236E+00        -1.538372E-04
1.383991E+00        -1.535033E-04
1.382748E+00        -1.531734E-04
1.381506E+00        -1.528435E-04
1.380265E+00        -1.525135E-04
1.379025E+00        -1.521898E-04
1.377786E+00        -1.518635E-04
1.376549E+00        -1.515337E-04
1.375312E+00        -1.512099E-04
1.374077E+00        -1.508838E-04
1.372842E+00        -1.505599E-04
1.371609E+00        -1.502338E-04
1.370377E+00        -1.499101E-04
1.369146E+00        -1.495901E-04
1.367916E+00        -1.492639E-04
1.366687E+00        -1.489401E-04
1.365459E+00        -1.486201E-04
1.364233E+00        -1.483003E-04
1.363007E+00        -1.479802E-04
1.361783E+00        -1.476666E-04
1.360559E+00        -1.473502E-04
1.359337E+00        -1.470303E-04
1.358116E+00        -1.467103E-04
1.356896E+00        -1.463966E-04
1.355677E+00        -1.460804E-04
1.354459E+00        -1.457666E-04
1.353243E+00        -1.454506E-04
1.352027E+00        -1.451368E-04
1.350812E+00        -1.448267E-04
1.349599E+00        -1.445106E-04
1.348387E+00        -1.441969E-04
1.347175E+00        -1.438868E-04
1.345965E+00        -1.435769E-04
1.344756E+00        -1.432669E-04
1.343548E+00        -1.429570E-04
1.342341E+00        -1.426532E-04
1.341135E+00        -1.423470E-04
1.339931E+00        -1.420372E-04
1.338727E+00        -1.417271E-04
1.337524E+00        -1.414233E-04
1.336323E+00        -1.411235E-04
1.335122E+00        -1.408171E-04
1.333923E+00        -1.405135E-04
1.332725E+00        -1.402073E-04
1.331527E+00        -1.399034E-04
1.330331E+00        -1.396035E-04
1.329136E+00        -1.393035E-04
1.327942E+00        -1.390035E-04
1.326749E+00        -1.387035E-04
1.325558E+00        -1.384038E-04
1.324367E+00        -1.381037E-04
1.323177E+00        -1.378037E-04
1.321988E+00        -1.375036E-04
1.320801E+00        -1.372100E-04
1.319614E+00        -1.369137E-04
1.318429E+00        -1.366201E-04
1.317245E+00        -1.363240E-04
1.316061E+00        -1.360300E-04
1.314879E+00        -1.357339E-04
1.313698E+00        -1.354402E-04
1.312518E+00        -1.351503E-04
1.311339E+00        -1.348603E-04
1.310161E+00        -1.345641E-04
1.308984E+00        -1.342703E-04
1.307808E+00        -1.339803E-04
1.306633E+00        -1.336903E-04
1.305459E+00        -1.334003E-04
1.304287E+00        -1.331167E-04
1.303115E+00        -1.328304E-04
1.301944E+00        -1.325404E-04
1.300775E+00        -1.322567E-04
1.299606E+00        -1.319704E-04
1.298439E+00        -1.316868E-04
1.297272E+00        -1.314005E-04
1.296107E+00        -1.311168E-04
1.294943E+00        -1.308307E-04
1.293779E+00        -1.305467E-04
1.292617E+00        -1.302668E-04
1.291456E+00        -1.299869E-04
1.290296E+00        -1.297069E-04
1.289137E+00        -1.294208E-04
1.287979E+00        -1.291432E-04
1.286822E+00        -1.288671E-04
1.285666E+00        -1.285871E-04
1.284511E+00        -1.283071E-04
1.283357E+00        -1.280271E-04
1.282204E+00        -1.277471E-04
1.281052E+00        -1.274733E-04
1.279901E+00        -1.271971E-04
1.278752E+00        -1.269234E-04
1.277603E+00        -1.266472E-04
1.276455E+00        -1.263734E-04
1.275309E+00        -1.260974E-04
1.274163E+00        -1.258235E-04
1.273018E+00        -1.255534E-04
1.271875E+00        -1.252836E-04
1.270732E+00        -1.250135E-04
1.269591E+00        -1.247436E-04
1.268450E+00        -1.244736E-04
1.267311E+00        -1.242037E-04
1.266172E+00        -1.239336E-04
1.265035E+00        -1.236637E-04
1.263899E+00        -1.233938E-04
1.262763E+00        -1.231237E-04
1.261629E+00        -1.228600E-04
1.260495E+00        -1.225937E-04
1.259363E+00        -1.223300E-04
1.258232E+00        -1.220639E-04
1.257102E+00        -1.218001E-04
1.255972E+00        -1.215339E-04
1.254844E+00        -1.212701E-04
1.253717E+00        -1.210040E-04
1.252590E+00        -1.207400E-04
1.251465E+00        -1.204801E-04
1.250341E+00        -1.202202E-04
1.249218E+00        -1.199602E-04
1.248096E+00        -1.197003E-04
1.246974E+00        -1.194402E-04
1.245854E+00        -1.191802E-04
1.244735E+00        -1.189203E-04
1.243617E+00        -1.186604E-04
1.242500E+00        -1.184066E-04
1.241384E+00        -1.181505E-04
1.240268E+00        -1.178903E-04
1.239154E+00        -1.176365E-04
1.238041E+00        -1.173804E-04
1.236929E+00        -1.171266E-04
1.235818E+00        -1.168706E-04
1.234708E+00        -1.166167E-04
1.233599E+00        -1.163668E-04
1.232490E+00        -1.161166E-04
1.231383E+00        -1.158606E-04
1.230277E+00        -1.156068E-04
1.229172E+00        -1.153568E-04
1.228068E+00        -1.151069E-04
1.226965E+00        -1.148570E-04
1.225862E+00        -1.146068E-04
1.224761E+00        -1.143569E-04
1.223661E+00        -1.141070E-04
1.222562E+00        -1.138632E-04
1.221463E+00        -1.136169E-04
1.220366E+00        -1.133670E-04
1.219270E+00        -1.131171E-04
1.218175E+00        -1.128733E-04
1.217080E+00        -1.126270E-04
1.215987E+00        -1.123832E-04
1.214895E+00        -1.121433E-04
1.213803E+00        -1.118971E-04
1.212713E+00        -1.116533E-04
1.211623E+00        -1.114132E-04
1.210535E+00        -1.111672E-04
1.209448E+00        -1.109235E-04
1.208361E+00        -1.106834E-04
1.207276E+00        -1.104435E-04
1.206191E+00        -1.102034E-04
1.205108E+00        -1.099636E-04
1.204025E+00        -1.097235E-04
1.202943E+00        -1.094834E-04
1.201863E+00        -1.092436E-04
1.200783E+00        -1.090096E-04
1.199704E+00        -1.087735E-04
1.198627E+00        -1.085337E-04
1.197550E+00        -1.082997E-04
1.196474E+00        -1.080636E-04
1.195399E+00        -1.078297E-04
1.194326E+00        -1.075938E-04
1.193253E+00        -1.073599E-04
1.192181E+00        -1.071238E-04
1.191110E+00        -1.068899E-04
1.190040E+00        -1.066599E-04
1.188971E+00        -1.064300E-04
1.187903E+00        -1.061939E-04
1.186836E+00        -1.059600E-04
1.185769E+00        -1.057299E-04
1.184704E+00        -1.055000E-04
1.183640E+00        -1.052700E-04
1.182577E+00        -1.050401E-04
1.181514E+00        -1.048100E-04
1.180453E+00        -1.045801E-04
1.179393E+00        -1.043563E-04
1.178333E+00        -1.041301E-04
1.177275E+00        -1.039002E-04
1.176217E+00        -1.036763E-04
1.175160E+00        -1.034501E-04
1.174105E+00        -1.032203E-04
1.173050E+00        -1.029963E-04
1.171996E+00        -1.027763E-04
1.170943E+00        -1.025502E-04
1.169892E+00        -1.023265E-04
1.168841E+00        -1.021065E-04
1.167791E+00        -1.018804E-04
1.166742E+00        -1.016565E-04
1.165694E+00        -1.014366E-04
1.164646E+00        -1.012164E-04
1.163600E+00        -1.009965E-04
1.162555E+00        -1.007766E-04
1.161511E+00        -1.005567E-04
1.160467E+00        -1.003366E-04
1.159425E+00        -1.001167E-04
1.158383E+00        -9.989661E-05
1.157343E+00        -9.967797E-05
1.156303E+00        -9.946053E-05
1.155264E+00        -9.924289E-05
1.154226E+00        -9.902608E-05
1.153190E+00        -9.881028E-05
1.152154E+00        -9.859429E-05
1.151119E+00        -9.837891E-05
1.150085E+00        -9.816395E-05
1.149051E+00        -9.794940E-05
1.148019E+00        -9.773546E-05
1.146988E+00        -9.752215E-05
1.145958E+00        -9.730864E-05
1.144928E+00        -9.709575E-05
1.143900E+00        -9.688388E-05
1.142872E+00        -9.667181E-05
1.141845E+00        -9.646037E-05
1.140820E+00        -9.624954E-05
1.139795E+00        -9.603913E-05
1.138771E+00        -9.582913E-05
1.137748E+00        -9.561975E-05
1.136726E+00        -9.541078E-05
1.135705E+00        -9.520183E-05
1.134684E+00        -9.499330E-05
1.133665E+00        -9.478538E-05
1.132647E+00        -9.457808E-05
1.131629E+00        -9.437160E-05
1.130613E+00        -9.416513E-05
1.129597E+00        -9.395868E-05
1.128582E+00        -9.375325E-05
1.127569E+00        -9.354844E-05
1.126556E+00        -9.334344E-05
1.125544E+00        -9.313907E-05
1.124533E+00        -9.293511E-05
1.123522E+00        -9.273157E-05
1.122513E+00        -9.252864E-05
1.121505E+00        -9.232634E-05
1.120497E+00        -9.212425E-05
1.119491E+00        -9.192239E-05
1.118485E+00        -9.172094E-05
1.117480E+00        -9.151991E-05
1.116476E+00        -9.131950E-05
1.115473E+00        -9.111951E-05
1.114471E+00        -9.091954E-05
1.113470E+00        -9.072019E-05
1.112470E+00        -9.052186E-05
1.111471E+00        -9.032395E-05
1.110472E+00        -9.012586E-05
1.109475E+00        -8.992799E-05
1.108478E+00        -8.973055E-05
1.107482E+00        -8.953412E-05
1.106487E+00        -8.933811E-05
1.105493E+00        -8.914213E-05
1.104500E+00        -8.894677E-05
1.103508E+00        -8.875182E-05
1.102517E+00        -8.855690E-05
1.101526E+00        -8.836241E-05
1.100537E+00        -8.816913E-05
1.099548E+00        -8.797547E-05
1.098561E+00        -8.778224E-05
1.097574E+00        -8.758983E-05
1.096588E+00        -8.739784E-05
1.095603E+00        -8.720588E-05
1.094618E+00        -8.701434E-05
1.093635E+00        -8.682342E-05
1.092653E+00        -8.663312E-05
1.091671E+00        -8.644305E-05
1.090690E+00        -8.625301E-05
1.089711E+00        -8.606378E-05
1.088732E+00        -8.587478E-05
1.087754E+00        -8.568640E-05
1.086777E+00        -8.549845E-05
1.085800E+00        -8.531033E-05
1.084825E+00        -8.512302E-05
1.083850E+00        -8.493595E-05
1.082877E+00        -8.474969E-05
1.081904E+00        -8.456366E-05
1.080932E+00        -8.437766E-05
1.079961E+00        -8.419228E-05
1.078991E+00        -8.400732E-05
1.078022E+00        -8.382299E-05
1.077053E+00        -8.363830E-05
1.076086E+00        -8.345462E-05
1.075119E+00        -8.327097E-05
1.074153E+00        -8.308755E-05
1.073188E+00        -8.290515E-05
1.072224E+00        -8.272318E-05
1.071261E+00        -8.254124E-05
1.070299E+00        -8.235992E-05
1.069337E+00        -8.217883E-05
1.068377E+00        -8.199797E-05
1.067417E+00        -8.181753E-05
1.066458E+00        -8.163753E-05
1.065500E+00        -8.145814E-05
1.064543E+00        -8.127919E-05
1.063587E+00        -8.110026E-05
1.062631E+00        -8.092177E-05
1.061677E+00        -8.074390E-05
1.060723E+00        -8.056587E-05
1.059770E+00        -8.038845E-05
1.058818E+00        -8.021147E-05
1.057867E+00        -8.003512E-05
1.056917E+00        -7.985919E-05
1.055967E+00        -7.968310E-05
1.055019E+00        -7.950783E-05
1.054071E+00        -7.933280E-05
1.053124E+00        -7.915779E-05
1.052178E+00        -7.898341E-05
1.051233E+00        -7.880946E-05
1.050288E+00        -7.863596E-05
1.049345E+00        -7.846247E-05
1.048402E+00        -7.828961E-05
1.047460E+00        -7.811699E-05
1.046519E+00        -7.794460E-05
1.045579E+00        -7.777323E-05
1.044640E+00        -7.760170E-05
1.043702E+00        -7.743098E-05
1.042764E+00        -7.726033E-05
1.041827E+00        -7.708989E-05
1.040891E+00        -7.691989E-05
1.039956E+00        -7.675051E-05
1.039022E+00        -7.658097E-05
1.038089E+00        -7.641224E-05
1.037156E+00        -7.624358E-05
1.036225E+00        -7.607531E-05
1.035294E+00        -7.590790E-05
1.034364E+00        -7.574033E-05
1.033435E+00        -7.557297E-05
1.032506E+00        -7.540646E-05
1.031579E+00        -7.524057E-05
1.030652E+00        -7.507453E-05
1.029726E+00        -7.490852E-05
1.028801E+00        -7.474313E-05
1.027877E+00        -7.457818E-05
1.026954E+00        -7.441386E-05
1.026031E+00        -7.424920E-05
1.025109E+00        -7.408535E-05
1.024188E+00        -7.392175E-05
1.023268E+00        -7.375836E-05
1.022349E+00        -7.359542E-05
1.021431E+00        -7.343310E-05
1.020513E+00        -7.327104E-05
1.019597E+00        -7.310918E-05
1.018681E+00        -7.294778E-05
1.017766E+00        -7.278681E-05
1.016851E+00        -7.262570E-05
1.015938E+00        -7.246539E-05
1.015025E+00        -7.230534E-05
1.014113E+00        -7.214532E-05
1.013202E+00        -7.198593E-05
1.012292E+00        -7.182697E-05
1.011383E+00        -7.166805E-05
1.010474E+00        -7.150958E-05
1.009567E+00        -7.135172E-05
1.008660E+00        -7.119372E-05
1.007754E+00        -7.103634E-05
1.006848E+00        -7.087924E-05
1.005944E+00        -7.072233E-05
1.005040E+00        -7.056588E-05
1.004137E+00        -7.040987E-05
1.003235E+00        -7.025389E-05
1.002334E+00        -7.009853E-05
1.001434E+00        -6.994362E-05
1.000534E+00        -6.978857E-05
9.996352E-01        -6.963417E-05
9.987372E-01        -6.948018E-05
9.978401E-01        -6.932621E-05
9.969437E-01        -6.917281E-05
9.960481E-01        -6.901982E-05
9.951533E-01        -6.886683E-05
9.942594E-01        -6.871445E-05
9.933662E-01        -6.856246E-05
9.924739E-01        -6.841048E-05
9.915823E-01        -6.825908E-05
9.906916E-01        -6.810810E-05
9.898016E-01        -6.795711E-05
9.889124E-01        -6.780671E-05
9.880241E-01        -6.765614E-05
9.871365E-01        -6.750633E-05
9.862498E-01        -6.735676E-05
9.853638E-01        -6.720736E-05
9.844786E-01        -6.705837E-05
9.835943E-01        -6.690999E-05
9.827107E-01        -6.676141E-05
9.818279E-01        -6.661360E-05
9.809459E-01        -6.646602E-05
9.800647E-01        -6.631862E-05
9.791843E-01        -6.617164E-05
9.783047E-01        -6.602466E-05
9.774259E-01        -6.587826E-05
9.765478E-01        -6.573227E-05
9.756706E-01        -6.558629E-05
9.747941E-01        -6.544089E-05
9.739184E-01        -6.529590E-05
9.730436E-01        -6.515093E-05
9.721695E-01        -6.500594E-05
9.712961E-01        -6.486153E-05
9.704236E-01        -6.471755E-05
9.695519E-01        -6.457416E-05
9.686809E-01        -6.443116E-05
9.678107E-01        -6.428817E-05
9.669413E-01        -6.414519E-05
9.660727E-01        -6.400279E-05
9.652049E-01        -6.386081E-05
9.643378E-01        -6.371882E-05
9.634715E-01        -6.357742E-05
9.626060E-01        -6.343643E-05
9.617413E-01        -6.329545E-05
9.608773E-01        -6.315445E-05
9.600142E-01        -6.301407E-05
9.591518E-01        -6.287408E-05
9.582902E-01        -6.273468E-05
9.574293E-01        -6.259510E-05
9.565692E-01        -6.245570E-05
9.557099E-01        -6.231730E-05
9.548514E-01        -6.217873E-05
9.539936E-01        -6.204032E-05
9.531367E-01        -6.190235E-05
9.522804E-01        -6.176493E-05
9.514250E-01        -6.162737E-05
9.505703E-01        -6.149055E-05
9.497164E-01        -6.135398E-05
9.488633E-01        -6.121700E-05
9.480109E-01        -6.108060E-05
9.471593E-01        -6.094520E-05
9.463084E-01        -6.080962E-05
9.454583E-01        -6.067421E-05
9.446090E-01        -6.053923E-05
9.437605E-01        -6.040425E-05
9.429127E-01        -6.026985E-05
9.420656E-01        -6.013585E-05
9.412194E-01        -6.000188E-05
9.403738E-01        -5.986846E-05
9.395291E-01        -5.973548E-05
9.386851E-01        -5.960249E-05
9.378419E-01        -5.946951E-05
9.369994E-01        -5.933710E-05
9.361577E-01        -5.920512E-05
9.353167E-01        -5.907313E-05
9.344765E-01        -5.894114E-05
9.336370E-01        -5.880973E-05
9.327983E-01        -5.867874E-05
9.319604E-01        -5.854835E-05
9.311232E-01        -5.841778E-05
9.302867E-01        -5.828736E-05
9.294511E-01        -5.815739E-05
9.286161E-01        -5.802798E-05
9.277819E-01        -5.789841E-05
9.269485E-01        -5.776959E-05
9.261158E-01        -5.764102E-05
9.252838E-01        -5.751202E-05
9.244526E-01        -5.738362E-05
9.236222E-01        -5.725564E-05
9.227925E-01        -5.712823E-05
9.219635E-01        -5.700066E-05
9.211353E-01        -5.687325E-05
9.203078E-01        -5.674684E-05
9.194811E-01        -5.662028E-05
9.186551E-01        -5.649387E-05
9.178299E-01        -5.636789E-05
9.170054E-01        -5.624190E-05
9.161816E-01        -5.611649E-05
9.153586E-01        -5.599092E-05
9.145363E-01        -5.586609E-05
9.137148E-01        -5.574153E-05
9.128940E-01        -5.561712E-05
9.120739E-01        -5.549255E-05
9.112546E-01        -5.536873E-05
9.104360E-01        -5.524516E-05
9.096181E-01        -5.512175E-05
9.088010E-01        -5.499876E-05
9.079846E-01        -5.487577E-05
9.071690E-01        -5.475279E-05
9.063540E-01        -5.463037E-05
9.055398E-01        -5.450838E-05
9.047264E-01        -5.438698E-05
9.039136E-01        -5.426541E-05
9.031016E-01        -5.414400E-05
9.022904E-01        -5.402302E-05
9.014798E-01        -5.390202E-05
9.006700E-01        -5.378162E-05
8.998609E-01        -5.366163E-05
8.990526E-01        -5.354165E-05
8.982449E-01        -5.342165E-05
8.974380E-01        -5.330224E-05
8.966319E-01        -5.318269E-05
8.958264E-01        -5.306385E-05
8.950217E-01        -5.294529E-05
8.942176E-01        -5.282686E-05
8.934144E-01        -5.270831E-05
8.926118E-01        -5.259047E-05
8.918099E-01        -5.247290E-05
8.910088E-01        -5.235549E-05
8.902084E-01        -5.223850E-05
8.894087E-01        -5.212151E-05
8.886097E-01        -5.200452E-05
8.878115E-01        -5.188812E-05
8.870140E-01        -5.177213E-05
8.862171E-01        -5.165613E-05
8.854210E-01        -5.154015E-05
8.846257E-01        -5.142475E-05
8.838310E-01        -5.130975E-05
8.830370E-01        -5.119476E-05
8.822438E-01        -5.107978E-05
8.814512E-01        -5.096536E-05
8.806594E-01        -5.085137E-05
8.798683E-01        -5.073738E-05
8.790779E-01        -5.062340E-05
8.782882E-01        -5.050998E-05
8.774992E-01        -5.039699E-05
8.767110E-01        -5.028401E-05
8.759234E-01        -5.017102E-05
8.751365E-01        -5.005860E-05
8.743504E-01        -4.994604E-05
8.735650E-01        -4.983421E-05
8.727802E-01        -4.972263E-05
8.719962E-01        -4.961065E-05
8.712129E-01        -4.949924E-05
8.704302E-01        -4.938824E-05
8.696483E-01        -4.927725E-05
8.688671E-01        -4.916684E-05
8.680866E-01        -4.905686E-05
8.673068E-01        -4.894687E-05
8.665276E-01        -4.883687E-05
8.657492E-01        -4.872688E-05
8.649715E-01        -4.861747E-05
8.641945E-01        -4.850848E-05
8.634182E-01        -4.839950E-05
8.626425E-01        -4.829050E-05
8.618676E-01        -4.818208E-05
8.610934E-01        -4.807410E-05
8.603199E-01        -4.796611E-05
8.595470E-01        -4.785812E-05
8.587749E-01        -4.775071E-05
8.580034E-01        -4.764371E-05
8.572327E-01        -4.753673E-05
8.564626E-01        -4.742973E-05
8.556932E-01        -4.732274E-05
8.549245E-01        -4.721632E-05
8.541566E-01        -4.711035E-05
8.533893E-01        -4.700436E-05
8.526226E-01        -4.689893E-05
8.518567E-01        -4.679337E-05
8.510915E-01        -4.668796E-05
8.503269E-01        -4.658296E-05
8.495631E-01        -4.647798E-05
8.487999E-01        -4.637356E-05
8.480374E-01        -4.626957E-05
8.472756E-01        -4.616558E-05
8.465145E-01        -4.606159E-05
8.457540E-01        -4.595759E-05
8.449943E-01        -4.585418E-05
8.442352E-01        -4.575119E-05
8.434768E-01        -4.564820E-05
8.427191E-01        -4.554521E-05
8.419621E-01        -4.544279E-05
8.412057E-01        -4.534023E-05
8.404501E-01        -4.523782E-05
8.396951E-01        -4.513640E-05
8.389408E-01        -4.503484E-05
8.381871E-01        -4.493341E-05
8.374342E-01        -4.483186E-05
8.366819E-01        -4.473100E-05
8.359303E-01        -4.463044E-05
8.351794E-01        -4.452946E-05
8.344291E-01        -4.442903E-05
8.336795E-01        -4.432904E-05
8.329306E-01        -4.422905E-05
8.321824E-01        -4.412906E-05
8.314348E-01        -4.402964E-05
8.306879E-01        -4.393065E-05
8.299417E-01        -4.383166E-05
8.291962E-01        -4.373268E-05
8.284513E-01        -4.363368E-05
8.277071E-01        -4.353526E-05
8.269635E-01        -4.343727E-05
8.262206E-01        -4.333927E-05
8.254784E-01        -4.324128E-05
8.247369E-01        -4.314387E-05
8.239960E-01        -4.304687E-05
8.232558E-01        -4.294988E-05
8.225163E-01        -4.285290E-05
8.217774E-01        -4.275591E-05
8.210392E-01        -4.265949E-05
8.203016E-01        -4.256292E-05
8.195647E-01        -4.246650E-05
8.188285E-01        -4.237108E-05
8.180929E-01        -4.227552E-05
8.173580E-01        -4.217953E-05
8.166238E-01        -4.208411E-05
8.158902E-01        -4.198912E-05
8.151573E-01        -4.189413E-05
8.144250E-01        -4.179970E-05
8.136934E-01        -4.170571E-05
8.129624E-01        -4.161115E-05
8.122321E-01        -4.151673E-05
8.115025E-01        -4.142274E-05
8.107735E-01        -4.132932E-05
8.100452E-01        -4.123633E-05
8.093175E-01        -4.114277E-05
8.085905E-01        -4.104991E-05
8.078641E-01        -4.095735E-05
8.071384E-01        -4.086436E-05
8.064133E-01        -4.077193E-05
8.056889E-01        -4.067995E-05
8.049652E-01        -4.058796E-05
8.042420E-01        -4.049596E-05
8.035196E-01        -4.040398E-05
8.027978E-01        -4.031255E-05
8.020766E-01        -4.022156E-05
8.013561E-01        -4.013057E-05
8.006362E-01        -4.003958E-05
7.999170E-01        -3.994915E-05
7.991984E-01        -3.985859E-05
7.984805E-01        -3.976817E-05
7.977632E-01        -3.967818E-05
7.970465E-01        -3.958818E-05
7.963305E-01        -3.949876E-05
7.956152E-01        -3.940921E-05
7.949005E-01        -3.931978E-05
7.941864E-01        -3.923079E-05
7.934730E-01        -3.914180E-05
7.927602E-01        -3.905281E-05
7.920480E-01        -3.896437E-05
7.913365E-01        -3.887638E-05
7.906257E-01        -3.878840E-05
7.899154E-01        -3.870040E-05
7.892058E-01        -3.861241E-05
7.884969E-01        -3.852499E-05
7.877886E-01        -3.843744E-05
7.870809E-01        -3.835001E-05
7.863738E-01        -3.826301E-05
7.856674E-01        -3.817658E-05
7.849616E-01        -3.809003E-05
7.842565E-01        -3.800360E-05
7.835520E-01        -3.791761E-05
7.828481E-01        -3.783162E-05
7.821449E-01        -3.774563E-05
7.814422E-01        -3.765963E-05
7.807403E-01        -3.757421E-05
7.800389E-01        -3.748921E-05
7.793382E-01        -3.740422E-05
7.786381E-01        -3.731923E-05
7.779386E-01        -3.723424E-05
7.772398E-01        -3.714981E-05
7.765416E-01        -3.706526E-05
7.758440E-01        -3.698083E-05
7.751471E-01        -3.689684E-05
7.744507E-01        -3.681284E-05
7.737550E-01        -3.672941E-05
7.730600E-01        -3.664587E-05
7.723655E-01        -3.656243E-05
7.716717E-01        -3.647944E-05
7.709785E-01        -3.639645E-05
7.702859E-01        -3.631402E-05
7.695939E-01        -3.623146E-05
7.689026E-01        -3.614903E-05
7.682119E-01        -3.606704E-05
7.675218E-01        -3.598505E-05
7.668323E-01        -3.590306E-05
7.661434E-01        -3.582106E-05
7.654552E-01        -3.573963E-05
7.647676E-01        -3.565864E-05
7.640806E-01        -3.557765E-05
7.633942E-01        -3.549666E-05
7.627084E-01        -3.541566E-05
7.620233E-01        -3.533524E-05
7.613387E-01        -3.525468E-05
7.606548E-01        -3.517425E-05
7.599715E-01        -3.509426E-05
7.592888E-01        -3.501426E-05
7.586067E-01        -3.493483E-05
7.579253E-01        -3.485529E-05
7.572444E-01        -3.477585E-05
7.565642E-01        -3.469686E-05
7.558845E-01        -3.461786E-05
7.552055E-01        -3.453887E-05
7.545271E-01        -3.445988E-05
7.538493E-01        -3.438145E-05
7.531721E-01        -3.430290E-05
7.524955E-01        -3.422446E-05
7.518195E-01        -3.414647E-05
7.511442E-01        -3.406904E-05
7.504694E-01        -3.399149E-05
7.497952E-01        -3.391349E-05
7.491217E-01        -3.383606E-05
7.484487E-01        -3.375906E-05
7.477764E-01        -3.368208E-05
7.471046E-01        -3.360508E-05
7.464335E-01        -3.352865E-05
7.457630E-01        -3.345210E-05
7.450930E-01        -3.337566E-05
7.444237E-01        -3.329967E-05
7.437550E-01        -3.322368E-05
7.430869E-01        -3.314769E-05
7.424193E-01        -3.307225E-05
7.417524E-01        -3.299670E-05
7.410861E-01        -3.292127E-05
7.404203E-01        -3.284627E-05
7.397552E-01        -3.277128E-05
7.390907E-01        -3.269629E-05
7.384267E-01        -3.262184E-05
7.377634E-01        -3.254730E-05
7.371007E-01        -3.247287E-05
7.364385E-01        -3.239887E-05
7.357770E-01        -3.232488E-05
7.351160E-01        -3.225089E-05
7.344556E-01        -3.217689E-05
7.337959E-01        -3.210346E-05
7.331367E-01        -3.203047E-05
7.324781E-01        -3.195692E-05
7.318201E-01        -3.188348E-05
7.311627E-01        -3.181104E-05
7.305059E-01        -3.173850E-05
7.298496E-01        -3.166550E-05
7.291940E-01        -3.159306E-05
7.285390E-01        -3.152107E-05
7.278845E-01        -3.144908E-05
7.272306E-01        -3.137708E-05
7.265774E-01        -3.130510E-05
7.259247E-01        -3.123366E-05
7.252725E-01        -3.116210E-05
7.246210E-01        -3.109066E-05
7.239701E-01        -3.101968E-05
7.233197E-01        -3.094868E-05
7.226700E-01        -3.087769E-05
7.220208E-01        -3.080670E-05
7.213722E-01        -3.073626E-05
7.207242E-01        -3.066627E-05
7.200767E-01        -3.059572E-05
7.194299E-01        -3.052528E-05
7.187836E-01        -3.045529E-05
7.181379E-01        -3.038585E-05
7.174928E-01        -3.031630E-05
7.168482E-01        -3.024685E-05
7.162043E-01        -3.017787E-05
7.155609E-01        -3.010887E-05
7.149181E-01        -3.003933E-05
7.142759E-01        -2.997044E-05
7.136342E-01        -2.990189E-05
7.129932E-01        -2.983346E-05
7.123527E-01        -2.976491E-05
7.117128E-01        -2.969647E-05
7.110734E-01        -2.962847E-05
7.104346E-01        -2.956047E-05
7.097965E-01        -2.949249E-05
7.091588E-01        -2.942504E-05
7.085218E-01        -2.935750E-05
7.078853E-01        -2.929006E-05
7.072494E-01        -2.922306E-05
7.066141E-01        -2.915607E-05
7.059793E-01        -2.908908E-05
7.053451E-01        -2.902208E-05
7.047115E-01        -2.895564E-05
7.040784E-01        -2.888909E-05
7.034459E-01        -2.882265E-05
7.028140E-01        -2.875666E-05
7.021827E-01        -2.869067E-05
7.015519E-01        -2.862467E-05
7.009217E-01        -2.855868E-05
7.002920E-01        -2.849323E-05
6.996630E-01        -2.842770E-05
6.990344E-01        -2.836225E-05
6.984065E-01        -2.829726E-05
6.977791E-01        -2.823226E-05
6.971523E-01        -2.816727E-05
6.965260E-01        -2.810228E-05
6.959003E-01        -2.803783E-05
6.952752E-01        -2.797329E-05
6.946506E-01        -2.790885E-05
6.940266E-01        -2.784486E-05
6.934031E-01        -2.778086E-05
6.927802E-01        -2.771686E-05
6.921579E-01        -2.765287E-05
6.915361E-01        -2.758943E-05
6.909149E-01        -2.752588E-05
6.902942E-01        -2.746244E-05
6.896741E-01        -2.739944E-05
6.890546E-01        -2.733645E-05
6.884356E-01        -2.727346E-05
6.878172E-01        -2.721047E-05
6.871993E-01        -2.714802E-05
6.865820E-01        -2.708548E-05
6.859652E-01        -2.702303E-05
6.853490E-01        -2.696104E-05
6.847333E-01        -2.689904E-05
6.841182E-01        -2.683705E-05
6.835037E-01        -2.677506E-05
6.828897E-01        -2.671361E-05
6.822762E-01        -2.665207E-05
6.816633E-01        -2.659062E-05
6.810510E-01        -2.652908E-05
6.804392E-01        -2.646764E-05
6.798279E-01        -2.640664E-05
6.792172E-01        -2.634619E-05
6.786071E-01        -2.628566E-05
6.779975E-01        -2.622466E-05
6.773884E-01        -2.616421E-05
6.767799E-01        -2.610422E-05
6.761719E-01        -2.604422E-05
6.755645E-01        -2.598368E-05
6.749576E-01        -2.592378E-05
6.743513E-01        -2.586424E-05
6.737455E-01        -2.580424E-05
6.731403E-01        -2.574480E-05
6.725356E-01        -2.568526E-05
6.719315E-01        -2.562581E-05
6.713279E-01        -2.556682E-05
6.707248E-01        -2.550782E-05
6.701223E-01        -2.544883E-05
6.695203E-01        -2.538984E-05
6.689188E-01        -2.533138E-05
6.683179E-01        -2.527284E-05
6.677176E-01        -2.521440E-05
6.671178E-01        -2.515641E-05
6.665185E-01        -2.509841E-05
6.659197E-01        -2.504041E-05
6.653215E-01        -2.498242E-05
6.647239E-01        -2.492443E-05
6.641267E-01        -2.486697E-05
6.635301E-01        -2.480943E-05
6.629341E-01        -2.475199E-05
6.623385E-01        -2.469499E-05
6.617436E-01        -2.463800E-05
6.611491E-01        -2.458100E-05
6.605552E-01        -2.452401E-05
6.599618E-01        -2.446702E-05
6.593689E-01        -2.441056E-05
6.587766E-01        -2.435457E-05
6.581848E-01        -2.429803E-05
6.575936E-01        -2.424158E-05
6.570028E-01        -2.418558E-05
6.564126E-01        -2.412959E-05
6.558230E-01        -2.407360E-05
6.552338E-01        -2.401814E-05
6.546452E-01        -2.396261E-05
6.540572E-01        -2.390716E-05
6.534696E-01        -2.385162E-05
6.528826E-01        -2.379617E-05
6.522961E-01        -2.374117E-05
6.517101E-01        -2.368618E-05
6.511247E-01        -2.363119E-05
6.505398E-01        -2.357674E-05
6.499554E-01        -2.352220E-05
6.493715E-01        -2.346774E-05
6.487882E-01        -2.341321E-05
6.482054E-01        -2.335876E-05
6.476231E-01        -2.330476E-05
6.470413E-01        -2.325077E-05
6.464600E-01        -2.319677E-05
6.458793E-01        -2.314277E-05
6.452991E-01        -2.308932E-05
6.447194E-01        -2.303578E-05
6.441403E-01        -2.298234E-05
6.435616E-01        -2.292934E-05
6.429835E-01        -2.287634E-05
6.424059E-01        -2.282335E-05
6.418288E-01        -2.277035E-05
6.412523E-01        -2.271736E-05
6.406762E-01        -2.266436E-05
6.401007E-01        -2.261191E-05
6.395257E-01        -2.255938E-05
6.389512E-01        -2.250692E-05
6.383772E-01        -2.245493E-05
6.378037E-01        -2.240293E-05
6.372308E-01        -2.235094E-05
6.366583E-01        -2.229894E-05
6.360864E-01        -2.224694E-05
6.355150E-01        -2.219495E-05
6.349441E-01        -2.214349E-05
6.343737E-01        -2.209250E-05
6.338039E-01        -2.204097E-05
6.332345E-01        -2.198951E-05
6.326657E-01        -2.193852E-05
6.320973E-01        -2.188752E-05
6.315295E-01        -2.183653E-05
6.309622E-01        -2.178607E-05
6.303954E-01        -2.173554E-05
6.298291E-01        -2.168454E-05
6.292633E-01        -2.163408E-05
6.286980E-01        -2.158409E-05
6.281333E-01        -2.153410E-05
6.275690E-01        -2.148410E-05
6.270053E-01        -2.143411E-05
6.264420E-01        -2.138411E-05
6.258793E-01        -2.133412E-05
6.253170E-01        -2.128466E-05
6.247553E-01        -2.123513E-05
6.241941E-01        -2.118567E-05
6.236333E-01        -2.113667E-05
6.230731E-01        -2.108714E-05
6.225134E-01        -2.103768E-05
6.219542E-01        -2.098869E-05
6.213955E-01        -2.094023E-05
6.208373E-01        -2.089170E-05
6.202796E-01        -2.084271E-05
6.197224E-01        -2.079425E-05
6.191657E-01        -2.074572E-05
6.186094E-01        -2.069725E-05
6.180537E-01        -2.064925E-05
6.174985E-01        -2.060126E-05
6.169438E-01        -2.055327E-05
6.163896E-01        -2.050527E-05
6.158359E-01        -2.045728E-05
6.152827E-01        -2.040982E-05
6.147300E-01        -2.036229E-05
6.141777E-01        -2.031482E-05
6.136260E-01        -2.026729E-05
6.130748E-01        -2.021984E-05
6.125241E-01        -2.017285E-05
6.119738E-01        -2.012584E-05
6.114241E-01        -2.007885E-05
6.108748E-01        -2.003185E-05
6.103261E-01        -1.998540E-05
6.097778E-01        -1.993887E-05
6.092300E-01        -1.989240E-05
6.086827E-01        -1.984587E-05
6.081359E-01        -1.979941E-05
6.075896E-01        -1.975341E-05
6.070438E-01        -1.970742E-05
6.064985E-01        -1.966143E-05
6.059537E-01        -1.961543E-05
6.054094E-01        -1.956944E-05
6.048655E-01        -1.952344E-05
6.043221E-01        -1.947798E-05
6.037793E-01        -1.943245E-05
6.032369E-01        -1.938699E-05
6.026950E-01        -1.934199E-05
6.021536E-01        -1.929700E-05
6.016127E-01        -1.925201E-05
6.010722E-01        -1.920700E-05
6.005323E-01        -1.916201E-05
5.999928E-01        -1.911702E-05
5.994538E-01        -1.907202E-05
5.989153E-01        -1.902756E-05
5.983773E-01        -1.898303E-05
5.978398E-01        -1.893857E-05
5.973027E-01        -1.889457E-05
5.967662E-01        -1.885058E-05
5.962301E-01        -1.880658E-05
5.956945E-01        -1.876259E-05
5.951593E-01        -1.871858E-05
5.946247E-01        -1.867459E-05
5.940905E-01        -1.863059E-05
5.935569E-01        -1.858714E-05
5.930237E-01        -1.854361E-05
5.924909E-01        -1.850014E-05
5.919587E-01        -1.845715E-05
5.914269E-01        -1.841415E-05
5.908956E-01        -1.837062E-05
5.903648E-01        -1.832769E-05
5.898345E-01        -1.828516E-05
5.893046E-01        -1.824216E-05
5.887753E-01        -1.819917E-05
5.882464E-01        -1.815671E-05
5.877179E-01        -1.811418E-05
5.871900E-01        -1.807172E-05
5.866625E-01        -1.802919E-05
5.861355E-01        -1.798673E-05
5.856089E-01        -1.794472E-05
5.850829E-01        -1.790273E-05
5.845573E-01        -1.786074E-05
5.840322E-01        -1.781874E-05
5.835075E-01        -1.777727E-05
5.829834E-01        -1.773575E-05
5.824596E-01        -1.769375E-05
5.819364E-01        -1.765229E-05
5.814137E-01        -1.761076E-05
5.808914E-01        -1.756930E-05
5.803695E-01        -1.752830E-05
5.798482E-01        -1.748730E-05
5.793273E-01        -1.744631E-05
5.788069E-01        -1.740531E-05
5.782869E-01        -1.736431E-05
5.777674E-01        -1.732385E-05
5.772484E-01        -1.728332E-05
5.767299E-01        -1.724233E-05
5.762118E-01        -1.720186E-05
5.756942E-01        -1.716187E-05
5.751770E-01        -1.712134E-05
5.746603E-01        -1.708087E-05
5.741441E-01        -1.704088E-05
5.736283E-01        -1.700088E-05
5.731130E-01        -1.696088E-05
5.725982E-01        -1.692089E-05
5.720838E-01        -1.688142E-05
5.715699E-01        -1.684190E-05
5.710565E-01        -1.680243E-05
5.705435E-01        -1.676291E-05
5.700309E-01        -1.672343E-05
5.695189E-01        -1.668444E-05
5.690073E-01        -1.664492E-05
5.684961E-01        -1.660545E-05
5.679854E-01        -1.656645E-05
5.674752E-01        -1.652746E-05
5.669654E-01        -1.648846E-05
5.664561E-01        -1.644999E-05
5.659473E-01        -1.641147E-05
5.654389E-01        -1.637300E-05
5.649309E-01        -1.633447E-05
5.644234E-01        -1.629600E-05
5.639164E-01        -1.625748E-05
5.634098E-01        -1.621901E-05
5.629037E-01        -1.618102E-05
5.623980E-01        -1.614302E-05
5.618928E-01        -1.610502E-05
5.613881E-01        -1.606703E-05
5.608838E-01        -1.602903E-05
5.603799E-01        -1.599103E-05
5.598765E-01        -1.595356E-05
5.593736E-01        -1.591605E-05
5.588711E-01        -1.587857E-05
5.583690E-01        -1.584157E-05
5.578674E-01        -1.580405E-05
5.573663E-01        -1.576658E-05
5.568656E-01        -1.572959E-05
5.563654E-01        -1.569259E-05
5.558656E-01        -1.565560E-05
5.553662E-01        -1.561860E-05
5.548673E-01        -1.558160E-05
5.543689E-01        -1.554513E-05
5.538709E-01        -1.550861E-05
5.533733E-01        -1.547161E-05
5.528762E-01        -1.543514E-05
5.523796E-01        -1.539915E-05
5.518834E-01        -1.536263E-05
5.513876E-01        -1.532615E-05
5.508923E-01        -1.529016E-05
5.503974E-01        -1.525416E-05
5.499030E-01        -1.521816E-05
5.494090E-01        -1.518217E-05
5.489154E-01        -1.514617E-05
5.484223E-01        -1.511069E-05
5.479297E-01        -1.507518E-05
5.474375E-01        -1.503970E-05
5.469457E-01        -1.500418E-05
5.464544E-01        -1.496871E-05
5.459635E-01        -1.493319E-05
5.454730E-01        -1.489771E-05
5.449830E-01        -1.486272E-05
5.444935E-01        -1.482773E-05
5.440043E-01        -1.479272E-05
5.435156E-01        -1.475773E-05
5.430274E-01        -1.472273E-05
5.425396E-01        -1.468826E-05
5.420522E-01        -1.465374E-05
5.415653E-01        -1.461875E-05
5.410788E-01        -1.458427E-05
5.405927E-01        -1.454975E-05
5.401071E-01        -1.451528E-05
5.396219E-01        -1.448128E-05
5.391372E-01        -1.444729E-05
5.386528E-01        -1.441276E-05
5.381690E-01        -1.437829E-05
5.376855E-01        -1.434429E-05
5.372025E-01        -1.431082E-05
5.367199E-01        -1.427730E-05
5.362378E-01        -1.424330E-05
5.357561E-01        -1.420931E-05
5.352748E-01        -1.417583E-05
5.347940E-01        -1.414232E-05
5.343135E-01        -1.410883E-05
5.338336E-01        -1.407532E-05
5.333540E-01        -1.404184E-05
5.328749E-01        -1.400885E-05
5.323962E-01        -1.397585E-05
5.319179E-01        -1.394285E-05
5.314401E-01        -1.390986E-05
5.309627E-01        -1.387686E-05
5.304857E-01        -1.384386E-05
5.300092E-01        -1.381087E-05
5.295331E-01        -1.377839E-05
5.290574E-01        -1.374587E-05
5.285821E-01        -1.371339E-05
5.281073E-01        -1.368088E-05
5.276329E-01        -1.364840E-05
5.271589E-01        -1.361589E-05
5.266853E-01        -1.358341E-05
5.262122E-01        -1.355141E-05
5.257395E-01        -1.351941E-05
5.252672E-01        -1.348742E-05
5.247954E-01        -1.345542E-05
5.243239E-01        -1.342342E-05
5.238529E-01        -1.339142E-05
5.233823E-01        -1.335995E-05
5.229122E-01        -1.332843E-05
5.224424E-01        -1.329643E-05
5.219731E-01        -1.326496E-05
5.215042E-01        -1.323344E-05
5.210358E-01        -1.320197E-05
5.205677E-01        -1.317097E-05
5.201001E-01        -1.313945E-05
5.196329E-01        -1.310798E-05
5.191661E-01        -1.307698E-05
5.186997E-01        -1.304598E-05
5.182337E-01        -1.301498E-05
5.177682E-01        -1.298450E-05
5.173031E-01        -1.295399E-05
5.168384E-01        -1.292299E-05
5.163741E-01        -1.289200E-05
5.159102E-01        -1.286151E-05
5.154468E-01        -1.283100E-05
5.149837E-01        -1.280052E-05
5.145211E-01        -1.277052E-05
5.140589E-01        -1.274001E-05
5.135971E-01        -1.270953E-05
5.131358E-01        -1.267954E-05
5.126748E-01        -1.264954E-05
5.122143E-01        -1.261954E-05
5.117541E-01        -1.258954E-05
5.112944E-01        -1.255954E-05
5.108351E-01        -1.252955E-05
5.103762E-01        -1.249955E-05
5.099177E-01        -1.247007E-05
5.094597E-01        -1.244056E-05
5.090020E-01        -1.241056E-05
5.085448E-01        -1.238108E-05
5.080879E-01        -1.235208E-05
5.076315E-01        -1.232257E-05
5.071755E-01        -1.229309E-05
5.067199E-01        -1.226409E-05
5.062647E-01        -1.223509E-05
5.058099E-01        -1.220609E-05
5.053555E-01        -1.217658E-05
5.049016E-01        -1.214762E-05
5.044480E-01        -1.211910E-05
5.039948E-01        -1.209010E-05
5.035421E-01        -1.206111E-05
5.030898E-01        -1.203263E-05
5.026378E-01        -1.200411E-05
5.021863E-01        -1.197512E-05
5.017352E-01        -1.194663E-05
5.012845E-01        -1.191813E-05
5.008341E-01        -1.188964E-05
5.003842E-01        -1.186164E-05
4.999347E-01        -1.183364E-05
4.994856E-01        -1.180564E-05
4.990369E-01        -1.177713E-05
4.985886E-01        -1.174865E-05
4.981408E-01        -1.172066E-05
4.976933E-01        -1.169317E-05
4.972462E-01        -1.166566E-05
4.967995E-01        -1.163766E-05
4.963532E-01        -1.160967E-05
4.959073E-01        -1.158218E-05
4.954619E-01        -1.155468E-05
4.950168E-01        -1.152719E-05
4.945721E-01        -1.149968E-05
4.941278E-01        -1.147219E-05
4.936839E-01        -1.144468E-05
4.932404E-01        -1.141720E-05
4.927974E-01        -1.139020E-05
4.923547E-01        -1.136320E-05
4.919124E-01        -1.133621E-05
4.914705E-01        -1.130921E-05
4.910290E-01        -1.128221E-05
4.905879E-01        -1.125521E-05
4.901472E-01        -1.122822E-05
4.897069E-01        -1.120122E-05
4.892670E-01        -1.117473E-05
4.888275E-01        -1.114823E-05
4.883883E-01        -1.112123E-05
4.879496E-01        -1.109474E-05
4.875113E-01        -1.106823E-05
4.870733E-01        -1.104174E-05
4.866358E-01        -1.101575E-05
4.861986E-01        -1.098975E-05
4.857619E-01        -1.096324E-05
4.853255E-01        -1.093676E-05
4.848895E-01        -1.091076E-05
4.844539E-01        -1.088476E-05
4.840188E-01        -1.085877E-05
4.835840E-01        -1.083277E-05
4.831495E-01        -1.080677E-05
4.827155E-01        -1.078128E-05
4.822819E-01        -1.075577E-05
4.818486E-01        -1.072977E-05
4.814158E-01        -1.070429E-05
4.809833E-01        -1.067878E-05
4.805513E-01        -1.065279E-05
4.801196E-01        -1.062730E-05
4.796883E-01        -1.060230E-05
4.792574E-01        -1.057679E-05
4.788268E-01        -1.055130E-05
4.783967E-01        -1.052631E-05
4.779669E-01        -1.050130E-05
4.775376E-01        -1.047631E-05
4.771086E-01        -1.045131E-05
4.766800E-01        -1.042631E-05
4.762518E-01        -1.040132E-05
4.758240E-01        -1.037632E-05
4.753965E-01        -1.035132E-05
4.749695E-01        -1.032683E-05
4.745428E-01        -1.030233E-05
4.741165E-01        -1.027733E-05
4.736906E-01        -1.025284E-05
4.732651E-01        -1.022834E-05
4.728399E-01        -1.020384E-05
4.724152E-01        -1.017934E-05
4.719908E-01        -1.015485E-05
4.715668E-01        -1.013085E-05
4.711432E-01        -1.010685E-05
4.707200E-01        -1.008235E-05
4.702971E-01        -1.005786E-05
4.698746E-01        -1.003386E-05
4.694525E-01        -1.001001E-05
4.690308E-01        -9.986215E-06
4.686095E-01        -9.962320E-06
4.681885E-01        -9.938420E-06
4.677679E-01        -9.914622E-06
4.673477E-01        -9.890925E-06
4.669279E-01        -9.867229E-06
4.665085E-01        -9.843584E-06
4.660894E-01        -9.820036E-06
4.656707E-01        -9.796538E-06
4.652524E-01        -9.773041E-06
4.648344E-01        -9.749591E-06
4.644169E-01        -9.726248E-06
4.639997E-01        -9.702949E-06
4.635828E-01        -9.679698E-06
4.631664E-01        -9.656553E-06
4.627503E-01        -9.633403E-06
4.623346E-01        -9.610306E-06
4.619193E-01        -9.587310E-06
4.615044E-01        -9.564315E-06
4.610898E-01        -9.541366E-06
4.606756E-01        -9.518519E-06
4.602618E-01        -9.495723E-06
4.598483E-01        -9.472973E-06
4.594352E-01        -9.450275E-06
4.590225E-01        -9.427578E-06
4.586101E-01        -9.404978E-06
4.581982E-01        -9.382434E-06
4.577866E-01        -9.359938E-06
4.573753E-01        -9.337486E-06
4.569644E-01        -9.315087E-06
4.565540E-01        -9.292795E-06
4.561438E-01        -9.270493E-06
4.557341E-01        -9.248249E-06
4.553247E-01        -9.226051E-06
4.549156E-01        -9.203899E-06
4.545070E-01        -9.181855E-06
4.540987E-01        -9.159856E-06
4.536908E-01        -9.137860E-06
4.532832E-01        -9.115910E-06
4.528760E-01        -9.094012E-06
4.524692E-01        -9.072216E-06
4.520627E-01        -9.050466E-06
4.516566E-01        -9.028718E-06
4.512509E-01        -9.007072E-06
4.508455E-01        -8.985472E-06
4.504405E-01        -8.963874E-06
4.500359E-01        -8.942328E-06
4.496316E-01        -8.920879E-06
4.492277E-01        -8.899482E-06
4.488242E-01        -8.878087E-06
4.484210E-01        -8.856788E-06
4.480182E-01        -8.835542E-06
4.476157E-01        -8.814292E-06
4.472136E-01        -8.793144E-06
4.468119E-01        -8.772048E-06
4.464105E-01        -8.750949E-06
4.460095E-01        -8.729902E-06
4.456088E-01        -8.708952E-06
4.452085E-01        -8.688054E-06
4.448086E-01        -8.667158E-06
4.444090E-01        -8.646309E-06
4.440098E-01        -8.625562E-06
4.436109E-01        -8.604862E-06
4.432124E-01        -8.584164E-06
4.428143E-01        -8.563518E-06
4.424165E-01        -8.542970E-06
4.420190E-01        -8.522468E-06
4.416220E-01        -8.501974E-06
4.412253E-01        -8.481527E-06
4.408289E-01        -8.461177E-06
4.404329E-01        -8.440829E-06
4.400372E-01        -8.420528E-06
4.396420E-01        -8.400285E-06
4.392470E-01        -8.380083E-06
4.388524E-01        -8.359985E-06
4.384582E-01        -8.339888E-06
4.380643E-01        -8.319789E-06
4.376708E-01        -8.299791E-06
4.372776E-01        -8.279842E-06
4.368848E-01        -8.259894E-06
4.364924E-01        -8.240049E-06
4.361003E-01        -8.220251E-06
4.357085E-01        -8.200501E-06
4.353171E-01        -8.180803E-06
4.349260E-01        -8.161103E-06
4.345353E-01        -8.141454E-06
4.341450E-01        -8.121859E-06
4.337550E-01        -8.102311E-06
4.333653E-01        -8.082860E-06
4.329760E-01        -8.063412E-06
4.325871E-01        -8.044016E-06
4.321985E-01        -8.024668E-06
4.318102E-01        -8.005317E-06
4.314223E-01        -7.986069E-06
4.310348E-01        -7.966873E-06
4.306476E-01        -7.947675E-06
4.302607E-01        -7.928525E-06
4.298742E-01        -7.909477E-06
4.294881E-01        -7.890482E-06
4.291022E-01        -7.871480E-06
4.287168E-01        -7.852534E-06
4.283316E-01        -7.833633E-06
4.279469E-01        -7.814738E-06
4.275624E-01        -7.795936E-06
4.271784E-01        -7.777192E-06
4.267946E-01        -7.758441E-06
4.264112E-01        -7.739792E-06
4.260282E-01        -7.721147E-06
4.256455E-01        -7.702548E-06
4.252631E-01        -7.683999E-06
4.248811E-01        -7.665501E-06
4.244994E-01        -7.647052E-06
4.241181E-01        -7.628605E-06
4.237371E-01        -7.610256E-06
4.233564E-01        -7.591955E-06
4.229761E-01        -7.573657E-06
4.225961E-01        -7.555407E-06
4.222165E-01        -7.537210E-06
4.218372E-01        -7.519060E-06
4.214583E-01        -7.500964E-06
4.210797E-01        -7.482916E-06
4.207014E-01        -7.464866E-06
4.203235E-01        -7.446868E-06
4.199459E-01        -7.428969E-06
4.195687E-01        -7.411073E-06
4.191918E-01        -7.393224E-06
4.188152E-01        -7.375424E-06
4.184390E-01        -7.357627E-06
4.180631E-01        -7.339878E-06
4.176875E-01        -7.322178E-06
4.173123E-01        -7.304529E-06
4.169374E-01        -7.286930E-06
4.165629E-01        -7.269383E-06
4.161887E-01        -7.251885E-06
4.158148E-01        -7.234385E-06
4.154413E-01        -7.216938E-06
4.150681E-01        -7.199539E-06
4.146952E-01        -7.182189E-06
4.143227E-01        -7.164892E-06
4.139505E-01        -7.147642E-06
4.135787E-01        -7.130447E-06
4.132071E-01        -7.113245E-06
4.128359E-01        -7.096095E-06
4.124651E-01        -7.079000E-06
4.120946E-01        -7.061902E-06
4.117244E-01        -7.044853E-06
4.113545E-01        -7.027902E-06
4.109850E-01        -7.010955E-06
4.106158E-01        -6.994055E-06
4.102469E-01        -6.977206E-06
4.098784E-01        -6.960358E-06
4.095102E-01        -6.943609E-06
4.091423E-01        -6.926860E-06
4.087748E-01        -6.910162E-06
4.084076E-01        -6.893515E-06
4.080407E-01        -6.876864E-06
4.076741E-01        -6.860313E-06
4.073079E-01        -6.843766E-06
4.069420E-01        -6.827217E-06
4.065765E-01        -6.810770E-06
4.062112E-01        -6.794369E-06
4.058463E-01        -6.777971E-06
4.054818E-01        -6.761625E-06
4.051175E-01        -6.745324E-06
4.047536E-01        -6.729076E-06
4.043900E-01        -6.712877E-06
4.040267E-01        -6.696678E-06
4.036638E-01        -6.680530E-06
4.033012E-01        -6.664384E-06
4.029389E-01        -6.648283E-06
4.025769E-01        -6.632283E-06
4.022153E-01        -6.616286E-06
4.018539E-01        -6.600333E-06
4.014929E-01        -6.584434E-06
4.011323E-01        -6.568539E-06
4.007719E-01        -6.552687E-06
4.004119E-01        -6.536889E-06
4.000522E-01        -6.521090E-06
3.996928E-01        -6.505340E-06
3.993338E-01        -6.489643E-06
3.989751E-01        -6.473995E-06
3.986167E-01        -6.458397E-06
3.982586E-01        -6.442798E-06
3.979008E-01        -6.427246E-06
3.975434E-01        -6.411750E-06
3.971863E-01        -6.396301E-06
3.968295E-01        -6.380902E-06
3.964730E-01        -6.365503E-06
3.961168E-01        -6.350151E-06
3.957610E-01        -6.334806E-06
3.954055E-01        -6.319505E-06
3.950503E-01        -6.304307E-06
3.946954E-01        -6.289107E-06
3.943408E-01        -6.273907E-06
3.939866E-01        -6.258759E-06
3.936327E-01        -6.243662E-06
3.932790E-01        -6.228608E-06
3.929258E-01        -6.213613E-06
3.925728E-01        -6.198613E-06
3.922201E-01        -6.183613E-06
3.918678E-01        -6.168665E-06
3.915158E-01        -6.153816E-06
3.911641E-01        -6.138969E-06
3.908127E-01        -6.124118E-06
3.904616E-01        -6.109367E-06
3.901109E-01        -6.094671E-06
3.897604E-01        -6.079970E-06
3.894103E-01        -6.065273E-06
3.890605E-01        -6.050623E-06
3.887110E-01        -6.036025E-06
3.883618E-01        -6.021474E-06
3.880129E-01        -6.006974E-06
3.876644E-01        -5.992478E-06
3.873161E-01        -5.977977E-06
3.869682E-01        -5.963529E-06
3.866206E-01        -5.949179E-06
3.862732E-01        -5.934828E-06
3.859263E-01        -5.920482E-06
3.855796E-01        -5.906231E-06
3.852332E-01        -5.891983E-06
3.848871E-01        -5.877731E-06
3.845414E-01        -5.863583E-06
3.841959E-01        -5.849434E-06
3.838508E-01        -5.835285E-06
3.835060E-01        -5.821235E-06
3.831615E-01        -5.807189E-06
3.828173E-01        -5.793139E-06
3.824734E-01        -5.779188E-06
3.821298E-01        -5.765240E-06
3.817865E-01        -5.751337E-06
3.814436E-01        -5.737493E-06
3.811009E-01        -5.723641E-06
3.807586E-01        -5.709844E-06
3.804165E-01        -5.696043E-06
3.800748E-01        -5.682294E-06
3.797334E-01        -5.668597E-06
3.793922E-01        -5.654895E-06
3.790514E-01        -5.641245E-06
3.787109E-01        -5.627647E-06
3.783707E-01        -5.614096E-06
3.780308E-01        -5.600549E-06
3.776912E-01        -5.586998E-06
3.773519E-01        -5.573547E-06
3.770130E-01        -5.560152E-06
3.766743E-01        -5.546704E-06
3.763359E-01        -5.533301E-06
3.759978E-01        -5.520001E-06
3.756601E-01        -5.506705E-06
3.753226E-01        -5.493404E-06
3.749855E-01        -5.480156E-06
3.746486E-01        -5.466956E-06
3.743121E-01        -5.453759E-06
3.739758E-01        -5.440558E-06
3.736399E-01        -5.427410E-06
3.733042E-01        -5.414357E-06
3.729689E-01        -5.401312E-06
3.726338E-01        -5.388259E-06
3.722991E-01        -5.375262E-06
3.719646E-01        -5.362309E-06
3.716305E-01        -5.349412E-06
3.712967E-01        -5.336515E-06
3.709631E-01        -5.323614E-06
3.706299E-01        -5.310765E-06
3.702969E-01        -5.297964E-06
3.699643E-01        -5.285167E-06
3.696319E-01        -5.272414E-06
3.692999E-01        -5.259717E-06
3.689681E-01        -5.247064E-06
3.686367E-01        -5.234419E-06
3.683055E-01        -5.221767E-06
3.679747E-01        -5.209218E-06
3.676441E-01        -5.196670E-06
3.673139E-01        -5.184121E-06
3.669839E-01        -5.171621E-06
3.666542E-01        -5.159121E-06
3.663249E-01        -5.146673E-06
3.659958E-01        -5.134273E-06
3.656670E-01        -5.121921E-06
3.653385E-01        -5.109574E-06
3.650103E-01        -5.097223E-06
3.646824E-01        -5.084972E-06
3.643548E-01        -5.072725E-06
3.640275E-01        -5.060474E-06
3.637005E-01        -5.048324E-06
3.633738E-01        -5.036178E-06
3.630474E-01        -5.024028E-06
3.627213E-01        -5.011930E-06
3.623954E-01        -4.999829E-06
3.620699E-01        -4.987780E-06
3.617446E-01        -4.975779E-06
3.614197E-01        -4.963783E-06
3.610950E-01        -4.951830E-06
3.607706E-01        -4.939883E-06
3.604465E-01        -4.927979E-06
3.601227E-01        -4.916132E-06
3.597992E-01        -4.904281E-06
3.594760E-01        -4.892483E-06
3.591531E-01        -4.880685E-06
3.588305E-01        -4.868935E-06
3.585081E-01        -4.857234E-06
3.581861E-01        -4.845537E-06
3.578643E-01        -4.833837E-06
3.575428E-01        -4.822185E-06
3.572216E-01        -4.810585E-06
3.569007E-01        -4.798986E-06
3.565801E-01        -4.787436E-06
3.562598E-01        -4.775937E-06
3.559398E-01        -4.764440E-06
3.556200E-01        -4.752939E-06
3.553006E-01        -4.741490E-06
3.549814E-01        -4.730090E-06
3.546625E-01        -4.718691E-06
3.543439E-01        -4.707339E-06
3.540256E-01        -4.696041E-06
3.537076E-01        -4.684743E-06
3.533898E-01        -4.673442E-06
3.530724E-01        -4.662192E-06
3.527552E-01        -4.650992E-06
3.524383E-01        -4.639793E-06
3.521217E-01        -4.628642E-06
3.518054E-01        -4.617496E-06
3.514894E-01        -4.606345E-06
3.511736E-01        -4.595292E-06
3.508581E-01        -4.584245E-06
3.505430E-01        -4.573196E-06
3.502281E-01        -4.562197E-06
3.499135E-01        -4.551246E-06
3.495991E-01        -4.540297E-06
3.492851E-01        -4.529347E-06
3.489713E-01        -4.518495E-06
3.486578E-01        -4.507648E-06
3.483446E-01        -4.496797E-06
3.480317E-01        -4.485999E-06
3.477190E-01        -4.475198E-06
3.474067E-01        -4.464448E-06
3.470946E-01        -4.453701E-06
3.467828E-01        -4.442997E-06
3.464713E-01        -4.432351E-06
3.461600E-01        -4.421698E-06
3.458491E-01        -4.411101E-06
3.455384E-01        -4.400501E-06
3.452280E-01        -4.389902E-06
3.449179E-01        -4.379351E-06
3.446080E-01        -4.368850E-06
3.442985E-01        -4.358354E-06
3.439892E-01        -4.347854E-06
3.436802E-01        -4.337403E-06
3.433714E-01        -4.327002E-06
3.430630E-01        -4.316605E-06
3.427548E-01        -4.306252E-06
3.424469E-01        -4.295906E-06
3.421393E-01        -4.285555E-06
3.418319E-01        -4.275301E-06
3.415248E-01        -4.265055E-06
3.412180E-01        -4.254803E-06
3.409115E-01        -4.244604E-06
3.406053E-01        -4.234407E-06
3.402993E-01        -4.224254E-06
3.399936E-01        -4.214108E-06
3.396882E-01        -4.203956E-06
3.393830E-01        -4.193856E-06
3.390782E-01        -4.183806E-06
3.387736E-01        -4.173807E-06
3.384692E-01        -4.163806E-06
3.381652E-01        -4.153808E-06
3.378614E-01        -4.143856E-06
3.375579E-01        -4.133910E-06
3.372547E-01        -4.123959E-06
3.369517E-01        -4.114059E-06
3.366490E-01        -4.104206E-06
3.363466E-01        -4.094408E-06
3.360445E-01        -4.084610E-06
3.357426E-01        -4.074810E-06
3.354410E-01        -4.065011E-06
3.351396E-01        -4.055257E-06
3.348386E-01        -4.045560E-06
3.345378E-01        -4.035861E-06
3.342373E-01        -4.026209E-06
3.339370E-01        -4.016562E-06
3.336370E-01        -4.006909E-06
3.333373E-01        -3.997310E-06
3.330379E-01        -3.987759E-06
3.327387E-01        -3.978212E-06
3.324398E-01        -3.968660E-06
3.321412E-01        -3.959162E-06
3.318428E-01        -3.949709E-06
3.315447E-01        -3.940263E-06
3.312469E-01        -3.930812E-06
3.309493E-01        -3.921412E-06
3.306520E-01        -3.912013E-06
3.303550E-01        -3.902661E-06
3.300582E-01        -3.893361E-06
3.297617E-01        -3.884062E-06
3.294655E-01        -3.874764E-06
3.291695E-01        -3.865463E-06
3.288738E-01        -3.856211E-06
3.285784E-01        -3.847013E-06
3.282832E-01        -3.837813E-06
3.279883E-01        -3.828614E-06
3.276937E-01        -3.819462E-06
3.273993E-01        -3.810362E-06
3.271052E-01        -3.801264E-06
3.268114E-01        -3.792166E-06
3.265178E-01        -3.783113E-06
3.262245E-01        -3.774067E-06
3.259314E-01        -3.765013E-06
3.256386E-01        -3.756014E-06
3.253461E-01        -3.747062E-06
3.250538E-01        -3.738162E-06
3.247618E-01        -3.729216E-06
3.244701E-01        -3.720265E-06
3.241786E-01        -3.711412E-06
3.238874E-01        -3.702567E-06
3.235965E-01        -3.693715E-06
3.233058E-01        -3.684916E-06
3.230153E-01        -3.676115E-06
3.227252E-01        -3.667318E-06
3.224353E-01        -3.658565E-06
3.221456E-01        -3.649865E-06
3.218562E-01        -3.641165E-06
3.215671E-01        -3.632467E-06
3.212782E-01        -3.623813E-06
3.209896E-01        -3.615214E-06
3.207013E-01        -3.606570E-06
3.204132E-01        -3.597964E-06
3.201253E-01        -3.589416E-06
3.198378E-01        -3.580819E-06
3.195504E-01        -3.572264E-06
3.192634E-01        -3.563766E-06
3.189766E-01        -3.555314E-06
3.186901E-01        -3.546869E-06
3.184038E-01        -3.538416E-06
3.181177E-01        -3.529968E-06
3.178320E-01        -3.521564E-06
3.175465E-01        -3.513219E-06
3.172612E-01        -3.504818E-06
3.169762E-01        -3.496466E-06
3.166915E-01        -3.488168E-06
3.164070E-01        -3.479868E-06
3.161227E-01        -3.471567E-06
3.158388E-01        -3.463316E-06
3.155550E-01        -3.455115E-06
3.152716E-01        -3.446918E-06
3.149883E-01        -3.438716E-06
3.147054E-01        -3.430519E-06
3.144227E-01        -3.422366E-06
3.141402E-01        -3.414219E-06
3.138580E-01        -3.406066E-06
3.135761E-01        -3.398014E-06
3.132944E-01        -3.389968E-06
3.130130E-01        -3.381916E-06
3.127318E-01        -3.373871E-06
3.124508E-01        -3.365815E-06
3.121702E-01        -3.357865E-06
3.118897E-01        -3.349917E-06
3.116096E-01        -3.341966E-06
3.113296E-01        -3.334019E-06
3.110500E-01        -3.326068E-06
3.107705E-01        -3.318166E-06
3.104914E-01        -3.310315E-06
3.102125E-01        -3.302516E-06
3.099338E-01        -3.294670E-06
3.096554E-01        -3.286818E-06
3.093772E-01        -3.279063E-06
3.090993E-01        -3.271319E-06
3.088216E-01        -3.263519E-06
3.085442E-01        -3.255766E-06
3.082670E-01        -3.248066E-06
3.079901E-01        -3.240367E-06
3.077134E-01        -3.232713E-06
3.074370E-01        -3.225069E-06
3.071608E-01        -3.217415E-06
3.068849E-01        -3.209816E-06
3.066092E-01        -3.202216E-06
3.063338E-01        -3.194618E-06
3.060586E-01        -3.187064E-06
3.057837E-01        -3.179566E-06
3.055090E-01        -3.172066E-06
3.052345E-01        -3.164566E-06
3.049603E-01        -3.157066E-06
3.046864E-01        -3.149568E-06
3.044127E-01        -3.142115E-06
3.041392E-01        -3.134715E-06
3.038660E-01        -3.127316E-06
3.035930E-01        -3.119916E-06
3.033203E-01        -3.112563E-06
3.030478E-01        -3.105217E-06
3.027756E-01        -3.097864E-06
3.025036E-01        -3.090565E-06
3.022319E-01        -3.083267E-06
3.019604E-01        -3.075967E-06
3.016891E-01        -3.068713E-06
3.014181E-01        -3.061514E-06
3.011473E-01        -3.054268E-06
3.008768E-01        -3.047061E-06
3.006065E-01        -3.039915E-06
3.003365E-01        -3.032717E-06
3.000667E-01        -3.025563E-06
2.997971E-01        -3.018463E-06
2.995278E-01        -3.011364E-06
2.992588E-01        -3.004266E-06
2.989899E-01        -2.997165E-06
2.987213E-01        -2.990111E-06
2.984530E-01        -2.983067E-06
2.981849E-01        -2.976014E-06
2.979170E-01        -2.969014E-06
2.976494E-01        -2.962060E-06
2.973820E-01        -2.955115E-06
2.971149E-01        -2.948162E-06
2.968480E-01        -2.941218E-06
2.965813E-01        -2.934263E-06
2.963149E-01        -2.927364E-06
2.960487E-01        -2.920510E-06
2.957828E-01        -2.913666E-06
2.955171E-01        -2.906813E-06
2.952516E-01        -2.900013E-06
2.949864E-01        -2.893214E-06
2.947214E-01        -2.886414E-06
2.944566E-01        -2.879614E-06
2.941921E-01        -2.872860E-06
2.939278E-01        -2.866115E-06
2.936638E-01        -2.859362E-06
2.934000E-01        -2.852663E-06
2.931364E-01        -2.845963E-06
2.928731E-01        -2.839309E-06
2.926100E-01        -2.832665E-06
2.923471E-01        -2.826009E-06
2.920845E-01        -2.819411E-06
2.918221E-01        -2.812811E-06
2.915600E-01        -2.806213E-06
2.912981E-01        -2.799659E-06
2.910364E-01        -2.793114E-06
2.907749E-01        -2.786558E-06
2.905137E-01        -2.780059E-06
2.902528E-01        -2.773562E-06
2.899920E-01        -2.767061E-06
2.897315E-01        -2.760561E-06
2.894713E-01        -2.754109E-06
2.892112E-01        -2.747708E-06
2.889514E-01        -2.741309E-06
2.886918E-01        -2.734909E-06
2.884325E-01        -2.728510E-06
2.881734E-01        -2.722111E-06
2.879145E-01        -2.715756E-06
2.876559E-01        -2.709412E-06
2.873975E-01        -2.703058E-06
2.871393E-01        -2.696758E-06
2.868814E-01        -2.690460E-06
2.866237E-01        -2.684206E-06
2.863662E-01        -2.677961E-06
2.861089E-01        -2.671705E-06
2.858519E-01        -2.665506E-06
2.855951E-01        -2.659307E-06
2.853386E-01        -2.653109E-06
2.850823E-01        -2.646910E-06
2.848262E-01        -2.640755E-06
2.845703E-01        -2.634610E-06
2.843147E-01        -2.628457E-06
2.840593E-01        -2.622357E-06
2.838041E-01        -2.616257E-06
2.835491E-01        -2.610157E-06
2.832944E-01        -2.604103E-06
2.830399E-01        -2.598058E-06
2.827857E-01        -2.592005E-06
2.825316E-01        -2.586004E-06
2.822778E-01        -2.580004E-06
2.820243E-01        -2.574007E-06
2.817709E-01        -2.568006E-06
2.815178E-01        -2.562052E-06
2.812649E-01        -2.556153E-06
2.810122E-01        -2.550207E-06
2.807598E-01        -2.544254E-06
2.805076E-01        -2.538355E-06
2.802556E-01        -2.532500E-06
2.800039E-01        -2.526657E-06
2.797523E-01        -2.520801E-06
2.795010E-01        -2.514956E-06
2.792499E-01        -2.509101E-06
2.789991E-01        -2.503303E-06
2.787485E-01        -2.497505E-06
2.784980E-01        -2.491748E-06
2.782479E-01        -2.486005E-06
2.779979E-01        -2.480205E-06
2.777482E-01        -2.474451E-06
2.774987E-01        -2.468752E-06
2.772494E-01        -2.463052E-06
2.770003E-01        -2.457351E-06
2.767515E-01        -2.451697E-06
2.765029E-01        -2.446053E-06
2.762545E-01        -2.440398E-06
2.760063E-01        -2.434753E-06
2.757584E-01        -2.429100E-06
2.755107E-01        -2.423501E-06
2.752632E-01        -2.417946E-06
2.750159E-01        -2.412401E-06
2.747689E-01        -2.406847E-06
2.745220E-01        -2.401302E-06
2.742754E-01        -2.395747E-06
2.740290E-01        -2.390247E-06
2.737829E-01        -2.384749E-06
2.735369E-01        -2.379249E-06
2.732912E-01        -2.373750E-06
2.730457E-01        -2.368295E-06
2.728004E-01        -2.362850E-06
2.725554E-01        -2.357397E-06
2.723105E-01        -2.351996E-06
2.720659E-01        -2.346597E-06
2.718215E-01        -2.341198E-06
2.715773E-01        -2.335842E-06
2.713334E-01        -2.330500E-06
2.710896E-01        -2.325143E-06
2.708461E-01        -2.319800E-06
2.706028E-01        -2.314445E-06
2.703597E-01        -2.309145E-06
2.701168E-01        -2.303845E-06
2.698742E-01        -2.298591E-06
2.696318E-01        -2.293348E-06
2.693895E-01        -2.288091E-06
2.691475E-01        -2.282847E-06
2.689058E-01        -2.277594E-06
2.686642E-01        -2.272393E-06
2.684229E-01        -2.267195E-06
2.681817E-01        -2.261994E-06
2.679408E-01        -2.256839E-06
2.677001E-01        -2.251695E-06
2.674596E-01        -2.246540E-06
2.672194E-01        -2.241441E-06
2.669793E-01        -2.236341E-06
2.667395E-01        -2.231242E-06
2.664999E-01        -2.226143E-06
2.662605E-01        -2.221043E-06
2.660213E-01        -2.215988E-06
2.657823E-01        -2.210943E-06
2.655436E-01        -2.205889E-06
2.653050E-01        -2.200889E-06
2.650667E-01        -2.195890E-06
2.648286E-01        -2.190891E-06
2.645907E-01        -2.185891E-06
2.643530E-01        -2.180891E-06
2.641155E-01        -2.175935E-06
2.638783E-01        -2.170993E-06
2.636412E-01        -2.166036E-06
2.634044E-01        -2.161138E-06
2.631678E-01        -2.156238E-06
2.629314E-01        -2.151339E-06
2.626952E-01        -2.146440E-06
2.624592E-01        -2.141540E-06
2.622234E-01        -2.136684E-06
2.619878E-01        -2.131883E-06
2.617525E-01        -2.127041E-06
2.615174E-01        -2.122186E-06
2.612824E-01        -2.117385E-06
2.610477E-01        -2.112586E-06
2.608132E-01        -2.107786E-06
2.605789E-01        -2.103031E-06
2.603448E-01        -2.098287E-06
2.601110E-01        -2.093533E-06
2.598773E-01        -2.088788E-06
2.596439E-01        -2.084034E-06
2.594106E-01        -2.079333E-06
2.591776E-01        -2.074634E-06
2.589448E-01        -2.069979E-06
2.587121E-01        -2.065334E-06
2.584797E-01        -2.060635E-06
2.582475E-01        -2.055979E-06
2.580156E-01        -2.051381E-06
2.577838E-01        -2.046781E-06
2.575522E-01        -2.042137E-06
2.573208E-01        -2.037481E-06
2.570897E-01        -2.032926E-06
2.568587E-01        -2.028382E-06
2.566280E-01        -2.023783E-06
2.563975E-01        -2.019228E-06
2.561671E-01        -2.014727E-06
2.559370E-01        -2.010184E-06
2.557071E-01        -2.005628E-06
2.554774E-01        -2.001129E-06
2.552479E-01        -1.996629E-06
2.550186E-01        -1.992174E-06
2.547895E-01        -1.987730E-06
2.545606E-01        -1.983230E-06
2.543320E-01        -1.978776E-06
2.541035E-01        -1.974376E-06
2.538752E-01        -1.969975E-06
2.536472E-01        -1.965577E-06
2.534193E-01        -1.961133E-06
2.531917E-01        -1.956722E-06
2.529642E-01        -1.952377E-06
2.527370E-01        -1.947979E-06
2.525099E-01        -1.943622E-06
2.522831E-01        -1.939279E-06
2.520565E-01        -1.934924E-06
2.518300E-01        -1.930623E-06
2.516038E-01        -1.926324E-06
2.513778E-01        -1.922024E-06
2.511520E-01        -1.917725E-06
2.509264E-01        -1.913469E-06
2.507010E-01        -1.909226E-06
2.504758E-01        -1.904927E-06
2.502507E-01        -1.900669E-06
2.500259E-01        -1.896470E-06
2.498013E-01        -1.892270E-06
2.495769E-01        -1.888071E-06
2.493527E-01        -1.883871E-06
2.491287E-01        -1.879671E-06
2.489049E-01        -1.875472E-06
2.486814E-01        -1.871274E-06
2.484580E-01        -1.867118E-06
2.482348E-01        -1.863018E-06
2.480118E-01        -1.858875E-06
2.477890E-01        -1.854719E-06
2.475664E-01        -1.850619E-06
2.473440E-01        -1.846519E-06
2.471218E-01        -1.842419E-06
2.468998E-01        -1.838320E-06
2.466780E-01        -1.834264E-06
2.464564E-01        -1.830220E-06
2.462350E-01        -1.826164E-06
2.460138E-01        -1.822164E-06
2.457928E-01        -1.818121E-06
2.455720E-01        -1.814065E-06
2.453514E-01        -1.810066E-06
2.451310E-01        -1.806066E-06
2.449108E-01        -1.802110E-06
2.446908E-01        -1.798167E-06
2.444710E-01        -1.794168E-06
2.442514E-01        -1.790212E-06
2.440320E-01        -1.786269E-06
2.438128E-01        -1.782313E-06
2.435937E-01        -1.778412E-06
2.433749E-01        -1.774513E-06
2.431563E-01        -1.770614E-06
2.429379E-01        -1.766715E-06
2.427196E-01        -1.762814E-06
2.425016E-01        -1.758915E-06
2.422837E-01        -1.755058E-06
2.420661E-01        -1.751216E-06
2.418486E-01        -1.747358E-06
2.416314E-01        -1.743560E-06
2.414143E-01        -1.739759E-06
2.411975E-01        -1.735918E-06
2.409808E-01        -1.732104E-06
2.407643E-01        -1.728361E-06
2.405480E-01        -1.724561E-06
2.403319E-01        -1.720761E-06
2.401160E-01        -1.717004E-06
2.399003E-01        -1.713262E-06
2.396848E-01        -1.709505E-06
2.394695E-01        -1.705763E-06
2.392544E-01        -1.702007E-06
2.390395E-01        -1.698307E-06
2.388247E-01        -1.694607E-06
2.386102E-01        -1.690908E-06
2.383959E-01        -1.687252E-06
2.381817E-01        -1.683608E-06
2.379677E-01        -1.679908E-06
2.377540E-01        -1.676253E-06
2.375404E-01        -1.672610E-06
2.373270E-01        -1.668953E-06
2.371138E-01        -1.665353E-06
2.369008E-01        -1.661753E-06
2.366880E-01        -1.658154E-06
2.364754E-01        -1.654512E-06
2.362629E-01        -1.650897E-06
2.360507E-01        -1.647355E-06
2.358387E-01        -1.643756E-06
2.356268E-01        -1.640199E-06
2.354151E-01        -1.636656E-06
2.352037E-01        -1.633100E-06
2.349924E-01        -1.629557E-06
2.347813E-01        -1.626001E-06
2.345704E-01        -1.622501E-06
2.343596E-01        -1.619000E-06
2.341491E-01        -1.615501E-06
2.339388E-01        -1.612002E-06
2.337286E-01        -1.608544E-06
2.335187E-01        -1.605103E-06
2.333089E-01        -1.601603E-06
2.330993E-01        -1.598146E-06
2.328899E-01        -1.594746E-06
2.326807E-01        -1.591304E-06
2.324717E-01        -1.587847E-06
2.322628E-01        -1.584446E-06
2.320542E-01        -1.581047E-06
2.318457E-01        -1.577647E-06
2.316375E-01        -1.574248E-06
2.314294E-01        -1.570849E-06
2.312215E-01        -1.567492E-06
2.310138E-01        -1.564149E-06
2.308063E-01        -1.560793E-06
2.305989E-01        -1.557449E-06
2.303918E-01        -1.554093E-06
2.301848E-01        -1.550793E-06
2.299780E-01        -1.547450E-06
2.297714E-01        -1.544093E-06
2.295650E-01        -1.540836E-06
2.293588E-01        -1.537594E-06
2.291528E-01        -1.534295E-06
2.289469E-01        -1.530995E-06
2.287412E-01        -1.527695E-06
2.285358E-01        -1.524439E-06
2.283305E-01        -1.521196E-06
2.281254E-01        -1.517940E-06
2.279204E-01        -1.514739E-06
2.277157E-01        -1.511540E-06
2.275111E-01        -1.508297E-06
2.273067E-01        -1.505039E-06
2.271026E-01        -1.501841E-06
2.268985E-01        -1.498640E-06
2.266947E-01        -1.495483E-06
2.264911E-01        -1.492342E-06
2.262876E-01        -1.489142E-06
2.260843E-01        -1.485984E-06
2.258812E-01        -1.482842E-06
2.256783E-01        -1.479685E-06
2.254756E-01        -1.476586E-06
2.252730E-01        -1.473443E-06
2.250707E-01        -1.470286E-06
2.248685E-01        -1.467186E-06
2.246665E-01        -1.464087E-06
2.244647E-01        -1.460987E-06
2.242630E-01        -1.457929E-06
2.240616E-01        -1.454888E-06
2.238603E-01        -1.451788E-06
2.236592E-01        -1.448731E-06
2.234583E-01        -1.445689E-06
2.232575E-01        -1.442630E-06
2.230570E-01        -1.439589E-06
2.228566E-01        -1.436532E-06
2.226564E-01        -1.433532E-06
2.224564E-01        -1.430532E-06
2.222566E-01        -1.427533E-06
2.220569E-01        -1.424533E-06
2.218574E-01        -1.421533E-06
2.216581E-01        -1.418533E-06
2.214590E-01        -1.415576E-06
2.212601E-01        -1.412635E-06
2.210613E-01        -1.409634E-06
2.208627E-01        -1.406676E-06
2.206643E-01        -1.403735E-06
2.204661E-01        -1.400778E-06
2.202680E-01        -1.397877E-06
2.200702E-01        -1.394978E-06
2.198725E-01        -1.392079E-06
2.196750E-01        -1.389179E-06
2.194776E-01        -1.386278E-06
2.192805E-01        -1.383380E-06
2.190835E-01        -1.380480E-06
2.188867E-01        -1.377580E-06
2.186901E-01        -1.374723E-06
2.184936E-01        -1.371880E-06
2.182973E-01        -1.369022E-06
2.181012E-01        -1.366181E-06
2.179053E-01        -1.363323E-06
2.177096E-01        -1.360524E-06
2.175140E-01        -1.357682E-06
2.173186E-01        -1.354824E-06
2.171234E-01        -1.352025E-06
2.169283E-01        -1.349224E-06
2.167335E-01        -1.346426E-06
2.165388E-01        -1.343626E-06
2.163442E-01        -1.340867E-06
2.161499E-01        -1.338126E-06
2.159557E-01        -1.335326E-06
2.157617E-01        -1.332568E-06
2.155679E-01        -1.329827E-06
2.153743E-01        -1.327070E-06
2.151808E-01        -1.324369E-06
2.149875E-01        -1.321628E-06
2.147944E-01        -1.318870E-06
2.146014E-01        -1.316170E-06
2.144086E-01        -1.313470E-06
2.142160E-01        -1.310770E-06
2.140236E-01        -1.308071E-06
2.138313E-01        -1.305371E-06
2.136392E-01        -1.302713E-06
2.134473E-01        -1.300071E-06
2.132556E-01        -1.297372E-06
2.130640E-01        -1.294714E-06
2.128726E-01        -1.292072E-06
2.126814E-01        -1.289415E-06
2.124903E-01        -1.286773E-06
2.122994E-01        -1.284114E-06
2.121087E-01        -1.281515E-06
2.119182E-01        -1.278916E-06
2.117278E-01        -1.276316E-06
2.115376E-01        -1.273716E-06
2.113476E-01        -1.271116E-06
2.111577E-01        -1.268516E-06
2.109680E-01        -1.265916E-06
2.107785E-01        -1.263317E-06
2.105892E-01        -1.260759E-06
2.104000E-01        -1.258217E-06
2.102110E-01        -1.255618E-06
2.100222E-01        -1.253060E-06
2.098335E-01        -1.250518E-06
2.096450E-01        -1.247960E-06
2.094567E-01        -1.245461E-06
2.092685E-01        -1.242960E-06
2.090805E-01        -1.240419E-06
2.088927E-01        -1.237861E-06
2.087051E-01        -1.235362E-06
2.085176E-01        -1.232862E-06
2.083303E-01        -1.230362E-06
2.081431E-01        -1.227904E-06
2.079561E-01        -1.225462E-06
2.077693E-01        -1.222962E-06
2.075827E-01        -1.220505E-06
2.073962E-01        -1.218063E-06
2.072099E-01        -1.215563E-06
2.070238E-01        -1.213106E-06
2.068378E-01        -1.210706E-06
2.066520E-01        -1.208264E-06
2.064663E-01        -1.205805E-06
2.062809E-01        -1.203406E-06
2.060956E-01        -1.201007E-06
2.059104E-01        -1.198606E-06
2.057255E-01        -1.196207E-06
2.055406E-01        -1.193806E-06
2.053560E-01        -1.191407E-06
2.051715E-01        -1.189007E-06
2.049872E-01        -1.186607E-06
2.048031E-01        -1.184208E-06
2.046191E-01        -1.181850E-06
2.044353E-01        -1.179509E-06
2.042516E-01        -1.177150E-06
2.040682E-01        -1.174809E-06
2.038848E-01        -1.172450E-06
2.037017E-01        -1.170110E-06
2.035187E-01        -1.167751E-06
2.033359E-01        -1.165451E-06
2.031532E-01        -1.163151E-06
2.029707E-01        -1.160851E-06
2.027884E-01        -1.158552E-06
2.026062E-01        -1.156252E-06
2.024242E-01        -1.153952E-06
2.022424E-01        -1.151653E-06
2.020607E-01        -1.149353E-06
2.018792E-01        -1.147053E-06
2.016978E-01        -1.144794E-06
2.015166E-01        -1.142553E-06
2.013356E-01        -1.140253E-06
2.011548E-01        -1.137996E-06
2.009741E-01        -1.135755E-06
2.007935E-01        -1.133495E-06
2.006131E-01        -1.131295E-06
2.004329E-01        -1.129055E-06
2.002529E-01        -1.126797E-06
2.000730E-01        -1.124597E-06
1.998933E-01        -1.122397E-06
1.997137E-01        -1.120197E-06
1.995343E-01        -1.117997E-06
1.993550E-01        -1.115797E-06
1.991760E-01        -1.113598E-06
1.989970E-01        -1.111397E-06
1.988183E-01        -1.109198E-06
1.986397E-01        -1.106999E-06
1.984612E-01        -1.104839E-06
1.982829E-01        -1.102698E-06
1.981048E-01        -1.100540E-06
1.979269E-01        -1.098399E-06
1.977491E-01        -1.096241E-06
1.975714E-01        -1.094099E-06
1.973939E-01        -1.091940E-06
1.972166E-01        -1.089841E-06
1.970395E-01        -1.087701E-06
1.968624E-01        -1.085541E-06
1.966856E-01        -1.083441E-06
1.965089E-01        -1.081341E-06
1.963324E-01        -1.079242E-06
1.961560E-01        -1.077142E-06
1.959798E-01        -1.075042E-06
1.958038E-01        -1.072943E-06
1.956279E-01        -1.070843E-06
1.954521E-01        -1.068783E-06
1.952766E-01        -1.066744E-06
1.951011E-01        -1.064643E-06
1.949259E-01        -1.062585E-06
1.947508E-01        -1.060544E-06
1.945758E-01        -1.058485E-06
1.944010E-01        -1.056444E-06
1.942264E-01        -1.054385E-06
1.940519E-01        -1.052385E-06
1.938776E-01        -1.050345E-06
1.937034E-01        -1.048285E-06
1.935294E-01        -1.046286E-06
1.933556E-01        -1.044286E-06
1.931819E-01        -1.042287E-06
1.930083E-01        -1.040286E-06
1.928350E-01        -1.038287E-06
1.926617E-01        -1.036287E-06
1.924887E-01        -1.034288E-06
1.923157E-01        -1.032287E-06
1.921430E-01        -1.030288E-06
1.919704E-01        -1.028288E-06
1.917979E-01        -1.026328E-06
1.916256E-01        -1.024388E-06
1.914535E-01        -1.022429E-06
1.912815E-01        -1.020488E-06
1.911097E-01        -1.018530E-06
1.909380E-01        -1.016589E-06
1.907665E-01        -1.014630E-06
1.905951E-01        -1.012689E-06
1.904239E-01        -1.010730E-06
1.902528E-01        -1.008830E-06
1.900819E-01        -1.006930E-06
1.899112E-01        -1.005031E-06
1.897406E-01        -1.003091E-06
1.895701E-01        -1.001131E-06
1.893998E-01        -9.992470E-07
1.892297E-01        -9.973755E-07
1.890597E-01        -9.954856E-07
1.888899E-01        -9.935962E-07
1.887202E-01        -9.917102E-07
1.885507E-01        -9.898307E-07
1.883813E-01        -9.879547E-07
1.882121E-01        -9.860892E-07
1.880430E-01        -9.842251E-07
1.878741E-01        -9.823636E-07
1.877053E-01        -9.805094E-07
1.875367E-01        -9.786538E-07
1.873682E-01        -9.768077E-07
1.871999E-01        -9.749680E-07
1.870317E-01        -9.731319E-07
1.868637E-01        -9.713022E-07
1.866958E-01        -9.694720E-07
1.865281E-01        -9.676463E-07
1.863606E-01        -9.658312E-07
1.861932E-01        -9.640175E-07
1.860259E-01        -9.622053E-07
1.858588E-01        -9.604015E-07
1.856918E-01        -9.585953E-07
1.855250E-01        -9.567996E-07
1.853584E-01        -9.550104E-07
1.851918E-01        -9.532237E-07
1.850255E-01        -9.514445E-07
1.848593E-01        -9.496648E-07
1.846932E-01        -9.478886E-07
1.845273E-01        -9.461189E-07
1.843615E-01        -9.443527E-07
1.841959E-01        -9.425931E-07
1.840305E-01        -9.408380E-07
1.838651E-01        -9.390873E-07
1.837000E-01        -9.373382E-07
1.835350E-01        -9.355926E-07
1.833701E-01        -9.338524E-07
1.832054E-01        -9.321169E-07
1.830408E-01        -9.303868E-07
1.828763E-01        -9.286602E-07
1.827121E-01        -9.269413E-07
1.825479E-01        -9.252207E-07
1.823839E-01        -9.235048E-07
1.822201E-01        -9.217953E-07
1.820564E-01        -9.200894E-07
1.818929E-01        -9.183900E-07
1.817295E-01        -9.166942E-07
1.815662E-01        -9.150038E-07
1.814031E-01        -9.133140E-07
1.812402E-01        -9.116288E-07
1.810774E-01        -9.099491E-07
1.809147E-01        -9.082729E-07
1.807522E-01        -9.066032E-07
1.805898E-01        -9.049331E-07
1.804276E-01        -9.032676E-07
1.802655E-01        -9.016075E-07
1.801036E-01        -8.999521E-07
1.799418E-01        -8.983021E-07
1.797801E-01        -8.966557E-07
1.796186E-01        -8.950119E-07
1.794573E-01        -8.933706E-07
1.792961E-01        -8.917368E-07
1.791350E-01        -8.901046E-07
1.789741E-01        -8.884810E-07
1.788133E-01        -8.868549E-07
1.786527E-01        -8.852354E-07
1.784922E-01        -8.836194E-07
1.783318E-01        -8.820089E-07
1.781716E-01        -8.803991E-07
1.780116E-01        -8.787938E-07
1.778517E-01        -8.771940E-07
1.776919E-01        -8.755978E-07
1.775323E-01        -8.740082E-07
1.773728E-01        -8.724182E-07
1.772135E-01        -8.708327E-07
1.770543E-01        -8.692528E-07
1.768952E-01        -8.676764E-07
1.767363E-01        -8.661067E-07
1.765776E-01        -8.645375E-07
1.764189E-01        -8.629708E-07
1.762605E-01        -8.614118E-07
1.761021E-01        -8.598513E-07
1.759439E-01        -8.582954E-07
1.757859E-01        -8.567461E-07
1.756280E-01        -8.552003E-07
1.754702E-01        -8.536562E-07
1.753126E-01        -8.521145E-07
1.751551E-01        -8.505845E-07
1.749977E-01        -8.490542E-07
1.748405E-01        -8.475243E-07
1.746835E-01        -8.459991E-07
1.745265E-01        -8.444784E-07
1.743698E-01        -8.429594E-07
1.742131E-01        -8.414429E-07
1.740566E-01        -8.399330E-07
1.739003E-01        -8.384277E-07
1.737440E-01        -8.369270E-07
1.735880E-01        -8.354279E-07
1.734320E-01        -8.339314E-07
1.732762E-01        -8.324415E-07
1.731206E-01        -8.309522E-07
1.729651E-01        -8.294665E-07
1.728097E-01        -8.279864E-07
1.726544E-01        -8.265099E-07
1.724993E-01        -8.250361E-07
1.723444E-01        -8.235647E-07
1.721896E-01        -8.221011E-07
1.720349E-01        -8.206350E-07
1.718803E-01        -8.191746E-07
1.717259E-01        -8.177187E-07
1.715717E-01        -8.162655E-07
1.714176E-01        -8.148138E-07
1.712636E-01        -8.133699E-07
1.711097E-01        -8.119235E-07
1.709560E-01        -8.104876E-07
1.708024E-01        -8.090536E-07
1.706490E-01        -8.076180E-07
1.704957E-01        -8.061881E-07
1.703425E-01        -8.047618E-07
1.701895E-01        -8.033421E-07
1.700366E-01        -8.019221E-07
1.698839E-01        -8.005066E-07
1.697313E-01        -7.990968E-07
1.695788E-01        -7.976867E-07
1.694265E-01        -7.962811E-07
1.692743E-01        -7.948812E-07
1.691222E-01        -7.934810E-07
1.689703E-01        -7.920814E-07
1.688185E-01        -7.906854E-07
1.686669E-01        -7.892999E-07
1.685153E-01        -7.879154E-07
1.683640E-01        -7.865301E-07
1.682127E-01        -7.851498E-07
1.680616E-01        -7.837739E-07
1.679106E-01        -7.824038E-07
1.677598E-01        -7.810342E-07
1.676091E-01        -7.796683E-07
1.674585E-01        -7.783081E-07
1.673081E-01        -7.769485E-07
1.671578E-01        -7.755886E-07
1.670076E-01        -7.742323E-07
1.668576E-01        -7.728827E-07
1.667077E-01        -7.715327E-07
1.665580E-01        -7.701873E-07
1.664083E-01        -7.688467E-07
1.662589E-01        -7.675115E-07
1.661095E-01        -7.661774E-07
1.659603E-01        -7.648416E-07
1.658112E-01        -7.635155E-07
1.656622E-01        -7.621912E-07
1.655134E-01        -7.608654E-07
1.653647E-01        -7.595454E-07
1.652162E-01        -7.582299E-07
1.650678E-01        -7.569202E-07
1.649195E-01        -7.556101E-07
1.647714E-01        -7.543007E-07
1.646233E-01        -7.529940E-07
1.644754E-01        -7.516940E-07
1.643277E-01        -7.503946E-07
1.641801E-01        -7.490987E-07
1.640326E-01        -7.478087E-07
1.638852E-01        -7.465185E-07
1.637380E-01        -7.452288E-07
1.635909E-01        -7.439427E-07
1.634440E-01        -7.426633E-07
1.632972E-01        -7.413875E-07
1.631505E-01        -7.401137E-07
1.630039E-01        -7.388374E-07
1.628575E-01        -7.375716E-07
1.627112E-01        -7.363079E-07
1.625650E-01        -7.350416E-07
1.624190E-01        -7.337820E-07
1.622731E-01        -7.325260E-07
1.621273E-01        -7.312720E-07
1.619817E-01        -7.300164E-07
1.618361E-01        -7.287696E-07
1.616908E-01        -7.275266E-07
1.615455E-01        -7.262801E-07
1.614004E-01        -7.250404E-07
1.612554E-01        -7.238004E-07
1.611105E-01        -7.225641E-07
1.609658E-01        -7.213344E-07
1.608212E-01        -7.201045E-07
1.606768E-01        -7.188791E-07
1.605324E-01        -7.176587E-07
1.603882E-01        -7.164389E-07
1.602441E-01        -7.152188E-07
1.601002E-01        -7.140033E-07
1.599564E-01        -7.127935E-07
1.598127E-01        -7.115836E-07
1.596691E-01        -7.103734E-07
1.595257E-01        -7.091677E-07
1.593824E-01        -7.079678E-07
1.592392E-01        -7.067677E-07
1.590961E-01        -7.055713E-07
1.589532E-01        -7.043777E-07
1.588104E-01        -7.031854E-07
1.586678E-01        -7.020022E-07
1.585252E-01        -7.008118E-07
1.583828E-01        -6.996258E-07
1.582406E-01        -6.984466E-07
1.580984E-01        -6.972701E-07
1.579564E-01        -6.960966E-07
1.578145E-01        -6.949205E-07
1.576727E-01        -6.937503E-07
1.575311E-01        -6.925846E-07
1.573896E-01        -6.914248E-07
1.572482E-01        -6.902648E-07
1.571069E-01        -6.891046E-07
1.569658E-01        -6.879450E-07
1.568248E-01        -6.867890E-07
1.566839E-01        -6.856389E-07
1.565432E-01        -6.844894E-07
1.564025E-01        -6.833428E-07
1.562620E-01        -6.821991E-07
1.561217E-01        -6.810536E-07
1.559814E-01        -6.799133E-07
1.558413E-01        -6.787774E-07
1.557013E-01        -6.776475E-07
1.555614E-01        -6.765173E-07
1.554217E-01        -6.753878E-07
1.552821E-01        -6.742580E-07
1.551426E-01        -6.731319E-07
1.550032E-01        -6.720118E-07
1.548640E-01        -6.708922E-07
1.547249E-01        -6.697763E-07
1.545859E-01        -6.686625E-07
1.544470E-01        -6.675462E-07
1.543082E-01        -6.664358E-07
1.541696E-01        -6.653299E-07
1.540311E-01        -6.642299E-07
1.538928E-01        -6.631268E-07
1.537545E-01        -6.620241E-07
1.536164E-01        -6.609305E-07
1.534784E-01        -6.598344E-07
1.533405E-01        -6.587405E-07
1.532028E-01        -6.576486E-07
1.530652E-01        -6.565651E-07
1.529277E-01        -6.554752E-07
1.527903E-01        -6.543890E-07
1.526530E-01        -6.533087E-07
1.525159E-01        -6.522329E-07
1.523789E-01        -6.511592E-07
1.522420E-01        -6.500830E-07
1.521052E-01        -6.490128E-07
1.519686E-01        -6.479432E-07
1.518321E-01        -6.468735E-07
1.516957E-01        -6.458073E-07
1.515594E-01        -6.447472E-07
1.514233E-01        -6.436877E-07
1.512873E-01        -6.426280E-07
1.511514E-01        -6.415719E-07
1.510156E-01        -6.405219E-07
1.508799E-01        -6.394717E-07
1.507444E-01        -6.384221E-07
1.506090E-01        -6.373723E-07
1.504737E-01        -6.363261E-07
1.503385E-01        -6.352860E-07
1.502034E-01        -6.342458E-07
1.500685E-01        -6.332061E-07
1.499337E-01        -6.321701E-07
1.497990E-01        -6.311401E-07
1.496644E-01        -6.301099E-07
1.495300E-01        -6.290804E-07
1.493957E-01        -6.280507E-07
1.492615E-01        -6.270246E-07
1.491274E-01        -6.260046E-07
1.489934E-01        -6.249844E-07
1.488596E-01        -6.239648E-07
1.487259E-01        -6.229489E-07
1.485923E-01        -6.219352E-07
1.484588E-01        -6.209190E-07
1.483254E-01        -6.199088E-07
1.481922E-01        -6.189030E-07
1.480590E-01        -6.178987E-07
1.479260E-01        -6.168926E-07
1.477932E-01        -6.158934E-07
1.476604E-01        -6.148932E-07
1.475277E-01        -6.138967E-07
1.473952E-01        -6.129032E-07
1.472628E-01        -6.119071E-07
1.471305E-01        -6.109171E-07
1.469983E-01        -6.099270E-07
1.468663E-01        -6.089413E-07
1.467344E-01        -6.079578E-07
1.466026E-01        -6.069718E-07
1.464709E-01        -6.059919E-07
1.463393E-01        -6.050118E-07
1.462078E-01        -6.040353E-07
1.460765E-01        -6.030620E-07
1.459453E-01        -6.020860E-07
1.458142E-01        -6.011161E-07
1.456832E-01        -6.001499E-07
1.455523E-01        -5.991860E-07
1.454215E-01        -5.982195E-07
1.452909E-01        -5.972561E-07
1.451604E-01        -5.962938E-07
1.450300E-01        -5.953402E-07
1.448997E-01        -5.943801E-07
1.447695E-01        -5.934237E-07
1.446395E-01        -5.924742E-07
1.445096E-01        -5.915245E-07
1.443797E-01        -5.905740E-07
1.442500E-01        -5.896241E-07
1.441205E-01        -5.886785E-07
1.439910E-01        -5.877384E-07
1.438617E-01        -5.867988E-07
1.437324E-01        -5.858584E-07
1.436033E-01        -5.849186E-07
1.434743E-01        -5.839825E-07
1.433454E-01        -5.830487E-07
1.432166E-01        -5.821123E-07
1.430880E-01        -5.811828E-07
1.429595E-01        -5.802569E-07
1.428310E-01        -5.793327E-07
1.427027E-01        -5.784066E-07
1.425745E-01        -5.774866E-07
1.424465E-01        -5.765673E-07
1.423185E-01        -5.756471E-07
1.421906E-01        -5.747268E-07
1.420629E-01        -5.738109E-07
1.419353E-01        -5.729011E-07
1.418078E-01        -5.719912E-07
1.416804E-01        -5.710812E-07
1.415531E-01        -5.701711E-07
1.414260E-01        -5.692653E-07
1.412989E-01        -5.683613E-07
1.411720E-01        -5.674553E-07
1.410452E-01        -5.665555E-07
1.409185E-01        -5.656557E-07
1.407919E-01        -5.647594E-07
1.406654E-01        -5.638656E-07
1.405390E-01        -5.629691E-07
1.404128E-01        -5.620796E-07
1.402867E-01        -5.611899E-07
1.401606E-01        -5.602994E-07
1.400347E-01        -5.594133E-07
1.399089E-01        -5.585296E-07
1.397833E-01        -5.576440E-07
1.396577E-01        -5.567639E-07
1.395322E-01        -5.558837E-07
1.394069E-01        -5.550041E-07
1.392817E-01        -5.541281E-07
1.391565E-01        -5.532576E-07
1.390315E-01        -5.523840E-07
1.389066E-01        -5.515078E-07
1.387819E-01        -5.506421E-07
1.386572E-01        -5.497783E-07
1.385326E-01        -5.489081E-07
1.384082E-01        -5.480422E-07
1.382838E-01        -5.471818E-07
1.381596E-01        -5.463221E-07
1.380355E-01        -5.454623E-07
1.379115E-01        -5.446023E-07
1.377876E-01        -5.437460E-07
1.376638E-01        -5.428923E-07
1.375402E-01        -5.420365E-07
1.374166E-01        -5.411863E-07
1.372932E-01        -5.403367E-07
1.371699E-01        -5.394906E-07
1.370466E-01        -5.386465E-07
1.369235E-01        -5.378004E-07
1.368005E-01        -5.369604E-07
1.366776E-01        -5.361205E-07
1.365548E-01        -5.352804E-07
1.364322E-01        -5.344410E-07
1.363096E-01        -5.336008E-07
1.361872E-01        -5.327649E-07
1.360648E-01        -5.319345E-07
1.359426E-01        -5.311048E-07
1.358205E-01        -5.302750E-07
1.356985E-01        -5.294452E-07
1.355766E-01        -5.286153E-07
1.354548E-01        -5.277890E-07
1.353331E-01        -5.269689E-07
1.352115E-01        -5.261451E-07
1.350901E-01        -5.253193E-07
1.349687E-01        -5.245027E-07
1.348475E-01        -5.236895E-07
1.347263E-01        -5.228691E-07
1.346053E-01        -5.220530E-07
1.344844E-01        -5.212432E-07
1.343636E-01        -5.204334E-07
1.342429E-01        -5.196235E-07
1.341223E-01        -5.188135E-07
1.340018E-01        -5.180035E-07
1.338814E-01        -5.171971E-07
1.337612E-01        -5.163976E-07
1.336410E-01        -5.155937E-07
1.335209E-01        -5.147872E-07
1.334010E-01        -5.139912E-07
1.332812E-01        -5.131979E-07
1.331614E-01        -5.123975E-07
1.330418E-01        -5.116013E-07
1.329223E-01        -5.108115E-07
1.328029E-01        -5.100180E-07
1.326836E-01        -5.092217E-07
1.325644E-01        -5.084317E-07
1.324453E-01        -5.076453E-07
1.323263E-01        -5.068616E-07
1.322075E-01        -5.060758E-07
1.320887E-01        -5.052920E-07
1.319700E-01        -5.045055E-07
1.318515E-01        -5.037259E-07
1.317331E-01        -5.029499E-07
1.316147E-01        -5.021759E-07
1.314965E-01        -5.013962E-07
1.313784E-01        -5.006201E-07
1.312603E-01        -4.998496E-07
1.311424E-01        -4.990762E-07
1.310246E-01        -4.983036E-07
1.309069E-01        -4.975400E-07
1.307893E-01        -4.967701E-07
1.306718E-01        -4.960001E-07
1.305544E-01        -4.952337E-07
1.304372E-01        -4.944743E-07
1.303200E-01        -4.937142E-07
1.302029E-01        -4.929504E-07
1.300860E-01        -4.921882E-07
1.299691E-01        -4.914343E-07
1.298524E-01        -4.906748E-07
1.297357E-01        -4.899181E-07
1.296192E-01        -4.891649E-07
1.295027E-01        -4.884082E-07
1.293864E-01        -4.876585E-07
1.292702E-01        -4.869087E-07
1.291540E-01        -4.861583E-07
1.290380E-01        -4.854122E-07
1.289221E-01        -4.846687E-07
1.288063E-01        -4.839225E-07
1.286906E-01        -4.831790E-07
1.285750E-01        -4.824327E-07
1.284595E-01        -4.816928E-07
1.283441E-01        -4.809529E-07
1.282288E-01        -4.802165E-07
1.281136E-01        -4.794829E-07
1.279985E-01        -4.787429E-07
1.278835E-01        -4.780065E-07
1.277686E-01        -4.772764E-07
1.276539E-01        -4.765470E-07
1.275392E-01        -4.758169E-07
1.274246E-01        -4.750868E-07
1.273101E-01        -4.743566E-07
1.271958E-01        -4.736307E-07
1.270815E-01        -4.729069E-07
1.269674E-01        -4.721810E-07
1.268533E-01        -4.714608E-07
1.267393E-01        -4.707406E-07
1.266255E-01        -4.700210E-07
1.265117E-01        -4.693007E-07
1.263981E-01        -4.685811E-07
1.262846E-01        -4.678615E-07
1.261711E-01        -4.671448E-07
1.260578E-01        -4.664351E-07
1.259445E-01        -4.657248E-07
1.258314E-01        -4.650115E-07
1.257184E-01        -4.642954E-07
1.256054E-01        -4.635887E-07
1.254926E-01        -4.628853E-07
1.253799E-01        -4.621756E-07
1.252672E-01        -4.614688E-07
1.251547E-01        -4.607655E-07
1.250423E-01        -4.600593E-07
1.249299E-01        -4.593590E-07
1.248177E-01        -4.586592E-07
1.247056E-01        -4.579594E-07
1.245936E-01        -4.572597E-07
1.244816E-01        -4.565628E-07
1.243698E-01        -4.558695E-07
1.242581E-01        -4.551733E-07
1.241465E-01        -4.544835E-07
1.240349E-01        -4.537895E-07
1.239235E-01        -4.530933E-07
1.238122E-01        -4.524035E-07
1.237010E-01        -4.517173E-07
1.235899E-01        -4.510339E-07
1.234788E-01        -4.503435E-07
1.233679E-01        -4.496573E-07
1.232571E-01        -4.489739E-07
1.231464E-01        -4.482877E-07
1.230357E-01        -4.476073E-07
1.229252E-01        -4.469275E-07
1.228148E-01        -4.462477E-07
1.227045E-01        -4.455680E-07
1.225942E-01        -4.448912E-07
1.224841E-01        -4.442178E-07
1.223741E-01        -4.435417E-07
1.222641E-01        -4.428677E-07
1.221543E-01        -4.421916E-07
1.220446E-01        -4.415218E-07
1.219349E-01        -4.408515E-07
1.218254E-01        -4.401818E-07
1.217160E-01        -4.395156E-07
1.216066E-01        -4.388518E-07
1.214974E-01        -4.381821E-07
1.213882E-01        -4.375154E-07
1.212792E-01        -4.368557E-07
1.211703E-01        -4.361925E-07
1.210614E-01        -4.355258E-07
1.209527E-01        -4.348662E-07
1.208440E-01        -4.342060E-07
1.207354E-01        -4.335458E-07
1.206270E-01        -4.328897E-07
1.205186E-01        -4.322360E-07
1.204104E-01        -4.315800E-07
1.203022E-01        -4.309263E-07
1.201941E-01        -4.302698E-07
1.200862E-01        -4.296203E-07
1.199783E-01        -4.289702E-07
1.198705E-01        -4.283201E-07
1.197628E-01        -4.276701E-07
1.196552E-01        -4.270236E-07
1.195477E-01        -4.263800E-07
1.194404E-01        -4.257307E-07
1.193331E-01        -4.250842E-07
1.192259E-01        -4.244443E-07
1.191188E-01        -4.238044E-07
1.190118E-01        -4.231609E-07
1.189048E-01        -4.225140E-07
1.187980E-01        -4.218741E-07
1.186913E-01        -4.212378E-07
1.185847E-01        -4.206045E-07
1.184782E-01        -4.199682E-07
1.183717E-01        -4.193344E-07
1.182654E-01        -4.186982E-07
1.181592E-01        -4.180650E-07
1.180530E-01        -4.174282E-07
1.179470E-01        -4.167986E-07
1.178410E-01        -4.161683E-07
1.177351E-01        -4.155382E-07
1.176294E-01        -4.149086E-07
1.175237E-01        -4.142820E-07
1.174181E-01        -4.136584E-07
1.173127E-01        -4.130324E-07
1.172073E-01        -4.124124E-07
1.171020E-01        -4.117889E-07
1.169968E-01        -4.111624E-07
1.168917E-01        -4.105425E-07
1.167867E-01        -4.099226E-07
1.166818E-01        -4.093027E-07
1.165770E-01        -4.086829E-07
1.164722E-01        -4.080660E-07
1.163676E-01        -4.074527E-07
1.162631E-01        -4.068365E-07
1.161586E-01        -4.062227E-07
1.160543E-01        -4.056065E-07
1.159500E-01        -4.049963E-07
1.158459E-01        -4.043867E-07
1.157418E-01        -4.037766E-07
1.156378E-01        -4.031665E-07
1.155340E-01        -4.025570E-07
1.154302E-01        -4.019470E-07
1.153265E-01        -4.013405E-07
1.152229E-01        -4.007371E-07
1.151194E-01        -4.001307E-07
1.150160E-01        -3.995273E-07
1.149126E-01        -3.989204E-07
1.148094E-01        -3.983206E-07
1.147063E-01        -3.977209E-07
1.146032E-01        -3.971206E-07
1.145003E-01        -3.965210E-07
1.143974E-01        -3.959208E-07
1.142947E-01        -3.953212E-07
1.141920E-01        -3.947246E-07
1.140894E-01        -3.941311E-07
1.139869E-01        -3.935345E-07
1.138845E-01        -3.929446E-07
1.137822E-01        -3.923512E-07
1.136800E-01        -3.917548E-07
1.135779E-01        -3.911650E-07
1.134759E-01        -3.905752E-07
1.133739E-01        -3.899849E-07
1.132721E-01        -3.893987E-07
1.131703E-01        -3.888150E-07
1.130687E-01        -3.882254E-07
1.129671E-01        -3.876388E-07
1.128656E-01        -3.870553E-07
1.127642E-01        -3.864687E-07
1.126629E-01        -3.858888E-07
1.125617E-01        -3.853089E-07
1.124606E-01        -3.847290E-07
1.123596E-01        -3.841492E-07
1.122586E-01        -3.835689E-07
1.121578E-01        -3.829892E-07
1.120570E-01        -3.824090E-07
1.119564E-01        -3.818294E-07
1.118558E-01        -3.812528E-07
1.117553E-01        -3.806827E-07
1.116549E-01        -3.801093E-07
1.115546E-01        -3.795328E-07
1.114544E-01        -3.789629E-07
1.113543E-01        -3.783931E-07
1.112543E-01        -3.778233E-07
1.111543E-01        -3.772531E-07
1.110545E-01        -3.766834E-07
1.109547E-01        -3.761133E-07
1.108550E-01        -3.755432E-07
1.107555E-01        -3.749771E-07
1.106560E-01        -3.744137E-07
1.105566E-01        -3.738472E-07
1.104572E-01        -3.732868E-07
1.103580E-01        -3.727236E-07
1.102589E-01        -3.721573E-07
1.101598E-01        -3.715970E-07
1.100609E-01        -3.710374E-07
1.099620E-01        -3.704773E-07
1.098632E-01        -3.699172E-07
1.097645E-01        -3.693572E-07
1.096659E-01        -3.688008E-07
1.095674E-01        -3.682475E-07
1.094690E-01        -3.676911E-07
1.093707E-01        -3.671379E-07
1.092724E-01        -3.665811E-07
1.091742E-01        -3.660310E-07
1.090762E-01        -3.654780E-07
1.089782E-01        -3.649214E-07
1.088803E-01        -3.643714E-07
1.087825E-01        -3.638216E-07
1.086848E-01        -3.632717E-07
1.085871E-01        -3.627248E-07
1.084896E-01        -3.621817E-07
1.083921E-01        -3.616315E-07
1.082947E-01        -3.610849E-07
1.081975E-01        -3.605419E-07
1.081003E-01        -3.599954E-07
1.080032E-01        -3.594555E-07
1.079061E-01        -3.589151E-07
1.078092E-01        -3.583719E-07
1.077124E-01        -3.578257E-07
1.076156E-01        -3.572855E-07
1.075189E-01        -3.567454E-07
1.074223E-01        -3.562054E-07
1.073258E-01        -3.556688E-07
1.072294E-01        -3.551355E-07
1.071331E-01        -3.545992E-07
1.070369E-01        -3.540660E-07
1.069407E-01        -3.535292E-07
1.068446E-01        -3.529957E-07
1.067487E-01        -3.524596E-07
1.066528E-01        -3.519296E-07
1.065570E-01        -3.513997E-07
1.064612E-01        -3.508693E-07
1.063656E-01        -3.503362E-07
1.062701E-01        -3.498033E-07
1.061746E-01        -3.492798E-07
1.060792E-01        -3.487497E-07
1.059839E-01        -3.482197E-07
1.058887E-01        -3.476932E-07
1.057936E-01        -3.471700E-07
1.056986E-01        -3.466436E-07
1.056036E-01        -3.461200E-07
1.055087E-01        -3.455933E-07
1.054140E-01        -3.450737E-07
1.053193E-01        -3.445538E-07
1.052247E-01        -3.440339E-07
1.051301E-01        -3.435135E-07
1.050357E-01        -3.429938E-07
1.049413E-01        -3.424736E-07
1.048471E-01        -3.419540E-07
1.047529E-01        -3.414374E-07
1.046588E-01        -3.409241E-07
1.045648E-01        -3.404042E-07
1.044708E-01        -3.398873E-07
1.043770E-01        -3.393742E-07
1.042832E-01        -3.388574E-07
1.041895E-01        -3.383474E-07
1.040959E-01        -3.378374E-07
1.040024E-01        -3.373275E-07
1.039090E-01        -3.368143E-07
1.038157E-01        -3.362980E-07
1.037224E-01        -3.357912E-07
1.036292E-01        -3.352877E-07
1.035361E-01        -3.347778E-07
1.034431E-01        -3.342678E-07
1.033502E-01        -3.337614E-07
1.032574E-01        -3.332583E-07
1.031646E-01        -3.327515E-07
1.030719E-01        -3.322480E-07
1.029793E-01        -3.317414E-07
1.028868E-01        -3.312415E-07
1.027944E-01        -3.307417E-07
1.027021E-01        -3.302386E-07
1.026098E-01        -3.297318E-07
1.025176E-01        -3.292317E-07
1.024255E-01        -3.287317E-07
1.023335E-01        -3.282352E-07
1.022416E-01        -3.277420E-07
1.021498E-01        -3.272423E-07
1.020580E-01        -3.267455E-07
1.019663E-01        -3.262521E-07
1.018747E-01        -3.257522E-07
1.017832E-01        -3.252557E-07
1.016918E-01        -3.247659E-07
1.016004E-01        -3.242723E-07
1.015091E-01        -3.237756E-07
1.014180E-01        -3.232861E-07
1.013268E-01        -3.227956E-07
1.012358E-01        -3.223058E-07
1.011449E-01        -3.218161E-07
1.010540E-01        -3.213259E-07
1.009632E-01        -3.208358E-07
1.008725E-01        -3.203492E-07
1.007819E-01        -3.198660E-07
1.006914E-01        -3.193762E-07
1.006009E-01        -3.188894E-07
1.005106E-01        -3.184064E-07
1.004203E-01        -3.179198E-07
1.003301E-01        -3.174399E-07
1.002399E-01        -3.169562E-07
1.001499E-01        -3.164698E-07
1.000599E-01        -3.159897E-07
9.997005E-02        -3.155099E-07
9.988024E-02        -3.150300E-07
9.979052E-02        -3.145500E-07
9.970088E-02        -3.140701E-07
9.961131E-02        -3.135901E-07
9.952183E-02        -3.131135E-07
9.943243E-02        -3.126402E-07
9.934311E-02        -3.121603E-07
9.925386E-02        -3.116836E-07
9.916470E-02        -3.112103E-07
9.907562E-02        -3.107337E-07
9.898662E-02        -3.102638E-07
9.889770E-02        -3.097905E-07
9.880886E-02        -3.093139E-07
9.872010E-02        -3.088439E-07
9.863141E-02        -3.083740E-07
9.854281E-02        -3.079040E-07
9.845429E-02        -3.074341E-07
9.836585E-02        -3.069641E-07
9.827748E-02        -3.064941E-07
9.818920E-02        -3.060242E-07
9.810099E-02        -3.055576E-07
9.801287E-02        -3.050943E-07
9.792482E-02        -3.046243E-07
9.783685E-02        -3.041577E-07
9.774897E-02        -3.036945E-07
9.766116E-02        -3.032278E-07
9.757343E-02        -3.027679E-07
9.748577E-02        -3.023046E-07
9.739820E-02        -3.018379E-07
9.731071E-02        -3.013780E-07
9.722329E-02        -3.009180E-07
9.713595E-02        -3.004581E-07
9.704870E-02        -2.999981E-07
9.696151E-02        -2.995381E-07
9.687441E-02        -2.990782E-07
9.678739E-02        -2.986216E-07
9.670044E-02        -2.981683E-07
9.661358E-02        -2.977084E-07
9.652679E-02        -2.972517E-07
9.644007E-02        -2.967984E-07
9.635344E-02        -2.963418E-07
9.626688E-02        -2.958885E-07
9.618041E-02        -2.954319E-07
9.609401E-02        -2.949819E-07
9.600768E-02        -2.945319E-07
9.592144E-02        -2.940787E-07
9.583527E-02        -2.936221E-07
9.574918E-02        -2.931721E-07
9.566317E-02        -2.927222E-07
9.557723E-02        -2.922755E-07
9.549137E-02        -2.918322E-07
9.540559E-02        -2.913823E-07
9.531989E-02        -2.909323E-07
9.523426E-02        -2.904857E-07
9.514871E-02        -2.900424E-07
9.506324E-02        -2.895925E-07
9.497784E-02        -2.891458E-07
9.489252E-02        -2.887026E-07
9.480728E-02        -2.882559E-07
9.472211E-02        -2.878159E-07
9.463702E-02        -2.873760E-07
9.455200E-02        -2.869327E-07
9.446707E-02        -2.864861E-07
9.438221E-02        -2.860461E-07
9.429742E-02        -2.856061E-07
9.421271E-02        -2.851662E-07
9.412808E-02        -2.847262E-07
9.404352E-02        -2.842895E-07
9.395904E-02        -2.838563E-07
9.387464E-02        -2.834164E-07
9.379031E-02        -2.829764E-07
9.370605E-02        -2.825397E-07
9.362188E-02        -2.821065E-07
9.353777E-02        -2.816698E-07
9.345375E-02        -2.812366E-07
9.336980E-02        -2.807999E-07
9.328592E-02        -2.803699E-07
9.320212E-02        -2.799400E-07
9.311840E-02        -2.795068E-07
9.303475E-02        -2.790701E-07
9.295117E-02        -2.786401E-07
9.286767E-02        -2.782101E-07
9.278425E-02        -2.777802E-07
9.270090E-02        -2.773502E-07
9.261762E-02        -2.769202E-07
9.253442E-02        -2.764935E-07
9.245130E-02        -2.760704E-07
9.236825E-02        -2.756404E-07
9.228527E-02        -2.752137E-07
9.220237E-02        -2.747905E-07
9.211954E-02        -2.743637E-07
9.203679E-02        -2.739406E-07
9.195411E-02        -2.735138E-07
9.187151E-02        -2.730907E-07
9.178898E-02        -2.726639E-07
9.170652E-02        -2.722440E-07
9.162414E-02        -2.718240E-07
9.154184E-02        -2.714041E-07
9.145960E-02        -2.709841E-07
9.137744E-02        -2.705641E-07
9.129536E-02        -2.701442E-07
9.121334E-02        -2.697242E-07
9.113141E-02        -2.693043E-07
9.104954E-02        -2.688843E-07
9.096775E-02        -2.684676E-07
9.088603E-02        -2.680544E-07
9.080439E-02        -2.676377E-07
9.072282E-02        -2.672245E-07
9.064132E-02        -2.668045E-07
9.055989E-02        -2.663878E-07
9.047854E-02        -2.659778E-07
9.039726E-02        -2.655646E-07
9.031606E-02        -2.651479E-07
9.023493E-02        -2.647380E-07
9.015387E-02        -2.643280E-07
9.007288E-02        -2.639180E-07
8.999197E-02        -2.635049E-07
8.991113E-02        -2.630914E-07
8.983036E-02        -2.626882E-07
8.974966E-02        -2.622782E-07
8.966904E-02        -2.618683E-07
8.958849E-02        -2.614583E-07
8.950801E-02        -2.610483E-07
8.942760E-02        -2.606416E-07
8.934727E-02        -2.602384E-07
8.926700E-02        -2.598316E-07
8.918681E-02        -2.594285E-07
8.910670E-02        -2.590217E-07
8.902665E-02        -2.586186E-07
8.894668E-02        -2.582118E-07
8.886677E-02        -2.578118E-07
8.878694E-02        -2.574087E-07
8.870719E-02        -2.570020E-07
8.862750E-02        -2.566020E-07
8.854788E-02        -2.562020E-07
8.846834E-02        -2.558021E-07
8.838887E-02        -2.554021E-07
8.830947E-02        -2.550022E-07
8.823014E-02        -2.546022E-07
8.815088E-02        -2.542022E-07
8.807169E-02        -2.538054E-07
8.799257E-02        -2.534123E-07
8.791353E-02        -2.530123E-07
8.783455E-02        -2.526155E-07
8.775565E-02        -2.522224E-07
8.767682E-02        -2.518256E-07
8.759806E-02        -2.514325E-07
8.751937E-02        -2.510357E-07
8.744075E-02        -2.506458E-07
8.736220E-02        -2.502526E-07
8.728372E-02        -2.498558E-07
8.720531E-02        -2.494659E-07
8.712697E-02        -2.490759E-07
8.704870E-02        -2.486859E-07
8.697051E-02        -2.482960E-07
8.689238E-02        -2.479060E-07
8.681432E-02        -2.475161E-07
8.673634E-02        -2.471261E-07
8.665842E-02        -2.467361E-07
8.658057E-02        -2.463462E-07
8.650280E-02        -2.459594E-07
8.642509E-02        -2.455763E-07
8.634745E-02        -2.451863E-07
8.626989E-02        -2.447995E-07
8.619239E-02        -2.444164E-07
8.611496E-02        -2.440296E-07
8.603760E-02        -2.436465E-07
8.596031E-02        -2.432597E-07
8.588309E-02        -2.428797E-07
8.580594E-02        -2.424997E-07
8.572886E-02        -2.421166E-07
8.565185E-02        -2.417298E-07
8.557491E-02        -2.413499E-07
8.549803E-02        -2.409699E-07
8.542123E-02        -2.405899E-07
8.534450E-02        -2.402100E-07
8.526783E-02        -2.398300E-07
8.519123E-02        -2.394500E-07
8.511470E-02        -2.390732E-07
8.503824E-02        -2.387001E-07
8.496185E-02        -2.383202E-07
8.488553E-02        -2.379434E-07
8.480927E-02        -2.375702E-07
8.473309E-02        -2.371903E-07
8.465697E-02        -2.368135E-07
8.458092E-02        -2.364403E-07
8.450494E-02        -2.360635E-07
8.442903E-02        -2.356936E-07
8.435319E-02        -2.353205E-07
8.427741E-02        -2.349436E-07
8.420170E-02        -2.345737E-07
8.412606E-02        -2.342037E-07
8.405049E-02        -2.338337E-07
8.397499E-02        -2.334638E-07
8.389955E-02        -2.330938E-07
8.382418E-02        -2.327238E-07
8.374888E-02        -2.323539E-07
8.367365E-02        -2.319839E-07
8.359848E-02        -2.316140E-07
8.352339E-02        -2.312472E-07
8.344836E-02        -2.308841E-07
8.337339E-02        -2.305141E-07
8.329850E-02        -2.301473E-07
8.322367E-02        -2.297842E-07
8.314891E-02        -2.294173E-07
8.307421E-02        -2.290542E-07
8.299959E-02        -2.286874E-07
8.292503E-02        -2.283243E-07
8.285053E-02        -2.279575E-07
8.277611E-02        -2.275975E-07
8.270175E-02        -2.272375E-07
8.262746E-02        -2.268745E-07
8.255323E-02        -2.265076E-07
8.247907E-02        -2.261476E-07
8.240498E-02        -2.257877E-07
8.233096E-02        -2.254278E-07
8.225700E-02        -2.250678E-07
8.218310E-02        -2.247078E-07
8.210928E-02        -2.243510E-07
8.203552E-02        -2.239979E-07
8.196182E-02        -2.236379E-07
8.188820E-02        -2.232811E-07
8.181463E-02        -2.229280E-07
8.174114E-02        -2.225680E-07
8.166771E-02        -2.222112E-07
8.159435E-02        -2.218581E-07
8.152105E-02        -2.215012E-07
8.144782E-02        -2.211482E-07
8.137465E-02        -2.207913E-07
8.130155E-02        -2.204413E-07
8.122852E-02        -2.200883E-07
8.115555E-02        -2.197314E-07
8.108264E-02        -2.193814E-07
8.100981E-02        -2.190315E-07
8.093703E-02        -2.186815E-07
8.086433E-02        -2.183316E-07
8.079168E-02        -2.179816E-07
8.071911E-02        -2.176316E-07
8.064660E-02        -2.172817E-07
8.057415E-02        -2.169317E-07
8.050177E-02        -2.165848E-07
8.042945E-02        -2.162417E-07
8.035720E-02        -2.158918E-07
8.028502E-02        -2.155449E-07
8.021290E-02        -2.152019E-07
8.014084E-02        -2.148519E-07
8.006885E-02        -2.145050E-07
7.999692E-02        -2.141651E-07
7.992506E-02        -2.138220E-07
7.985326E-02        -2.134751E-07
7.978153E-02        -2.131321E-07
7.970986E-02        -2.127852E-07
7.963825E-02        -2.124452E-07
7.956671E-02        -2.121052E-07
7.949524E-02        -2.117653E-07
7.942382E-02        -2.114253E-07
7.935248E-02        -2.110854E-07
7.928119E-02        -2.107423E-07
7.920997E-02        -2.103985E-07
7.913882E-02        -2.100655E-07
7.906773E-02        -2.097255E-07
7.899670E-02        -2.093855E-07
7.892573E-02        -2.090455E-07
7.885483E-02        -2.087086E-07
7.878400E-02        -2.083756E-07
7.871322E-02        -2.080356E-07
7.864252E-02        -2.076988E-07
7.857187E-02        -2.073657E-07
7.850129E-02        -2.070288E-07
7.843077E-02        -2.066958E-07
7.836031E-02        -2.063589E-07
7.828992E-02        -2.060259E-07
7.821959E-02        -2.056890E-07
7.814933E-02        -2.053590E-07
7.807912E-02        -2.050290E-07
7.800898E-02        -2.046991E-07
7.793891E-02        -2.043661E-07
7.786889E-02        -2.040291E-07
7.779894E-02        -2.036992E-07
7.772905E-02        -2.033692E-07
7.765923E-02        -2.030392E-07
7.758947E-02        -2.027123E-07
7.751977E-02        -2.023893E-07
7.745013E-02        -2.020593E-07
7.738055E-02        -2.017293E-07
7.731104E-02        -2.013994E-07
7.724159E-02        -2.010725E-07
7.717220E-02        -2.007494E-07
7.710288E-02        -2.004225E-07
7.703362E-02        -2.000995E-07
7.696442E-02        -1.997726E-07
7.689528E-02        -1.994496E-07
7.682620E-02        -1.991227E-07
7.675719E-02        -1.987997E-07
7.668823E-02        -1.984727E-07
7.661934E-02        -1.981527E-07
7.655052E-02        -1.978328E-07
7.648175E-02        -1.975098E-07
7.641305E-02        -1.971829E-07
7.634440E-02        -1.968629E-07
7.627582E-02        -1.965429E-07
7.620730E-02        -1.962229E-07
7.613884E-02        -1.959030E-07
7.607045E-02        -1.955830E-07
7.600211E-02        -1.952630E-07
7.593384E-02        -1.949431E-07
7.586562E-02        -1.946261E-07
7.579747E-02        -1.943131E-07
7.572938E-02        -1.939932E-07
7.566135E-02        -1.936762E-07
7.559339E-02        -1.933633E-07
7.552548E-02        -1.930433E-07
7.545763E-02        -1.927263E-07
7.538985E-02        -1.924133E-07
7.532212E-02        -1.920964E-07
7.525446E-02        -1.917864E-07
7.518686E-02        -1.914734E-07
7.511932E-02        -1.911565E-07
7.505184E-02        -1.908465E-07
7.498442E-02        -1.905335E-07
7.491706E-02        -1.902166E-07
7.484976E-02        -1.899066E-07
7.478252E-02        -1.895966E-07
7.471534E-02        -1.892867E-07
7.464822E-02        -1.889767E-07
7.458117E-02        -1.886668E-07
7.451417E-02        -1.883568E-07
7.444723E-02        -1.880468E-07
7.438035E-02        -1.877368E-07
7.431354E-02        -1.874299E-07
7.424678E-02        -1.871269E-07
7.418008E-02        -1.868169E-07
7.411344E-02        -1.865069E-07
7.404687E-02        -1.862000E-07
7.398035E-02        -1.858970E-07
7.391389E-02        -1.855900E-07
7.384749E-02        -1.852870E-07
7.378116E-02        -1.849801E-07
7.371488E-02        -1.846801E-07
7.364866E-02        -1.843772E-07
7.358250E-02        -1.840702E-07
7.351640E-02        -1.837702E-07
7.345036E-02        -1.834673E-07
7.338438E-02        -1.831603E-07
7.331845E-02        -1.828603E-07
7.325259E-02        -1.825603E-07
7.318679E-02        -1.822604E-07
7.312104E-02        -1.819604E-07
7.305536E-02        -1.816605E-07
7.298973E-02        -1.813605E-07
7.292416E-02        -1.810605E-07
7.285865E-02        -1.807605E-07
7.279320E-02        -1.804605E-07
7.272781E-02        -1.801606E-07
7.266248E-02        -1.798636E-07
7.259720E-02        -1.795706E-07
7.253199E-02        -1.792707E-07
7.246683E-02        -1.789737E-07
7.240173E-02        -1.786807E-07
7.233669E-02        -1.783837E-07
7.227171E-02        -1.780908E-07
7.220679E-02        -1.777938E-07
7.214193E-02        -1.775038E-07
7.207712E-02        -1.772109E-07
7.201237E-02        -1.769139E-07
7.194768E-02        -1.766239E-07
7.188305E-02        -1.763310E-07
7.181848E-02        -1.760340E-07
7.175396E-02        -1.757440E-07
7.168950E-02        -1.754540E-07
7.162510E-02        -1.751640E-07
7.156076E-02        -1.748741E-07
7.149648E-02        -1.745841E-07
7.143225E-02        -1.742941E-07
7.136808E-02        -1.740042E-07
7.130397E-02        -1.737142E-07
7.123992E-02        -1.734242E-07
7.117592E-02        -1.731372E-07
7.111198E-02        -1.728543E-07
7.104810E-02        -1.725643E-07
7.098428E-02        -1.722744E-07
7.092051E-02        -1.719873E-07
7.085680E-02        -1.717044E-07
7.079315E-02        -1.714174E-07
7.072956E-02        -1.711345E-07
7.066602E-02        -1.708474E-07
7.060254E-02        -1.705645E-07
7.053911E-02        -1.702775E-07
7.047575E-02        -1.699975E-07
7.041244E-02        -1.697146E-07
7.034919E-02        -1.694276E-07
7.028599E-02        -1.691476E-07
7.022285E-02        -1.688676E-07
7.015977E-02        -1.685877E-07
7.009674E-02        -1.683077E-07
7.003377E-02        -1.680277E-07
6.997086E-02        -1.677477E-07
6.990801E-02        -1.674678E-07
6.984521E-02        -1.671878E-07
6.978246E-02        -1.669078E-07
6.971978E-02        -1.666279E-07
6.965715E-02        -1.663479E-07
6.959457E-02        -1.660679E-07
6.953205E-02        -1.657909E-07
6.946959E-02        -1.655180E-07
6.940719E-02        -1.652380E-07
6.934484E-02        -1.649610E-07
6.928254E-02        -1.646880E-07
6.922031E-02        -1.644110E-07
6.915812E-02        -1.641381E-07
6.909600E-02        -1.638611E-07
6.903393E-02        -1.635882E-07
6.897191E-02        -1.633111E-07
6.890996E-02        -1.630412E-07
6.884805E-02        -1.627682E-07
6.878621E-02        -1.624912E-07
6.872441E-02        -1.622212E-07
6.866268E-02        -1.619513E-07
6.860100E-02        -1.616784E-07
6.853937E-02        -1.614013E-07
6.847780E-02        -1.611313E-07
6.841629E-02        -1.608614E-07
6.835483E-02        -1.605914E-07
6.829342E-02        -1.603214E-07
6.823207E-02        -1.600543E-07
6.817078E-02        -1.597915E-07
6.810954E-02        -1.595215E-07
6.804836E-02        -1.592515E-07
6.798723E-02        -1.589816E-07
6.792615E-02        -1.587145E-07
6.786514E-02        -1.584516E-07
6.780417E-02        -1.581816E-07
6.774326E-02        -1.579146E-07
6.768241E-02        -1.576517E-07
6.762161E-02        -1.573846E-07
6.756086E-02        -1.571217E-07
6.750017E-02        -1.568547E-07
6.743953E-02        -1.565947E-07
6.737895E-02        -1.563318E-07
6.731842E-02        -1.560647E-07
6.725795E-02        -1.558048E-07
6.719753E-02        -1.555419E-07
6.713717E-02        -1.552748E-07
6.707686E-02        -1.550149E-07
6.701660E-02        -1.547549E-07
6.695640E-02        -1.544949E-07
6.689625E-02        -1.542349E-07
6.683616E-02        -1.539750E-07
6.677612E-02        -1.537150E-07
6.671613E-02        -1.534550E-07
6.665620E-02        -1.531950E-07
6.659632E-02        -1.529350E-07
6.653650E-02        -1.526751E-07
6.647672E-02        -1.524180E-07
6.641701E-02        -1.521651E-07
6.635734E-02        -1.519051E-07
6.629773E-02        -1.516452E-07
6.623818E-02        -1.513881E-07
6.617867E-02        -1.511352E-07
6.611923E-02        -1.508782E-07
6.605983E-02        -1.506253E-07
6.600049E-02        -1.503682E-07
6.594120E-02        -1.501153E-07
6.588196E-02        -1.498582E-07
6.582278E-02        -1.496083E-07
6.576365E-02        -1.493554E-07
6.570457E-02        -1.490983E-07
6.564555E-02        -1.488483E-07
6.558658E-02        -1.485955E-07
6.552766E-02        -1.483384E-07
6.546880E-02        -1.480884E-07
6.540999E-02        -1.478385E-07
6.535123E-02        -1.475885E-07
6.529252E-02        -1.473385E-07
6.523387E-02        -1.470885E-07
6.517527E-02        -1.468385E-07
6.511672E-02        -1.465886E-07
6.505822E-02        -1.463386E-07
6.499978E-02        -1.460886E-07
6.494139E-02        -1.458415E-07
6.488305E-02        -1.455986E-07
6.482477E-02        -1.453487E-07
6.476653E-02        -1.451015E-07
6.470835E-02        -1.448587E-07
6.465022E-02        -1.446087E-07
6.459215E-02        -1.443616E-07
6.453412E-02        -1.441188E-07
6.447615E-02        -1.438717E-07
6.441823E-02        -1.436288E-07
6.436036E-02        -1.433817E-07
6.430255E-02        -1.431389E-07
6.424478E-02        -1.428918E-07
6.418707E-02        -1.426518E-07
6.412941E-02        -1.424090E-07
6.407180E-02        -1.421618E-07
6.401425E-02        -1.419219E-07
6.395674E-02        -1.416819E-07
6.389929E-02        -1.414419E-07
6.384189E-02        -1.412020E-07
6.378454E-02        -1.409591E-07
6.372724E-02        -1.407120E-07
6.366999E-02        -1.404748E-07
6.361279E-02        -1.402420E-07
6.355565E-02        -1.400021E-07
6.349856E-02        -1.397621E-07
6.344151E-02        -1.395221E-07
6.338452E-02        -1.392821E-07
6.332758E-02        -1.390421E-07
6.327070E-02        -1.388050E-07
6.321386E-02        -1.385722E-07
6.315707E-02        -1.383322E-07
6.310034E-02        -1.380951E-07
6.304365E-02        -1.378623E-07
6.298702E-02        -1.376251E-07
6.293044E-02        -1.373923E-07
6.287391E-02        -1.371552E-07
6.281743E-02        -1.369224E-07
6.276100E-02        -1.366852E-07
6.270462E-02        -1.364524E-07
6.264829E-02        -1.362153E-07
6.259201E-02        -1.359853E-07
6.253578E-02        -1.357525E-07
6.247961E-02        -1.355153E-07
6.242348E-02        -1.352854E-07
6.236740E-02        -1.350554E-07
6.231138E-02        -1.348254E-07
6.225540E-02        -1.345926E-07
6.219948E-02        -1.343555E-07
6.214360E-02        -1.341255E-07
6.208778E-02        -1.338955E-07
6.203201E-02        -1.336683E-07
6.197628E-02        -1.334455E-07
6.192061E-02        -1.332156E-07
6.186498E-02        -1.329856E-07
6.180941E-02        -1.327556E-07
6.175388E-02        -1.325256E-07
6.169841E-02        -1.322985E-07
6.164298E-02        -1.320757E-07
6.158761E-02        -1.318457E-07
6.153228E-02        -1.316185E-07
6.147701E-02        -1.313957E-07
6.142178E-02        -1.311658E-07
6.136661E-02        -1.309386E-07
6.131148E-02        -1.307158E-07
6.125640E-02        -1.304886E-07
6.120138E-02        -1.302659E-07
6.114640E-02        -1.300387E-07
6.109147E-02        -1.298187E-07
6.103659E-02        -1.295959E-07
6.098176E-02        -1.293687E-07
6.092698E-02        -1.291488E-07
6.087225E-02        -1.289288E-07
6.081756E-02        -1.287060E-07
6.076293E-02        -1.284788E-07
6.070835E-02        -1.282589E-07
6.065381E-02        -1.280389E-07
6.059932E-02        -1.278189E-07
6.054489E-02        -1.275989E-07
6.049050E-02        -1.273789E-07
6.043616E-02        -1.271590E-07
6.038187E-02        -1.269390E-07
6.032763E-02        -1.267190E-07
6.027343E-02        -1.264990E-07
6.021929E-02        -1.262818E-07
6.016519E-02        -1.260691E-07
6.011115E-02        -1.258491E-07
6.005715E-02        -1.256291E-07
6.000320E-02        -1.254119E-07
5.994929E-02        -1.251991E-07
5.989544E-02        -1.249819E-07
5.984164E-02        -1.247692E-07
5.978788E-02        -1.245492E-07
5.973417E-02        -1.243320E-07
5.968051E-02        -1.241193E-07
5.962690E-02        -1.239021E-07
5.957334E-02        -1.236921E-07
5.951982E-02        -1.234793E-07
5.946635E-02        -1.232621E-07
5.941293E-02        -1.230521E-07
5.935956E-02        -1.228394E-07
5.930624E-02        -1.226222E-07
5.925296E-02        -1.224122E-07
5.919973E-02        -1.222022E-07
5.914655E-02        -1.219922E-07
5.909342E-02        -1.217823E-07
5.904034E-02        -1.215695E-07
5.898730E-02        -1.213523E-07
5.893431E-02        -1.211423E-07
5.888137E-02        -1.209323E-07
5.882847E-02        -1.207223E-07
5.877563E-02        -1.205151E-07
5.872283E-02        -1.203124E-07
5.867008E-02        -1.201024E-07
5.861737E-02        -1.198924E-07
5.856472E-02        -1.196825E-07
5.851211E-02        -1.194725E-07
5.845954E-02        -1.192652E-07
5.840703E-02        -1.190625E-07
5.835456E-02        -1.188553E-07
5.830214E-02        -1.186526E-07
5.824977E-02        -1.184426E-07
5.819744E-02        -1.182353E-07
5.814516E-02        -1.180326E-07
5.809293E-02        -1.178254E-07
5.804074E-02        -1.176227E-07
5.798860E-02        -1.174154E-07
5.793651E-02        -1.172154E-07
5.788447E-02        -1.170128E-07
5.783247E-02        -1.168055E-07
5.778051E-02        -1.166055E-07
5.772861E-02        -1.164028E-07
5.767675E-02        -1.161955E-07
5.762494E-02        -1.159956E-07
5.757317E-02        -1.157956E-07
5.752145E-02        -1.155956E-07
5.746978E-02        -1.153956E-07
5.741816E-02        -1.151929E-07
5.736658E-02        -1.149857E-07
5.731504E-02        -1.147884E-07
5.726356E-02        -1.145957E-07
5.721212E-02        -1.143957E-07
5.716072E-02        -1.141957E-07
5.710937E-02        -1.139958E-07
5.705807E-02        -1.137958E-07
5.700681E-02        -1.135958E-07
5.695560E-02        -1.133958E-07
5.690444E-02        -1.131986E-07
5.685332E-02        -1.130059E-07
5.680225E-02        -1.128059E-07
5.675122E-02        -1.126086E-07
5.670024E-02        -1.124159E-07
5.664931E-02        -1.122187E-07
5.659842E-02        -1.120260E-07
5.654758E-02        -1.118260E-07
5.649678E-02        -1.116287E-07
5.644603E-02        -1.114387E-07
5.639532E-02        -1.112460E-07
5.634466E-02        -1.110488E-07
5.629404E-02        -1.108561E-07
5.624347E-02        -1.106588E-07
5.619295E-02        -1.104688E-07
5.614247E-02        -1.102761E-07
5.609204E-02        -1.100789E-07
5.604165E-02        -1.098889E-07
5.599131E-02        -1.096989E-07
5.594101E-02        -1.095089E-07
5.589075E-02        -1.093162E-07
5.584055E-02        -1.091190E-07
5.579038E-02        -1.089290E-07
5.574027E-02        -1.087390E-07
5.569020E-02        -1.085490E-07
5.564017E-02        -1.083590E-07
5.559019E-02        -1.081717E-07
5.554025E-02        -1.079891E-07
5.549035E-02        -1.077991E-07
5.544051E-02        -1.076091E-07
5.539070E-02        -1.074191E-07
5.534095E-02        -1.072292E-07
5.529123E-02        -1.070418E-07
5.524156E-02        -1.068592E-07
5.519194E-02        -1.066692E-07
5.514236E-02        -1.064819E-07
5.509282E-02        -1.062992E-07
5.504333E-02        -1.061092E-07
5.499389E-02        -1.059220E-07
5.494448E-02        -1.057393E-07
5.489513E-02        -1.055520E-07
5.484581E-02        -1.053693E-07
5.479655E-02        -1.051820E-07
5.474732E-02        -1.049994E-07
5.469814E-02        -1.048121E-07
5.464900E-02        -1.046321E-07
5.459991E-02        -1.044494E-07
5.455086E-02        -1.042621E-07
5.450186E-02        -1.040821E-07
5.445290E-02        -1.039021E-07
5.440398E-02        -1.037195E-07
5.435511E-02        -1.035322E-07
5.430628E-02        -1.033522E-07
5.425750E-02        -1.031722E-07
5.420876E-02        -1.029922E-07
5.416006E-02        -1.028122E-07
5.411141E-02        -1.026323E-07
5.406280E-02        -1.024523E-07
5.401424E-02        -1.022723E-07
5.396571E-02        -1.020923E-07
5.391724E-02        -1.019124E-07
5.386880E-02        -1.017324E-07
5.382041E-02        -1.015524E-07
5.377206E-02        -1.013724E-07
5.372376E-02        -1.011951E-07
5.367550E-02        -1.010224E-07
5.362728E-02        -1.008425E-07
5.357910E-02        -1.006624E-07
5.353097E-02        -1.004851E-07
5.348289E-02        -1.003125E-07
5.343484E-02        -1.001352E-07
5.338684E-02        -9.996227E-08
5.333888E-02        -9.978260E-08
5.329097E-02        -9.960690E-08
5.324309E-02        -9.943189E-08
5.319527E-02        -9.925694E-08
5.314748E-02        -9.908221E-08
5.309974E-02        -9.890824E-08
5.305204E-02        -9.873426E-08
5.300438E-02        -9.856053E-08
5.295676E-02        -9.838727E-08
5.290919E-02        -9.821355E-08
5.286166E-02        -9.804083E-08
5.281418E-02        -9.786861E-08
5.276673E-02        -9.769586E-08
5.271933E-02        -9.752389E-08
5.267197E-02        -9.735216E-08
5.262466E-02        -9.718120E-08
5.257738E-02        -9.700993E-08
5.253015E-02        -9.683848E-08
5.248296E-02        -9.666823E-08
5.243582E-02        -9.649753E-08
5.238871E-02        -9.632752E-08
5.234165E-02        -9.615781E-08
5.229463E-02        -9.598882E-08
5.224765E-02        -9.581983E-08
5.220072E-02        -9.565086E-08
5.215383E-02        -9.548189E-08
5.210698E-02        -9.531317E-08
5.206017E-02        -9.514544E-08
5.201340E-02        -9.497819E-08
5.196668E-02        -9.481048E-08
5.191999E-02        -9.464347E-08
5.187335E-02        -9.447649E-08
5.182676E-02        -9.430954E-08
5.178020E-02        -9.414280E-08
5.173368E-02        -9.397680E-08
5.168721E-02        -9.381083E-08
5.164078E-02        -9.364511E-08
5.159439E-02        -9.348012E-08
5.154804E-02        -9.331513E-08
5.150173E-02        -9.315040E-08
5.145547E-02        -9.298617E-08
5.140925E-02        -9.282172E-08
5.136306E-02        -9.265845E-08
5.131692E-02        -9.249446E-08
5.127083E-02        -9.233077E-08
5.122477E-02        -9.216778E-08
5.117875E-02        -9.200504E-08
5.113278E-02        -9.184281E-08
5.108684E-02        -9.168006E-08
5.104095E-02        -9.151809E-08
5.099510E-02        -9.135637E-08
5.094929E-02        -9.119538E-08
5.090352E-02        -9.103439E-08
5.085780E-02        -9.087343E-08
5.081211E-02        -9.071244E-08
5.076646E-02        -9.055170E-08
5.072086E-02        -9.039173E-08
5.067530E-02        -9.023201E-08
5.062977E-02        -9.007274E-08
5.058429E-02        -8.991302E-08
5.053885E-02        -8.975404E-08
5.049345E-02        -8.959531E-08
5.044809E-02        -8.943707E-08
5.040277E-02        -8.927834E-08
5.035750E-02        -8.912064E-08
5.031226E-02        -8.896338E-08
5.026706E-02        -8.880564E-08
5.022191E-02        -8.864868E-08
5.017679E-02        -8.849168E-08
5.013172E-02        -8.833497E-08
5.008668E-02        -8.817896E-08
5.004169E-02        -8.802299E-08
4.999674E-02        -8.786702E-08
4.995182E-02        -8.771127E-08
4.990695E-02        -8.755603E-08
4.986212E-02        -8.740057E-08
4.981733E-02        -8.724633E-08
4.977258E-02        -8.709161E-08
4.972786E-02        -8.693760E-08
4.968319E-02        -8.678362E-08
4.963856E-02        -8.662964E-08
4.959397E-02        -8.647591E-08
4.954942E-02        -8.632293E-08
4.950491E-02        -8.616995E-08
4.946044E-02        -8.601697E-08
4.941601E-02        -8.586424E-08
4.937161E-02        -8.571223E-08
4.932726E-02        -8.556025E-08
4.928295E-02        -8.540852E-08
4.923868E-02        -8.525754E-08
4.919445E-02        -8.510656E-08
4.915026E-02        -8.495559E-08
4.910610E-02        -8.480483E-08
4.906199E-02        -8.465460E-08
4.901792E-02        -8.450388E-08
4.897388E-02        -8.435413E-08
4.892989E-02        -8.420490E-08
4.888594E-02        -8.405519E-08
4.884202E-02        -8.390619E-08
4.879815E-02        -8.375722E-08
4.875431E-02        -8.360847E-08
4.871051E-02        -8.346048E-08
4.866675E-02        -8.331248E-08
4.862304E-02        -8.316453E-08
4.857936E-02        -8.301679E-08
4.853572E-02        -8.286980E-08
4.849212E-02        -8.272282E-08
4.844856E-02        -8.257584E-08
4.840503E-02        -8.242908E-08
4.836155E-02        -8.228311E-08
4.831811E-02        -8.213688E-08
4.827470E-02        -8.199038E-08
4.823134E-02        -8.184517E-08
4.818801E-02        -8.169942E-08
4.814472E-02        -8.155443E-08
4.810147E-02        -8.140969E-08
4.805826E-02        -8.126546E-08
4.801509E-02        -8.112073E-08
4.797196E-02        -8.097675E-08
4.792886E-02        -8.083275E-08
4.788581E-02        -8.068903E-08
4.784279E-02        -8.054603E-08
4.779981E-02        -8.040304E-08
4.775687E-02        -8.026005E-08
4.771397E-02        -8.011732E-08
4.767111E-02        -7.997509E-08
4.762829E-02        -7.983237E-08
4.758550E-02        -7.969062E-08
4.754276E-02        -7.954940E-08
4.750005E-02        -7.940766E-08
4.745738E-02        -7.926668E-08
4.741475E-02        -7.912570E-08
4.737215E-02        -7.898494E-08
4.732960E-02        -7.884472E-08
4.728708E-02        -7.870398E-08
4.724460E-02        -7.856424E-08
4.720216E-02        -7.842500E-08
4.715976E-02        -7.828527E-08
4.711739E-02        -7.814627E-08
4.707507E-02        -7.800730E-08
4.703278E-02        -7.786831E-08
4.699053E-02        -7.772958E-08
4.694832E-02        -7.759160E-08
4.690614E-02        -7.745359E-08
4.686401E-02        -7.731563E-08
4.682191E-02        -7.717789E-08
4.677985E-02        -7.704065E-08
4.673782E-02        -7.690314E-08
4.669584E-02        -7.676692E-08
4.665389E-02        -7.662993E-08
4.661198E-02        -7.649319E-08
4.657011E-02        -7.635721E-08
4.652827E-02        -7.622121E-08
4.648648E-02        -7.608550E-08
4.644472E-02        -7.595051E-08
4.640299E-02        -7.581525E-08
4.636131E-02        -7.567977E-08
4.631966E-02        -7.554553E-08
4.627805E-02        -7.541079E-08
4.623648E-02        -7.527656E-08
4.619495E-02        -7.514209E-08
4.615345E-02        -7.500884E-08
4.611199E-02        -7.487511E-08
4.607057E-02        -7.474188E-08
4.602918E-02        -7.460813E-08
4.598783E-02        -7.447539E-08
4.594652E-02        -7.434316E-08
4.590524E-02        -7.421040E-08
4.586401E-02        -7.407844E-08
4.582281E-02        -7.394645E-08
4.578164E-02        -7.381444E-08
4.574052E-02        -7.368272E-08
4.569943E-02        -7.355173E-08
4.565837E-02        -7.342072E-08
4.561736E-02        -7.328975E-08
4.557638E-02        -7.315901E-08
4.553544E-02        -7.302878E-08
4.549453E-02        -7.289803E-08
4.545366E-02        -7.276828E-08
4.541283E-02        -7.263905E-08
4.537204E-02        -7.250933E-08
4.533128E-02        -7.238009E-08
4.529056E-02        -7.225060E-08
4.524987E-02        -7.212235E-08
4.520922E-02        -7.199336E-08
4.516861E-02        -7.186463E-08
4.512804E-02        -7.173666E-08
4.508750E-02        -7.160867E-08
4.504699E-02        -7.148090E-08
4.500653E-02        -7.135394E-08
4.496610E-02        -7.122695E-08
4.492570E-02        -7.109994E-08
4.488535E-02        -7.097298E-08
4.484502E-02        -7.084596E-08
4.480474E-02        -7.071924E-08
4.476449E-02        -7.059324E-08
4.472428E-02        -7.046727E-08
4.468410E-02        -7.034151E-08
4.464396E-02        -7.021628E-08
4.460386E-02        -7.009055E-08
4.456379E-02        -6.996556E-08
4.452376E-02        -6.984082E-08
4.448376E-02        -6.971658E-08
4.444380E-02        -6.959184E-08
4.440387E-02        -6.946783E-08
4.436399E-02        -6.934387E-08
4.432413E-02        -6.921986E-08
4.428432E-02        -6.909614E-08
4.424454E-02        -6.897316E-08
4.420479E-02        -6.885015E-08
4.416508E-02        -6.872717E-08
4.412541E-02        -6.860443E-08
4.408577E-02        -6.848220E-08
4.404616E-02        -6.835943E-08
4.400660E-02        -6.823747E-08
4.396706E-02        -6.811570E-08
4.392757E-02        -6.799449E-08
4.388811E-02        -6.787274E-08
4.384868E-02        -6.775174E-08
4.380929E-02        -6.763075E-08
4.376994E-02        -6.750978E-08
4.373062E-02        -6.738903E-08
4.369133E-02        -6.726902E-08
4.365209E-02        -6.714906E-08
4.361287E-02        -6.702905E-08
4.357369E-02        -6.690906E-08
4.353455E-02        -6.678932E-08
4.349544E-02        -6.667033E-08
4.345637E-02        -6.655135E-08
4.341733E-02        -6.643235E-08
4.337833E-02        -6.631337E-08
4.333936E-02        -6.619461E-08
4.330043E-02        -6.607663E-08
4.326153E-02        -6.595864E-08
4.322267E-02        -6.584066E-08
4.318384E-02        -6.572290E-08
4.314505E-02        -6.560592E-08
4.310629E-02        -6.548869E-08
4.306757E-02        -6.537119E-08
4.302888E-02        -6.525496E-08
4.299023E-02        -6.513798E-08
4.295161E-02        -6.502123E-08
4.291302E-02        -6.490522E-08
4.287448E-02        -6.478926E-08
4.283596E-02        -6.467349E-08
4.279748E-02        -6.455827E-08
4.275903E-02        -6.444250E-08
4.272062E-02        -6.432752E-08
4.268225E-02        -6.421255E-08
4.264390E-02        -6.409754E-08
4.260560E-02        -6.398281E-08
4.256732E-02        -6.386856E-08
4.252909E-02        -6.375384E-08
4.249088E-02        -6.364008E-08
4.245271E-02        -6.352685E-08
4.241457E-02        -6.341285E-08
4.237647E-02        -6.329910E-08
4.233841E-02        -6.318614E-08
4.230037E-02        -6.307313E-08
4.226237E-02        -6.296037E-08
4.222441E-02        -6.284816E-08
4.218648E-02        -6.273541E-08
4.214858E-02        -6.262342E-08
4.211072E-02        -6.251143E-08
4.207289E-02        -6.239944E-08
4.203509E-02        -6.228767E-08
4.199733E-02        -6.217669E-08
4.195961E-02        -6.206572E-08
4.192191E-02        -6.195471E-08
4.188425E-02        -6.184372E-08
4.184663E-02        -6.173274E-08
4.180904E-02        -6.162200E-08
4.177148E-02        -6.151200E-08
4.173396E-02        -6.140202E-08
4.169647E-02        -6.129204E-08
4.165901E-02        -6.118227E-08
4.162159E-02        -6.107329E-08
4.158420E-02        -6.096407E-08
4.154684E-02        -6.085430E-08
4.150952E-02        -6.074555E-08
4.147223E-02        -6.063732E-08
4.143497E-02        -6.052856E-08
4.139775E-02        -6.042034E-08
4.136056E-02        -6.031181E-08
4.132341E-02        -6.020460E-08
4.128629E-02        -6.009662E-08
4.124920E-02        -5.998886E-08
4.121215E-02        -5.988188E-08
4.117512E-02        -5.977463E-08
4.113814E-02        -5.966714E-08
4.110118E-02        -5.956090E-08
4.106426E-02        -5.945392E-08
4.102737E-02        -5.934716E-08
4.099051E-02        -5.924116E-08
4.095369E-02        -5.913517E-08
4.091690E-02        -5.902918E-08
4.088015E-02        -5.892344E-08
4.084342E-02        -5.881820E-08
4.080673E-02        -5.871245E-08
4.077008E-02        -5.860748E-08
4.073345E-02        -5.850271E-08
4.069686E-02        -5.839849E-08
4.066030E-02        -5.829373E-08
4.062378E-02        -5.818952E-08
4.058728E-02        -5.808475E-08
4.055082E-02        -5.798076E-08
4.051439E-02        -5.787699E-08
4.047800E-02        -5.777378E-08
4.044164E-02        -5.767003E-08
4.040531E-02        -5.756704E-08
4.036901E-02        -5.746404E-08
4.033275E-02        -5.736106E-08
4.029652E-02        -5.725808E-08
4.026032E-02        -5.715532E-08
4.022415E-02        -5.705332E-08
4.018802E-02        -5.695134E-08
4.015192E-02        -5.684935E-08
4.011585E-02        -5.674736E-08
4.007981E-02        -5.664559E-08
4.004380E-02        -5.654436E-08
4.000783E-02        -5.644260E-08
3.997189E-02        -5.634161E-08
3.993599E-02        -5.624064E-08
3.990011E-02        -5.613987E-08
3.986427E-02        -5.603966E-08
3.982846E-02        -5.593890E-08
3.979268E-02        -5.583891E-08
3.975693E-02        -5.573891E-08
3.972122E-02        -5.563893E-08
3.968554E-02        -5.553918E-08
3.964989E-02        -5.543996E-08
3.961427E-02        -5.534019E-08
3.957868E-02        -5.524119E-08
3.954313E-02        -5.514221E-08
3.950760E-02        -5.504343E-08
3.947211E-02        -5.494521E-08
3.943666E-02        -5.484647E-08
3.940123E-02        -5.474848E-08
3.936583E-02        -5.465047E-08
3.933047E-02        -5.455249E-08
3.929514E-02        -5.445450E-08
3.925984E-02        -5.435674E-08
3.922457E-02        -5.425951E-08
3.918934E-02        -5.416177E-08
3.915413E-02        -5.406499E-08
3.911896E-02        -5.396878E-08
3.908382E-02        -5.387179E-08
3.904871E-02        -5.377503E-08
3.901363E-02        -5.367904E-08
3.897858E-02        -5.358281E-08
3.894357E-02        -5.348629E-08
3.890859E-02        -5.339108E-08
3.887363E-02        -5.329507E-08
3.883871E-02        -5.319931E-08
3.880382E-02        -5.310409E-08
3.876897E-02        -5.300835E-08
3.873414E-02        -5.291358E-08
3.869934E-02        -5.281934E-08
3.866458E-02        -5.272437E-08
3.862985E-02        -5.262961E-08
3.859514E-02        -5.253560E-08
3.856047E-02        -5.244161E-08
3.852583E-02        -5.234762E-08
3.849123E-02        -5.225365E-08
3.845665E-02        -5.215988E-08
3.842210E-02        -5.206665E-08
3.838759E-02        -5.197290E-08
3.835310E-02        -5.187989E-08
3.831865E-02        -5.178691E-08
3.828423E-02        -5.169393E-08
3.824984E-02        -5.160117E-08
3.821548E-02        -5.150895E-08
3.818115E-02        -5.141619E-08
3.814685E-02        -5.132419E-08
3.811258E-02        -5.123220E-08
3.807834E-02        -5.114020E-08
3.804414E-02        -5.104845E-08
3.800996E-02        -5.095722E-08
3.797582E-02        -5.086547E-08
3.794170E-02        -5.077446E-08
3.790762E-02        -5.068348E-08
3.787356E-02        -5.059247E-08
3.783954E-02        -5.050171E-08
3.780555E-02        -5.041150E-08
3.777159E-02        -5.032074E-08
3.773766E-02        -5.023075E-08
3.770376E-02        -5.014076E-08
3.766989E-02        -5.005077E-08
3.763605E-02        -4.996100E-08
3.760224E-02        -4.987178E-08
3.756846E-02        -4.978201E-08
3.753471E-02        -4.969302E-08
3.750099E-02        -4.960402E-08
3.746731E-02        -4.951505E-08
3.743365E-02        -4.942605E-08
3.740002E-02        -4.933728E-08
3.736642E-02        -4.924906E-08
3.733286E-02        -4.916031E-08
3.729932E-02        -4.907231E-08
3.726581E-02        -4.898431E-08
3.723234E-02        -4.889633E-08
3.719889E-02        -4.880856E-08
3.716548E-02        -4.872136E-08
3.713209E-02        -4.863358E-08
3.709873E-02        -4.854658E-08
3.706541E-02        -4.845960E-08
3.703211E-02        -4.837260E-08
3.699884E-02        -4.828583E-08
3.696561E-02        -4.819963E-08
3.693240E-02        -4.811285E-08
3.689922E-02        -4.802685E-08
3.686608E-02        -4.794088E-08
3.683296E-02        -4.785488E-08
3.679987E-02        -4.776888E-08
3.676681E-02        -4.768289E-08
3.673378E-02        -4.759711E-08
3.670079E-02        -4.751214E-08
3.666782E-02        -4.742715E-08
3.663488E-02        -4.734194E-08
3.660197E-02        -4.725639E-08
3.656909E-02        -4.717217E-08
3.653624E-02        -4.708740E-08
3.650342E-02        -4.700319E-08
3.647062E-02        -4.691840E-08
3.643786E-02        -4.683442E-08
3.640513E-02        -4.675043E-08
3.637243E-02        -4.666645E-08
3.633975E-02        -4.658266E-08
3.630711E-02        -4.649946E-08
3.627449E-02        -4.641568E-08
3.624191E-02        -4.633270E-08
3.620935E-02        -4.624970E-08
3.617682E-02        -4.616670E-08
3.614432E-02        -4.608371E-08
3.611186E-02        -4.600096E-08
3.607942E-02        -4.591875E-08
3.604700E-02        -4.583595E-08
3.601462E-02        -4.575396E-08
3.598227E-02        -4.567198E-08
3.594995E-02        -4.559000E-08
3.591765E-02        -4.550799E-08
3.588539E-02        -4.542623E-08
3.585315E-02        -4.534501E-08
3.582094E-02        -4.526323E-08
3.578876E-02        -4.518224E-08
3.575662E-02        -4.510127E-08
3.572449E-02        -4.502025E-08
3.569240E-02        -4.493927E-08
3.566034E-02        -4.485850E-08
3.562831E-02        -4.477852E-08
3.559630E-02        -4.469830E-08
3.556432E-02        -4.461752E-08
3.553238E-02        -4.453754E-08
3.550046E-02        -4.445755E-08
3.546857E-02        -4.437778E-08
3.543670E-02        -4.429855E-08
3.540487E-02        -4.421878E-08
3.537307E-02        -4.413958E-08
3.534129E-02        -4.405980E-08
3.530954E-02        -4.398080E-08
3.527782E-02        -4.390203E-08
3.524613E-02        -4.382382E-08
3.521447E-02        -4.374483E-08
3.518284E-02        -4.366606E-08
3.515123E-02        -4.358806E-08
3.511965E-02        -4.351006E-08
3.508810E-02        -4.343207E-08
3.505658E-02        -4.335407E-08
3.502509E-02        -4.327609E-08
3.499363E-02        -4.319832E-08
3.496219E-02        -4.312110E-08
3.493079E-02        -4.304334E-08
3.489941E-02        -4.296635E-08
3.486806E-02        -4.288936E-08
3.483673E-02        -4.281234E-08
3.480544E-02        -4.273536E-08
3.477417E-02        -4.265858E-08
3.474294E-02        -4.258239E-08
3.471173E-02        -4.250561E-08
3.468054E-02        -4.242960E-08
3.464939E-02        -4.235362E-08
3.461826E-02        -4.227762E-08
3.458717E-02        -4.220164E-08
3.455610E-02        -4.212565E-08
3.452505E-02        -4.204986E-08
3.449404E-02        -4.197466E-08
3.446305E-02        -4.189887E-08
3.443209E-02        -4.182388E-08
3.440116E-02        -4.174889E-08
3.437026E-02        -4.167390E-08
3.433938E-02        -4.159911E-08
3.430854E-02        -4.152493E-08
3.427772E-02        -4.144993E-08
3.424692E-02        -4.137514E-08
3.421616E-02        -4.130115E-08
3.418542E-02        -4.122715E-08
3.415471E-02        -4.115316E-08
3.412403E-02        -4.107917E-08
3.409338E-02        -4.100540E-08
3.406275E-02        -4.093219E-08
3.403215E-02        -4.085841E-08
3.400158E-02        -4.078520E-08
3.397104E-02        -4.071144E-08
3.394052E-02        -4.063843E-08
3.391003E-02        -4.056565E-08
3.387957E-02        -4.049345E-08
3.384913E-02        -4.042045E-08
3.381873E-02        -4.034768E-08
3.378835E-02        -4.027548E-08
3.375799E-02        -4.020268E-08
3.372767E-02        -4.013070E-08
3.369737E-02        -4.005870E-08
3.366710E-02        -3.998692E-08
3.363686E-02        -3.991573E-08
3.360664E-02        -3.984373E-08
3.357645E-02        -3.977195E-08
3.354629E-02        -3.970096E-08
3.351615E-02        -3.962974E-08
3.348604E-02        -3.955796E-08
3.345596E-02        -3.948697E-08
3.342591E-02        -3.941619E-08
3.339588E-02        -3.934598E-08
3.336588E-02        -3.927499E-08
3.333591E-02        -3.920422E-08
3.330596E-02        -3.913421E-08
3.327604E-02        -3.906422E-08
3.324615E-02        -3.899423E-08
3.321629E-02        -3.892425E-08
3.318645E-02        -3.885426E-08
3.315663E-02        -3.878424E-08
3.312685E-02        -3.871447E-08
3.309709E-02        -3.864527E-08
3.306736E-02        -3.857549E-08
3.303765E-02        -3.850648E-08
3.300798E-02        -3.843751E-08
3.297832E-02        -3.836850E-08
3.294870E-02        -3.829951E-08
3.291910E-02        -3.823052E-08
3.288953E-02        -3.816174E-08
3.285998E-02        -3.809352E-08
3.283047E-02        -3.802476E-08
3.280097E-02        -3.795675E-08
3.277151E-02        -3.788877E-08
3.274207E-02        -3.782077E-08
3.271266E-02        -3.775279E-08
3.268327E-02        -3.768499E-08
3.265391E-02        -3.761779E-08
3.262458E-02        -3.755001E-08
3.259527E-02        -3.748281E-08
3.256599E-02        -3.741502E-08
3.253673E-02        -3.734802E-08
3.250751E-02        -3.728104E-08
3.247830E-02        -3.721403E-08
3.244913E-02        -3.714705E-08
3.241998E-02        -3.708027E-08
3.239086E-02        -3.701407E-08
3.236176E-02        -3.694728E-08
3.233269E-02        -3.688129E-08
3.230364E-02        -3.681528E-08
3.227462E-02        -3.674929E-08
3.224563E-02        -3.668330E-08
3.221666E-02        -3.661730E-08
3.218772E-02        -3.655131E-08
3.215881E-02        -3.648553E-08
3.212992E-02        -3.642033E-08
3.210106E-02        -3.635455E-08
3.207222E-02        -3.628955E-08
3.204341E-02        -3.622456E-08
3.201462E-02        -3.615955E-08
3.198586E-02        -3.609456E-08
3.195713E-02        -3.602957E-08
3.192842E-02        -3.596478E-08
3.189974E-02        -3.590058E-08
3.187109E-02        -3.583581E-08
3.184245E-02        -3.577159E-08
3.181385E-02        -3.570681E-08
3.178527E-02        -3.564282E-08
3.175672E-02        -3.557883E-08
3.172819E-02        -3.551504E-08
3.169969E-02        -3.545184E-08
3.167121E-02        -3.538784E-08
3.164276E-02        -3.532405E-08
3.161434E-02        -3.526107E-08
3.158594E-02        -3.519787E-08
3.155756E-02        -3.513407E-08
3.152921E-02        -3.507107E-08
3.150089E-02        -3.500809E-08
3.147259E-02        -3.494529E-08
3.144432E-02        -3.488310E-08
3.141607E-02        -3.482010E-08
3.138785E-02        -3.475731E-08
3.135966E-02        -3.469533E-08
3.133149E-02        -3.463314E-08
3.130334E-02        -3.457034E-08
3.127522E-02        -3.450834E-08
3.124712E-02        -3.444634E-08
3.121905E-02        -3.438455E-08
3.119101E-02        -3.432336E-08
3.116299E-02        -3.426157E-08
3.113500E-02        -3.420038E-08
3.110703E-02        -3.413859E-08
3.107908E-02        -3.407738E-08
3.105116E-02        -3.401559E-08
3.102327E-02        -3.395460E-08
3.099540E-02        -3.389360E-08
3.096756E-02        -3.383282E-08
3.093974E-02        -3.377262E-08
3.091195E-02        -3.371184E-08
3.088418E-02        -3.365164E-08
3.085643E-02        -3.359083E-08
3.082871E-02        -3.353084E-08
3.080102E-02        -3.347065E-08
3.077335E-02        -3.340986E-08
3.074571E-02        -3.334987E-08
3.071809E-02        -3.329008E-08
3.069049E-02        -3.323087E-08
3.066292E-02        -3.317087E-08
3.063538E-02        -3.311109E-08
3.060786E-02        -3.305210E-08
3.058036E-02        -3.299289E-08
3.055289E-02        -3.293310E-08
3.052545E-02        -3.287412E-08
3.049802E-02        -3.281511E-08
3.047063E-02        -3.275613E-08
3.044326E-02        -3.269714E-08
3.041591E-02        -3.263834E-08
3.038858E-02        -3.258013E-08
3.036129E-02        -3.252136E-08
3.033401E-02        -3.246335E-08
3.030676E-02        -3.240516E-08
3.027954E-02        -3.234637E-08
3.025234E-02        -3.228838E-08
3.022516E-02        -3.223038E-08
3.019801E-02        -3.217259E-08
3.017088E-02        -3.211539E-08
3.014378E-02        -3.205740E-08
3.011670E-02        -3.199960E-08
3.008965E-02        -3.194242E-08
3.006262E-02        -3.188462E-08
3.003561E-02        -3.182762E-08
3.000863E-02        -3.177063E-08
2.998167E-02        -3.171363E-08
2.995474E-02        -3.165664E-08
2.992783E-02        -3.159964E-08
2.990094E-02        -3.154284E-08
2.987408E-02        -3.148665E-08
2.984725E-02        -3.142986E-08
2.982044E-02        -3.137367E-08
2.979365E-02        -3.131688E-08
2.976688E-02        -3.126087E-08
2.974014E-02        -3.120487E-08
2.971343E-02        -3.114889E-08
2.968674E-02        -3.109290E-08
2.966007E-02        -3.103690E-08
2.963342E-02        -3.098110E-08
2.960680E-02        -3.092590E-08
2.958021E-02        -3.087012E-08
2.955363E-02        -3.081491E-08
2.952709E-02        -3.075913E-08
2.950056E-02        -3.070413E-08
2.947406E-02        -3.064913E-08
2.944758E-02        -3.059413E-08
2.942113E-02        -3.053915E-08
2.939470E-02        -3.048415E-08
2.936829E-02        -3.042915E-08
2.934191E-02        -3.037435E-08
2.931555E-02        -3.032016E-08
2.928922E-02        -3.026537E-08
2.926291E-02        -3.021138E-08
2.923662E-02        -3.015738E-08
2.921036E-02        -3.010319E-08
2.918412E-02        -3.004840E-08
2.915790E-02        -2.999459E-08
2.913171E-02        -2.994141E-08
2.910554E-02        -2.988741E-08
2.907939E-02        -2.983360E-08
2.905327E-02        -2.978042E-08
2.902717E-02        -2.972662E-08
2.900110E-02        -2.967344E-08
2.897504E-02        -2.961962E-08
2.894901E-02        -2.956663E-08
2.892301E-02        -2.951364E-08
2.889703E-02        -2.946065E-08
2.887107E-02        -2.940765E-08
2.884513E-02        -2.935465E-08
2.881922E-02        -2.930186E-08
2.879333E-02        -2.924966E-08
2.876747E-02        -2.919687E-08
2.874162E-02        -2.914467E-08
2.871581E-02        -2.909189E-08
2.869001E-02        -2.903988E-08
2.866424E-02        -2.898789E-08
2.863849E-02        -2.893590E-08
2.861276E-02        -2.888390E-08
2.858706E-02        -2.883191E-08
2.856138E-02        -2.878011E-08
2.853572E-02        -2.872891E-08
2.851009E-02        -2.867693E-08
2.848448E-02        -2.862513E-08
2.845889E-02        -2.857413E-08
2.843332E-02        -2.852293E-08
2.840778E-02        -2.847113E-08
2.838226E-02        -2.842014E-08
2.835676E-02        -2.836914E-08
2.833129E-02        -2.831815E-08
2.830584E-02        -2.826735E-08
2.828041E-02        -2.821715E-08
2.825501E-02        -2.816617E-08
2.822963E-02        -2.811537E-08
2.820427E-02        -2.806518E-08
2.817893E-02        -2.801437E-08
2.815362E-02        -2.796438E-08
2.812833E-02        -2.791439E-08
2.810306E-02        -2.786439E-08
2.807781E-02        -2.781439E-08
2.805259E-02        -2.776440E-08
2.802739E-02        -2.771440E-08
2.800221E-02        -2.766440E-08
2.797706E-02        -2.761461E-08
2.795193E-02        -2.756543E-08
2.792682E-02        -2.751562E-08
2.790173E-02        -2.746643E-08
2.787666E-02        -2.741662E-08
2.785162E-02        -2.736762E-08
2.782660E-02        -2.731863E-08
2.780161E-02        -2.726965E-08
2.777663E-02        -2.722064E-08
2.775168E-02        -2.717165E-08
2.772675E-02        -2.712266E-08
2.770184E-02        -2.707385E-08
2.767696E-02        -2.702567E-08
2.765209E-02        -2.697685E-08
2.762725E-02        -2.692867E-08
2.760244E-02        -2.687988E-08
2.757764E-02        -2.683187E-08
2.755287E-02        -2.678388E-08
2.752812E-02        -2.673589E-08
2.750339E-02        -2.668789E-08
2.747868E-02        -2.663989E-08
2.745400E-02        -2.659191E-08
2.742933E-02        -2.654390E-08
2.740469E-02        -2.649609E-08
2.738007E-02        -2.644890E-08
2.735548E-02        -2.640111E-08
2.733090E-02        -2.635410E-08
2.730635E-02        -2.630692E-08
2.728182E-02        -2.625911E-08
2.725732E-02        -2.621213E-08
2.723283E-02        -2.616513E-08
2.720837E-02        -2.611814E-08
2.718392E-02        -2.607113E-08
2.715950E-02        -2.602413E-08
2.713511E-02        -2.597734E-08
2.711073E-02        -2.593115E-08
2.708638E-02        -2.588435E-08
2.706205E-02        -2.583817E-08
2.703773E-02        -2.579135E-08
2.701345E-02        -2.574537E-08
2.698918E-02        -2.569936E-08
2.696493E-02        -2.565317E-08
2.694071E-02        -2.560637E-08
2.691651E-02        -2.556056E-08
2.689233E-02        -2.551538E-08
2.686817E-02        -2.546938E-08
2.684404E-02        -2.542340E-08
2.681992E-02        -2.537758E-08
2.679583E-02        -2.533240E-08
2.677176E-02        -2.528659E-08
2.674771E-02        -2.524141E-08
2.672368E-02        -2.519560E-08
2.669968E-02        -2.515061E-08
2.667569E-02        -2.510561E-08
2.665173E-02        -2.506062E-08
2.662779E-02        -2.501563E-08
2.660387E-02        -2.497063E-08
2.657997E-02        -2.492563E-08
2.655609E-02        -2.488082E-08
2.653223E-02        -2.483663E-08
2.650840E-02        -2.479164E-08
2.648459E-02        -2.474684E-08
2.646079E-02        -2.470283E-08
2.643702E-02        -2.465865E-08
2.641328E-02        -2.461385E-08
2.638955E-02        -2.456985E-08
2.636584E-02        -2.452585E-08
2.634216E-02        -2.448186E-08
2.631849E-02        -2.443786E-08
2.629485E-02        -2.439386E-08
2.627123E-02        -2.434987E-08
2.624763E-02        -2.430606E-08
2.622405E-02        -2.426288E-08
2.620049E-02        -2.421906E-08
2.617696E-02        -2.417589E-08
2.615344E-02        -2.413207E-08
2.612995E-02        -2.408908E-08
2.610648E-02        -2.404591E-08
2.608302E-02        -2.400208E-08
2.605959E-02        -2.395909E-08
2.603618E-02        -2.391609E-08
2.601279E-02        -2.387309E-08
2.598943E-02        -2.383011E-08
2.596608E-02        -2.378729E-08
2.594275E-02        -2.374511E-08
2.591945E-02        -2.370230E-08
2.589617E-02        -2.366013E-08
2.587290E-02        -2.361731E-08
2.584966E-02        -2.357513E-08
2.582644E-02        -2.353232E-08
2.580324E-02        -2.349033E-08
2.578006E-02        -2.344833E-08
2.575690E-02        -2.340615E-08
2.573376E-02        -2.336351E-08
2.571065E-02        -2.332235E-08
2.568755E-02        -2.328035E-08
2.566447E-02        -2.323834E-08
2.564142E-02        -2.319635E-08
2.561839E-02        -2.315455E-08
2.559537E-02        -2.311336E-08
2.557238E-02        -2.307155E-08
2.554941E-02        -2.303056E-08
2.552646E-02        -2.298938E-08
2.550353E-02        -2.294757E-08
2.548062E-02        -2.290657E-08
2.545773E-02        -2.286558E-08
2.543486E-02        -2.282458E-08
2.541201E-02        -2.278358E-08
2.538918E-02        -2.274258E-08
2.536637E-02        -2.270158E-08
2.534359E-02        -2.266060E-08
2.532082E-02        -2.261978E-08
2.529807E-02        -2.257959E-08
2.527535E-02        -2.253879E-08
2.525264E-02        -2.249860E-08
2.522996E-02        -2.245780E-08
2.520729E-02        -2.241779E-08
2.518465E-02        -2.237762E-08
2.516202E-02        -2.233679E-08
2.513942E-02        -2.229680E-08
2.511684E-02        -2.225681E-08
2.509428E-02        -2.221682E-08
2.507173E-02        -2.217699E-08
2.504921E-02        -2.213782E-08
2.502671E-02        -2.209783E-08
2.500423E-02        -2.205784E-08
2.498176E-02        -2.201801E-08
2.495932E-02        -2.197883E-08
2.493690E-02        -2.193902E-08
2.491450E-02        -2.190002E-08
2.489212E-02        -2.186085E-08
2.486976E-02        -2.182104E-08
2.484742E-02        -2.178204E-08
2.482510E-02        -2.174305E-08
2.480280E-02        -2.170405E-08
2.478052E-02        -2.166506E-08
2.475825E-02        -2.162605E-08
2.473601E-02        -2.158705E-08
2.471379E-02        -2.154823E-08
2.469159E-02        -2.151006E-08
2.466941E-02        -2.147124E-08
2.464725E-02        -2.143307E-08
2.462511E-02        -2.139425E-08
2.460299E-02        -2.135608E-08
2.458089E-02        -2.131727E-08
2.455881E-02        -2.127927E-08
2.453674E-02        -2.124108E-08
2.451470E-02        -2.120227E-08
2.449268E-02        -2.116428E-08
2.447068E-02        -2.112628E-08
2.444870E-02        -2.108829E-08
2.442673E-02        -2.105046E-08
2.440479E-02        -2.101329E-08
2.438287E-02        -2.097530E-08
2.436096E-02        -2.093747E-08
2.433908E-02        -2.090030E-08
2.431722E-02        -2.086249E-08
2.429537E-02        -2.082531E-08
2.427355E-02        -2.078750E-08
2.425174E-02        -2.075049E-08
2.422995E-02        -2.071331E-08
2.420819E-02        -2.067550E-08
2.418644E-02        -2.063850E-08
2.416472E-02        -2.060152E-08
2.414301E-02        -2.056452E-08
2.412132E-02        -2.052752E-08
2.409965E-02        -2.049052E-08
2.407800E-02        -2.045370E-08
2.405637E-02        -2.041752E-08
2.403476E-02        -2.038070E-08
2.401317E-02        -2.034453E-08
2.399160E-02        -2.030754E-08
2.397005E-02        -2.027072E-08
2.394852E-02        -2.023473E-08
2.392700E-02        -2.019855E-08
2.390551E-02        -2.016173E-08
2.388403E-02        -2.012573E-08
2.386258E-02        -2.008974E-08
2.384114E-02        -2.005374E-08
2.381972E-02        -2.001773E-08
2.379833E-02        -1.998175E-08
2.377695E-02        -1.994575E-08
2.375559E-02        -1.990975E-08
2.373425E-02        -1.987393E-08
2.371293E-02        -1.983876E-08
2.369163E-02        -1.980277E-08
2.367034E-02        -1.976693E-08
2.364908E-02        -1.973194E-08
2.362784E-02        -1.969678E-08
2.360661E-02        -1.966095E-08
2.358540E-02        -1.962595E-08
2.356422E-02        -1.959079E-08
2.354305E-02        -1.955496E-08
2.352190E-02        -1.951996E-08
2.350077E-02        -1.948497E-08
2.347966E-02        -1.944997E-08
2.345857E-02        -1.941498E-08
2.343749E-02        -1.937997E-08
2.341644E-02        -1.934516E-08
2.339540E-02        -1.931098E-08
2.337439E-02        -1.927599E-08
2.335339E-02        -1.924116E-08
2.333241E-02        -1.920699E-08
2.331145E-02        -1.917217E-08
2.329051E-02        -1.913800E-08
2.326959E-02        -1.910318E-08
2.324868E-02        -1.906917E-08
2.322780E-02        -1.903518E-08
2.320693E-02        -1.900118E-08
2.318609E-02        -1.896720E-08
2.316526E-02        -1.893303E-08
2.314445E-02        -1.889837E-08
2.312366E-02        -1.886521E-08
2.310289E-02        -1.883121E-08
2.308213E-02        -1.879721E-08
2.306140E-02        -1.876322E-08
2.304068E-02        -1.872939E-08
2.301998E-02        -1.869621E-08
2.299930E-02        -1.866239E-08
2.297864E-02        -1.862922E-08
2.295800E-02        -1.859540E-08
2.293738E-02        -1.856224E-08
2.291677E-02        -1.852840E-08
2.289619E-02        -1.849542E-08
2.287562E-02        -1.846242E-08
2.285507E-02        -1.842942E-08
2.283454E-02        -1.839642E-08
2.281402E-02        -1.836341E-08
2.279353E-02        -1.833042E-08
2.277305E-02        -1.829742E-08
2.275260E-02        -1.826444E-08
2.273216E-02        -1.823144E-08
2.271174E-02        -1.819861E-08
2.269134E-02        -1.816645E-08
2.267095E-02        -1.813344E-08
2.265059E-02        -1.810062E-08
2.263024E-02        -1.806845E-08
2.260991E-02        -1.803562E-08
2.258960E-02        -1.800363E-08
2.256931E-02        -1.797147E-08
2.254903E-02        -1.793863E-08
2.252877E-02        -1.790663E-08
2.250854E-02        -1.787464E-08
2.248832E-02        -1.784265E-08
2.246812E-02        -1.781065E-08
2.244793E-02        -1.777865E-08
2.242777E-02        -1.774666E-08
2.240762E-02        -1.771466E-08
2.238749E-02        -1.768266E-08
2.236738E-02        -1.765083E-08
2.234729E-02        -1.761967E-08
2.232721E-02        -1.758767E-08
2.230715E-02        -1.755583E-08
2.228712E-02        -1.752468E-08
2.226709E-02        -1.749284E-08
2.224709E-02        -1.746184E-08
2.222711E-02        -1.743069E-08
2.220714E-02        -1.739885E-08
2.218719E-02        -1.736785E-08
2.216726E-02        -1.733686E-08
2.214735E-02        -1.730570E-08
2.212745E-02        -1.727403E-08
2.210757E-02        -1.724370E-08
2.208771E-02        -1.721203E-08
2.206787E-02        -1.718187E-08
2.204805E-02        -1.715088E-08
2.202824E-02        -1.711988E-08
2.200845E-02        -1.708888E-08
2.198868E-02        -1.705805E-08
2.196893E-02        -1.702789E-08
2.194920E-02        -1.699706E-08
2.192948E-02        -1.696690E-08
2.190978E-02        -1.693607E-08
2.189010E-02        -1.690591E-08
2.187043E-02        -1.687507E-08
2.185079E-02        -1.684508E-08
2.183116E-02        -1.681508E-08
2.181155E-02        -1.678492E-08
2.179195E-02        -1.675408E-08
2.177238E-02        -1.672409E-08
2.175282E-02        -1.669409E-08
2.173328E-02        -1.666410E-08
2.171375E-02        -1.663425E-08
2.169425E-02        -1.660510E-08
2.167476E-02        -1.657510E-08
2.165529E-02        -1.654511E-08
2.163584E-02        -1.651528E-08
2.161640E-02        -1.648611E-08
2.159698E-02        -1.645611E-08
2.157758E-02        -1.642628E-08
2.155820E-02        -1.639712E-08
2.153883E-02        -1.636728E-08
2.151948E-02        -1.633828E-08
2.150015E-02        -1.630913E-08
2.148084E-02        -1.627930E-08
2.146154E-02        -1.625029E-08
2.144226E-02        -1.622130E-08
2.142300E-02        -1.619230E-08
2.140375E-02        -1.616330E-08
2.138453E-02        -1.613431E-08
2.136532E-02        -1.610531E-08
2.134612E-02        -1.607631E-08
2.132695E-02        -1.604732E-08
2.130779E-02        -1.601832E-08
2.128865E-02        -1.598932E-08
2.126953E-02        -1.596049E-08
2.125042E-02        -1.593233E-08
2.123133E-02        -1.590349E-08
2.121226E-02        -1.587534E-08
2.119320E-02        -1.584650E-08
2.117416E-02        -1.581833E-08
2.115514E-02        -1.578950E-08
2.113614E-02        -1.576151E-08
2.111715E-02        -1.573335E-08
2.109818E-02        -1.570451E-08
2.107923E-02        -1.567652E-08
2.106029E-02        -1.564851E-08
2.104137E-02        -1.562051E-08
2.102247E-02        -1.559252E-08
2.100359E-02        -1.556453E-08
2.098472E-02        -1.553653E-08
2.096587E-02        -1.550853E-08
2.094703E-02        -1.548053E-08
2.092822E-02        -1.545254E-08
2.090942E-02        -1.542470E-08
2.089063E-02        -1.539754E-08
2.087187E-02        -1.536955E-08
2.085312E-02        -1.534171E-08
2.083439E-02        -1.531456E-08
2.081567E-02        -1.528671E-08
2.079697E-02        -1.525955E-08
2.077829E-02        -1.523172E-08
2.075962E-02        -1.520472E-08
2.074097E-02        -1.517756E-08
2.072234E-02        -1.514972E-08
2.070373E-02        -1.512273E-08
2.068513E-02        -1.509573E-08
2.066655E-02        -1.506874E-08
2.064798E-02        -1.504173E-08
2.062943E-02        -1.501473E-08
2.061090E-02        -1.498774E-08
2.059239E-02        -1.496075E-08
2.057389E-02        -1.493375E-08
2.055541E-02        -1.490691E-08
2.053694E-02        -1.488075E-08
2.051849E-02        -1.485375E-08
2.050006E-02        -1.482676E-08
2.048164E-02        -1.479991E-08
2.046325E-02        -1.477377E-08
2.044486E-02        -1.474692E-08
2.042650E-02        -1.472077E-08
2.040815E-02        -1.469393E-08
2.038981E-02        -1.466792E-08
2.037150E-02        -1.464178E-08
2.035320E-02        -1.461494E-08
2.033491E-02        -1.458893E-08
2.031665E-02        -1.456294E-08
2.029840E-02        -1.453695E-08
2.028016E-02        -1.451079E-08
2.026194E-02        -1.448394E-08
2.024374E-02        -1.445795E-08
2.022556E-02        -1.443211E-08
2.020739E-02        -1.440696E-08
2.018924E-02        -1.438097E-08
2.017110E-02        -1.435496E-08
2.015298E-02        -1.432897E-08
2.013488E-02        -1.430313E-08
2.011679E-02        -1.427797E-08
2.009872E-02        -1.425198E-08
2.008066E-02        -1.422613E-08
2.006262E-02        -1.420097E-08
2.004460E-02        -1.417513E-08
2.002659E-02        -1.414998E-08
2.000860E-02        -1.412413E-08
1.999063E-02        -1.409914E-08
1.997267E-02        -1.407399E-08
1.995473E-02        -1.404815E-08
1.993680E-02        -1.402314E-08
1.991890E-02        -1.399816E-08
1.990100E-02        -1.397315E-08
1.988312E-02        -1.394815E-08
1.986526E-02        -1.392316E-08
1.984742E-02        -1.389817E-08
1.982959E-02        -1.387317E-08
1.981178E-02        -1.384817E-08
1.979398E-02        -1.382317E-08
1.977620E-02        -1.379818E-08
1.975843E-02        -1.377333E-08
1.974068E-02        -1.374917E-08
1.972295E-02        -1.372418E-08
1.970523E-02        -1.369933E-08
1.968753E-02        -1.367518E-08
1.966984E-02        -1.365018E-08
1.965217E-02        -1.362534E-08
1.963452E-02        -1.360134E-08
1.961688E-02        -1.357719E-08
1.959926E-02        -1.355235E-08
1.958165E-02        -1.352835E-08
1.956406E-02        -1.350420E-08
1.954649E-02        -1.347936E-08
1.952893E-02        -1.345536E-08
1.951139E-02        -1.343137E-08
1.949386E-02        -1.340736E-08
1.947635E-02        -1.338337E-08
1.945885E-02        -1.335937E-08
1.944137E-02        -1.333537E-08
1.942391E-02        -1.331138E-08
1.940646E-02        -1.328738E-08
1.938903E-02        -1.326338E-08
1.937161E-02        -1.323938E-08
1.935421E-02        -1.321554E-08
1.933682E-02        -1.319239E-08
1.931945E-02        -1.316839E-08
1.930209E-02        -1.314454E-08
1.928475E-02        -1.312139E-08
1.926743E-02        -1.309754E-08
1.925012E-02        -1.307439E-08
1.923283E-02        -1.305055E-08
1.921555E-02        -1.302740E-08
1.919829E-02        -1.300355E-08
1.918105E-02        -1.298041E-08
1.916381E-02        -1.295655E-08
1.914660E-02        -1.293356E-08
1.912940E-02        -1.291056E-08
1.911222E-02        -1.288757E-08
1.909505E-02        -1.286442E-08
1.907789E-02        -1.284057E-08
1.906076E-02        -1.281758E-08
1.904363E-02        -1.279457E-08
1.902653E-02        -1.277158E-08
1.900943E-02        -1.274857E-08
1.899236E-02        -1.272573E-08
1.897530E-02        -1.270359E-08
1.895825E-02        -1.268059E-08
1.894122E-02        -1.265759E-08
1.892420E-02        -1.263473E-08
1.890720E-02        -1.261259E-08
1.889022E-02        -1.258960E-08
1.887325E-02        -1.256675E-08
1.885630E-02        -1.254461E-08
1.883936E-02        -1.252175E-08
1.882243E-02        -1.249960E-08
1.880553E-02        -1.247676E-08
1.878863E-02        -1.245475E-08
1.877175E-02        -1.243261E-08
1.875489E-02        -1.240976E-08
1.873804E-02        -1.238776E-08
1.872121E-02        -1.236562E-08
1.870439E-02        -1.234276E-08
1.868759E-02        -1.232077E-08
1.867080E-02        -1.229877E-08
1.865403E-02        -1.227677E-08
1.863727E-02        -1.225477E-08
1.862053E-02        -1.223278E-08
1.860380E-02        -1.221078E-08
1.858709E-02        -1.218878E-08
1.857040E-02        -1.216679E-08
1.855371E-02        -1.214478E-08
1.853705E-02        -1.212294E-08
1.852039E-02        -1.210179E-08
1.850376E-02        -1.207980E-08
1.848713E-02        -1.205794E-08
1.847053E-02        -1.203680E-08
1.845393E-02        -1.201479E-08
1.843736E-02        -1.199295E-08
1.842079E-02        -1.197180E-08
1.840425E-02        -1.194996E-08
1.838771E-02        -1.192880E-08
1.837120E-02        -1.190696E-08
1.835469E-02        -1.188596E-08
1.833820E-02        -1.186481E-08
1.832173E-02        -1.184296E-08
1.830527E-02        -1.182196E-08
1.828883E-02        -1.180097E-08
1.827240E-02        -1.177997E-08
1.825599E-02        -1.175883E-08
1.823959E-02        -1.173698E-08
1.822320E-02        -1.171598E-08
1.820683E-02        -1.169498E-08
1.819047E-02        -1.167397E-08
1.817413E-02        -1.165298E-08
1.815781E-02        -1.163199E-08
1.814150E-02        -1.161113E-08
1.812520E-02        -1.159099E-08
1.810892E-02        -1.156999E-08
1.809265E-02        -1.154899E-08
1.807640E-02        -1.152814E-08
1.806016E-02        -1.150800E-08
1.804394E-02        -1.148701E-08
1.802773E-02        -1.146615E-08
1.801153E-02        -1.144600E-08
1.799535E-02        -1.142500E-08
1.797919E-02        -1.140416E-08
1.796303E-02        -1.138415E-08
1.794690E-02        -1.136401E-08
1.793078E-02        -1.134316E-08
1.791467E-02        -1.132302E-08
1.789858E-02        -1.130217E-08
1.788250E-02        -1.128217E-08
1.786643E-02        -1.126216E-08
1.785038E-02        -1.124202E-08
1.783435E-02        -1.122117E-08
1.781833E-02        -1.120117E-08
1.780232E-02        -1.118117E-08
1.778633E-02        -1.116118E-08
1.777035E-02        -1.114117E-08
1.775439E-02        -1.112118E-08
1.773844E-02        -1.110118E-08
1.772250E-02        -1.108118E-08
1.770658E-02        -1.106118E-08
1.769068E-02        -1.104133E-08
1.767479E-02        -1.102219E-08
1.765891E-02        -1.100219E-08
1.764304E-02        -1.098219E-08
1.762720E-02        -1.096234E-08
1.761136E-02        -1.094319E-08
1.759554E-02        -1.092320E-08
1.757973E-02        -1.090334E-08
1.756394E-02        -1.088420E-08
1.754816E-02        -1.086434E-08
1.753240E-02        -1.084521E-08
1.751665E-02        -1.082535E-08
1.750091E-02        -1.080620E-08
1.748519E-02        -1.078635E-08
1.746949E-02        -1.076722E-08
1.745379E-02        -1.074735E-08
1.743811E-02        -1.072835E-08
1.742245E-02        -1.070936E-08
1.740680E-02        -1.069022E-08
1.739116E-02        -1.067036E-08
1.737554E-02        -1.065137E-08
1.735993E-02        -1.063237E-08
1.734434E-02        -1.061337E-08
1.732875E-02        -1.059436E-08
1.731319E-02        -1.057537E-08
1.729764E-02        -1.055638E-08
1.728210E-02        -1.053738E-08
1.726657E-02        -1.051838E-08
1.725106E-02        -1.049938E-08
1.723556E-02        -1.048038E-08
1.722008E-02        -1.046152E-08
1.720461E-02        -1.044338E-08
1.718916E-02        -1.042439E-08
1.717372E-02        -1.040553E-08
1.715829E-02        -1.038739E-08
1.714287E-02        -1.036839E-08
1.712747E-02        -1.034953E-08
1.711209E-02        -1.033140E-08
1.709672E-02        -1.031254E-08
1.708136E-02        -1.029440E-08
1.706601E-02        -1.027553E-08
1.705068E-02        -1.025740E-08
1.703537E-02        -1.023855E-08
1.702006E-02        -1.022040E-08
1.700477E-02        -1.020154E-08
1.698950E-02        -1.018355E-08
1.697424E-02        -1.016542E-08
1.695899E-02        -1.014655E-08
1.694375E-02        -1.012855E-08
1.692853E-02        -1.011055E-08
1.691333E-02        -1.009256E-08
1.689813E-02        -1.007456E-08
1.688295E-02        -1.005656E-08
1.686779E-02        -1.003857E-08
1.685263E-02        -1.002056E-08
1.683749E-02        -1.000251E-08
1.682237E-02        -9.984183E-09
1.680726E-02        -9.966287E-09
1.679216E-02        -9.948387E-09
1.677707E-02        -9.930496E-09
1.676200E-02        -9.912699E-09
1.674695E-02        -9.894909E-09
1.673190E-02        -9.877118E-09
1.671687E-02        -9.859406E-09
1.670185E-02        -9.841632E-09
1.668685E-02        -9.824024E-09
1.667186E-02        -9.806339E-09
1.665688E-02        -9.788737E-09
1.664192E-02        -9.771156E-09
1.662697E-02        -9.753644E-09
1.661203E-02        -9.736055E-09
1.659711E-02        -9.718573E-09
1.658220E-02        -9.701174E-09
1.656731E-02        -9.683783E-09
1.655242E-02        -9.666376E-09
1.653755E-02        -9.648991E-09
1.652270E-02        -9.631699E-09
1.650786E-02        -9.614404E-09
1.649303E-02        -9.597105E-09
1.647821E-02        -9.579815E-09
1.646341E-02        -9.562633E-09
1.644862E-02        -9.545521E-09
1.643384E-02        -9.528331E-09
1.641908E-02        -9.511236E-09
1.640433E-02        -9.494151E-09
1.638959E-02        -9.477135E-09
1.637487E-02        -9.460053E-09
1.636016E-02        -9.443068E-09
1.634546E-02        -9.426153E-09
1.633078E-02        -9.409171E-09
1.631611E-02        -9.392286E-09
1.630145E-02        -9.375472E-09
1.628681E-02        -9.358591E-09
1.627218E-02        -9.341793E-09
1.625756E-02        -9.325005E-09
1.624296E-02        -9.308312E-09
1.622837E-02        -9.291615E-09
1.621379E-02        -9.274915E-09
1.619922E-02        -9.258224E-09
1.618467E-02        -9.241628E-09
1.617013E-02        -9.225028E-09
1.615561E-02        -9.208450E-09
1.614109E-02        -9.191930E-09
1.612659E-02        -9.175345E-09
1.611211E-02        -9.158867E-09
1.609763E-02        -9.142462E-09
1.608317E-02        -9.126064E-09
1.606872E-02        -9.109663E-09
1.605429E-02        -9.093283E-09
1.603987E-02        -9.076987E-09
1.602546E-02        -9.060687E-09
1.601106E-02        -9.044397E-09
1.599668E-02        -9.028189E-09
1.598231E-02        -9.011904E-09
1.596795E-02        -8.995716E-09
1.595361E-02        -8.979609E-09
1.593928E-02        -8.963438E-09
1.592496E-02        -8.947425E-09
1.591065E-02        -8.931322E-09
1.589636E-02        -8.915239E-09
1.588208E-02        -8.899241E-09
1.586781E-02        -8.883252E-09
1.585356E-02        -8.867346E-09
1.583932E-02        -8.851362E-09
1.582509E-02        -8.835475E-09
1.581087E-02        -8.819659E-09
1.579667E-02        -8.803777E-09
1.578248E-02        -8.787979E-09
1.576830E-02        -8.772191E-09
1.575414E-02        -8.756485E-09
1.573998E-02        -8.740691E-09
1.572584E-02        -8.725004E-09
1.571172E-02        -8.709401E-09
1.569760E-02        -8.693709E-09
1.568350E-02        -8.678112E-09
1.566941E-02        -8.662512E-09
1.565534E-02        -8.646933E-09
1.564127E-02        -8.631427E-09
1.562722E-02        -8.615930E-09
1.561319E-02        -8.600453E-09
1.559916E-02        -8.585049E-09
1.558515E-02        -8.569654E-09
1.557115E-02        -8.554256E-09
1.555716E-02        -8.538855E-09
1.554318E-02        -8.523464E-09
1.552922E-02        -8.508181E-09
1.551527E-02        -8.492970E-09
1.550133E-02        -8.477682E-09
1.548741E-02        -8.462489E-09
1.547349E-02        -8.447283E-09
1.545959E-02        -8.432084E-09
1.544571E-02        -8.416907E-09
1.543183E-02        -8.401803E-09
1.541797E-02        -8.386720E-09
1.540412E-02        -8.371709E-09
1.539028E-02        -8.356620E-09
1.537646E-02        -8.341628E-09
1.536264E-02        -8.326634E-09
1.534884E-02        -8.311724E-09
1.533505E-02        -8.296736E-09
1.532128E-02        -8.281856E-09
1.530752E-02        -8.267048E-09
1.529376E-02        -8.252153E-09
1.528003E-02        -8.237363E-09
1.526630E-02        -8.222561E-09
1.525259E-02        -8.207779E-09
1.523888E-02        -8.193071E-09
1.522519E-02        -8.178372E-09
1.521152E-02        -8.163681E-09
1.519785E-02        -8.148989E-09
1.518420E-02        -8.134394E-09
1.517056E-02        -8.119795E-09
1.515693E-02        -8.105195E-09
1.514332E-02        -8.090614E-09
1.512971E-02        -8.076109E-09
1.511612E-02        -8.061612E-09
1.510254E-02        -8.047112E-09
1.508898E-02        -8.032633E-09
1.507542E-02        -8.018229E-09
1.506188E-02        -8.003833E-09
1.504835E-02        -7.989447E-09
1.503483E-02        -7.975134E-09
1.502132E-02        -7.960744E-09
1.500783E-02        -7.946462E-09
1.499435E-02        -7.932253E-09
1.498088E-02        -7.917966E-09
1.496742E-02        -7.903765E-09
1.495398E-02        -7.889572E-09
1.494054E-02        -7.875379E-09
1.492712E-02        -7.861269E-09
1.491371E-02        -7.847082E-09
1.490031E-02        -7.832993E-09
1.488693E-02        -7.818988E-09
1.487356E-02        -7.804904E-09
1.486020E-02        -7.790907E-09
1.484685E-02        -7.776908E-09
1.483351E-02        -7.762918E-09
1.482018E-02        -7.749014E-09
1.480687E-02        -7.735119E-09
1.479357E-02        -7.721222E-09
1.478028E-02        -7.707335E-09
1.476700E-02        -7.693521E-09
1.475374E-02        -7.679652E-09
1.474048E-02        -7.665935E-09
1.472724E-02        -7.652138E-09
1.471401E-02        -7.638351E-09
1.470079E-02        -7.624650E-09
1.468759E-02        -7.610958E-09
1.467439E-02        -7.597265E-09
1.466121E-02        -7.583669E-09
1.464804E-02        -7.570070E-09
1.463488E-02        -7.556470E-09
1.462174E-02        -7.542891E-09
1.460860E-02        -7.529375E-09
1.459548E-02        -7.515791E-09
1.458237E-02        -7.502294E-09
1.456927E-02        -7.488807E-09
1.455618E-02        -7.475406E-09
1.454310E-02        -7.462003E-09
1.453004E-02        -7.448609E-09
1.451699E-02        -7.435213E-09
1.450395E-02        -7.421827E-09
1.449092E-02        -7.408527E-09
1.447790E-02        -7.395226E-09
1.446489E-02        -7.381923E-09
1.445190E-02        -7.368640E-09
1.443892E-02        -7.355444E-09
1.442595E-02        -7.342246E-09
1.441299E-02        -7.329047E-09
1.440004E-02        -7.315857E-09
1.438710E-02        -7.302754E-09
1.437418E-02        -7.289660E-09
1.436127E-02        -7.276563E-09
1.434837E-02        -7.263466E-09
1.433548E-02        -7.250378E-09
1.432260E-02        -7.237377E-09
1.430973E-02        -7.224386E-09
1.429688E-02        -7.211481E-09
1.428404E-02        -7.198497E-09
1.427120E-02        -7.185590E-09
1.425838E-02        -7.172691E-09
1.424558E-02        -7.159801E-09
1.423278E-02        -7.146911E-09
1.421999E-02        -7.134108E-09
1.420722E-02        -7.121313E-09
1.419446E-02        -7.108517E-09
1.418170E-02        -7.095721E-09
1.416897E-02        -7.083020E-09
1.415624E-02        -7.070231E-09
1.414352E-02        -7.057529E-09
1.413081E-02        -7.044837E-09
1.411812E-02        -7.032231E-09
1.410544E-02        -7.019558E-09
1.409277E-02        -7.007049E-09
1.408011E-02        -6.994450E-09
1.406746E-02        -6.981849E-09
1.405482E-02        -6.969259E-09
1.404220E-02        -6.956766E-09
1.402958E-02        -6.944273E-09
1.401698E-02        -6.931866E-09
1.400439E-02        -6.919380E-09
1.399181E-02        -6.906982E-09
1.397924E-02        -6.894582E-09
1.396668E-02        -6.882181E-09
1.395413E-02        -6.869791E-09
1.394160E-02        -6.857497E-09
1.392907E-02        -6.845192E-09
1.391656E-02        -6.832896E-09
1.390406E-02        -6.820599E-09
1.389157E-02        -6.808312E-09
1.387909E-02        -6.796112E-09
1.386662E-02        -6.783911E-09
1.385417E-02        -6.771719E-09
1.384172E-02        -6.759527E-09
1.382929E-02        -6.747432E-09
1.381686E-02        -6.735327E-09
1.380445E-02        -6.723230E-09
1.379205E-02        -6.711132E-09
1.377966E-02        -6.699044E-09
1.376728E-02        -6.687043E-09
1.375492E-02        -6.675052E-09
1.374256E-02        -6.663061E-09
1.373021E-02        -6.651146E-09
1.371788E-02        -6.639162E-09
1.370556E-02        -6.627266E-09
1.369325E-02        -6.615369E-09
1.368094E-02        -6.603462E-09
1.366865E-02        -6.591574E-09
1.365638E-02        -6.579784E-09
1.364411E-02        -6.567983E-09
1.363185E-02        -6.556181E-09
1.361961E-02        -6.544387E-09
1.360737E-02        -6.532595E-09
1.359515E-02        -6.520899E-09
1.358293E-02        -6.509193E-09
1.357073E-02        -6.497496E-09
1.355854E-02        -6.485809E-09
1.354636E-02        -6.474199E-09
1.353419E-02        -6.462511E-09
1.352204E-02        -6.450919E-09
1.350989E-02        -6.439329E-09
1.349775E-02        -6.427815E-09
1.348563E-02        -6.416232E-09
1.347351E-02        -6.404728E-09
1.346141E-02        -6.393233E-09
1.344932E-02        -6.381747E-09
1.343723E-02        -6.370330E-09
1.342516E-02        -6.358843E-09
1.341310E-02        -6.347444E-09
1.340105E-02        -6.336044E-09
1.338902E-02        -6.324653E-09
1.337699E-02        -6.313263E-09
1.336497E-02        -6.301961E-09
1.335297E-02        -6.290668E-09
1.334097E-02        -6.279364E-09
1.332899E-02        -6.268070E-09
1.331701E-02        -6.256776E-09
1.330505E-02        -6.245580E-09
1.329310E-02        -6.234383E-09
1.328116E-02        -6.223185E-09
1.326923E-02        -6.211987E-09
1.325731E-02        -6.200799E-09
1.324540E-02        -6.189699E-09
1.323350E-02        -6.178599E-09
1.322161E-02        -6.167498E-09
1.320973E-02        -6.156397E-09
1.319787E-02        -6.145315E-09
1.318601E-02        -6.134312E-09
1.317417E-02        -6.123318E-09
1.316233E-02        -6.112314E-09
1.315051E-02        -6.101319E-09
1.313869E-02        -6.090324E-09
1.312689E-02        -6.079428E-09
1.311510E-02        -6.068531E-09
1.310332E-02        -6.057633E-09
1.309155E-02        -6.046735E-09
1.307979E-02        -6.035847E-09
1.306804E-02        -6.025048E-09
1.305630E-02        -6.014249E-09
1.304457E-02        -6.003448E-09
1.303285E-02        -5.992648E-09
1.302114E-02        -5.981857E-09
1.300945E-02        -5.971165E-09
1.299776E-02        -5.960452E-09
1.298608E-02        -5.949660E-09
1.297442E-02        -5.938977E-09
1.296276E-02        -5.928363E-09
1.295112E-02        -5.917679E-09
1.293948E-02        -5.907075E-09
1.292786E-02        -5.896479E-09
1.291625E-02        -5.885883E-09
1.290464E-02        -5.875289E-09
1.289305E-02        -5.864781E-09
1.288147E-02        -5.854195E-09
1.286990E-02        -5.843697E-09
1.285834E-02        -5.833199E-09
1.284678E-02        -5.822703E-09
1.283524E-02        -5.812294E-09
1.282371E-02        -5.801805E-09
1.281219E-02        -5.791406E-09
1.280069E-02        -5.781016E-09
1.278919E-02        -5.770626E-09
1.277770E-02        -5.760316E-09
1.276622E-02        -5.749926E-09
1.275475E-02        -5.739625E-09
1.274329E-02        -5.729324E-09
1.273185E-02        -5.719032E-09
1.272041E-02        -5.708741E-09
1.270898E-02        -5.698529E-09
1.269756E-02        -5.688237E-09
1.268616E-02        -5.678044E-09
1.267476E-02        -5.667842E-09
1.266338E-02        -5.657658E-09
1.265200E-02        -5.647545E-09
1.264063E-02        -5.637352E-09
1.262928E-02        -5.627258E-09
1.261793E-02        -5.617155E-09
1.260660E-02        -5.607060E-09
1.259528E-02        -5.596976E-09
1.258396E-02        -5.586961E-09
1.257266E-02        -5.576877E-09
1.256136E-02        -5.566872E-09
1.255008E-02        -5.556877E-09
1.253880E-02        -5.546883E-09
1.252754E-02        -5.536977E-09
1.251629E-02        -5.526992E-09
1.250504E-02        -5.517087E-09
1.249381E-02        -5.507191E-09
1.248259E-02        -5.497295E-09
1.247137E-02        -5.487400E-09
1.246017E-02        -5.477594E-09
1.244898E-02        -5.467708E-09
1.243779E-02        -5.457903E-09
1.242662E-02        -5.448106E-09
1.241546E-02        -5.438310E-09
1.240430E-02        -5.428515E-09
1.239316E-02        -5.418819E-09
1.238203E-02        -5.409112E-09
1.237091E-02        -5.399326E-09
1.235979E-02        -5.389631E-09
1.234869E-02        -5.380024E-09
1.233760E-02        -5.370328E-09
1.232651E-02        -5.360633E-09
1.231544E-02        -5.351036E-09
1.230438E-02        -5.341440E-09
1.229332E-02        -5.331835E-09
1.228228E-02        -5.322249E-09
1.227125E-02        -5.312743E-09
1.226022E-02        -5.303148E-09
1.224921E-02        -5.293652E-09
1.223821E-02        -5.284156E-09
1.222721E-02        -5.274652E-09
1.221623E-02        -5.265166E-09
1.220525E-02        -5.255752E-09
1.219429E-02        -5.246266E-09
1.218334E-02        -5.236871E-09
1.217239E-02        -5.227467E-09
1.216146E-02        -5.218072E-09
1.215053E-02        -5.208679E-09
1.213962E-02        -5.199374E-09
1.212871E-02        -5.189981E-09
1.211782E-02        -5.180686E-09
1.210693E-02        -5.171383E-09
1.209605E-02        -5.162081E-09
1.208519E-02        -5.152797E-09
1.207433E-02        -5.143585E-09
1.206349E-02        -5.134301E-09
1.205265E-02        -5.125099E-09
1.204182E-02        -5.115898E-09
1.203100E-02        -5.106696E-09
1.202020E-02        -5.097514E-09
1.200940E-02        -5.088413E-09
1.199861E-02        -5.079302E-09
1.198783E-02        -5.070112E-09
1.197706E-02        -5.061012E-09
1.196630E-02        -5.051922E-09
1.195555E-02        -5.042913E-09
1.194481E-02        -5.033823E-09
1.193408E-02        -5.024814E-09
1.192336E-02        -5.015726E-09
1.191265E-02        -5.006727E-09
1.190195E-02        -4.997729E-09
1.189126E-02        -4.988741E-09
1.188058E-02        -4.979834E-09
1.186991E-02        -4.970847E-09
1.185924E-02        -4.961942E-09
1.184859E-02        -4.953046E-09
1.183795E-02        -4.944150E-09
1.182731E-02        -4.935255E-09
1.181669E-02        -4.926450E-09
1.180607E-02        -4.917557E-09
1.179547E-02        -4.908762E-09
1.178487E-02        -4.899960E-09
1.177428E-02        -4.891158E-09
1.176371E-02        -4.882365E-09
1.175314E-02        -4.873564E-09
1.174258E-02        -4.864772E-09
1.173203E-02        -4.856072E-09
1.172149E-02        -4.847372E-09
1.171096E-02        -4.838673E-09
1.170044E-02        -4.829974E-09
1.168993E-02        -4.821284E-09
1.167943E-02        -4.812677E-09
1.166894E-02        -4.803989E-09
1.165846E-02        -4.795392E-09
1.164798E-02        -4.786787E-09
1.163752E-02        -4.778190E-09
1.162707E-02        -4.769595E-09
1.161662E-02        -4.761001E-09
1.160619E-02        -4.752497E-09
1.159576E-02        -4.743904E-09
1.158534E-02        -4.735402E-09
1.157494E-02        -4.726908E-09
1.156454E-02        -4.718408E-09
1.155415E-02        -4.709917E-09
1.154377E-02        -4.701508E-09
1.153340E-02        -4.693018E-09
1.152304E-02        -4.684619E-09
1.151269E-02        -4.676221E-09
1.150235E-02        -4.667824E-09
1.149201E-02        -4.659418E-09
1.148169E-02        -4.651031E-09
1.147138E-02        -4.642726E-09
1.146107E-02        -4.634332E-09
1.145078E-02        -4.626038E-09
1.144049E-02        -4.617736E-09
1.143021E-02        -4.609434E-09
1.141994E-02        -4.601133E-09
1.140969E-02        -4.592850E-09
1.139944E-02        -4.584651E-09
1.138920E-02        -4.576452E-09
1.137896E-02        -4.568236E-09
1.136874E-02        -4.559948E-09
1.135853E-02        -4.551760E-09
1.134833E-02        -4.543655E-09
1.133813E-02        -4.535460E-09
1.132795E-02        -4.527356E-09
1.131777E-02        -4.519163E-09
1.130760E-02        -4.511061E-09
1.129745E-02        -4.502968E-09
1.128730E-02        -4.494868E-09
1.127716E-02        -4.486777E-09
1.126703E-02        -4.478769E-09
1.125691E-02        -4.470680E-09
1.124679E-02        -4.462675E-09
1.123669E-02        -4.454678E-09
1.122660E-02        -4.446682E-09
1.121651E-02        -4.438679E-09
1.120644E-02        -4.430694E-09
1.119637E-02        -4.422783E-09
1.118631E-02        -4.414791E-09
1.117626E-02        -4.406891E-09
1.116622E-02        -4.398992E-09
1.115619E-02        -4.391093E-09
1.114617E-02        -4.383195E-09
1.113616E-02        -4.375307E-09
1.112615E-02        -4.367494E-09
1.111616E-02        -4.359608E-09
1.110617E-02        -4.351805E-09
1.109620E-02        -4.344011E-09
1.108623E-02        -4.336210E-09
1.107627E-02        -4.328410E-09
1.106632E-02        -4.320611E-09
1.105638E-02        -4.312822E-09
1.104645E-02        -4.305124E-09
1.103652E-02        -4.297411E-09
1.102661E-02        -4.289624E-09
1.101670E-02        -4.281921E-09
1.100681E-02        -4.274235E-09
1.099692E-02        -4.266626E-09
1.098704E-02        -4.258934E-09
1.097717E-02        -4.251326E-09
1.096731E-02        -4.243636E-09
1.095746E-02        -4.236039E-09
1.094761E-02        -4.228434E-09
1.093778E-02        -4.220838E-09
1.092795E-02        -4.213236E-09
1.091814E-02        -4.205650E-09
1.090833E-02        -4.198141E-09
1.089853E-02        -4.190550E-09
1.088874E-02        -4.183051E-09
1.087896E-02        -4.175552E-09
1.086918E-02        -4.168048E-09
1.085942E-02        -4.160551E-09
1.084967E-02        -4.153065E-09
1.083992E-02        -4.145654E-09
1.083018E-02        -4.138162E-09
1.082045E-02        -4.130762E-09
1.081073E-02        -4.123363E-09
1.080102E-02        -4.115964E-09
1.079132E-02        -4.108567E-09
1.078162E-02        -4.101163E-09
1.077194E-02        -4.093777E-09
1.076226E-02        -4.086466E-09
1.075259E-02        -4.079074E-09
1.074294E-02        -4.071782E-09
1.073328E-02        -4.064475E-09
1.072364E-02        -4.057178E-09
1.071401E-02        -4.049881E-09
1.070439E-02        -4.042593E-09
1.069477E-02        -4.035383E-09
1.068516E-02        -4.028090E-09
1.067556E-02        -4.020889E-09
1.066597E-02        -4.013690E-09
1.065639E-02        -4.006492E-09
1.064682E-02        -3.999295E-09
1.063725E-02        -3.992091E-09
1.062770E-02        -3.984896E-09
1.061815E-02        -3.977703E-09
1.060861E-02        -3.970602E-09
1.059908E-02        -3.963503E-09
1.058956E-02        -3.956396E-09
1.058005E-02        -3.949208E-09
1.057055E-02        -3.942120E-09
1.056105E-02        -3.935109E-09
1.055156E-02        -3.928008E-09
1.054208E-02        -3.920916E-09
1.053261E-02        -3.913916E-09
1.052315E-02        -3.906910E-09
1.051370E-02        -3.899830E-09
1.050425E-02        -3.892918E-09
1.049482E-02        -3.885923E-09
1.048539E-02        -3.878922E-09
1.047597E-02        -3.871931E-09
1.046656E-02        -3.865024E-09
1.045716E-02        -3.858034E-09
1.044776E-02        -3.851130E-09
1.043838E-02        -3.844235E-09
1.042900E-02        -3.837333E-09
1.041963E-02        -3.830433E-09
1.041027E-02        -3.823534E-09
1.040092E-02        -3.816644E-09
1.039158E-02        -3.809839E-09
1.038224E-02        -3.802944E-09
1.037292E-02        -3.796149E-09
1.036360E-02        -3.789349E-09
1.035429E-02        -3.782549E-09
1.034499E-02        -3.775751E-09
1.033569E-02        -3.768947E-09
1.032641E-02        -3.762151E-09
1.031713E-02        -3.755357E-09
1.030787E-02        -3.748663E-09
1.029861E-02        -3.741964E-09
1.028935E-02        -3.735250E-09
1.028011E-02        -3.728469E-09
1.027088E-02        -3.721865E-09
1.026165E-02        -3.715163E-09
1.025243E-02        -3.708463E-09
1.024322E-02        -3.701771E-09
1.023402E-02        -3.695165E-09
1.022483E-02        -3.688476E-09
1.021564E-02        -3.681874E-09
1.020646E-02        -3.675272E-09
1.019730E-02        -3.668679E-09
1.018814E-02        -3.662080E-09
1.017898E-02        -3.655483E-09
1.016984E-02        -3.648978E-09
1.016070E-02        -3.642384E-09
1.015158E-02        -3.635882E-09
1.014246E-02        -3.629290E-09
1.013335E-02        -3.622791E-09
1.012424E-02        -3.616287E-09
1.011515E-02        -3.609791E-09
1.010606E-02        -3.603297E-09
1.009698E-02        -3.596889E-09
1.008791E-02        -3.590390E-09
1.007885E-02        -3.583900E-09
1.006980E-02        -3.577503E-09
1.006075E-02        -3.571101E-09
1.005171E-02        -3.564700E-09
1.004268E-02        -3.558300E-09
1.003366E-02        -3.551902E-09
1.002465E-02        -3.545505E-09
1.001564E-02        -3.539110E-09
1.000665E-02        -3.532808E-09
9.997657E-03        -3.526414E-09
9.988676E-03        -3.520114E-09
9.979703E-03        -3.513815E-09
9.970738E-03        -3.507508E-09
9.961781E-03        -3.501124E-09
9.952833E-03        -3.494917E-09
9.943892E-03        -3.488618E-09
9.934959E-03        -3.482326E-09
9.926034E-03        -3.476119E-09
9.917118E-03        -3.469827E-09
9.908209E-03        -3.463628E-09
9.899308E-03        -3.457428E-09
9.890415E-03        -3.451229E-09
9.881531E-03        -3.445030E-09
9.872654E-03        -3.438830E-09
9.863785E-03        -3.432631E-09
9.854924E-03        -3.426439E-09
9.846072E-03        -3.420332E-09
9.837227E-03        -3.414140E-09
9.828390E-03        -3.408041E-09
9.819561E-03        -3.401942E-09
9.810740E-03        -3.395842E-09
9.801927E-03        -3.389743E-09
9.793121E-03        -3.383643E-09
9.784324E-03        -3.377544E-09
9.775535E-03        -3.371452E-09
9.766753E-03        -3.365445E-09
9.757979E-03        -3.359353E-09
9.749214E-03        -3.353354E-09
9.740456E-03        -3.347355E-09
9.731706E-03        -3.341355E-09
9.722964E-03        -3.335356E-09
9.714229E-03        -3.329356E-09
9.705503E-03        -3.323357E-09
9.696784E-03        -3.317365E-09
9.688074E-03        -3.311458E-09
9.679371E-03        -3.305466E-09
9.670675E-03        -3.299559E-09
9.661988E-03        -3.293567E-09
9.653309E-03        -3.287668E-09
9.644637E-03        -3.281768E-09
9.635973E-03        -3.275869E-09
9.627317E-03        -3.269977E-09
9.618668E-03        -3.264170E-09
9.610028E-03        -3.258271E-09
9.601395E-03        -3.252379E-09
9.592770E-03        -3.246579E-09
9.584153E-03        -3.240780E-09
9.575543E-03        -3.234973E-09
9.566941E-03        -3.229088E-09
9.558347E-03        -3.223381E-09
9.549761E-03        -3.217582E-09
9.541182E-03        -3.211783E-09
9.532611E-03        -3.205990E-09
9.524048E-03        -3.200284E-09
9.515492E-03        -3.194492E-09
9.506944E-03        -3.188785E-09
9.498404E-03        -3.182993E-09
9.489871E-03        -3.177293E-09
9.481346E-03        -3.171594E-09
9.472829E-03        -3.165894E-09
9.464320E-03        -3.160202E-09
9.455818E-03        -3.154596E-09
9.447323E-03        -3.148896E-09
9.438837E-03        -3.143204E-09
9.430358E-03        -3.137598E-09
9.421886E-03        -3.131905E-09
9.413422E-03        -3.126305E-09
9.404966E-03        -3.120706E-09
9.396517E-03        -3.115106E-09
9.388076E-03        -3.109507E-09
9.379643E-03        -3.103908E-09
9.371217E-03        -3.098315E-09
9.362799E-03        -3.092809E-09
9.354388E-03        -3.087216E-09
9.345985E-03        -3.081710E-09
9.337589E-03        -3.076117E-09
9.329201E-03        -3.070618E-09
9.320820E-03        -3.065118E-09
9.312447E-03        -3.059619E-09
9.304082E-03        -3.054120E-09
9.295724E-03        -3.048620E-09
9.287373E-03        -3.043127E-09
9.279030E-03        -3.037721E-09
9.270695E-03        -3.032229E-09
9.262367E-03        -3.026822E-09
9.254046E-03        -3.021330E-09
9.245733E-03        -3.015930E-09
9.237428E-03        -3.010531E-09
9.229130E-03        -3.005132E-09
9.220839E-03        -2.999732E-09
9.212556E-03        -2.994333E-09
9.204280E-03        -2.988933E-09
9.196011E-03        -2.983540E-09
9.187751E-03        -2.978234E-09
9.179497E-03        -2.972841E-09
9.171251E-03        -2.967542E-09
9.163012E-03        -2.962236E-09
9.154781E-03        -2.956843E-09
9.146557E-03        -2.951543E-09
9.138341E-03        -2.946244E-09
9.130132E-03        -2.940952E-09
9.121930E-03        -2.935745E-09
9.113735E-03        -2.930445E-09
9.105548E-03        -2.925153E-09
9.097369E-03        -2.919947E-09
9.089196E-03        -2.914654E-09
9.081031E-03        -2.909454E-09
9.072874E-03        -2.904248E-09
9.064724E-03        -2.898956E-09
9.056581E-03        -2.893756E-09
9.048445E-03        -2.888563E-09
9.040316E-03        -2.883457E-09
9.032195E-03        -2.878257E-09
9.024082E-03        -2.873058E-09
9.015975E-03        -2.867865E-09
9.007876E-03        -2.862766E-09
8.999784E-03        -2.857660E-09
8.991699E-03        -2.852466E-09
8.983622E-03        -2.847367E-09
8.975552E-03        -2.842268E-09
8.967489E-03        -2.837168E-09
8.959433E-03        -2.832068E-09
8.951385E-03        -2.826969E-09
8.943344E-03        -2.821870E-09
8.935310E-03        -2.816777E-09
8.927283E-03        -2.811771E-09
8.919264E-03        -2.806678E-09
8.911251E-03        -2.801678E-09
8.903246E-03        -2.796672E-09
8.895248E-03        -2.791579E-09
8.887257E-03        -2.786579E-09
8.879274E-03        -2.781580E-09
8.871298E-03        -2.776581E-09
8.863328E-03        -2.771581E-09
8.855366E-03        -2.766588E-09
8.847411E-03        -2.761682E-09
8.839464E-03        -2.756689E-09
8.831523E-03        -2.751783E-09
8.823589E-03        -2.746790E-09
8.815663E-03        -2.741891E-09
8.807744E-03        -2.736985E-09
8.799832E-03        -2.731998E-09
8.791927E-03        -2.727186E-09
8.784029E-03        -2.722199E-09
8.776138E-03        -2.717393E-09
8.768254E-03        -2.712493E-09
8.760377E-03        -2.707594E-09
8.752508E-03        -2.702701E-09
8.744645E-03        -2.697895E-09
8.736790E-03        -2.693002E-09
8.728942E-03        -2.688202E-09
8.721100E-03        -2.683403E-09
8.713266E-03        -2.678597E-09
8.705439E-03        -2.673704E-09
8.697618E-03        -2.668904E-09
8.689805E-03        -2.664111E-09
8.681999E-03        -2.659405E-09
8.674200E-03        -2.654606E-09
8.666408E-03        -2.649812E-09
8.658622E-03        -2.645106E-09
8.650844E-03        -2.640313E-09
8.643073E-03        -2.635607E-09
8.635309E-03        -2.630814E-09
8.627552E-03        -2.626115E-09
8.619801E-03        -2.621415E-09
8.612058E-03        -2.616715E-09
8.604322E-03        -2.612016E-09
8.596592E-03        -2.607316E-09
8.588870E-03        -2.602617E-09
8.581154E-03        -2.597923E-09
8.573446E-03        -2.593318E-09
8.565744E-03        -2.588624E-09
8.558049E-03        -2.584018E-09
8.550361E-03        -2.579325E-09
8.542681E-03        -2.574726E-09
8.535007E-03        -2.570120E-09
8.527339E-03        -2.565426E-09
8.519679E-03        -2.560827E-09
8.512026E-03        -2.556228E-09
8.504379E-03        -2.551634E-09
8.496740E-03        -2.547129E-09
8.489107E-03        -2.542529E-09
8.481481E-03        -2.537935E-09
8.473862E-03        -2.533430E-09
8.466250E-03        -2.528836E-09
8.458644E-03        -2.524330E-09
8.451046E-03        -2.519737E-09
8.443454E-03        -2.515237E-09
8.435869E-03        -2.510738E-09
8.428291E-03        -2.506238E-09
8.420720E-03        -2.501739E-09
8.413155E-03        -2.497239E-09
8.405598E-03        -2.492740E-09
8.398047E-03        -2.488240E-09
8.390503E-03        -2.483746E-09
8.382965E-03        -2.479341E-09
8.375435E-03        -2.474847E-09
8.367911E-03        -2.470442E-09
8.360394E-03        -2.465948E-09
8.352884E-03        -2.461549E-09
8.345380E-03        -2.457149E-09
8.337884E-03        -2.452750E-09
8.330393E-03        -2.448350E-09
8.322910E-03        -2.443950E-09
8.315434E-03        -2.439551E-09
8.307964E-03        -2.435151E-09
8.300500E-03        -2.430757E-09
8.293044E-03        -2.426452E-09
8.285594E-03        -2.422058E-09
8.278151E-03        -2.417753E-09
8.270715E-03        -2.413359E-09
8.263285E-03        -2.409059E-09
8.255862E-03        -2.404754E-09
8.248446E-03        -2.400360E-09
8.241036E-03        -2.396061E-09
8.233633E-03        -2.391761E-09
8.226236E-03        -2.387461E-09
8.218847E-03        -2.383168E-09
8.211464E-03        -2.378963E-09
8.204087E-03        -2.374663E-09
8.196717E-03        -2.370369E-09
8.189354E-03        -2.366164E-09
8.181997E-03        -2.361869E-09
8.174647E-03        -2.357664E-09
8.167304E-03        -2.353371E-09
8.159967E-03        -2.349171E-09
8.152637E-03        -2.344971E-09
8.145313E-03        -2.340772E-09
8.137996E-03        -2.336572E-09
8.130686E-03        -2.332373E-09
8.123382E-03        -2.328173E-09
8.116084E-03        -2.323973E-09
8.108794E-03        -2.319779E-09
8.101509E-03        -2.315674E-09
8.094232E-03        -2.311475E-09
8.086960E-03        -2.307280E-09
8.079696E-03        -2.303181E-09
8.072438E-03        -2.299076E-09
8.065186E-03        -2.294882E-09
8.057941E-03        -2.290782E-09
8.050702E-03        -2.286682E-09
8.043470E-03        -2.282583E-09
8.036245E-03        -2.278483E-09
8.029026E-03        -2.274384E-09
8.021813E-03        -2.270284E-09
8.014607E-03        -2.266190E-09
8.007407E-03        -2.262185E-09
8.000214E-03        -2.258091E-09
7.993027E-03        -2.254086E-09
7.985847E-03        -2.249991E-09
7.978673E-03        -2.245986E-09
7.971506E-03        -2.241892E-09
7.964345E-03        -2.237893E-09
7.957191E-03        -2.233893E-09
7.950042E-03        -2.229893E-09
7.942901E-03        -2.225894E-09
7.935766E-03        -2.221894E-09
7.928637E-03        -2.217895E-09
7.921514E-03        -2.213895E-09
7.914398E-03        -2.209895E-09
7.907289E-03        -2.205901E-09
7.900185E-03        -2.201996E-09
7.893089E-03        -2.198002E-09
7.885998E-03        -2.194097E-09
7.878914E-03        -2.190103E-09
7.871836E-03        -2.186203E-09
7.864765E-03        -2.182303E-09
7.857700E-03        -2.178404E-09
7.850641E-03        -2.174499E-09
7.843589E-03        -2.170505E-09
7.836543E-03        -2.166605E-09
7.829503E-03        -2.162710E-09
7.822470E-03        -2.158906E-09
7.815443E-03        -2.155006E-09
7.808422E-03        -2.151111E-09
7.801407E-03        -2.147307E-09
7.794399E-03        -2.143412E-09
7.787397E-03        -2.139607E-09
7.780402E-03        -2.135713E-09
7.773413E-03        -2.131909E-09
7.766430E-03        -2.128014E-09
7.759453E-03        -2.124214E-09
7.752483E-03        -2.120415E-09
7.745518E-03        -2.116615E-09
7.738560E-03        -2.112815E-09
7.731609E-03        -2.109016E-09
7.724663E-03        -2.105216E-09
7.717724E-03        -2.101421E-09
7.710791E-03        -2.097717E-09
7.703864E-03        -2.093917E-09
7.696944E-03        -2.090122E-09
7.690030E-03        -2.086418E-09
7.683122E-03        -2.082623E-09
7.676220E-03        -2.078919E-09
7.669324E-03        -2.075124E-09
7.662435E-03        -2.071424E-09
7.655551E-03        -2.067724E-09
7.648674E-03        -2.064025E-09
7.641803E-03        -2.060325E-09
7.634938E-03        -2.056625E-09
7.628080E-03        -2.052926E-09
7.621227E-03        -2.049226E-09
7.614381E-03        -2.045527E-09
7.607541E-03        -2.041832E-09
7.600707E-03        -2.038227E-09
7.593879E-03        -2.034532E-09
7.587058E-03        -2.030928E-09
7.580242E-03        -2.027233E-09
7.573433E-03        -2.023629E-09
7.566629E-03        -2.019934E-09
7.559832E-03        -2.016334E-09
7.553041E-03        -2.012735E-09
7.546256E-03        -2.009135E-09
7.539477E-03        -2.005535E-09
7.532704E-03        -2.001936E-09
7.525937E-03        -1.998336E-09
7.519177E-03        -1.994737E-09
7.512422E-03        -1.991137E-09
7.505674E-03        -1.987537E-09
7.498931E-03        -1.983942E-09
7.492195E-03        -1.980438E-09
7.485464E-03        -1.976843E-09
7.478740E-03        -1.973339E-09
7.472022E-03        -1.969744E-09
7.465310E-03        -1.966244E-09
7.458603E-03        -1.962740E-09
7.451903E-03        -1.959144E-09
7.445209E-03        -1.955645E-09
7.438521E-03        -1.952145E-09
7.431839E-03        -1.948646E-09
7.425163E-03        -1.945146E-09
7.418492E-03        -1.941646E-09
7.411828E-03        -1.938146E-09
7.405170E-03        -1.934651E-09
7.398518E-03        -1.931247E-09
7.391872E-03        -1.927748E-09
7.385231E-03        -1.924252E-09
7.378597E-03        -1.920848E-09
7.371969E-03        -1.917353E-09
7.365346E-03        -1.913949E-09
7.358730E-03        -1.910454E-09
7.352120E-03        -1.907054E-09
7.345515E-03        -1.903654E-09
7.338917E-03        -1.900255E-09
7.332324E-03        -1.896851E-09
7.325737E-03        -1.893355E-09
7.319156E-03        -1.889956E-09
7.312581E-03        -1.886560E-09
7.306012E-03        -1.883256E-09
7.299449E-03        -1.879857E-09
7.292892E-03        -1.876457E-09
7.286341E-03        -1.873062E-09
7.279795E-03        -1.869758E-09
7.273256E-03        -1.866362E-09
7.266722E-03        -1.863058E-09
7.260194E-03        -1.859663E-09
7.253672E-03        -1.856359E-09
7.247156E-03        -1.852964E-09
7.240646E-03        -1.849664E-09
7.234142E-03        -1.846364E-09
7.227643E-03        -1.843065E-09
7.221150E-03        -1.839765E-09
7.214663E-03        -1.836465E-09
7.208182E-03        -1.833165E-09
7.201707E-03        -1.829866E-09
7.195238E-03        -1.826566E-09
7.188774E-03        -1.823266E-09
7.182316E-03        -1.819967E-09
7.175864E-03        -1.816671E-09
7.169418E-03        -1.813467E-09
7.162978E-03        -1.810172E-09
7.156543E-03        -1.806968E-09
7.150114E-03        -1.803672E-09
7.143691E-03        -1.800473E-09
7.137274E-03        -1.797269E-09
7.130862E-03        -1.793973E-09
7.124457E-03        -1.790774E-09
7.118057E-03        -1.787574E-09
7.111662E-03        -1.784374E-09
7.105274E-03        -1.781175E-09
7.098891E-03        -1.777975E-09
7.092514E-03        -1.774775E-09
7.086143E-03        -1.771576E-09
7.079777E-03        -1.768376E-09
7.073417E-03        -1.765180E-09
7.067063E-03        -1.762077E-09
7.060715E-03        -1.758877E-09
7.054372E-03        -1.755681E-09
7.048035E-03        -1.752578E-09
7.041703E-03        -1.749382E-09
7.035378E-03        -1.746282E-09
7.029058E-03        -1.743179E-09
7.022743E-03        -1.739982E-09
7.016435E-03        -1.736883E-09
7.010132E-03        -1.733783E-09
7.003835E-03        -1.730684E-09
6.997543E-03        -1.727584E-09
6.991257E-03        -1.724484E-09
6.984977E-03        -1.721385E-09
6.978702E-03        -1.718285E-09
6.972433E-03        -1.715185E-09
6.966169E-03        -1.712085E-09
6.959911E-03        -1.708989E-09
6.953659E-03        -1.705986E-09
6.947413E-03        -1.702887E-09
6.941172E-03        -1.699791E-09
6.934936E-03        -1.696787E-09
6.928707E-03        -1.693691E-09
6.922482E-03        -1.690691E-09
6.916264E-03        -1.687688E-09
6.910051E-03        -1.684592E-09
6.903843E-03        -1.681592E-09
6.897642E-03        -1.678593E-09
6.891445E-03        -1.675593E-09
6.885255E-03        -1.672590E-09
6.879070E-03        -1.669497E-09
6.872890E-03        -1.666594E-09
6.866716E-03        -1.663594E-09
6.860547E-03        -1.660594E-09
6.854385E-03        -1.657595E-09
6.848227E-03        -1.654595E-09
6.842075E-03        -1.651599E-09
6.835929E-03        -1.648696E-09
6.829788E-03        -1.645699E-09
6.823653E-03        -1.642796E-09
6.817523E-03        -1.639800E-09
6.811399E-03        -1.636897E-09
6.805280E-03        -1.633901E-09
6.799167E-03        -1.631001E-09
6.793059E-03        -1.628098E-09
6.786956E-03        -1.625101E-09
6.780860E-03        -1.622202E-09
6.774768E-03        -1.619302E-09
6.768682E-03        -1.616402E-09
6.762602E-03        -1.613502E-09
6.756527E-03        -1.610603E-09
6.750458E-03        -1.607703E-09
6.744393E-03        -1.604803E-09
6.738335E-03        -1.601907E-09
6.732282E-03        -1.599104E-09
6.726234E-03        -1.596204E-09
6.720192E-03        -1.593308E-09
6.714155E-03        -1.590505E-09
6.708123E-03        -1.587605E-09
6.702097E-03        -1.584708E-09
6.696077E-03        -1.581909E-09
6.690062E-03        -1.579106E-09
6.684052E-03        -1.576210E-09
6.678047E-03        -1.573410E-09
6.672048E-03        -1.570607E-09
6.666055E-03        -1.567710E-09
6.660067E-03        -1.564911E-09
6.654084E-03        -1.562111E-09
6.648106E-03        -1.559311E-09
6.642134E-03        -1.556511E-09
6.636167E-03        -1.553711E-09
6.630206E-03        -1.550912E-09
6.624250E-03        -1.548115E-09
6.618299E-03        -1.545412E-09
6.612354E-03        -1.542613E-09
6.606414E-03        -1.539813E-09
6.600479E-03        -1.537016E-09
6.594550E-03        -1.534314E-09
6.588626E-03        -1.531517E-09
6.582708E-03        -1.528814E-09
6.576794E-03        -1.526018E-09
6.570886E-03        -1.523315E-09
6.564983E-03        -1.520518E-09
6.559086E-03        -1.517818E-09
6.553194E-03        -1.515119E-09
6.547307E-03        -1.512419E-09
6.541425E-03        -1.509719E-09
6.535549E-03        -1.507016E-09
6.529678E-03        -1.504220E-09
6.523812E-03        -1.501520E-09
6.517952E-03        -1.498823E-09
6.512097E-03        -1.496221E-09
6.506247E-03        -1.493521E-09
6.500402E-03        -1.490821E-09
6.494563E-03        -1.488121E-09
6.488729E-03        -1.485425E-09
6.482900E-03        -1.482822E-09
6.477076E-03        -1.480122E-09
6.471258E-03        -1.477426E-09
6.465444E-03        -1.474823E-09
6.459636E-03        -1.472126E-09
6.453834E-03        -1.469523E-09
6.448036E-03        -1.466826E-09
6.442244E-03        -1.464227E-09
6.436456E-03        -1.461627E-09
6.430674E-03        -1.459024E-09
6.424898E-03        -1.456328E-09
6.419126E-03        -1.453728E-09
6.413360E-03        -1.451128E-09
6.407598E-03        -1.448528E-09
6.401842E-03        -1.445928E-09
6.396092E-03        -1.443329E-09
6.390346E-03        -1.440729E-09
6.384605E-03        -1.438129E-09
6.378870E-03        -1.435532E-09
6.373140E-03        -1.433030E-09
6.367415E-03        -1.430430E-09
6.361695E-03        -1.427833E-09
6.355980E-03        -1.425331E-09
6.350270E-03        -1.422731E-09
6.344566E-03        -1.420134E-09
6.338866E-03        -1.417634E-09
6.333172E-03        -1.415132E-09
6.327483E-03        -1.412535E-09
6.321799E-03        -1.410032E-09
6.316120E-03        -1.407435E-09
6.310446E-03        -1.404935E-09
6.304777E-03        -1.402435E-09
6.299113E-03        -1.399933E-09
6.293455E-03        -1.397336E-09
6.287801E-03        -1.394836E-09
6.282153E-03        -1.392337E-09
6.276509E-03        -1.389837E-09
6.270871E-03        -1.387339E-09
6.265238E-03        -1.384937E-09
6.259610E-03        -1.382438E-09
6.253987E-03        -1.379938E-09
6.248369E-03        -1.377438E-09
6.242756E-03        -1.374941E-09
6.237148E-03        -1.372539E-09
6.231545E-03        -1.370039E-09
6.225947E-03        -1.367542E-09
6.220354E-03        -1.365139E-09
6.214766E-03        -1.362642E-09
6.209183E-03        -1.360240E-09
6.203605E-03        -1.357742E-09
6.198033E-03        -1.355343E-09
6.192465E-03        -1.352941E-09
6.186902E-03        -1.350443E-09
6.181344E-03        -1.348043E-09
6.175791E-03        -1.345643E-09
6.170244E-03        -1.343242E-09
6.164701E-03        -1.340746E-09
6.159163E-03        -1.338442E-09
6.153630E-03        -1.335944E-09
6.148102E-03        -1.333545E-09
6.142579E-03        -1.331147E-09
6.137061E-03        -1.328845E-09
6.131548E-03        -1.326445E-09
6.126040E-03        -1.324046E-09
6.120537E-03        -1.321646E-09
6.115039E-03        -1.319249E-09
6.109546E-03        -1.316947E-09
6.104057E-03        -1.314547E-09
6.098574E-03        -1.312149E-09
6.093095E-03        -1.309847E-09
6.087622E-03        -1.307450E-09
6.082153E-03        -1.305147E-09
6.076690E-03        -1.302750E-09
6.071231E-03        -1.300450E-09
6.065777E-03        -1.298148E-09
6.060328E-03        -1.295751E-09
6.054884E-03        -1.293451E-09
6.049445E-03        -1.291151E-09
6.044010E-03        -1.288851E-09
6.038581E-03        -1.286550E-09
6.033156E-03        -1.284152E-09
6.027737E-03        -1.281852E-09
6.022322E-03        -1.279552E-09
6.016912E-03        -1.277253E-09
6.011507E-03        -1.274953E-09
6.006107E-03        -1.272655E-09
6.000711E-03        -1.270453E-09
5.995321E-03        -1.268154E-09
5.989935E-03        -1.265854E-09
5.984554E-03        -1.263556E-09
5.979178E-03        -1.261354E-09
5.973807E-03        -1.259054E-09
5.968441E-03        -1.256757E-09
5.963079E-03        -1.254555E-09
5.957722E-03        -1.252257E-09
5.952370E-03        -1.250055E-09
5.947023E-03        -1.247757E-09
5.941681E-03        -1.245558E-09
5.936344E-03        -1.243356E-09
5.931011E-03        -1.241058E-09
5.925683E-03        -1.238858E-09
5.920360E-03        -1.236657E-09
5.915041E-03        -1.234359E-09
5.909728E-03        -1.232159E-09
5.904419E-03        -1.229959E-09
5.899115E-03        -1.227759E-09
5.893816E-03        -1.225560E-09
5.888521E-03        -1.223360E-09
5.883231E-03        -1.221160E-09
5.877946E-03        -1.218960E-09
5.872666E-03        -1.216761E-09
5.867391E-03        -1.214563E-09
5.862120E-03        -1.212461E-09
5.856854E-03        -1.210261E-09
5.851593E-03        -1.208062E-09
5.846336E-03        -1.205863E-09
5.841084E-03        -1.203762E-09
5.835837E-03        -1.201562E-09
5.830595E-03        -1.199364E-09
5.825357E-03        -1.197263E-09
5.820124E-03        -1.195065E-09
5.814896E-03        -1.192965E-09
5.809672E-03        -1.190863E-09
5.804453E-03        -1.188665E-09
5.799239E-03        -1.186564E-09
5.794029E-03        -1.184365E-09
5.788824E-03        -1.182266E-09
5.783624E-03        -1.180166E-09
5.778429E-03        -1.178066E-09
5.773238E-03        -1.175965E-09
5.768052E-03        -1.173767E-09
5.762870E-03        -1.171667E-09
5.757693E-03        -1.169567E-09
5.752521E-03        -1.167467E-09
5.747353E-03        -1.165367E-09
5.742190E-03        -1.163269E-09
5.737032E-03        -1.161268E-09
5.731878E-03        -1.159168E-09
5.726729E-03        -1.157068E-09
5.721585E-03        -1.154968E-09
5.716445E-03        -1.152870E-09
5.711310E-03        -1.150869E-09
5.706179E-03        -1.148769E-09
5.701054E-03        -1.146671E-09
5.695932E-03        -1.144669E-09
5.690815E-03        -1.142571E-09
5.685703E-03        -1.140570E-09
5.680596E-03        -1.138472E-09
5.675493E-03        -1.136470E-09
5.670394E-03        -1.134372E-09
5.665301E-03        -1.132372E-09
5.660211E-03        -1.130371E-09
5.655127E-03        -1.128273E-09
5.650047E-03        -1.126273E-09
5.644971E-03        -1.124273E-09
5.639900E-03        -1.122272E-09
5.634834E-03        -1.120174E-09
5.629772E-03        -1.118174E-09
5.624714E-03        -1.116174E-09
5.619662E-03        -1.114174E-09
5.614613E-03        -1.112174E-09
5.609570E-03        -1.110174E-09
5.604531E-03        -1.108175E-09
5.599496E-03        -1.106175E-09
5.594466E-03        -1.104176E-09
5.589440E-03        -1.102275E-09
5.584419E-03        -1.100275E-09
5.579403E-03        -1.098276E-09
5.574391E-03        -1.096277E-09
5.569383E-03        -1.094376E-09
5.564380E-03        -1.092376E-09
5.559381E-03        -1.090377E-09
5.554387E-03        -1.088476E-09
5.549398E-03        -1.086478E-09
5.544413E-03        -1.084577E-09
5.539432E-03        -1.082578E-09
5.534456E-03        -1.080677E-09
5.529484E-03        -1.078679E-09
5.524517E-03        -1.076779E-09
5.519554E-03        -1.074878E-09
5.514596E-03        -1.072879E-09
5.509642E-03        -1.070979E-09
5.504693E-03        -1.069080E-09
5.499748E-03        -1.067180E-09
5.494807E-03        -1.065279E-09
5.489871E-03        -1.063280E-09
5.484939E-03        -1.061380E-09
5.480012E-03        -1.059481E-09
5.475089E-03        -1.057581E-09
5.470171E-03        -1.055681E-09
5.465257E-03        -1.053781E-09
5.460348E-03        -1.051882E-09
5.455442E-03        -1.049982E-09
5.450542E-03        -1.048182E-09
5.445645E-03        -1.046282E-09
5.440754E-03        -1.044382E-09
5.435866E-03        -1.042482E-09
5.430983E-03        -1.040583E-09
5.426104E-03        -1.038783E-09
5.421230E-03        -1.036884E-09
5.416360E-03        -1.035083E-09
5.411494E-03        -1.033183E-09
5.406633E-03        -1.031284E-09
5.401776E-03        -1.029484E-09
5.396924E-03        -1.027585E-09
5.392075E-03        -1.025784E-09
5.387232E-03        -1.023885E-09
5.382392E-03        -1.022085E-09
5.377557E-03        -1.020285E-09
5.372726E-03        -1.018385E-09
5.367900E-03        -1.016586E-09
5.363078E-03        -1.014786E-09
5.358260E-03        -1.012985E-09
5.353447E-03        -1.011086E-09
5.348638E-03        -1.009287E-09
5.343833E-03        -1.007487E-09
5.339032E-03        -1.005687E-09
5.334236E-03        -1.003887E-09
5.329444E-03        -1.002087E-09
5.324657E-03        -1.000287E-09
5.319874E-03        -9.984877E-10
5.315095E-03        -9.966978E-10
5.310320E-03        -9.948980E-10
5.305550E-03        -9.931182E-10
5.300784E-03        -9.913285E-10
5.296022E-03        -9.895487E-10
5.291264E-03        -9.877786E-10
5.286511E-03        -9.859989E-10
5.281762E-03        -9.842291E-10
5.277018E-03        -9.824596E-10
5.272277E-03        -9.806995E-10
5.267541E-03        -9.789398E-10
5.262809E-03        -9.771799E-10
5.258081E-03        -9.754200E-10
5.253358E-03        -9.736704E-10
5.248639E-03        -9.719207E-10
5.243924E-03        -9.701808E-10
5.239213E-03        -9.684409E-10
5.234507E-03        -9.667012E-10
5.229804E-03        -9.649612E-10
5.225106E-03        -9.632313E-10
5.220413E-03        -9.615018E-10
5.215723E-03        -9.597719E-10
5.211038E-03        -9.580522E-10
5.206357E-03        -9.563324E-10
5.201680E-03        -9.546126E-10
5.197007E-03        -9.528927E-10
5.192338E-03        -9.511827E-10
5.187674E-03        -9.494730E-10
5.183014E-03        -9.477733E-10
5.178358E-03        -9.460734E-10
5.173706E-03        -9.443735E-10
5.169058E-03        -9.426736E-10
5.164415E-03        -9.409839E-10
5.159776E-03        -9.392942E-10
5.155141E-03        -9.376044E-10
5.150510E-03        -9.359246E-10
5.145883E-03        -9.342447E-10
5.141260E-03        -9.325647E-10
5.136642E-03        -9.308851E-10
5.132027E-03        -9.292150E-10
5.127417E-03        -9.275453E-10
5.122811E-03        -9.258854E-10
5.118209E-03        -9.242156E-10
5.113611E-03        -9.225557E-10
5.109018E-03        -9.209061E-10
5.104428E-03        -9.192461E-10
5.099843E-03        -9.175964E-10
5.095262E-03        -9.159467E-10
5.090685E-03        -9.143069E-10
5.086111E-03        -9.126667E-10
5.081543E-03        -9.110272E-10
5.076978E-03        -9.093873E-10
5.072417E-03        -9.077574E-10
5.067860E-03        -9.061274E-10
5.063308E-03        -9.044978E-10
5.058759E-03        -9.028778E-10
5.054215E-03        -9.012581E-10
5.049675E-03        -8.996383E-10
5.045139E-03        -8.980186E-10
5.040606E-03        -8.964084E-10
5.036078E-03        -8.947986E-10
5.031554E-03        -8.931888E-10
5.027034E-03        -8.915889E-10
5.022519E-03        -8.899894E-10
5.018007E-03        -8.883895E-10
5.013499E-03        -8.867895E-10
5.008995E-03        -8.851996E-10
5.004496E-03        -8.836100E-10
5.000000E-03        -8.820200E-10
