# Source: NUDEC_BSM v2 (https://github.com/MiguelEA/nudec_BSM/tree/v2)
# Escudero, Jackson, Laine, Sandner, arXiv:2511.04747 (2025)
# me = 0.51099895 MeV, alpha = 1/137.035999084
# Baseline: O(e^2) non-log + O(e^2) log summed into col 2;
# O(e^3) in col 3. Loader sums col 2 + col 3.
# T (MeV)           dP_int/dT (e^2+e^3) [MeV^3] p^(2)   p^(3)
4.000000E+01        -4.074875E+02        +3.629000E+01
3.996407E+01        -4.063877E+02        +3.619202E+01
3.992817E+01        -4.052978E+02        +3.609403E+01
3.989230E+01        -4.042079E+02        +3.599703E+01
3.985646E+01        -4.031179E+02        +3.590003E+01
3.982066E+01        -4.020281E+02        +3.580405E+01
3.978489E+01        -4.009482E+02        +3.570706E+01
3.974915E+01        -3.998683E+02        +3.561107E+01
3.971344E+01        -3.987884E+02        +3.551507E+01
3.967777E+01        -3.977186E+02        +3.541910E+01
3.964212E+01        -3.966485E+02        +3.532409E+01
3.960651E+01        -3.955787E+02        +3.522910E+01
3.957093E+01        -3.945088E+02        +3.513411E+01
3.953539E+01        -3.934491E+02        +3.503914E+01
3.949987E+01        -3.923890E+02        +3.494513E+01
3.946439E+01        -3.913292E+02        +3.485115E+01
3.942894E+01        -3.902794E+02        +3.475716E+01
3.939352E+01        -3.892295E+02        +3.466417E+01
3.935813E+01        -3.881795E+02        +3.457018E+01
3.932277E+01        -3.871395E+02        +3.447717E+01
3.928745E+01        -3.860897E+02        +3.438419E+01
3.925215E+01        -3.850496E+02        +3.429218E+01
3.921689E+01        -3.840197E+02        +3.419919E+01
3.918166E+01        -3.829798E+02        +3.410720E+01
3.914647E+01        -3.819501E+02        +3.401623E+01
3.911130E+01        -3.809201E+02        +3.392423E+01
3.907617E+01        -3.799003E+02        +3.383324E+01
3.904106E+01        -3.788702E+02        +3.374124E+01
3.900599E+01        -3.778503E+02        +3.365124E+01
3.897095E+01        -3.768404E+02        +3.356025E+01
3.893595E+01        -3.758208E+02        +3.347028E+01
3.890097E+01        -3.748108E+02        +3.337929E+01
3.886602E+01        -3.738007E+02        +3.328928E+01
3.883111E+01        -3.727909E+02        +3.320030E+01
3.879623E+01        -3.717911E+02        +3.311131E+01
3.876138E+01        -3.707912E+02        +3.302133E+01
3.872656E+01        -3.697913E+02        +3.293233E+01
3.869177E+01        -3.687914E+02        +3.284433E+01
3.865701E+01        -3.678014E+02        +3.275534E+01
3.862228E+01        -3.668114E+02        +3.266734E+01
3.858759E+01        -3.658216E+02        +3.257936E+01
3.855292E+01        -3.648415E+02        +3.249135E+01
3.851829E+01        -3.638517E+02        +3.240436E+01
3.848369E+01        -3.628718E+02        +3.231737E+01
3.844912E+01        -3.619019E+02        +3.223038E+01
3.841458E+01        -3.609220E+02        +3.214339E+01
3.838007E+01        -3.599520E+02        +3.205640E+01
3.834559E+01        -3.589821E+02        +3.197039E+01
3.831115E+01        -3.580123E+02        +3.188442E+01
3.827673E+01        -3.570523E+02        +3.179842E+01
3.824235E+01        -3.560925E+02        +3.171244E+01
3.820799E+01        -3.551324E+02        +3.162742E+01
3.817367E+01        -3.541726E+02        +3.154244E+01
3.813938E+01        -3.532227E+02        +3.145745E+01
3.810512E+01        -3.522728E+02        +3.137246E+01
3.807089E+01        -3.513229E+02        +3.128847E+01
3.803669E+01        -3.503730E+02        +3.120348E+01
3.800252E+01        -3.494330E+02        +3.111948E+01
3.796838E+01        -3.484931E+02        +3.103648E+01
3.793427E+01        -3.475531E+02        +3.095249E+01
3.790020E+01        -3.466134E+02        +3.086951E+01
3.786615E+01        -3.456833E+02        +3.078651E+01
3.783213E+01        -3.447533E+02        +3.070351E+01
3.779815E+01        -3.438236E+02        +3.062053E+01
3.776419E+01        -3.428935E+02        +3.053852E+01
3.773027E+01        -3.419736E+02        +3.045554E+01
3.769638E+01        -3.410538E+02        +3.037355E+01
3.766251E+01        -3.401338E+02        +3.029154E+01
3.762868E+01        -3.392239E+02        +3.021055E+01
3.759488E+01        -3.383041E+02        +3.012956E+01
3.756111E+01        -3.373942E+02        +3.004759E+01
3.752736E+01        -3.364840E+02        +2.996657E+01
3.749365E+01        -3.355841E+02        +2.988657E+01
3.745997E+01        -3.346743E+02        +2.980559E+01
3.742632E+01        -3.337743E+02        +2.972559E+01
3.739270E+01        -3.328744E+02        +2.964560E+01
3.735911E+01        -3.319845E+02        +2.956561E+01
3.732555E+01        -3.310846E+02        +2.948661E+01
3.729202E+01        -3.301947E+02        +2.940663E+01
3.725852E+01        -3.293048E+02        +2.932763E+01
3.722505E+01        -3.284148E+02        +2.924863E+01
3.719161E+01        -3.275348E+02        +2.916964E+01
3.715820E+01        -3.266549E+02        +2.909164E+01
3.712482E+01        -3.257750E+02        +2.901266E+01
3.709147E+01        -3.248951E+02        +2.893466E+01
3.705815E+01        -3.240251E+02        +2.885666E+01
3.702486E+01        -3.231453E+02        +2.877966E+01
3.699160E+01        -3.222753E+02        +2.870168E+01
3.695837E+01        -3.214054E+02        +2.862468E+01
3.692517E+01        -3.205454E+02        +2.854769E+01
3.689200E+01        -3.196855E+02        +2.847070E+01
3.685886E+01        -3.188157E+02        +2.839370E+01
3.682575E+01        -3.179656E+02        +2.831771E+01
3.679267E+01        -3.171058E+02        +2.824172E+01
3.675961E+01        -3.162556E+02        +2.816570E+01
3.672659E+01        -3.153958E+02        +2.808972E+01
3.669360E+01        -3.145558E+02        +2.801373E+01
3.666064E+01        -3.137060E+02        +2.793873E+01
3.662771E+01        -3.128562E+02        +2.786275E+01
3.659480E+01        -3.120160E+02        +2.778774E+01
3.656193E+01        -3.111762E+02        +2.771275E+01
3.652908E+01        -3.103361E+02        +2.763874E+01
3.649627E+01        -3.095062E+02        +2.756377E+01
3.646348E+01        -3.086663E+02        +2.748975E+01
3.643073E+01        -3.078364E+02        +2.741577E+01
3.639800E+01        -3.070064E+02        +2.734177E+01
3.636531E+01        -3.061865E+02        +2.726878E+01
3.633264E+01        -3.053567E+02        +2.719480E+01
3.630000E+01        -3.045366E+02        +2.712179E+01
3.626739E+01        -3.037167E+02        +2.704879E+01
3.623481E+01        -3.028967E+02        +2.697580E+01
3.620226E+01        -3.020768E+02        +2.690380E+01
3.616974E+01        -3.012668E+02        +2.683082E+01
3.613725E+01        -3.004570E+02        +2.675882E+01
3.610479E+01        -2.996471E+02        +2.668683E+01
3.607235E+01        -2.988370E+02        +2.661482E+01
3.603995E+01        -2.980371E+02        +2.654284E+01
3.600757E+01        -2.972371E+02        +2.647183E+01
3.597523E+01        -2.964373E+02        +2.640085E+01
3.594291E+01        -2.956373E+02        +2.632886E+01
3.591062E+01        -2.948373E+02        +2.625884E+01
3.587836E+01        -2.940473E+02        +2.618785E+01
3.584613E+01        -2.932574E+02        +2.611686E+01
3.581393E+01        -2.924675E+02        +2.604686E+01
3.578176E+01        -2.916776E+02        +2.597687E+01
3.574961E+01        -2.908875E+02        +2.590686E+01
3.571750E+01        -2.901076E+02        +2.583688E+01
3.568541E+01        -2.893276E+02        +2.576786E+01
3.565336E+01        -2.885478E+02        +2.569790E+01
3.562133E+01        -2.877678E+02        +2.562889E+01
3.558933E+01        -2.869978E+02        +2.555989E+01
3.555736E+01        -2.862180E+02        +2.549090E+01
3.552542E+01        -2.854480E+02        +2.542290E+01
3.549351E+01        -2.846781E+02        +2.535393E+01
3.546162E+01        -2.839179E+02        +2.528591E+01
3.542977E+01        -2.831483E+02        +2.521793E+01
3.539794E+01        -2.823882E+02        +2.514993E+01
3.536614E+01        -2.816282E+02        +2.508193E+01
3.533437E+01        -2.808683E+02        +2.501492E+01
3.530263E+01        -2.801183E+02        +2.494695E+01
3.527092E+01        -2.793585E+02        +2.487995E+01
3.523923E+01        -2.786084E+02        +2.481294E+01
3.520758E+01        -2.778586E+02        +2.474596E+01
3.517595E+01        -2.771086E+02        +2.467995E+01
3.514435E+01        -2.763586E+02        +2.461297E+01
3.511278E+01        -2.756186E+02        +2.454696E+01
3.508124E+01        -2.748787E+02        +2.448097E+01
3.504972E+01        -2.741387E+02        +2.441497E+01
3.501824E+01        -2.733989E+02        +2.434898E+01
3.498678E+01        -2.726589E+02        +2.428299E+01
3.495535E+01        -2.719288E+02        +2.421798E+01
3.492395E+01        -2.711989E+02        +2.415298E+01
3.489258E+01        -2.704592E+02        +2.408800E+01
3.486123E+01        -2.697388E+02        +2.402299E+01
3.482991E+01        -2.690090E+02        +2.395799E+01
3.479863E+01        -2.682891E+02        +2.389400E+01
3.476737E+01        -2.675593E+02        +2.382902E+01
3.473613E+01        -2.668390E+02        +2.376500E+01
3.470493E+01        -2.661192E+02        +2.370101E+01
3.467375E+01        -2.654090E+02        +2.363799E+01
3.464261E+01        -2.646895E+02        +2.357403E+01
3.461149E+01        -2.639794E+02        +2.351004E+01
3.458039E+01        -2.632693E+02        +2.344701E+01
3.454933E+01        -2.625594E+02        +2.338403E+01
3.451829E+01        -2.618494E+02        +2.332102E+01
3.448729E+01        -2.611495E+02        +2.325805E+01
3.445630E+01        -2.604494E+02        +2.319602E+01
3.442535E+01        -2.597397E+02        +2.313305E+01
3.439443E+01        -2.590397E+02        +2.307105E+01
3.436353E+01        -2.583495E+02        +2.300905E+01
3.433266E+01        -2.576497E+02        +2.294705E+01
3.430182E+01        -2.569597E+02        +2.288506E+01
3.427101E+01        -2.562600E+02        +2.282307E+01
3.424022E+01        -2.555698E+02        +2.276206E+01
3.420946E+01        -2.548897E+02        +2.270106E+01
3.417873E+01        -2.541999E+02        +2.263908E+01
3.414803E+01        -2.535101E+02        +2.257906E+01
3.411735E+01        -2.528299E+02        +2.251808E+01
3.408670E+01        -2.521499E+02        +2.245708E+01
3.405608E+01        -2.514700E+02        +2.239609E+01
3.402549E+01        -2.507901E+02        +2.233608E+01
3.399492E+01        -2.501199E+02        +2.227608E+01
3.396438E+01        -2.494500E+02        +2.221608E+01
3.393387E+01        -2.487702E+02        +2.215609E+01
3.390339E+01        -2.481002E+02        +2.209708E+01
3.387293E+01        -2.474400E+02        +2.203710E+01
3.384251E+01        -2.467704E+02        +2.197810E+01
3.381210E+01        -2.461003E+02        +2.191909E+01
3.378173E+01        -2.454403E+02        +2.186011E+01
3.375138E+01        -2.447803E+02        +2.180111E+01
3.372106E+01        -2.441203E+02        +2.174211E+01
3.369077E+01        -2.434703E+02        +2.168410E+01
3.366051E+01        -2.428106E+02        +2.162514E+01
3.363027E+01        -2.421604E+02        +2.156712E+01
3.360006E+01        -2.415007E+02        +2.150912E+01
3.356988E+01        -2.408507E+02        +2.145114E+01
3.353972E+01        -2.402007E+02        +2.139314E+01
3.350959E+01        -2.395605E+02        +2.133514E+01
3.347949E+01        -2.389108E+02        +2.127813E+01
3.344941E+01        -2.382706E+02        +2.122113E+01
3.341936E+01        -2.376306E+02        +2.116413E+01
3.338934E+01        -2.369907E+02        +2.110714E+01
3.335935E+01        -2.363509E+02        +2.105015E+01
3.332938E+01        -2.357109E+02        +2.099315E+01
3.329944E+01        -2.350807E+02        +2.093714E+01
3.326953E+01        -2.344411E+02        +2.088017E+01
3.323964E+01        -2.338109E+02        +2.082415E+01
3.320978E+01        -2.331809E+02        +2.076815E+01
3.317995E+01        -2.325510E+02        +2.071216E+01
3.315014E+01        -2.319308E+02        +2.065616E+01
3.312036E+01        -2.313011E+02        +2.060115E+01
3.309061E+01        -2.306810E+02        +2.054518E+01
3.306089E+01        -2.300612E+02        +2.049017E+01
3.303119E+01        -2.294412E+02        +2.043518E+01
3.300151E+01        -2.288211E+02        +2.038017E+01
3.297187E+01        -2.282111E+02        +2.032518E+01
3.294225E+01        -2.275913E+02        +2.027019E+01
3.291266E+01        -2.269812E+02        +2.021520E+01
3.288309E+01        -2.263712E+02        +2.016117E+01
3.285355E+01        -2.257613E+02        +2.010718E+01
3.282404E+01        -2.251514E+02        +2.005319E+01
3.279455E+01        -2.245414E+02        +1.999919E+01
3.276509E+01        -2.239412E+02        +1.994519E+01
3.273566E+01        -2.233414E+02        +1.989120E+01
3.270625E+01        -2.227316E+02        +1.983720E+01
3.267687E+01        -2.221314E+02        +1.978419E+01
3.264752E+01        -2.215414E+02        +1.973120E+01
3.261819E+01        -2.209416E+02        +1.967820E+01
3.258889E+01        -2.203515E+02        +1.962521E+01
3.255961E+01        -2.197516E+02        +1.957221E+01
3.253036E+01        -2.191615E+02        +1.951921E+01
3.250114E+01        -2.185716E+02        +1.946622E+01
3.247195E+01        -2.179818E+02        +1.941421E+01
3.244278E+01        -2.173918E+02        +1.936222E+01
3.241363E+01        -2.168115E+02        +1.931021E+01
3.238451E+01        -2.162218E+02        +1.925821E+01
3.235542E+01        -2.156416E+02        +1.920622E+01
3.232636E+01        -2.150618E+02        +1.915424E+01
3.229732E+01        -2.144818E+02        +1.910322E+01
3.226830E+01        -2.139115E+02        +1.905123E+01
3.223932E+01        -2.133320E+02        +1.900023E+01
3.221036E+01        -2.127520E+02        +1.894923E+01
3.218142E+01        -2.121818E+02        +1.889823E+01
3.215251E+01        -2.116118E+02        +1.884723E+01
3.212363E+01        -2.110419E+02        +1.879625E+01
3.209477E+01        -2.104719E+02        +1.874525E+01
3.206594E+01        -2.099020E+02        +1.869523E+01
3.203713E+01        -2.093417E+02        +1.864523E+01
3.200836E+01        -2.087722E+02        +1.859427E+01
3.197960E+01        -2.082119E+02        +1.854424E+01
3.195087E+01        -2.076519E+02        +1.849424E+01
3.192217E+01        -2.070920E+02        +1.844522E+01
3.189350E+01        -2.065419E+02        +1.839527E+01
3.186485E+01        -2.059823E+02        +1.834527E+01
3.183622E+01        -2.054222E+02        +1.829624E+01
3.180762E+01        -2.048720E+02        +1.824725E+01
3.177905E+01        -2.043221E+02        +1.819826E+01
3.175050E+01        -2.037721E+02        +1.814926E+01
3.172198E+01        -2.032222E+02        +1.810026E+01
3.169348E+01        -2.026722E+02        +1.805126E+01
3.166501E+01        -2.021320E+02        +1.800227E+01
3.163657E+01        -2.015824E+02        +1.795426E+01
3.160815E+01        -2.010422E+02        +1.790529E+01
3.157975E+01        -2.005022E+02        +1.785726E+01
3.155138E+01        -1.999622E+02        +1.780926E+01
3.152304E+01        -1.994223E+02        +1.776127E+01
3.149472E+01        -1.988823E+02        +1.771327E+01
3.146643E+01        -1.983522E+02        +1.766625E+01
3.143816E+01        -1.978124E+02        +1.761828E+01
3.140992E+01        -1.972822E+02        +1.757126E+01
3.138171E+01        -1.967524E+02        +1.752330E+01
3.135352E+01        -1.962225E+02        +1.747628E+01
3.132535E+01        -1.956924E+02        +1.742928E+01
3.129721E+01        -1.951625E+02        +1.738228E+01
3.126910E+01        -1.946424E+02        +1.733529E+01
3.124101E+01        -1.941127E+02        +1.728927E+01
3.121294E+01        -1.935924E+02        +1.724229E+01
3.118490E+01        -1.930724E+02        +1.719627E+01
3.115689E+01        -1.925525E+02        +1.714931E+01
3.112890E+01        -1.920326E+02        +1.710328E+01
3.110094E+01        -1.915127E+02        +1.705729E+01
3.107300E+01        -1.910024E+02        +1.701129E+01
3.104509E+01        -1.904828E+02        +1.696628E+01
3.101720E+01        -1.899726E+02        +1.692031E+01
3.098933E+01        -1.894625E+02        +1.687430E+01
3.096150E+01        -1.889527E+02        +1.682929E+01
3.093368E+01        -1.884426E+02        +1.678331E+01
3.090589E+01        -1.879326E+02        +1.673828E+01
3.087813E+01        -1.874325E+02        +1.669329E+01
3.085039E+01        -1.869228E+02        +1.664830E+01
3.082268E+01        -1.864226E+02        +1.660331E+01
3.079499E+01        -1.859226E+02        +1.655928E+01
3.076733E+01        -1.854227E+02        +1.651432E+01
3.073969E+01        -1.849228E+02        +1.647029E+01
3.071207E+01        -1.844227E+02        +1.642531E+01
3.068448E+01        -1.839227E+02        +1.638129E+01
3.065692E+01        -1.834326E+02        +1.633730E+01
3.062938E+01        -1.829329E+02        +1.629330E+01
3.060187E+01        -1.824428E+02        +1.624932E+01
3.057438E+01        -1.819528E+02        +1.620532E+01
3.054691E+01        -1.814628E+02        +1.616229E+01
3.051947E+01        -1.809728E+02        +1.611832E+01
3.049205E+01        -1.804828E+02        +1.607529E+01
3.046466E+01        -1.800026E+02        +1.603230E+01
3.043730E+01        -1.795131E+02        +1.598834E+01
3.040995E+01        -1.790327E+02        +1.594531E+01
3.038264E+01        -1.785529E+02        +1.590232E+01
3.035534E+01        -1.780728E+02        +1.586028E+01
3.032807E+01        -1.775928E+02        +1.581732E+01
3.030083E+01        -1.771130E+02        +1.577433E+01
3.027361E+01        -1.766330E+02        +1.573230E+01
3.024641E+01        -1.761627E+02        +1.568933E+01
3.021924E+01        -1.756830E+02        +1.564730E+01
3.019210E+01        -1.752129E+02        +1.560532E+01
3.016497E+01        -1.747428E+02        +1.556331E+01
3.013788E+01        -1.742633E+02        +1.552133E+01
3.011080E+01        -1.738026E+02        +1.547932E+01
3.008375E+01        -1.733329E+02        +1.543829E+01
3.005673E+01        -1.728631E+02        +1.539633E+01
3.002973E+01        -1.723931E+02        +1.535531E+01
3.000275E+01        -1.719328E+02        +1.531334E+01
2.997580E+01        -1.714729E+02        +1.527231E+01
2.994887E+01        -1.710129E+02        +1.523131E+01
2.992197E+01        -1.705530E+02        +1.519032E+01
2.989509E+01        -1.700930E+02        +1.514933E+01
2.986824E+01        -1.696332E+02        +1.510834E+01
2.984140E+01        -1.691731E+02        +1.506830E+01
2.981460E+01        -1.687229E+02        +1.502734E+01
2.978781E+01        -1.682631E+02        +1.498730E+01
2.976106E+01        -1.678130E+02        +1.494635E+01
2.973432E+01        -1.673630E+02        +1.490632E+01
2.970761E+01        -1.669130E+02        +1.486632E+01
2.968092E+01        -1.664630E+02        +1.482632E+01
2.965426E+01        -1.660131E+02        +1.478633E+01
2.962762E+01        -1.655632E+02        +1.474633E+01
2.960101E+01        -1.651133E+02        +1.470634E+01
2.957442E+01        -1.646730E+02        +1.466732E+01
2.954785E+01        -1.642330E+02        +1.462735E+01
2.952130E+01        -1.637833E+02        +1.458831E+01
2.949479E+01        -1.633431E+02        +1.454933E+01
2.946829E+01        -1.629031E+02        +1.450936E+01
2.944182E+01        -1.624729E+02        +1.447033E+01
2.941537E+01        -1.620332E+02        +1.443133E+01
2.938895E+01        -1.615933E+02        +1.439331E+01
2.936255E+01        -1.611630E+02        +1.435435E+01
2.933617E+01        -1.607234E+02        +1.431535E+01
2.930982E+01        -1.602931E+02        +1.427732E+01
2.928349E+01        -1.598632E+02        +1.423836E+01
2.925718E+01        -1.594331E+02        +1.420032E+01
2.923090E+01        -1.590032E+02        +1.416233E+01
2.920464E+01        -1.585732E+02        +1.412336E+01
2.917840E+01        -1.581432E+02        +1.408533E+01
2.915219E+01        -1.577229E+02        +1.404733E+01
2.912600E+01        -1.572933E+02        +1.401030E+01
2.909984E+01        -1.568730E+02        +1.397234E+01
2.907370E+01        -1.564531E+02        +1.393435E+01
2.904758E+01        -1.560235E+02        +1.389731E+01
2.902149E+01        -1.556032E+02        +1.385936E+01
2.899542E+01        -1.551929E+02        +1.382233E+01
2.896937E+01        -1.547733E+02        +1.378533E+01
2.894335E+01        -1.543534E+02        +1.374833E+01
2.891735E+01        -1.539334E+02        +1.371134E+01
2.889137E+01        -1.535230E+02        +1.367434E+01
2.886542E+01        -1.531131E+02        +1.363735E+01
2.883949E+01        -1.526935E+02        +1.360035E+01
2.881358E+01        -1.522832E+02        +1.356431E+01
2.878770E+01        -1.518733E+02        +1.352736E+01
2.876183E+01        -1.514632E+02        +1.349131E+01
2.873600E+01        -1.510630E+02        +1.345436E+01
2.871018E+01        -1.506533E+02        +1.341832E+01
2.868439E+01        -1.502433E+02        +1.338233E+01
2.865863E+01        -1.498431E+02        +1.334634E+01
2.863288E+01        -1.494431E+02        +1.331034E+01
2.860716E+01        -1.490335E+02        +1.327434E+01
2.858146E+01        -1.486332E+02        +1.323834E+01
2.855579E+01        -1.482333E+02        +1.320332E+01
2.853013E+01        -1.478332E+02        +1.316735E+01
2.850450E+01        -1.474332E+02        +1.313231E+01
2.847890E+01        -1.470430E+02        +1.309636E+01
2.845332E+01        -1.466434E+02        +1.306133E+01
2.842776E+01        -1.462531E+02        +1.302633E+01
2.840222E+01        -1.458535E+02        +1.299133E+01
2.837670E+01        -1.454631E+02        +1.295633E+01
2.835121E+01        -1.450731E+02        +1.292133E+01
2.832574E+01        -1.446831E+02        +1.288634E+01
2.830030E+01        -1.442933E+02        +1.285231E+01
2.827488E+01        -1.439033E+02        +1.281735E+01
2.824948E+01        -1.435134E+02        +1.278236E+01
2.822410E+01        -1.431234E+02        +1.274832E+01
2.819875E+01        -1.427431E+02        +1.271433E+01
2.817341E+01        -1.423534E+02        +1.267936E+01
2.814811E+01        -1.419732E+02        +1.264533E+01
2.812282E+01        -1.415931E+02        +1.261133E+01
2.809756E+01        -1.412132E+02        +1.257734E+01
2.807232E+01        -1.408333E+02        +1.254334E+01
2.804710E+01        -1.404533E+02        +1.251030E+01
2.802190E+01        -1.400732E+02        +1.247634E+01
2.799673E+01        -1.396933E+02        +1.244235E+01
2.797158E+01        -1.393230E+02        +1.240931E+01
2.794645E+01        -1.389434E+02        +1.237535E+01
2.792135E+01        -1.385731E+02        +1.234232E+01
2.789627E+01        -1.381935E+02        +1.230933E+01
2.787121E+01        -1.378232E+02        +1.227633E+01
2.784617E+01        -1.374532E+02        +1.224333E+01
2.782116E+01        -1.370833E+02        +1.221034E+01
2.779616E+01        -1.367132E+02        +1.217733E+01
2.777119E+01        -1.363432E+02        +1.214433E+01
2.774625E+01        -1.359830E+02        +1.211135E+01
2.772132E+01        -1.356133E+02        +1.207930E+01
2.769642E+01        -1.352434E+02        +1.204635E+01
2.767154E+01        -1.348831E+02        +1.201431E+01
2.764668E+01        -1.345231E+02        +1.198135E+01
2.762184E+01        -1.341534E+02        +1.194931E+01
2.759703E+01        -1.337931E+02        +1.191732E+01
2.757224E+01        -1.334332E+02        +1.188532E+01
2.754747E+01        -1.330732E+02        +1.185332E+01
2.752273E+01        -1.327229E+02        +1.182133E+01
2.749800E+01        -1.323633E+02        +1.178933E+01
2.747330E+01        -1.320033E+02        +1.175734E+01
2.744862E+01        -1.316434E+02        +1.172630E+01
2.742396E+01        -1.312929E+02        +1.169434E+01
2.739933E+01        -1.309431E+02        +1.166331E+01
2.737471E+01        -1.305834E+02        +1.163134E+01
2.735012E+01        -1.302330E+02        +1.160031E+01
2.732555E+01        -1.298831E+02        +1.156931E+01
2.730101E+01        -1.295332E+02        +1.153832E+01
2.727648E+01        -1.291832E+02        +1.150732E+01
2.725198E+01        -1.288428E+02        +1.147632E+01
2.722750E+01        -1.284933E+02        +1.144533E+01
2.720304E+01        -1.281433E+02        +1.141433E+01
2.717860E+01        -1.278029E+02        +1.138333E+01
2.715419E+01        -1.274534E+02        +1.135234E+01
2.712979E+01        -1.271129E+02        +1.132229E+01
2.710542E+01        -1.267730E+02        +1.129134E+01
2.708107E+01        -1.264330E+02        +1.126130E+01
2.705675E+01        -1.260931E+02        +1.123131E+01
2.703244E+01        -1.257531E+02        +1.120130E+01
2.700816E+01        -1.254132E+02        +1.117036E+01
2.698390E+01        -1.250733E+02        +1.114032E+01
2.695966E+01        -1.247333E+02        +1.111032E+01
2.693544E+01        -1.244029E+02        +1.108032E+01
2.691124E+01        -1.240633E+02        +1.105128E+01
2.688707E+01        -1.237330E+02        +1.102133E+01
2.686291E+01        -1.234029E+02        +1.099132E+01
2.683878E+01        -1.230634E+02        +1.096133E+01
2.681467E+01        -1.227330E+02        +1.093229E+01
2.679058E+01        -1.224030E+02        +1.090329E+01
2.676652E+01        -1.220731E+02        +1.087334E+01
2.674247E+01        -1.217431E+02        +1.084429E+01
2.671845E+01        -1.214131E+02        +1.081530E+01
2.669445E+01        -1.210928E+02        +1.078535E+01
2.667047E+01        -1.207632E+02        +1.075631E+01
2.664651E+01        -1.204428E+02        +1.072731E+01
2.662257E+01        -1.201132E+02        +1.069926E+01
2.659866E+01        -1.197929E+02        +1.067032E+01
2.657476E+01        -1.194633E+02        +1.064131E+01
2.655089E+01        -1.191429E+02        +1.061232E+01
2.652704E+01        -1.188230E+02        +1.058428E+01
2.650321E+01        -1.185030E+02        +1.055533E+01
2.647940E+01        -1.181830E+02        +1.052728E+01
2.645561E+01        -1.178725E+02        +1.049928E+01
2.643185E+01        -1.175531E+02        +1.047034E+01
2.640810E+01        -1.172331E+02        +1.044229E+01
2.638438E+01        -1.169227E+02        +1.041429E+01
2.636068E+01        -1.166032E+02        +1.038630E+01
2.633700E+01        -1.162928E+02        +1.035830E+01
2.631334E+01        -1.159732E+02        +1.033030E+01
2.628970E+01        -1.156628E+02        +1.030230E+01
2.626609E+01        -1.153529E+02        +1.027527E+01
2.624249E+01        -1.150429E+02        +1.024731E+01
2.621892E+01        -1.147330E+02        +1.021932E+01
2.619536E+01        -1.144229E+02        +1.019226E+01
2.617183E+01        -1.141129E+02        +1.016432E+01
2.614832E+01        -1.138125E+02        +1.013727E+01
2.612483E+01        -1.135030E+02        +1.011027E+01
2.610136E+01        -1.131930E+02        +1.008328E+01
2.607792E+01        -1.128927E+02        +1.005533E+01
2.605449E+01        -1.125831E+02        +1.002828E+01
2.603109E+01        -1.122828E+02        +1.000129E+01
2.600770E+01        -1.119827E+02        +9.974575E+00
2.598434E+01        -1.116828E+02        +9.947786E+00
2.596100E+01        -1.113828E+02        +9.920991E+00
2.593768E+01        -1.110829E+02        +9.894290E+00
2.591438E+01        -1.107829E+02        +9.867593E+00
2.589110E+01        -1.104829E+02        +9.841085E+00
2.586784E+01        -1.101830E+02        +9.814586E+00
2.584460E+01        -1.098830E+02        +9.788086E+00
2.582138E+01        -1.095925E+02        +9.761775E+00
2.579819E+01        -1.092931E+02        +9.735484E+00
2.577501E+01        -1.090025E+02        +9.709276E+00
2.575186E+01        -1.087031E+02        +9.683179E+00
2.572873E+01        -1.084127E+02        +9.657085E+00
2.570561E+01        -1.081226E+02        +9.631074E+00
2.568252E+01        -1.078327E+02        +9.605079E+00
2.565945E+01        -1.075427E+02        +9.579273E+00
2.563640E+01        -1.072527E+02        +9.553476E+00
2.561337E+01        -1.069628E+02        +9.527773E+00
2.559036E+01        -1.066728E+02        +9.502074E+00
2.556737E+01        -1.063923E+02        +9.476470E+00
2.554441E+01        -1.061029E+02        +9.450976E+00
2.552146E+01        -1.058129E+02        +9.425570E+00
2.549853E+01        -1.055324E+02        +9.400168E+00
2.547563E+01        -1.052430E+02        +9.374872E+00
2.545274E+01        -1.049625E+02        +9.349569E+00
2.542988E+01        -1.046826E+02        +9.324467E+00
2.540703E+01        -1.044025E+02        +9.299363E+00
2.538421E+01        -1.041131E+02        +9.274269E+00
2.536141E+01        -1.038327E+02        +9.249270E+00
2.533862E+01        -1.035526E+02        +9.224454E+00
2.531586E+01        -1.032821E+02        +9.199564E+00
2.529312E+01        -1.030027E+02        +9.174763E+00
2.527040E+01        -1.027227E+02        +9.150062E+00
2.524770E+01        -1.024428E+02        +9.125460E+00
2.522502E+01        -1.021723E+02        +9.100863E+00
2.520236E+01        -1.018928E+02        +9.076361E+00
2.517972E+01        -1.016224E+02        +9.051957E+00
2.515710E+01        -1.013429E+02        +9.027559E+00
2.513450E+01        -1.010724E+02        +9.003255E+00
2.511192E+01        -1.008024E+02        +8.979051E+00
2.508936E+01        -1.005324E+02        +8.954852E+00
2.506682E+01        -1.002624E+02        +8.930747E+00
2.504431E+01        -9.998970E+01        +8.906658E+00
2.502181E+01        -9.971954E+01        +8.882653E+00
2.499933E+01        -9.945144E+01        +8.858747E+00
2.497687E+01        -9.918343E+01        +8.834942E+00
2.495444E+01        -9.891649E+01        +8.811152E+00
2.493202E+01        -9.865043E+01        +8.787446E+00
2.490962E+01        -9.838442E+01        +8.763745E+00
2.488725E+01        -9.811948E+01        +8.740149E+00
2.486489E+01        -9.785541E+01        +8.716642E+00
2.484255E+01        -9.759140E+01        +8.693141E+00
2.482024E+01        -9.732845E+01        +8.669745E+00
2.479794E+01        -9.706638E+01        +8.646438E+00
2.477566E+01        -9.680532E+01        +8.623137E+00
2.475341E+01        -9.654442E+01        +8.599940E+00
2.473117E+01        -9.628435E+01        +8.576739E+00
2.470895E+01        -9.602528E+01        +8.553632E+00
2.468676E+01        -9.576638E+01        +8.530636E+00
2.466458E+01        -9.550832E+01        +8.507634E+00
2.464242E+01        -9.525125E+01        +8.484728E+00
2.462029E+01        -9.499436E+01        +8.461932E+00
2.459817E+01        -9.473924E+01        +8.439130E+00
2.457607E+01        -9.448328E+01        +8.416424E+00
2.455400E+01        -9.422928E+01        +8.393734E+00
2.453194E+01        -9.397528E+01        +8.371128E+00
2.450990E+01        -9.372222E+01        +8.348622E+00
2.448789E+01        -9.347028E+01        +8.326132E+00
2.446589E+01        -9.321828E+01        +8.303727E+00
2.444391E+01        -9.296723E+01        +8.281327E+00
2.442195E+01        -9.271624E+01        +8.259022E+00
2.440001E+01        -9.246714E+01        +8.236817E+00
2.437809E+01        -9.221816E+01        +8.214618E+00
2.435619E+01        -9.196917E+01        +8.192514E+00
2.433431E+01        -9.172208E+01        +8.170416E+00
2.431245E+01        -9.147511E+01        +8.148413E+00
2.429061E+01        -9.122814E+01        +8.126510E+00
2.426879E+01        -9.098306E+01        +8.104612E+00
2.424699E+01        -9.073810E+01        +8.082810E+00
2.422521E+01        -9.049314E+01        +8.061014E+00
2.420345E+01        -9.025008E+01        +8.039312E+00
2.418171E+01        -9.000713E+01        +8.017711E+00
2.415998E+01        -8.976407E+01        +7.996106E+00
2.413828E+01        -8.952208E+01        +7.974512E+00
2.411660E+01        -8.928109E+01        +7.953106E+00
2.409493E+01        -8.904100E+01        +7.931703E+00
2.407329E+01        -8.880108E+01        +7.910310E+00
2.405166E+01        -8.856199E+01        +7.889002E+00
2.403006E+01        -8.832309E+01        +7.867804E+00
2.400847E+01        -8.808502E+01        +7.846603E+00
2.398690E+01        -8.784795E+01        +7.825497E+00
2.396535E+01        -8.761190E+01        +7.804397E+00
2.394383E+01        -8.737602E+01        +7.783401E+00
2.392232E+01        -8.714003E+01        +7.762402E+00
2.390083E+01        -8.690594E+01        +7.741499E+00
2.387936E+01        -8.667197E+01        +7.720695E+00
2.385791E+01        -8.643801E+01        +7.699899E+00
2.383647E+01        -8.620583E+01        +7.679187E+00
2.381506E+01        -8.597294E+01        +7.658492E+00
2.379367E+01        -8.574189E+01        +7.637891E+00
2.377229E+01        -8.551085E+01        +7.617288E+00
2.375094E+01        -8.528087E+01        +7.596789E+00
2.372960E+01        -8.505085E+01        +7.576287E+00
2.370829E+01        -8.482189E+01        +7.555890E+00
2.368699E+01        -8.459288E+01        +7.535584E+00
2.366571E+01        -8.436483E+01        +7.515284E+00
2.364445E+01        -8.413779E+01        +7.495080E+00
2.362321E+01        -8.391176E+01        +7.474882E+00
2.360199E+01        -8.368579E+01        +7.454779E+00
2.358079E+01        -8.345984E+01        +7.434683E+00
2.355960E+01        -8.323567E+01        +7.414672E+00
2.353844E+01        -8.301080E+01        +7.394678E+00
2.351730E+01        -8.278775E+01        +7.374779E+00
2.349617E+01        -8.256474E+01        +7.354877E+00
2.347506E+01        -8.234267E+01        +7.335070E+00
2.345397E+01        -8.212067E+01        +7.315365E+00
2.343291E+01        -8.189973E+01        +7.295675E+00
2.341186E+01        -8.167876E+01        +7.275977E+00
2.339082E+01        -8.145863E+01        +7.256459E+00
2.336981E+01        -8.123962E+01        +7.236869E+00
2.334882E+01        -8.102067E+01        +7.217368E+00
2.332784E+01        -8.080258E+01        +7.197959E+00
2.330689E+01        -8.058467E+01        +7.178567E+00
2.328595E+01        -8.036760E+01        +7.159260E+00
2.326503E+01        -8.015154E+01        +7.139960E+00
2.324413E+01        -7.993556E+01        +7.120755E+00
2.322325E+01        -7.972052E+01        +7.101558E+00
2.320239E+01        -7.950557E+01        +7.082455E+00
2.318155E+01        -7.929156E+01        +7.063360E+00
2.316072E+01        -7.907752E+01        +7.044351E+00
2.313992E+01        -7.886454E+01        +7.025452E+00
2.311913E+01        -7.865247E+01        +7.006457E+00
2.309836E+01        -7.844048E+01        +6.987645E+00
2.307761E+01        -7.822944E+01        +6.968753E+00
2.305688E+01        -7.801847E+01        +6.950043E+00
2.303617E+01        -7.780845E+01        +6.931347E+00
2.301548E+01        -7.759852E+01        +6.912652E+00
2.299480E+01        -7.738943E+01        +6.894044E+00
2.297414E+01        -7.718135E+01        +6.875443E+00
2.295351E+01        -7.697346E+01        +6.856945E+00
2.293289E+01        -7.676641E+01        +6.838541E+00
2.291229E+01        -7.655944E+01        +6.820143E+00
2.289170E+01        -7.635333E+01        +6.801738E+00
2.287114E+01        -7.614739E+01        +6.783438E+00
2.285059E+01        -7.594230E+01        +6.765136E+00
2.283007E+01        -7.573833E+01        +6.746937E+00
2.280956E+01        -7.553434E+01        +6.728738E+00
2.278907E+01        -7.533037E+01        +6.710634E+00
2.276860E+01        -7.512734E+01        +6.692537E+00
2.274814E+01        -7.492524E+01        +6.674527E+00
2.272771E+01        -7.472331E+01        +6.656627E+00
2.270729E+01        -7.452223E+01        +6.638632E+00
2.268689E+01        -7.432124E+01        +6.620820E+00
2.266651E+01        -7.412120E+01        +6.602928E+00
2.264615E+01        -7.392123E+01        +6.585218E+00
2.262581E+01        -7.372222E+01        +6.567429E+00
2.260548E+01        -7.352413E+01        +6.549814E+00
2.258518E+01        -7.332622E+01        +6.532128E+00
2.256489E+01        -7.312823E+01        +6.514522E+00
2.254462E+01        -7.293119E+01        +6.497018E+00
2.252436E+01        -7.273507E+01        +6.479513E+00
2.250413E+01        -7.253913E+01        +6.462018E+00
2.248391E+01        -7.234405E+01        +6.444704E+00
2.246372E+01        -7.214914E+01        +6.427318E+00
2.244354E+01        -7.195509E+01        +6.410013E+00
2.242338E+01        -7.176113E+01        +6.392716E+00
2.240323E+01        -7.156708E+01        +6.375506E+00
2.238311E+01        -7.137503E+01        +6.358312E+00
2.236300E+01        -7.118208E+01        +6.341205E+00
2.234291E+01        -7.099097E+01        +6.324199E+00
2.232284E+01        -7.079999E+01        +6.307108E+00
2.230279E+01        -7.060904E+01        +6.290106E+00
2.228275E+01        -7.041895E+01        +6.273197E+00
2.226274E+01        -7.022904E+01        +6.256304E+00
2.224274E+01        -7.003998E+01        +6.239499E+00
2.222276E+01        -6.985101E+01        +6.222701E+00
2.220279E+01        -6.966290E+01        +6.205897E+00
2.218285E+01        -6.947590E+01        +6.189196E+00
2.216292E+01        -6.928796E+01        +6.172589E+00
2.214301E+01        -6.910184E+01        +6.155897E+00
2.212312E+01        -6.891588E+01        +6.139387E+00
2.210325E+01        -6.872993E+01        +6.122798E+00
2.208339E+01        -6.854484E+01        +6.106289E+00
2.206355E+01        -6.835984E+01        +6.089883E+00
2.204373E+01        -6.817580E+01        +6.073484E+00
2.202393E+01        -6.799277E+01        +6.057181E+00
2.200415E+01        -6.780983E+01        +6.040793E+00
2.198438E+01        -6.762682E+01        +6.024579E+00
2.196463E+01        -6.744476E+01        +6.008379E+00
2.194490E+01        -6.726279E+01        +5.992182E+00
2.192519E+01        -6.708178E+01        +5.975986E+00
2.190549E+01        -6.690076E+01        +5.959971E+00
2.188581E+01        -6.672069E+01        +5.943878E+00
2.186615E+01        -6.654165E+01        +5.927873E+00
2.184651E+01        -6.636176E+01        +5.911877E+00
2.182688E+01        -6.618267E+01        +5.895968E+00
2.180728E+01        -6.600469E+01        +5.880169E+00
2.178769E+01        -6.582764E+01        +5.864277E+00
2.176811E+01        -6.564965E+01        +5.848465E+00
2.174856E+01        -6.547265E+01        +5.832764E+00
2.172902E+01        -6.529657E+01        +5.817063E+00
2.170950E+01        -6.512058E+01        +5.801364E+00
2.169000E+01        -6.494555E+01        +5.785761E+00
2.167052E+01        -6.477061E+01        +5.770166E+00
2.165105E+01        -6.459560E+01        +5.754658E+00
2.163160E+01        -6.442248E+01        +5.739159E+00
2.161217E+01        -6.424859E+01        +5.723662E+00
2.159275E+01        -6.407549E+01        +5.708253E+00
2.157336E+01        -6.390257E+01        +5.692953E+00
2.155398E+01        -6.373052E+01        +5.677561E+00
2.153461E+01        -6.355940E+01        +5.662250E+00
2.151527E+01        -6.338753E+01        +5.647048E+00
2.149594E+01        -6.321739E+01        +5.631848E+00
2.147663E+01        -6.304647E+01        +5.616649E+00
2.145734E+01        -6.287738E+01        +5.601546E+00
2.143806E+01        -6.270743E+01        +5.586444E+00
2.141881E+01        -6.253938E+01        +5.571445E+00
2.139956E+01        -6.237039E+01        +5.556439E+00
2.138034E+01        -6.220237E+01        +5.541444E+00
2.136113E+01        -6.203528E+01        +5.526535E+00
2.134195E+01        -6.186838E+01        +5.511644E+00
2.132277E+01        -6.170132E+01        +5.496832E+00
2.130362E+01        -6.153531E+01        +5.482037E+00
2.128448E+01        -6.136931E+01        +5.467237E+00
2.126536E+01        -6.120426E+01        +5.452531E+00
2.124626E+01        -6.103930E+01        +5.437835E+00
2.122717E+01        -6.087428E+01        +5.423226E+00
2.120810E+01        -6.071022E+01        +5.408627E+00
2.118905E+01        -6.054718E+01        +5.394029E+00
2.117002E+01        -6.038423E+01        +5.379527E+00
2.115100E+01        -6.022123E+01        +5.365027E+00
2.113200E+01        -6.005918E+01        +5.350621E+00
2.111302E+01        -5.989722E+01        +5.336225E+00
2.109405E+01        -5.973614E+01        +5.321824E+00
2.107510E+01        -5.957515E+01        +5.307517E+00
2.105617E+01        -5.941511E+01        +5.293220E+00
2.103725E+01        -5.925509E+01        +5.278918E+00
2.101836E+01        -5.909517E+01        +5.264718E+00
2.099948E+01        -5.893613E+01        +5.250613E+00
2.098061E+01        -5.877709E+01        +5.236418E+00
2.096176E+01        -5.861902E+01        +5.222310E+00
2.094293E+01        -5.846104E+01        +5.208304E+00
2.092412E+01        -5.830401E+01        +5.194215E+00
2.090532E+01        -5.814607E+01        +5.180207E+00
2.088654E+01        -5.798994E+01        +5.166301E+00
2.086778E+01        -5.783398E+01        +5.152404E+00
2.084904E+01        -5.767804E+01        +5.138510E+00
2.083031E+01        -5.752298E+01        +5.124703E+00
2.081159E+01        -5.736793E+01        +5.110899E+00
2.079290E+01        -5.721299E+01        +5.097104E+00
2.077422E+01        -5.705892E+01        +5.083397E+00
2.075556E+01        -5.690496E+01        +5.069700E+00
2.073691E+01        -5.675186E+01        +5.056090E+00
2.071829E+01        -5.659894E+01        +5.042498E+00
2.069967E+01        -5.644682E+01        +5.028893E+00
2.068108E+01        -5.629487E+01        +5.015298E+00
2.066250E+01        -5.614287E+01        +5.001791E+00
2.064394E+01        -5.599183E+01        +4.988386E+00
2.062539E+01        -5.584080E+01        +4.974891E+00
2.060687E+01        -5.569081E+01        +4.961490E+00
2.058835E+01        -5.554076E+01        +4.948178E+00
2.056986E+01        -5.539081E+01        +4.934883E+00
2.055138E+01        -5.524174E+01        +4.921583E+00
2.053292E+01        -5.509277E+01        +4.908286E+00
2.051447E+01        -5.494467E+01        +4.895076E+00
2.049605E+01        -5.479676E+01        +4.881883E+00
2.047763E+01        -5.464871E+01        +4.868772E+00
2.045924E+01        -5.450169E+01        +4.855677E+00
2.044086E+01        -5.435470E+01        +4.842577E+00
2.042250E+01        -5.420866E+01        +4.829573E+00
2.040415E+01        -5.406264E+01        +4.816571E+00
2.038582E+01        -5.391665E+01        +4.803572E+00
2.036751E+01        -5.377162E+01        +4.790668E+00
2.034921E+01        -5.362660E+01        +4.777767E+00
2.033093E+01        -5.348254E+01        +4.764868E+00
2.031267E+01        -5.333859E+01        +4.752064E+00
2.029442E+01        -5.319458E+01        +4.739263E+00
2.027619E+01        -5.305153E+01        +4.726465E+00
2.025798E+01        -5.290858E+01        +4.713762E+00
2.023978E+01        -5.276650E+01        +4.701062E+00
2.022160E+01        -5.262361E+01        +4.688364E+00
2.020343E+01        -5.248243E+01        +4.675755E+00
2.018528E+01        -5.234052E+01        +4.663156E+00
2.016715E+01        -5.219948E+01        +4.650651E+00
2.014903E+01        -5.205939E+01        +4.638150E+00
2.013093E+01        -5.191941E+01        +4.625651E+00
2.011285E+01        -5.177945E+01        +4.613155E+00
2.009478E+01        -5.163945E+01        +4.600747E+00
2.007673E+01        -5.150040E+01        +4.588350E+00
2.005870E+01        -5.136146E+01        +4.576047E+00
2.004068E+01        -5.122339E+01        +4.563655E+00
2.002267E+01        -5.108535E+01        +4.551344E+00
2.000469E+01        -5.094834E+01        +4.539142E+00
1.998672E+01        -5.081043E+01        +4.526943E+00
1.996876E+01        -5.067333E+01        +4.514741E+00
1.995082E+01        -5.053725E+01        +4.502541E+00
1.993290E+01        -5.040128E+01        +4.490436E+00
1.991500E+01        -5.026534E+01        +4.478341E+00
1.989711E+01        -5.013028E+01        +4.466242E+00
1.987923E+01        -4.999525E+01        +4.454231E+00
1.986137E+01        -4.986025E+01        +4.442231E+00
1.984353E+01        -4.972620E+01        +4.430326E+00
1.982571E+01        -4.959225E+01        +4.418339E+00
1.980790E+01        -4.945827E+01        +4.406432E+00
1.979010E+01        -4.932516E+01        +4.394621E+00
1.977232E+01        -4.919215E+01        +4.382821E+00
1.975456E+01        -4.906010E+01        +4.371023E+00
1.973682E+01        -4.892816E+01        +4.359228E+00
1.971909E+01        -4.879617E+01        +4.347429E+00
1.970137E+01        -4.866507E+01        +4.335811E+00
1.968368E+01        -4.853322E+01        +4.324125E+00
1.966599E+01        -4.840302E+01        +4.312421E+00
1.964833E+01        -4.827216E+01        +4.300819E+00
1.963068E+01        -4.814209E+01        +4.289220E+00
1.961304E+01        -4.801299E+01        +4.277710E+00
1.959542E+01        -4.788307E+01        +4.266210E+00
1.957782E+01        -4.775403E+01        +4.254713E+00
1.956023E+01        -4.762594E+01        +4.243212E+00
1.954266E+01        -4.749796E+01        +4.231806E+00
1.952511E+01        -4.737002E+01        +4.220411E+00
1.950757E+01        -4.724203E+01        +4.209012E+00
1.949004E+01        -4.711492E+01        +4.197701E+00
1.947253E+01        -4.698792E+01        +4.186401E+00
1.945504E+01        -4.686095E+01        +4.175104E+00
1.943757E+01        -4.673494E+01        +4.163901E+00
1.942010E+01        -4.660888E+01        +4.152697E+00
1.940266E+01        -4.648386E+01        +4.141501E+00
1.938523E+01        -4.635795E+01        +4.130394E+00
1.936782E+01        -4.623383E+01        +4.119206E+00
1.935042E+01        -4.610891E+01        +4.108098E+00
1.933303E+01        -4.598479E+01        +4.097086E+00
1.931567E+01        -4.586086E+01        +4.086092E+00
1.929832E+01        -4.573688E+01        +4.075094E+00
1.928098E+01        -4.561379E+01        +4.064093E+00
1.926366E+01        -4.549172E+01        +4.053094E+00
1.924635E+01        -4.536878E+01        +4.042184E+00
1.922906E+01        -4.524671E+01        +4.031376E+00
1.921179E+01        -4.512475E+01        +4.020488E+00
1.919453E+01        -4.500275E+01        +4.009680E+00
1.917729E+01        -4.488170E+01        +3.998882E+00
1.916006E+01        -4.476069E+01        +3.988082E+00
1.914285E+01        -4.464064E+01        +3.977376E+00
1.912565E+01        -4.451971E+01        +3.966675E+00
1.910847E+01        -4.440056E+01        +3.955976E+00
1.909131E+01        -4.428069E+01        +3.945281E+00
1.907416E+01        -4.416163E+01        +3.934674E+00
1.905702E+01        -4.404260E+01        +3.924071E+00
1.903990E+01        -4.392361E+01        +3.913564E+00
1.902280E+01        -4.380557E+01        +3.902975E+00
1.900571E+01        -4.368757E+01        +3.892467E+00
1.898864E+01        -4.356960E+01        +3.881970E+00
1.897158E+01        -4.345252E+01        +3.871562E+00
1.895454E+01        -4.333555E+01        +3.861164E+00
1.893751E+01        -4.321854E+01        +3.850763E+00
1.892050E+01        -4.310248E+01        +3.840366E+00
1.890350E+01        -4.298647E+01        +3.829965E+00
1.888652E+01        -4.287049E+01        +3.819658E+00
1.886956E+01        -4.275455E+01        +3.809454E+00
1.885260E+01        -4.263941E+01        +3.799158E+00
1.883567E+01        -4.252447E+01        +3.788954E+00
1.881875E+01        -4.241040E+01        +3.778756E+00
1.880184E+01        -4.229638E+01        +3.768554E+00
1.878495E+01        -4.218239E+01        +3.758446E+00
1.876808E+01        -4.206843E+01        +3.748259E+00
1.875122E+01        -4.195536E+01        +3.738151E+00
1.873437E+01        -4.184234E+01        +3.728140E+00
1.871755E+01        -4.172941E+01        +3.718055E+00
1.870073E+01        -4.161730E+01        +3.708044E+00
1.868393E+01        -4.150531E+01        +3.698045E+00
1.866715E+01        -4.139335E+01        +3.688140E+00
1.865038E+01        -4.128135E+01        +3.678240E+00
1.863362E+01        -4.117024E+01        +3.668338E+00
1.861689E+01        -4.105931E+01        +3.658444E+00
1.860016E+01        -4.094920E+01        +3.648541E+00
1.858345E+01        -4.083829E+01        +3.638733E+00
1.856676E+01        -4.072824E+01        +3.628936E+00
1.855008E+01        -4.061916E+01        +3.619137E+00
1.853342E+01        -4.050928E+01        +3.609431E+00
1.851677E+01        -4.040020E+01        +3.599732E+00
1.850013E+01        -4.029117E+01        +3.590029E+00
1.848351E+01        -4.018309E+01        +3.580329E+00
1.846691E+01        -4.007513E+01        +3.570724E+00
1.845032E+01        -3.996713E+01        +3.561125E+00
1.843375E+01        -3.985917E+01        +3.551528E+00
1.841719E+01        -3.975209E+01        +3.541929E+00
1.840064E+01        -3.964416E+01        +3.532418E+00
1.838411E+01        -3.953799E+01        +3.522918E+00
1.836760E+01        -3.943112E+01        +3.513422E+00
1.835110E+01        -3.932505E+01        +3.503923E+00
1.833461E+01        -3.921903E+01        +3.494512E+00
1.831814E+01        -3.911304E+01        +3.485114E+00
1.830169E+01        -3.900800E+01        +3.475718E+00
1.828525E+01        -3.890302E+01        +3.466319E+00
1.826882E+01        -3.879800E+01        +3.457009E+00
1.825241E+01        -3.869393E+01        +3.447710E+00
1.823601E+01        -3.858992E+01        +3.438409E+00
1.821963E+01        -3.848594E+01        +3.429203E+00
1.820327E+01        -3.838200E+01        +3.419916E+00
1.818691E+01        -3.827887E+01        +3.410704E+00
1.817058E+01        -3.817502E+01        +3.401509E+00
1.815425E+01        -3.807281E+01        +3.392397E+00
1.813794E+01        -3.796990E+01        +3.383206E+00
1.812165E+01        -3.786785E+01        +3.374100E+00
1.810537E+01        -3.776585E+01        +3.365092E+00
1.808911E+01        -3.766389E+01        +3.356004E+00
1.807286E+01        -3.756281E+01        +3.346996E+00
1.805662E+01        -3.746088E+01        +3.337903E+00
1.804040E+01        -3.736072E+01        +3.328986E+00
1.802420E+01        -3.725985E+01        +3.319999E+00
1.800800E+01        -3.715972E+01        +3.311087E+00
1.799183E+01        -3.705978E+01        +3.302100E+00
1.797567E+01        -3.695980E+01        +3.293285E+00
1.795952E+01        -3.685980E+01        +3.284393E+00
1.794338E+01        -3.676068E+01        +3.275582E+00
1.792727E+01        -3.666175E+01        +3.266696E+00
1.791116E+01        -3.656272E+01        +3.257885E+00
1.789507E+01        -3.646464E+01        +3.249177E+00
1.787900E+01        -3.636578E+01        +3.240390E+00
1.786294E+01        -3.626861E+01        +3.231682E+00
1.784689E+01        -3.617069E+01        +3.222981E+00
1.783086E+01        -3.607272E+01        +3.214283E+00
1.781484E+01        -3.597562E+01        +3.205674E+00
1.779884E+01        -3.587866E+01        +3.196985E+00
1.778285E+01        -3.578257E+01        +3.188377E+00
1.776687E+01        -3.568564E+01        +3.179775E+00
1.775091E+01        -3.558956E+01        +3.171267E+00
1.773497E+01        -3.549361E+01        +3.162680E+00
1.771903E+01        -3.539848E+01        +3.154167E+00
1.770312E+01        -3.530262E+01        +3.145672E+00
1.768721E+01        -3.520750E+01        +3.137260E+00
1.767132E+01        -3.511250E+01        +3.128769E+00
1.765545E+01        -3.501845E+01        +3.120363E+00
1.763959E+01        -3.492446E+01        +3.111964E+00
1.762374E+01        -3.482954E+01        +3.103563E+00
1.760791E+01        -3.473637E+01        +3.095255E+00
1.759210E+01        -3.464252E+01        +3.086869E+00
1.757629E+01        -3.454940E+01        +3.078558E+00
1.756050E+01        -3.445640E+01        +3.070258E+00
1.754473E+01        -3.436344E+01        +3.062052E+00
1.752897E+01        -3.427046E+01        +3.053762E+00
1.751322E+01        -3.417836E+01        +3.045552E+00
1.749749E+01        -3.408638E+01        +3.037354E+00
1.748177E+01        -3.399438E+01        +3.029154E+00
1.746607E+01        -3.390332E+01        +3.021048E+00
1.745038E+01        -3.381142E+01        +3.012858E+00
1.743470E+01        -3.372032E+01        +3.004748E+00
1.741904E+01        -3.362934E+01        +2.996649E+00
1.740339E+01        -3.353924E+01        +2.988640E+00
1.738776E+01        -3.344837E+01        +2.980552E+00
1.737214E+01        -3.335828E+01        +2.972543E+00
1.735653E+01        -3.326918E+01        +2.964542E+00
1.734094E+01        -3.317929E+01        +2.956543E+00
1.732536E+01        -3.309019E+01        +2.948543E+00
1.730980E+01        -3.300032E+01        +2.940636E+00
1.729425E+01        -3.291214E+01        +2.932737E+00
1.727871E+01        -3.282322E+01        +2.924836E+00
1.726319E+01        -3.273424E+01        +2.916937E+00
1.724768E+01        -3.264614E+01        +2.909128E+00
1.723219E+01        -3.255817E+01        +2.901240E+00
1.721671E+01        -3.247109E+01        +2.893431E+00
1.720124E+01        -3.238317E+01        +2.885630E+00
1.718579E+01        -3.229610E+01        +2.877922E+00
1.717035E+01        -3.220910E+01        +2.870132E+00
1.715493E+01        -3.212213E+01        +2.862425E+00
1.713952E+01        -3.203605E+01        +2.854726E+00
1.712412E+01        -3.194913E+01        +2.847025E+00
1.710874E+01        -3.186307E+01        +2.839328E+00
1.709337E+01        -3.177798E+01        +2.831718E+00
1.707801E+01        -3.169205E+01        +2.824117E+00
1.706267E+01        -3.160698E+01        +2.816518E+00
1.704735E+01        -3.152203E+01        +2.808923E+00
1.703203E+01        -3.143700E+01        +2.801321E+00
1.701673E+01        -3.135201E+01        +2.793812E+00
1.700144E+01        -3.126791E+01        +2.786311E+00
1.698617E+01        -3.118303E+01        +2.778722E+00
1.697091E+01        -3.109894E+01        +2.771304E+00
1.695567E+01        -3.101588E+01        +2.763816E+00
1.694044E+01        -3.093199E+01        +2.756408E+00
1.692522E+01        -3.084889E+01        +2.748918E+00
1.691001E+01        -3.076587E+01        +2.741506E+00
1.689482E+01        -3.068288E+01        +2.734197E+00
1.687965E+01        -3.059993E+01        +2.726811E+00
1.686448E+01        -3.051781E+01        +2.719499E+00
1.684933E+01        -3.043491E+01        +2.712109E+00
1.683420E+01        -3.035286E+01        +2.704803E+00
1.681908E+01        -3.027178E+01        +2.697505E+00
1.680397E+01        -3.018988E+01        +2.690296E+00
1.678887E+01        -3.010877E+01        +2.683094E+00
1.677379E+01        -3.002779E+01        +2.675805E+00
1.675872E+01        -2.994679E+01        +2.668595E+00
1.674367E+01        -2.986582E+01        +2.661398E+00
1.672863E+01        -2.978574E+01        +2.654290E+00
1.671360E+01        -2.970483E+01        +2.647099E+00
1.669858E+01        -2.962561E+01        +2.639987E+00
1.668358E+01        -2.954572E+01        +2.632888E+00
1.666860E+01        -2.946577E+01        +2.625792E+00
1.665362E+01        -2.938665E+01        +2.618690E+00
1.663866E+01        -2.930766E+01        +2.611681E+00
1.662372E+01        -2.922870E+01        +2.604685E+00
1.660878E+01        -2.914968E+01        +2.597592E+00
1.659386E+01        -2.907069E+01        +2.590583E+00
1.657896E+01        -2.899263E+01        +2.583677E+00
1.656406E+01        -2.891460E+01        +2.576685E+00
1.654918E+01        -2.883661E+01        +2.569775E+00
1.653432E+01        -2.875865E+01        +2.562879E+00
1.651946E+01        -2.868153E+01        +2.555977E+00
1.650462E+01        -2.860453E+01        +2.549077E+00
1.648980E+01        -2.852758E+01        +2.542181E+00
1.647498E+01        -2.845055E+01        +2.535368E+00
1.646018E+01        -2.837356E+01        +2.528479E+00
1.644540E+01        -2.829750E+01        +2.521673E+00
1.643062E+01        -2.822147E+01        +2.514960E+00
1.641587E+01        -2.814553E+01        +2.508175E+00
1.640112E+01        -2.806952E+01        +2.501374E+00
1.638639E+01        -2.799355E+01        +2.494667E+00
1.637166E+01        -2.791841E+01        +2.487963E+00
1.635696E+01        -2.784345E+01        +2.481267E+00
1.634226E+01        -2.776843E+01        +2.474565E+00
1.632758E+01        -2.769344E+01        +2.467865E+00
1.631292E+01        -2.761848E+01        +2.461260E+00
1.629826E+01        -2.754436E+01        +2.454658E+00
1.628362E+01        -2.746948E+01        +2.448059E+00
1.626899E+01        -2.739627E+01        +2.441458E+00
1.625438E+01        -2.732241E+01        +2.434861E+00
1.623978E+01        -2.724842E+01        +2.428262E+00
1.622519E+01        -2.717532E+01        +2.421752E+00
1.621061E+01        -2.710231E+01        +2.415251E+00
1.619605E+01        -2.702933E+01        +2.408753E+00
1.618150E+01        -2.695633E+01        +2.402253E+00
1.616697E+01        -2.688337E+01        +2.395756E+00
1.615244E+01        -2.681124E+01        +2.389344E+00
1.613793E+01        -2.673925E+01        +2.382854E+00
1.612344E+01        -2.666639E+01        +2.376448E+00
1.610895E+01        -2.659517E+01        +2.370046E+00
1.609448E+01        -2.652328E+01        +2.363647E+00
1.608002E+01        -2.645128E+01        +2.357337E+00
1.606558E+01        -2.638021E+01        +2.350950E+00
1.605115E+01        -2.630923E+01        +2.344641E+00
1.603673E+01        -2.623823E+01        +2.338341E+00
1.602232E+01        -2.616812E+01        +2.332040E+00
1.600793E+01        -2.609725E+01        +2.325742E+00
1.599355E+01        -2.602715E+01        +2.319533E+00
1.597918E+01        -2.595715E+01        +2.313242E+00
1.596483E+01        -2.588718E+01        +2.307035E+00
1.595048E+01        -2.581714E+01        +2.300831E+00
1.593616E+01        -2.574809E+01        +2.294636E+00
1.592184E+01        -2.567818E+01        +2.288435E+00
1.590754E+01        -2.560910E+01        +2.282236E+00
1.589325E+01        -2.554011E+01        +2.276127E+00
1.587897E+01        -2.547110E+01        +2.270026E+00
1.586471E+01        -2.540303E+01        +2.263929E+00
1.585045E+01        -2.533409E+01        +2.257826E+00
1.583622E+01        -2.526604E+01        +2.251730E+00
1.582199E+01        -2.519803E+01        +2.245629E+00
1.580778E+01        -2.513005E+01        +2.239620E+00
1.579358E+01        -2.506206E+01        +2.233621E+00
1.577939E+01        -2.499496E+01        +2.227531E+00
1.576521E+01        -2.492794E+01        +2.221519E+00
1.575105E+01        -2.486006E+01        +2.215610E+00
1.573690E+01        -2.479296E+01        +2.209621E+00
1.572277E+01        -2.472690E+01        +2.203624E+00
1.570864E+01        -2.465998E+01        +2.197712E+00
1.569453E+01        -2.459389E+01        +2.191813E+00
1.568043E+01        -2.452699E+01        +2.185913E+00
1.566635E+01        -2.446093E+01        +2.180016E+00
1.565227E+01        -2.439490E+01        +2.174114E+00
1.563821E+01        -2.432981E+01        +2.168305E+00
1.562416E+01        -2.426391E+01        +2.162415E+00
1.561013E+01        -2.419884E+01        +2.156607E+00
1.559611E+01        -2.413386E+01        +2.150809E+00
1.558210E+01        -2.406887E+01        +2.145010E+00
1.556810E+01        -2.400386E+01        +2.139299E+00
1.555411E+01        -2.393885E+01        +2.133508E+00
1.554014E+01        -2.387476E+01        +2.127709E+00
1.552618E+01        -2.380988E+01        +2.122000E+00
1.551223E+01        -2.374577E+01        +2.116299E+00
1.549830E+01        -2.368180E+01        +2.110602E+00
1.548438E+01        -2.361781E+01        +2.104903E+00
1.547047E+01        -2.355471E+01        +2.099293E+00
1.545657E+01        -2.349082E+01        +2.093603E+00
1.544268E+01        -2.342769E+01        +2.087991E+00
1.542881E+01        -2.336471E+01        +2.082303E+00
1.541495E+01        -2.330172E+01        +2.076693E+00
1.540110E+01        -2.323871E+01        +2.071093E+00
1.538727E+01        -2.317664E+01        +2.065585E+00
1.537345E+01        -2.311376E+01        +2.059997E+00
1.535964E+01        -2.305166E+01        +2.054487E+00
1.534584E+01        -2.298966E+01        +2.048897E+00
1.533205E+01        -2.292765E+01        +2.043385E+00
1.531828E+01        -2.286567E+01        +2.037887E+00
1.530452E+01        -2.280457E+01        +2.032388E+00
1.529077E+01        -2.274268E+01        +2.026977E+00
1.527703E+01        -2.268156E+01        +2.021487E+00
1.526331E+01        -2.262058E+01        +2.016078E+00
1.524960E+01        -2.255960E+01        +2.010590E+00
1.523590E+01        -2.249860E+01        +2.005179E+00
1.522221E+01        -2.243848E+01        +1.999778E+00
1.520854E+01        -2.237762E+01        +1.994381E+00
1.519488E+01        -2.231753E+01        +1.989071E+00
1.518123E+01        -2.225753E+01        +1.983682E+00
1.516759E+01        -2.219753E+01        +1.978371E+00
1.515396E+01        -2.213751E+01        +1.973070E+00
1.514035E+01        -2.207753E+01        +1.967682E+00
1.512675E+01        -2.201844E+01        +1.962372E+00
1.511316E+01        -2.195854E+01        +1.957162E+00
1.509959E+01        -2.189947E+01        +1.951875E+00
1.508602E+01        -2.184045E+01        +1.946574E+00
1.507247E+01        -2.178147E+01        +1.941364E+00
1.505893E+01        -2.172337E+01        +1.936165E+00
1.504540E+01        -2.166447E+01        +1.930964E+00
1.503189E+01        -2.160639E+01        +1.925678E+00
1.501838E+01        -2.154837E+01        +1.920554E+00
1.500489E+01        -2.149038E+01        +1.915366E+00
1.499141E+01        -2.143239E+01        +1.910166E+00
1.497795E+01        -2.137442E+01        +1.905058E+00
1.496449E+01        -2.131641E+01        +1.899957E+00
1.495105E+01        -2.125932E+01        +1.894859E+00
1.493762E+01        -2.120233E+01        +1.889759E+00
1.492420E+01        -2.114533E+01        +1.884659E+00
1.491079E+01        -2.108832E+01        +1.879559E+00
1.489740E+01        -2.103135E+01        +1.874461E+00
1.488401E+01        -2.097432E+01        +1.869448E+00
1.487064E+01        -2.091822E+01        +1.864448E+00
1.485729E+01        -2.086137E+01        +1.859363E+00
1.484394E+01        -2.080525E+01        +1.854351E+00
1.483060E+01        -2.074924E+01        +1.849350E+00
1.481728E+01        -2.069326E+01        +1.844440E+00
1.480397E+01        -2.063815E+01        +1.839452E+00
1.479067E+01        -2.058226E+01        +1.834452E+00
1.477739E+01        -2.052630E+01        +1.829544E+00
1.476411E+01        -2.047117E+01        +1.824642E+00
1.475085E+01        -2.041619E+01        +1.819744E+00
1.473760E+01        -2.036120E+01        +1.814845E+00
1.472436E+01        -2.030620E+01        +1.809945E+00
1.471113E+01        -2.025209E+01        +1.805044E+00
1.469792E+01        -2.019723E+01        +1.800147E+00
1.468471E+01        -2.014220E+01        +1.795334E+00
1.467152E+01        -2.008811E+01        +1.790535E+00
1.465834E+01        -2.003411E+01        +1.785646E+00
1.464517E+01        -1.998011E+01        +1.780835E+00
1.463202E+01        -1.992614E+01        +1.776037E+00
1.461887E+01        -1.987301E+01        +1.771324E+00
1.460574E+01        -1.981914E+01        +1.766537E+00
1.459262E+01        -1.976603E+01        +1.761738E+00
1.457951E+01        -1.971215E+01        +1.757026E+00
1.456641E+01        -1.965903E+01        +1.752326E+00
1.455333E+01        -1.960606E+01        +1.747539E+00
1.454026E+01        -1.955396E+01        +1.742830E+00
1.452719E+01        -1.950105E+01        +1.738127E+00
1.451414E+01        -1.944806E+01        +1.733517E+00
1.450111E+01        -1.939598E+01        +1.728831E+00
1.448808E+01        -1.934397E+01        +1.724131E+00
1.447506E+01        -1.929196E+01        +1.719518E+00
1.446206E+01        -1.923998E+01        +1.714920E+00
1.444907E+01        -1.918799E+01        +1.710321E+00
1.443609E+01        -1.913600E+01        +1.705632E+00
1.442312E+01        -1.908488E+01        +1.701109E+00
1.441017E+01        -1.903303E+01        +1.696524E+00
1.439722E+01        -1.898190E+01        +1.691922E+00
1.438429E+01        -1.893092E+01        +1.687412E+00
1.437137E+01        -1.887993E+01        +1.682825E+00
1.435846E+01        -1.882894E+01        +1.678314E+00
1.434556E+01        -1.877794E+01        +1.673814E+00
1.433267E+01        -1.872781E+01        +1.669313E+00
1.431980E+01        -1.867696E+01        +1.664815E+00
1.430693E+01        -1.862682E+01        +1.660314E+00
1.429408E+01        -1.857684E+01        +1.655815E+00
1.428124E+01        -1.852684E+01        +1.651404E+00
1.426841E+01        -1.847685E+01        +1.646916E+00
1.425559E+01        -1.842684E+01        +1.642504E+00
1.424279E+01        -1.837687E+01        +1.638106E+00
1.422999E+01        -1.832774E+01        +1.633705E+00
1.421721E+01        -1.827787E+01        +1.629218E+00
1.420444E+01        -1.822877E+01        +1.624896E+00
1.419168E+01        -1.817978E+01        +1.620508E+00
1.417893E+01        -1.813078E+01        +1.616108E+00
1.416619E+01        -1.808177E+01        +1.611796E+00
1.415347E+01        -1.803368E+01        +1.607410E+00
1.414075E+01        -1.798478E+01        +1.603097E+00
1.412805E+01        -1.793580E+01        +1.598798E+00
1.411536E+01        -1.788770E+01        +1.594499E+00
1.410268E+01        -1.783970E+01        +1.590199E+00
1.409001E+01        -1.779170E+01        +1.585899E+00
1.407735E+01        -1.774370E+01        +1.581599E+00
1.406470E+01        -1.769569E+01        +1.577386E+00
1.405207E+01        -1.764771E+01        +1.573100E+00
1.403945E+01        -1.760061E+01        +1.568890E+00
1.402684E+01        -1.755362E+01        +1.564691E+00
1.401423E+01        -1.750571E+01        +1.560488E+00
1.400165E+01        -1.745863E+01        +1.556291E+00
1.398907E+01        -1.741163E+01        +1.552091E+00
1.397650E+01        -1.736462E+01        +1.547890E+00
1.396395E+01        -1.731765E+01        +1.543693E+00
1.395140E+01        -1.727152E+01        +1.539579E+00
1.393887E+01        -1.722465E+01        +1.535392E+00
1.392635E+01        -1.717854E+01        +1.531282E+00
1.391384E+01        -1.713255E+01        +1.527182E+00
1.390134E+01        -1.708567E+01        +1.523082E+00
1.388885E+01        -1.703955E+01        +1.518982E+00
1.387637E+01        -1.699354E+01        +1.514881E+00
1.386391E+01        -1.694845E+01        +1.510783E+00
1.385145E+01        -1.690255E+01        +1.506682E+00
1.383901E+01        -1.685657E+01        +1.502671E+00
1.382658E+01        -1.681146E+01        +1.498584E+00
1.381416E+01        -1.676647E+01        +1.494573E+00
1.380175E+01        -1.672147E+01        +1.490573E+00
1.378935E+01        -1.667647E+01        +1.486573E+00
1.377696E+01        -1.663146E+01        +1.482573E+00
1.376459E+01        -1.658649E+01        +1.478575E+00
1.375222E+01        -1.654148E+01        +1.474574E+00
1.373987E+01        -1.649738E+01        +1.470575E+00
1.372753E+01        -1.645251E+01        +1.466665E+00
1.371519E+01        -1.640837E+01        +1.462674E+00
1.370287E+01        -1.636438E+01        +1.458763E+00
1.369056E+01        -1.632038E+01        +1.454775E+00
1.367827E+01        -1.627642E+01        +1.450866E+00
1.366598E+01        -1.623241E+01        +1.446966E+00
1.365370E+01        -1.618840E+01        +1.443065E+00
1.364144E+01        -1.614443E+01        +1.439167E+00
1.362918E+01        -1.610129E+01        +1.435354E+00
1.361694E+01        -1.605743E+01        +1.431467E+00
1.360471E+01        -1.601432E+01        +1.427568E+00
1.359249E+01        -1.597133E+01        +1.423757E+00
1.358028E+01        -1.592834E+01        +1.419958E+00
1.356808E+01        -1.588534E+01        +1.416070E+00
1.355589E+01        -1.584234E+01        +1.412258E+00
1.354371E+01        -1.580022E+01        +1.408457E+00
1.353154E+01        -1.575733E+01        +1.404657E+00
1.351939E+01        -1.571523E+01        +1.400859E+00
1.350724E+01        -1.567234E+01        +1.397145E+00
1.349511E+01        -1.563024E+01        +1.393359E+00
1.348299E+01        -1.558825E+01        +1.389648E+00
1.347087E+01        -1.554623E+01        +1.385858E+00
1.345877E+01        -1.550424E+01        +1.382147E+00
1.344668E+01        -1.546225E+01        +1.378447E+00
1.343460E+01        -1.542113E+01        +1.374747E+00
1.342254E+01        -1.537928E+01        +1.371050E+00
1.341048E+01        -1.533816E+01        +1.367350E+00
1.339843E+01        -1.529627E+01        +1.363649E+00
1.338639E+01        -1.525514E+01        +1.359949E+00
1.337437E+01        -1.521417E+01        +1.356338E+00
1.336236E+01        -1.517319E+01        +1.352652E+00
1.335035E+01        -1.513217E+01        +1.349039E+00
1.333836E+01        -1.509118E+01        +1.345352E+00
1.332638E+01        -1.505107E+01        +1.341741E+00
1.331441E+01        -1.501020E+01        +1.338141E+00
1.330244E+01        -1.497006E+01        +1.334539E+00
1.329050E+01        -1.492922E+01        +1.330942E+00
1.327856E+01        -1.488909E+01        +1.327342E+00
1.326663E+01        -1.484909E+01        +1.323830E+00
1.325471E+01        -1.480909E+01        +1.320242E+00
1.324280E+01        -1.476908E+01        +1.316641E+00
1.323091E+01        -1.472911E+01        +1.313131E+00
1.321902E+01        -1.468998E+01        +1.309630E+00
1.320715E+01        -1.465012E+01        +1.306044E+00
1.319528E+01        -1.461098E+01        +1.302531E+00
1.318343E+01        -1.457112E+01        +1.299032E+00
1.317159E+01        -1.453201E+01        +1.295533E+00
1.315975E+01        -1.449299E+01        +1.292031E+00
1.314793E+01        -1.445400E+01        +1.288532E+00
1.313612E+01        -1.441501E+01        +1.285120E+00
1.312432E+01        -1.437602E+01        +1.281633E+00
1.311253E+01        -1.433702E+01        +1.278221E+00
1.310075E+01        -1.429890E+01        +1.274734E+00
1.308898E+01        -1.426002E+01        +1.271321E+00
1.307723E+01        -1.422193E+01        +1.267924E+00
1.306548E+01        -1.418393E+01        +1.264436E+00
1.305374E+01        -1.414504E+01        +1.261111E+00
1.304201E+01        -1.410691E+01        +1.257635E+00
1.303030E+01        -1.406894E+01        +1.254312E+00
1.301859E+01        -1.403093E+01        +1.250923E+00
1.300690E+01        -1.399295E+01        +1.247525E+00
1.299521E+01        -1.395581E+01        +1.244211E+00
1.298354E+01        -1.391795E+01        +1.240825E+00
1.297188E+01        -1.388084E+01        +1.237514E+00
1.296022E+01        -1.384295E+01        +1.234125E+00
1.294858E+01        -1.380583E+01        +1.230813E+00
1.293695E+01        -1.376884E+01        +1.227514E+00
1.292533E+01        -1.373185E+01        +1.224215E+00
1.291372E+01        -1.369486E+01        +1.220915E+00
1.290212E+01        -1.365787E+01        +1.217616E+00
1.289053E+01        -1.362087E+01        +1.214316E+00
1.287895E+01        -1.358387E+01        +1.211104E+00
1.286738E+01        -1.354775E+01        +1.207817E+00
1.285582E+01        -1.351088E+01        +1.204604E+00
1.284427E+01        -1.347475E+01        +1.201317E+00
1.283273E+01        -1.343788E+01        +1.198104E+00
1.282120E+01        -1.340175E+01        +1.194904E+00
1.280969E+01        -1.336578E+01        +1.191619E+00
1.279818E+01        -1.332977E+01        +1.188406E+00
1.278668E+01        -1.329377E+01        +1.185205E+00
1.277520E+01        -1.325779E+01        +1.182007E+00
1.276372E+01        -1.322266E+01        +1.178894E+00
1.275225E+01        -1.318677E+01        +1.175706E+00
1.274080E+01        -1.315167E+01        +1.172507E+00
1.272935E+01        -1.311578E+01        +1.169394E+00
1.271792E+01        -1.308068E+01        +1.166208E+00
1.270649E+01        -1.304479E+01        +1.163094E+00
1.269508E+01        -1.300968E+01        +1.159908E+00
1.268367E+01        -1.297467E+01        +1.156794E+00
1.267228E+01        -1.293969E+01        +1.153696E+00
1.266090E+01        -1.290557E+01        +1.150597E+00
1.264952E+01        -1.287069E+01        +1.147496E+00
1.263816E+01        -1.283570E+01        +1.144397E+00
1.262681E+01        -1.280071E+01        +1.141298E+00
1.261546E+01        -1.276657E+01        +1.138284E+00
1.260413E+01        -1.273258E+01        +1.135197E+00
1.259281E+01        -1.269772E+01        +1.132098E+00
1.258150E+01        -1.266360E+01        +1.129087E+00
1.257019E+01        -1.262958E+01        +1.126085E+00
1.255890E+01        -1.259559E+01        +1.122998E+00
1.254762E+01        -1.256160E+01        +1.119986E+00
1.253635E+01        -1.252761E+01        +1.116987E+00
1.252509E+01        -1.249362E+01        +1.113988E+00
1.251384E+01        -1.246050E+01        +1.110989E+00
1.250259E+01        -1.242661E+01        +1.107987E+00
1.249136E+01        -1.239349E+01        +1.104987E+00
1.248014E+01        -1.235962E+01        +1.101988E+00
1.246893E+01        -1.232650E+01        +1.099075E+00
1.245773E+01        -1.229351E+01        +1.096089E+00
1.244654E+01        -1.226052E+01        +1.093177E+00
1.243536E+01        -1.222752E+01        +1.090190E+00
1.242419E+01        -1.219453E+01        +1.087278E+00
1.241303E+01        -1.216154E+01        +1.084291E+00
1.240188E+01        -1.212854E+01        +1.081379E+00
1.239073E+01        -1.209552E+01        +1.078477E+00
1.237960E+01        -1.206339E+01        +1.075577E+00
1.236848E+01        -1.203053E+01        +1.072677E+00
1.235737E+01        -1.199841E+01        +1.069778E+00
1.234627E+01        -1.196641E+01        +1.066965E+00
1.233518E+01        -1.193355E+01        +1.064079E+00
1.232410E+01        -1.190143E+01        +1.061180E+00
1.231303E+01        -1.186943E+01        +1.058280E+00
1.230197E+01        -1.183744E+01        +1.055468E+00
1.229092E+01        -1.180545E+01        +1.052668E+00
1.227988E+01        -1.177345E+01        +1.049782E+00
1.226884E+01        -1.174230E+01        +1.046967E+00
1.225782E+01        -1.171044E+01        +1.044167E+00
1.224681E+01        -1.167845E+01        +1.041368E+00
1.223581E+01        -1.164732E+01        +1.038569E+00
1.222482E+01        -1.161633E+01        +1.035769E+00
1.221384E+01        -1.158447E+01        +1.032970E+00
1.220286E+01        -1.155332E+01        +1.030168E+00
1.219190E+01        -1.152233E+01        +1.027369E+00
1.218095E+01        -1.149134E+01        +1.024657E+00
1.217001E+01        -1.146035E+01        +1.021871E+00
1.215908E+01        -1.142936E+01        +1.019158E+00
1.214815E+01        -1.139835E+01        +1.016370E+00
1.213724E+01        -1.136736E+01        +1.013658E+00
1.212634E+01        -1.133724E+01        +1.010872E+00
1.211544E+01        -1.130636E+01        +1.008157E+00
1.210456E+01        -1.127624E+01        +1.005459E+00
1.209369E+01        -1.124538E+01        +1.002760E+00
1.208282E+01        -1.121524E+01        +1.000059E+00
1.207197E+01        -1.118525E+01        +9.973685E-01
1.206112E+01        -1.115524E+01        +9.946774E-01
1.205029E+01        -1.112526E+01        +9.920062E-01
1.203946E+01        -1.109525E+01        +9.893352E-01
1.202865E+01        -1.106527E+01        +9.866668E-01
1.201784E+01        -1.103526E+01        +9.840133E-01
1.200705E+01        -1.100528E+01        +9.813649E-01
1.199626E+01        -1.097614E+01        +9.787229E-01
1.198549E+01        -1.094629E+01        +9.760848E-01
1.197472E+01        -1.091715E+01        +9.734529E-01
1.196396E+01        -1.088728E+01        +9.708311E-01
1.195321E+01        -1.085814E+01        +9.682194E-01
1.194248E+01        -1.082917E+01        +9.656115E-01
1.193175E+01        -1.079930E+01        +9.630100E-01
1.192103E+01        -1.077017E+01        +9.604185E-01
1.191032E+01        -1.074117E+01        +9.578285E-01
1.189962E+01        -1.071217E+01        +9.552559E-01
1.188893E+01        -1.068404E+01        +9.526774E-01
1.187825E+01        -1.065517E+01        +9.501150E-01
1.186758E+01        -1.062618E+01        +9.475553E-01
1.185692E+01        -1.059718E+01        +9.450044E-01
1.184627E+01        -1.056906E+01        +9.424636E-01
1.183563E+01        -1.054020E+01        +9.399243E-01
1.182500E+01        -1.051207E+01        +9.373937E-01
1.181437E+01        -1.048406E+01        +9.348622E-01
1.180376E+01        -1.045520E+01        +9.323505E-01
1.179316E+01        -1.042708E+01        +9.298415E-01
1.178256E+01        -1.039907E+01        +9.273304E-01
1.177198E+01        -1.037108E+01        +9.248390E-01
1.176140E+01        -1.034307E+01        +9.223480E-01
1.175084E+01        -1.031509E+01        +9.198595E-01
1.174028E+01        -1.028708E+01        +9.173861E-01
1.172974E+01        -1.025997E+01        +9.149179E-01
1.171920E+01        -1.023210E+01        +9.124561E-01
1.170867E+01        -1.020410E+01        +9.099957E-01
1.169815E+01        -1.017696E+01        +9.075442E-01
1.168764E+01        -1.014996E+01        +9.051027E-01
1.167714E+01        -1.012210E+01        +9.026628E-01
1.166665E+01        -1.009496E+01        +9.002316E-01
1.165617E+01        -1.006797E+01        +8.978019E-01
1.164570E+01        -1.004097E+01        +8.953897E-01
1.163524E+01        -1.001398E+01        +8.929802E-01
1.162479E+01        -9.986645E+00        +8.905710E-01
1.161435E+01        -9.959686E+00        +8.881705E-01
1.160391E+01        -9.932859E+00        +8.857778E-01
1.159349E+01        -9.906072E+00        +8.833976E-01
1.158308E+01        -9.879374E+00        +8.810189E-01
1.157267E+01        -9.852751E+00        +8.786467E-01
1.156227E+01        -9.826144E+00        +8.762760E-01
1.155189E+01        -9.799737E+00        +8.739249E-01
1.154151E+01        -9.773333E+00        +8.715659E-01
1.153114E+01        -9.746931E+00        +8.692143E-01
1.152078E+01        -9.720703E+00        +8.668728E-01
1.151043E+01        -9.694504E+00        +8.645415E-01
1.150009E+01        -9.668308E+00        +8.622118E-01
1.148976E+01        -9.642285E+00        +8.598908E-01
1.147944E+01        -9.616292E+00        +8.575800E-01
1.146913E+01        -9.590387E+00        +8.552707E-01
1.145883E+01        -9.564583E+00        +8.529702E-01
1.144853E+01        -9.538771E+00        +8.506690E-01
1.143825E+01        -9.513071E+00        +8.483788E-01
1.142797E+01        -9.487362E+00        +8.460966E-01
1.141771E+01        -9.461852E+00        +8.438181E-01
1.140745E+01        -9.436347E+00        +8.415462E-01
1.139720E+01        -9.410844E+00        +8.392759E-01
1.138697E+01        -9.385540E+00        +8.370165E-01
1.137674E+01        -9.360241E+00        +8.347652E-01
1.136652E+01        -9.335030E+00        +8.325154E-01
1.135631E+01        -9.309835E+00        +8.302743E-01
1.134610E+01        -9.284703E+00        +8.280327E-01
1.133591E+01        -9.259698E+00        +8.258021E-01
1.132573E+01        -9.234709E+00        +8.235816E-01
1.131555E+01        -9.209870E+00        +8.213605E-01
1.130539E+01        -9.184999E+00        +8.191504E-01
1.129523E+01        -9.160264E+00        +8.169483E-01
1.128509E+01        -9.135583E+00        +8.147500E-01
1.127495E+01        -9.110966E+00        +8.125497E-01
1.126482E+01        -9.086366E+00        +8.103668E-01
1.125470E+01        -9.061939E+00        +8.081868E-01
1.124459E+01        -9.037457E+00        +8.060071E-01
1.123449E+01        -9.013135E+00        +8.038362E-01
1.122440E+01        -8.988843E+00        +8.016754E-01
1.121432E+01        -8.964639E+00        +7.995163E-01
1.120424E+01        -8.940428E+00        +7.973552E-01
1.119418E+01        -8.916329E+00        +7.952137E-01
1.118412E+01        -8.892308E+00        +7.930730E-01
1.117407E+01        -8.868303E+00        +7.909326E-01
1.116404E+01        -8.844411E+00        +7.888030E-01
1.115401E+01        -8.820597E+00        +7.866816E-01
1.114399E+01        -8.796799E+00        +7.845618E-01
1.113398E+01        -8.773090E+00        +7.824507E-01
1.112397E+01        -8.749459E+00        +7.803392E-01
1.111398E+01        -8.725869E+00        +7.782386E-01
1.110400E+01        -8.702367E+00        +7.761482E-01
1.109402E+01        -8.678858E+00        +7.740573E-01
1.108406E+01        -8.655546E+00        +7.719688E-01
1.107410E+01        -8.632156E+00        +7.698955E-01
1.106415E+01        -8.608926E+00        +7.678167E-01
1.105421E+01        -8.585727E+00        +7.657453E-01
1.104428E+01        -8.562530E+00        +7.636841E-01
1.103436E+01        -8.539422E+00        +7.616332E-01
1.102445E+01        -8.516416E+00        +7.595839E-01
1.101455E+01        -8.493513E+00        +7.575348E-01
1.100465E+01        -8.470603E+00        +7.554924E-01
1.099477E+01        -8.447804E+00        +7.534624E-01
1.098489E+01        -8.425000E+00        +7.514319E-01
1.097502E+01        -8.402284E+00        +7.494102E-01
1.096516E+01        -8.379670E+00        +7.473902E-01
1.095531E+01        -8.357073E+00        +7.453790E-01
1.094547E+01        -8.334565E+00        +7.433695E-01
1.093564E+01        -8.312073E+00        +7.413688E-01
1.092581E+01        -8.289647E+00        +7.393677E-01
1.091600E+01        -8.267261E+00        +7.373774E-01
1.090619E+01        -8.245026E+00        +7.353954E-01
1.089640E+01        -8.222845E+00        +7.334170E-01
1.088661E+01        -8.200644E+00        +7.314369E-01
1.087683E+01        -8.178532E+00        +7.294656E-01
1.086706E+01        -8.156522E+00        +7.275045E-01
1.085729E+01        -8.134507E+00        +7.255431E-01
1.084754E+01        -8.112517E+00        +7.235925E-01
1.083780E+01        -8.090701E+00        +7.216436E-01
1.082806E+01        -8.068894E+00        +7.197015E-01
1.081833E+01        -8.047090E+00        +7.177611E-01
1.080862E+01        -8.025397E+00        +7.158315E-01
1.079891E+01        -8.003784E+00        +7.139016E-01
1.078921E+01        -7.982274E+00        +7.119805E-01
1.077951E+01        -7.960674E+00        +7.100591E-01
1.076983E+01        -7.939255E+00        +7.081485E-01
1.076016E+01        -7.917869E+00        +7.062396E-01
1.075049E+01        -7.896548E+00        +7.043376E-01
1.074083E+01        -7.875245E+00        +7.024458E-01
1.073118E+01        -7.853945E+00        +7.005472E-01
1.072154E+01        -7.832818E+00        +6.986644E-01
1.071191E+01        -7.811724E+00        +6.967849E-01
1.070229E+01        -7.790632E+00        +6.949056E-01
1.069268E+01        -7.769629E+00        +6.930351E-01
1.068307E+01        -7.748707E+00        +6.911729E-01
1.067347E+01        -7.727803E+00        +6.893040E-01
1.066389E+01        -7.707008E+00        +6.874528E-01
1.065431E+01        -7.686210E+00        +6.856029E-01
1.064473E+01        -7.665478E+00        +6.837513E-01
1.063517E+01        -7.644786E+00        +6.819105E-01
1.062562E+01        -7.624182E+00        +6.800799E-01
1.061607E+01        -7.603660E+00        +6.782406E-01
1.060654E+01        -7.583176E+00        +6.764191E-01
1.059701E+01        -7.562675E+00        +6.745989E-01
1.058749E+01        -7.542347E+00        +6.727790E-01
1.057798E+01        -7.521966E+00        +6.709679E-01
1.056848E+01        -7.501744E+00        +6.691670E-01
1.055898E+01        -7.481448E+00        +6.673575E-01
1.054950E+01        -7.461333E+00        +6.655657E-01
1.054002E+01        -7.441229E+00        +6.637753E-01
1.053055E+01        -7.421127E+00        +6.619852E-01
1.052109E+01        -7.401115E+00        +6.602038E-01
1.051164E+01        -7.381205E+00        +6.584242E-01
1.050220E+01        -7.361314E+00        +6.566449E-01
1.049276E+01        -7.341404E+00        +6.548811E-01
1.048334E+01        -7.321689E+00        +6.531138E-01
1.047392E+01        -7.301901E+00        +6.513605E-01
1.046451E+01        -7.282186E+00        +6.496020E-01
1.045511E+01        -7.262575E+00        +6.478508E-01
1.044572E+01        -7.242982E+00        +6.461098E-01
1.043634E+01        -7.223477E+00        +6.443706E-01
1.042696E+01        -7.203969E+00        +6.426384E-01
1.041759E+01        -7.184550E+00        +6.409080E-01
1.040824E+01        -7.165254E+00        +6.391797E-01
1.039889E+01        -7.145957E+00        +6.374583E-01
1.038954E+01        -7.126642E+00        +6.357369E-01
1.038021E+01        -7.107436E+00        +6.340262E-01
1.037089E+01        -7.088248E+00        +6.323172E-01
1.036157E+01        -7.069128E+00        +6.306152E-01
1.035226E+01        -7.050111E+00        +6.289150E-01
1.034296E+01        -7.031113E+00        +6.272236E-01
1.033367E+01        -7.012118E+00        +6.255340E-01
1.032439E+01        -6.993211E+00        +6.238532E-01
1.031511E+01        -6.974387E+00        +6.221724E-01
1.030585E+01        -6.955603E+00        +6.204937E-01
1.029659E+01        -6.936801E+00        +6.188220E-01
1.028734E+01        -6.918087E+00        +6.171605E-01
1.027810E+01        -6.899477E+00        +6.155009E-01
1.026887E+01        -6.880886E+00        +6.138416E-01
1.025964E+01        -6.862277E+00        +6.121893E-01
1.025042E+01        -6.843757E+00        +6.105389E-01
1.024122E+01        -6.825361E+00        +6.088905E-01
1.023202E+01        -6.806963E+00        +6.072576E-01
1.022283E+01        -6.788653E+00        +6.056195E-01
1.021364E+01        -6.770343E+00        +6.039870E-01
1.020447E+01        -6.752055E+00        +6.023581E-01
1.019530E+01        -6.733836E+00        +6.007361E-01
1.018614E+01        -6.715720E+00        +5.991245E-01
1.017699E+01        -6.697624E+00        +5.975063E-01
1.016785E+01        -6.679530E+00        +5.958953E-01
1.015871E+01        -6.661505E+00        +5.942929E-01
1.014959E+01        -6.643604E+00        +5.926940E-01
1.014047E+01        -6.625617E+00        +5.910938E-01
1.013136E+01        -6.607787E+00        +5.895023E-01
1.012226E+01        -6.589992E+00        +5.879127E-01
1.011317E+01        -6.572200E+00        +5.863318E-01
1.010408E+01        -6.554477E+00        +5.847511E-01
1.009501E+01        -6.536792E+00        +5.831808E-01
1.008594E+01        -6.519176E+00        +5.816107E-01
1.007688E+01        -6.501664E+00        +5.800410E-01
1.006783E+01        -6.484086E+00        +5.784800E-01
1.005878E+01        -6.466646E+00        +5.769191E-01
1.004975E+01        -6.449175E+00        +5.753687E-01
1.004072E+01        -6.431758E+00        +5.738185E-01
1.003170E+01        -6.414444E+00        +5.722771E-01
1.002269E+01        -6.397150E+00        +5.707375E-01
1.001368E+01        -6.379924E+00        +5.691966E-01
1.000469E+01        -6.362737E+00        +5.676661E-01
9.995700E+00        -6.345534E+00        +5.661358E-01
9.986721E+00        -6.328422E+00        +5.646060E-01
9.977749E+00        -6.311407E+00        +5.630845E-01
9.968786E+00        -6.294325E+00        +5.615732E-01
9.959831E+00        -6.277397E+00        +5.600633E-01
9.950884E+00        -6.260499E+00        +5.585535E-01
9.941945E+00        -6.243601E+00        +5.570521E-01
9.933014E+00        -6.226788E+00        +5.555523E-01
9.924091E+00        -6.209990E+00        +5.540524E-01
9.915176E+00        -6.193193E+00        +5.525610E-01
9.906269E+00        -6.176479E+00        +5.510711E-01
9.897370E+00        -6.159866E+00        +5.495897E-01
9.888479E+00        -6.143268E+00        +5.481099E-01
9.879596E+00        -6.126670E+00        +5.466300E-01
9.870721E+00        -6.110157E+00        +5.451586E-01
9.861854E+00        -6.093744E+00        +5.436888E-01
9.852995E+00        -6.077261E+00        +5.422274E-01
9.844144E+00        -6.060848E+00        +5.407675E-01
9.835301E+00        -6.044535E+00        +5.393077E-01
9.826466E+00        -6.028238E+00        +5.378563E-01
9.817638E+00        -6.012023E+00        +5.364063E-01
9.808819E+00        -5.995826E+00        +5.349650E-01
9.800008E+00        -5.979629E+00        +5.335252E-01
9.791204E+00        -5.963514E+00        +5.320852E-01
9.782408E+00        -5.947416E+00        +5.306538E-01
9.773621E+00        -5.931403E+00        +5.292240E-01
9.764841E+00        -5.915405E+00        +5.278026E-01
9.756069E+00        -5.899407E+00        +5.263827E-01
9.747305E+00        -5.883494E+00        +5.249628E-01
9.738549E+00        -5.867680E+00        +5.235514E-01
9.729801E+00        -5.851883E+00        +5.221416E-01
9.721060E+00        -5.836084E+00        +5.207317E-01
9.712327E+00        -5.820370E+00        +5.193302E-01
9.703603E+00        -5.804673E+00        +5.179304E-01
9.694886E+00        -5.788975E+00        +5.165390E-01
9.686177E+00        -5.773362E+00        +5.151407E-01
9.677476E+00        -5.757848E+00        +5.137577E-01
9.668782E+00        -5.742265E+00        +5.123778E-01
9.660096E+00        -5.726751E+00        +5.109979E-01
9.651419E+00        -5.711339E+00        +5.096181E-01
9.642749E+00        -5.695941E+00        +5.082467E-01
9.634086E+00        -5.680626E+00        +5.068767E-01
9.625432E+00        -5.665329E+00        +5.055153E-01
9.616785E+00        -5.650030E+00        +5.041470E-01
9.608146E+00        -5.634816E+00        +5.027939E-01
9.599515E+00        -5.619618E+00        +5.014357E-01
9.590892E+00        -5.604421E+00        +5.000843E-01
9.582276E+00        -5.589307E+00        +4.987428E-01
9.573668E+00        -5.574209E+00        +4.973945E-01
9.565068E+00        -5.559195E+00        +4.960531E-01
9.556476E+00        -5.544198E+00        +4.947217E-01
9.547891E+00        -5.529284E+00        +4.933918E-01
9.539314E+00        -5.514386E+00        +4.920619E-01
9.530745E+00        -5.499488E+00        +4.907321E-01
9.522183E+00        -5.484674E+00        +4.894106E-01
9.513629E+00        -5.469875E+00        +4.880991E-01
9.505083E+00        -5.455162E+00        +4.867809E-01
9.496544E+00        -5.440379E+00        +4.854693E-01
9.488013E+00        -5.425749E+00        +4.841594E-01
9.479490E+00        -5.411151E+00        +4.828580E-01
9.470974E+00        -5.396553E+00        +4.815581E-01
9.462467E+00        -5.381956E+00        +4.802668E-01
9.453966E+00        -5.367441E+00        +4.789684E-01
9.445474E+00        -5.353028E+00        +4.776770E-01
9.436989E+00        -5.338546E+00        +4.763955E-01
9.428511E+00        -5.324131E+00        +4.751072E-01
9.420041E+00        -5.309817E+00        +4.738257E-01
9.411579E+00        -5.295519E+00        +4.725542E-01
9.403125E+00        -5.281222E+00        +4.712844E-01
9.394678E+00        -5.266924E+00        +4.700145E-01
9.386238E+00        -5.252792E+00        +4.687446E-01
9.377807E+00        -5.238612E+00        +4.674832E-01
9.369382E+00        -5.224496E+00        +4.662232E-01
9.360966E+00        -5.210399E+00        +4.649718E-01
9.352556E+00        -5.196300E+00        +4.637218E-01
9.344155E+00        -5.182286E+00        +4.624720E-01
9.335761E+00        -5.168288E+00        +4.612222E-01
9.327374E+00        -5.154373E+00        +4.599806E-01
9.318996E+00        -5.140477E+00        +4.587408E-01
9.310624E+00        -5.126661E+00        +4.575093E-01
9.302260E+00        -5.112863E+00        +4.562710E-01
9.293904E+00        -5.099066E+00        +4.550479E-01
9.285555E+00        -5.085267E+00        +4.538196E-01
9.277214E+00        -5.071554E+00        +4.525982E-01
9.268880E+00        -5.057855E+00        +4.513783E-01
9.260553E+00        -5.044240E+00        +4.501667E-01
9.252235E+00        -5.030643E+00        +4.489486E-01
9.243923E+00        -5.017044E+00        +4.477454E-01
9.235619E+00        -5.003530E+00        +4.465371E-01
9.227323E+00        -4.990032E+00        +4.453357E-01
9.219034E+00        -4.976618E+00        +4.441358E-01
9.210752E+00        -4.963219E+00        +4.429359E-01
9.202478E+00        -4.949821E+00        +4.417444E-01
9.194211E+00        -4.936423E+00        +4.405545E-01
9.185952E+00        -4.923109E+00        +4.393646E-01
9.177700E+00        -4.909810E+00        +4.381831E-01
9.169455E+00        -4.896595E+00        +4.370031E-01
9.161218E+00        -4.883397E+00        +4.358316E-01
9.152989E+00        -4.870200E+00        +4.346535E-01
9.144766E+00        -4.857084E+00        +4.334818E-01
9.136551E+00        -4.843986E+00        +4.323119E-01
9.128344E+00        -4.830972E+00        +4.311505E-01
9.120144E+00        -4.817890E+00        +4.299906E-01
9.111951E+00        -4.804959E+00        +4.288307E-01
9.103766E+00        -4.791978E+00        +4.276792E-01
9.095588E+00        -4.779063E+00        +4.265294E-01
9.087417E+00        -4.766165E+00        +4.253794E-01
9.079254E+00        -4.753267E+00        +4.242296E-01
9.071097E+00        -4.740451E+00        +4.230879E-01
9.062949E+00        -4.727654E+00        +4.219481E-01
9.054807E+00        -4.714938E+00        +4.208165E-01
9.046673E+00        -4.702240E+00        +4.196783E-01
9.038547E+00        -4.689543E+00        +4.185469E-01
9.030427E+00        -4.676927E+00        +4.174253E-01
9.022315E+00        -4.664329E+00        +4.162970E-01
9.014210E+00        -4.651731E+00        +4.151755E-01
9.006112E+00        -4.639132E+00        +4.140555E-01
8.998022E+00        -4.626618E+00        +4.129440E-01
8.989939E+00        -4.614203E+00        +4.118342E-01
8.981863E+00        -4.601721E+00        +4.107242E-01
8.973795E+00        -4.589307E+00        +4.096144E-01
8.965733E+00        -4.576908E+00        +4.085128E-01
8.957679E+00        -4.564593E+00        +4.074129E-01
8.949632E+00        -4.552294E+00        +4.063130E-01
8.941593E+00        -4.539997E+00        +4.052215E-01
8.933560E+00        -4.527781E+00        +4.041315E-01
8.925535E+00        -4.515583E+00        +4.030417E-01
8.917517E+00        -4.503385E+00        +4.019601E-01
8.909507E+00        -4.491271E+00        +4.008720E-01
8.901503E+00        -4.479089E+00        +3.997904E-01
8.893507E+00        -4.467058E+00        +3.987189E-01
8.885518E+00        -4.454976E+00        +3.976407E-01
8.877536E+00        -4.442961E+00        +3.965691E-01
8.869561E+00        -4.430963E+00        +3.955075E-01
8.861593E+00        -4.419047E+00        +3.944392E-01
8.853633E+00        -4.407150E+00        +3.933777E-01
8.845679E+00        -4.395250E+00        +3.923178E-01
8.837733E+00        -4.383352E+00        +3.912579E-01
8.829794E+00        -4.371537E+00        +3.902063E-01
8.821862E+00        -4.359739E+00        +3.891564E-01
8.813937E+00        -4.348024E+00        +3.881065E-01
8.806019E+00        -4.336325E+00        +3.870649E-01
8.798109E+00        -4.324627E+00        +3.860168E-01
8.790205E+00        -4.312928E+00        +3.849834E-01
8.782309E+00        -4.301314E+00        +3.839453E-01
8.774420E+00        -4.289716E+00        +3.829137E-01
8.766537E+00        -4.278116E+00        +3.818837E-01
8.758662E+00        -4.266601E+00        +3.808538E-01
8.750794E+00        -4.255103E+00        +3.798239E-01
8.742933E+00        -4.243604E+00        +3.788024E-01
8.735079E+00        -4.232189E+00        +3.777824E-01
8.727233E+00        -4.220792E+00        +3.767627E-01
8.719393E+00        -4.209393E+00        +3.757510E-01
8.711560E+00        -4.197994E+00        +3.747411E-01
8.703734E+00        -4.186679E+00        +3.737312E-01
8.695916E+00        -4.175381E+00        +3.727214E-01
8.688104E+00        -4.164166E+00        +3.717197E-01
8.680299E+00        -4.152884E+00        +3.707198E-01
8.672502E+00        -4.141669E+00        +3.697200E-01
8.664711E+00        -4.130553E+00        +3.687200E-01
8.656927E+00        -4.119371E+00        +3.677284E-01
8.649151E+00        -4.108257E+00        +3.667386E-01
8.641381E+00        -4.097158E+00        +3.657486E-01
8.633618E+00        -4.086142E+00        +3.647670E-01
8.625862E+00        -4.075143E+00        +3.637870E-01
8.618114E+00        -4.064146E+00        +3.628072E-01
8.610372E+00        -4.053147E+00        +3.618273E-01
8.602637E+00        -4.042232E+00        +3.608557E-01
8.594909E+00        -4.031333E+00        +3.598858E-01
8.587188E+00        -4.020434E+00        +3.589158E-01
8.579474E+00        -4.009619E+00        +3.579459E-01
8.571767E+00        -3.998821E+00        +3.569843E-01
8.564067E+00        -3.988022E+00        +3.560162E-01
8.556374E+00        -3.977224E+00        +3.550629E-01
8.548687E+00        -3.966508E+00        +3.541046E-01
8.541008E+00        -3.955810E+00        +3.531530E-01
8.533336E+00        -3.945195E+00        +3.522032E-01
8.525670E+00        -3.934513E+00        +3.512532E-01
8.518011E+00        -3.923897E+00        +3.503033E-01
8.510359E+00        -3.913299E+00        +3.493617E-01
8.502714E+00        -3.902783E+00        +3.484217E-01
8.495076E+00        -3.892285E+00        +3.474819E-01
8.487445E+00        -3.881786E+00        +3.465420E-01
8.479821E+00        -3.871289E+00        +3.456104E-01
8.472203E+00        -3.860872E+00        +3.446804E-01
8.464592E+00        -3.850391E+00        +3.437505E-01
8.456988E+00        -3.840057E+00        +3.428288E-01
8.449391E+00        -3.829676E+00        +3.419089E-01
8.441801E+00        -3.819361E+00        +3.409808E-01
8.434218E+00        -3.809063E+00        +3.400675E-01
8.426641E+00        -3.798764E+00        +3.391492E-01
8.419071E+00        -3.788548E+00        +3.382376E-01
8.411508E+00        -3.778349E+00        +3.373277E-01
8.403952E+00        -3.768151E+00        +3.364178E-01
8.396403E+00        -3.757953E+00        +3.355079E-01
8.388860E+00        -3.747837E+00        +3.346062E-01
8.381324E+00        -3.737738E+00        +3.337063E-01
8.373795E+00        -3.727639E+00        +3.328064E-01
8.366273E+00        -3.717541E+00        +3.319148E-01
8.358757E+00        -3.707525E+00        +3.310166E-01
8.351248E+00        -3.697526E+00        +3.301249E-01
8.343746E+00        -3.687528E+00        +3.292350E-01
8.336251E+00        -3.677612E+00        +3.283534E-01
8.328763E+00        -3.667714E+00        +3.274653E-01
8.321281E+00        -3.657816E+00        +3.265836E-01
8.313806E+00        -3.647917E+00        +3.257037E-01
8.306337E+00        -3.638100E+00        +3.248237E-01
8.298875E+00        -3.628301E+00        +3.239520E-01
8.291420E+00        -3.618503E+00        +3.230821E-01
8.283972E+00        -3.608705E+00        +3.222122E-01
8.276530E+00        -3.598988E+00        +3.213423E-01
8.269095E+00        -3.589290E+00        +3.204724E-01
8.261667E+00        -3.579591E+00        +3.196107E-01
8.254246E+00        -3.569976E+00        +3.187509E-01
8.246831E+00        -3.560295E+00        +3.178910E-01
8.239422E+00        -3.550678E+00        +3.170392E-01
8.232021E+00        -3.541162E+00        +3.161811E-01
8.224626E+00        -3.531581E+00        +3.153294E-01
8.217238E+00        -3.522066E+00        +3.144796E-01
8.209856E+00        -3.512567E+00        +3.136379E-01
8.202481E+00        -3.503068E+00        +3.127897E-01
8.195112E+00        -3.493651E+00        +3.119480E-01
8.187751E+00        -3.484171E+00        +3.111081E-01
8.180395E+00        -3.474754E+00        +3.102681E-01
8.173047E+00        -3.465438E+00        +3.094365E-01
8.165705E+00        -3.456057E+00        +3.085984E-01
8.158370E+00        -3.446742E+00        +3.077667E-01
8.151041E+00        -3.437443E+00        +3.069368E-01
8.143719E+00        -3.428144E+00        +3.061151E-01
8.136403E+00        -3.418928E+00        +3.052869E-01
8.129094E+00        -3.409729E+00        +3.044652E-01
8.121791E+00        -3.400530E+00        +3.036453E-01
8.114495E+00        -3.391331E+00        +3.028253E-01
8.107206E+00        -3.382215E+00        +3.020137E-01
8.099923E+00        -3.373034E+00        +3.012038E-01
8.092647E+00        -3.363918E+00        +3.003856E-01
8.085377E+00        -3.354901E+00        +2.995821E-01
8.078114E+00        -3.345821E+00        +2.987740E-01
8.070857E+00        -3.336804E+00        +2.979723E-01
8.063607E+00        -3.327806E+00        +2.971642E-01
8.056363E+00        -3.318806E+00        +2.963624E-01
8.049126E+00        -3.309890E+00        +2.955625E-01
8.041896E+00        -3.300992E+00        +2.947709E-01
8.034671E+00        -3.292093E+00        +2.939809E-01
8.027454E+00        -3.283195E+00        +2.931828E-01
8.020243E+00        -3.274296E+00        +2.923911E-01
8.013038E+00        -3.265479E+00        +2.916094E-01
8.005840E+00        -3.256681E+00        +2.908213E-01
7.998648E+00        -3.247882E+00        +2.900396E-01
7.991462E+00        -3.239083E+00        +2.892596E-01
7.984284E+00        -3.230367E+00        +2.884797E-01
7.977111E+00        -3.221668E+00        +2.876998E-01
7.969945E+00        -3.212969E+00        +2.869280E-01
7.962786E+00        -3.204271E+00        +2.861582E-01
7.955633E+00        -3.195654E+00        +2.853883E-01
7.948486E+00        -3.187055E+00        +2.846183E-01
7.941346E+00        -3.178457E+00        +2.838484E-01
7.934212E+00        -3.169858E+00        +2.830867E-01
7.927084E+00        -3.161341E+00        +2.823267E-01
7.919963E+00        -3.152760E+00        +2.815586E-01
7.912849E+00        -3.144244E+00        +2.808051E-01
7.905741E+00        -3.135746E+00        +2.800470E-01
7.898639E+00        -3.127329E+00        +2.792953E-01
7.891543E+00        -3.118847E+00        +2.785453E-01
7.884454E+00        -3.110431E+00        +2.777872E-01
7.877371E+00        -3.102032E+00        +2.770436E-01
7.870295E+00        -3.093715E+00        +2.762955E-01
7.863225E+00        -3.085335E+00        +2.755538E-01
7.856161E+00        -3.077018E+00        +2.748138E-01
7.849104E+00        -3.068719E+00        +2.740657E-01
7.842053E+00        -3.060420E+00        +2.733322E-01
7.835008E+00        -3.052203E+00        +2.725940E-01
7.827970E+00        -3.043923E+00        +2.718623E-01
7.820938E+00        -3.035706E+00        +2.711324E-01
7.813912E+00        -3.027507E+00        +2.704024E-01
7.806893E+00        -3.019390E+00        +2.696726E-01
7.799880E+00        -3.011210E+00        +2.689426E-01
7.792873E+00        -3.003093E+00        +2.682209E-01
7.785873E+00        -2.994994E+00        +2.675010E-01
7.778879E+00        -2.986896E+00        +2.667811E-01
7.771891E+00        -2.978879E+00        +2.660611E-01
7.764909E+00        -2.970880E+00        +2.653412E-01
7.757934E+00        -2.962799E+00        +2.646295E-01
7.750965E+00        -2.954864E+00        +2.639114E-01
7.744002E+00        -2.946884E+00        +2.631996E-01
7.737045E+00        -2.938884E+00        +2.624978E-01
7.730095E+00        -2.930968E+00        +2.617897E-01
7.723151E+00        -2.923069E+00        +2.610798E-01
7.716213E+00        -2.915170E+00        +2.603780E-01
7.709282E+00        -2.907354E+00        +2.596781E-01
7.702356E+00        -2.899472E+00        +2.589782E-01
7.695437E+00        -2.891655E+00        +2.582782E-01
7.688524E+00        -2.883857E+00        +2.575865E-01
7.681617E+00        -2.876057E+00        +2.568883E-01
7.674717E+00        -2.868341E+00        +2.561966E-01
7.667823E+00        -2.860561E+00        +2.555067E-01
7.660934E+00        -2.852843E+00        +2.548167E-01
7.654052E+00        -2.845144E+00        +2.541349E-01
7.647177E+00        -2.837446E+00        +2.534469E-01
7.640307E+00        -2.829828E+00        +2.527651E-01
7.633444E+00        -2.822148E+00        +2.520852E-01
7.626586E+00        -2.814530E+00        +2.514052E-01
7.619735E+00        -2.806931E+00        +2.507334E-01
7.612890E+00        -2.799414E+00        +2.500553E-01
7.606052E+00        -2.791835E+00        +2.493836E-01
7.599219E+00        -2.784317E+00        +2.487137E-01
7.592393E+00        -2.776819E+00        +2.480438E-01
7.585572E+00        -2.769319E+00        +2.473738E-01
7.578758E+00        -2.761821E+00        +2.467039E-01
7.571950E+00        -2.754403E+00        +2.460421E-01
7.565148E+00        -2.746923E+00        +2.453822E-01
7.558352E+00        -2.739506E+00        +2.447222E-01
7.551562E+00        -2.732107E+00        +2.440623E-01
7.544778E+00        -2.724789E+00        +2.434023E-01
7.538001E+00        -2.717409E+00        +2.427424E-01
7.531229E+00        -2.710091E+00        +2.420906E-01
7.524464E+00        -2.702793E+00        +2.414407E-01
7.517705E+00        -2.695494E+00        +2.407908E-01
7.510951E+00        -2.688195E+00        +2.401408E-01
7.504204E+00        -2.680978E+00        +2.394909E-01
7.497463E+00        -2.673697E+00        +2.388491E-01
7.490728E+00        -2.666480E+00        +2.382092E-01
7.483999E+00        -2.659281E+00        +2.375611E-01
7.477276E+00        -2.652082E+00        +2.369193E-01
7.470559E+00        -2.644965E+00        +2.362875E-01
7.463848E+00        -2.637866E+00        +2.356494E-01
7.457143E+00        -2.630686E+00        +2.350176E-01
7.450444E+00        -2.623568E+00        +2.343795E-01
7.443751E+00        -2.616550E+00        +2.337477E-01
7.437064E+00        -2.609470E+00        +2.331178E-01
7.430384E+00        -2.602453E+00        +2.324879E-01
7.423709E+00        -2.595373E+00        +2.318661E-01
7.417040E+00        -2.588355E+00        +2.312380E-01
7.410377E+00        -2.581437E+00        +2.306162E-01
7.403720E+00        -2.574457E+00        +2.299962E-01
7.397069E+00        -2.567539E+00        +2.293763E-01
7.390424E+00        -2.560559E+00        +2.287563E-01
7.383786E+00        -2.553642E+00        +2.281446E-01
7.377153E+00        -2.546743E+00        +2.275265E-01
7.370526E+00        -2.539926E+00        +2.269147E-01
7.363904E+00        -2.533045E+00        +2.263047E-01
7.357289E+00        -2.526227E+00        +2.256948E-01
7.350680E+00        -2.519347E+00        +2.250848E-01
7.344077E+00        -2.512611E+00        +2.244830E-01
7.337480E+00        -2.505831E+00        +2.238750E-01
7.330888E+00        -2.499031E+00        +2.232731E-01
7.324303E+00        -2.492314E+00        +2.226732E-01
7.317723E+00        -2.485615E+00        +2.220732E-01
7.311150E+00        -2.478835E+00        +2.214734E-01
7.304582E+00        -2.472198E+00        +2.208815E-01
7.298020E+00        -2.465518E+00        +2.202834E-01
7.291464E+00        -2.458819E+00        +2.196916E-01
7.284914E+00        -2.452201E+00        +2.191017E-01
7.278370E+00        -2.445603E+00        +2.185117E-01
7.271832E+00        -2.439004E+00        +2.179218E-01
7.265299E+00        -2.432404E+00        +2.173318E-01
7.258773E+00        -2.425806E+00        +2.167500E-01
7.252252E+00        -2.419288E+00        +2.161620E-01
7.245737E+00        -2.412789E+00        +2.155801E-01
7.239228E+00        -2.406290E+00        +2.150002E-01
7.232725E+00        -2.399791E+00        +2.144202E-01
7.226228E+00        -2.393292E+00        +2.138403E-01
7.219737E+00        -2.386794E+00        +2.132685E-01
7.213251E+00        -2.380375E+00        +2.126904E-01
7.206771E+00        -2.373976E+00        +2.121186E-01
7.200297E+00        -2.367577E+00        +2.115486E-01
7.193829E+00        -2.361178E+00        +2.109787E-01
7.187367E+00        -2.354780E+00        +2.104088E-01
7.180910E+00        -2.348461E+00        +2.098469E-01
7.174459E+00        -2.342081E+00        +2.092788E-01
7.168015E+00        -2.335764E+00        +2.087171E-01
7.161575E+00        -2.329464E+00        +2.081570E-01
7.155142E+00        -2.323165E+00        +2.075971E-01
7.148714E+00        -2.316866E+00        +2.070371E-01
7.142293E+00        -2.310649E+00        +2.064773E-01
7.135877E+00        -2.304450E+00        +2.059173E-01
7.129466E+00        -2.298169E+00        +2.053654E-01
7.123062E+00        -2.291952E+00        +2.048155E-01
7.116663E+00        -2.285833E+00        +2.042575E-01
7.110270E+00        -2.279653E+00        +2.037056E-01
7.103883E+00        -2.273455E+00        +2.031637E-01
7.097501E+00        -2.267336E+00        +2.026157E-01
7.091125E+00        -2.261237E+00        +2.020657E-01
7.084755E+00        -2.255138E+00        +2.015239E-01
7.078391E+00        -2.249039E+00        +2.009839E-01
7.072032E+00        -2.242940E+00        +2.004440E-01
7.065679E+00        -2.236922E+00        +1.999040E-01
7.059332E+00        -2.230923E+00        +1.993641E-01
7.052991E+00        -2.224843E+00        +1.988242E-01
7.046655E+00        -2.218825E+00        +1.982923E-01
7.040325E+00        -2.212826E+00        +1.977543E-01
7.034000E+00        -2.206907E+00        +1.972224E-01
7.027682E+00        -2.200928E+00        +1.966925E-01
7.021369E+00        -2.195010E+00        +1.961625E-01
7.015061E+00        -2.189030E+00        +1.956325E-01
7.008759E+00        -2.183111E+00        +1.951026E-01
7.002463E+00        -2.177293E+00        +1.945807E-01
6.996173E+00        -2.171414E+00        +1.940527E-01
6.989888E+00        -2.165514E+00        +1.935308E-01
6.983609E+00        -2.159696E+00        +1.930109E-01
6.977336E+00        -2.153898E+00        +1.924910E-01
6.971068E+00        -2.148018E+00        +1.919710E-01
6.964805E+00        -2.142199E+00        +1.914591E-01
6.958549E+00        -2.136481E+00        +1.909411E-01
6.952298E+00        -2.130701E+00        +1.904292E-01
6.946053E+00        -2.124902E+00        +1.899112E-01
6.939813E+00        -2.119184E+00        +1.893993E-01
6.933579E+00        -2.113485E+00        +1.888894E-01
6.927350E+00        -2.107785E+00        +1.883794E-01
6.921127E+00        -2.102086E+00        +1.878775E-01
6.914910E+00        -2.096387E+00        +1.873695E-01
6.908698E+00        -2.090769E+00        +1.868676E-01
6.902492E+00        -2.085089E+00        +1.863596E-01
6.896291E+00        -2.079470E+00        +1.858577E-01
6.890096E+00        -2.073871E+00        +1.853577E-01
6.883907E+00        -2.068273E+00        +1.848578E-01
6.877723E+00        -2.062674E+00        +1.843579E-01
6.871544E+00        -2.057074E+00        +1.838659E-01
6.865372E+00        -2.051556E+00        +1.833680E-01
6.859204E+00        -2.046056E+00        +1.828760E-01
6.853043E+00        -2.040478E+00        +1.823861E-01
6.846886E+00        -2.034958E+00        +1.818961E-01
6.840736E+00        -2.029460E+00        +1.814062E-01
6.834591E+00        -2.024041E+00        +1.809163E-01
6.828451E+00        -2.018561E+00        +1.804263E-01
6.822317E+00        -2.013062E+00        +1.799363E-01
6.816188E+00        -2.007643E+00        +1.794544E-01
6.810065E+00        -2.002244E+00        +1.789744E-01
6.803948E+00        -1.996846E+00        +1.784865E-01
6.797835E+00        -1.991446E+00        +1.780045E-01
6.791729E+00        -1.986047E+00        +1.775326E-01
6.785628E+00        -1.980729E+00        +1.770547E-01
6.779532E+00        -1.975349E+00        +1.765747E-01
6.773442E+00        -1.970030E+00        +1.760948E-01
6.767357E+00        -1.964731E+00        +1.756228E-01
6.761278E+00        -1.959432E+00        +1.751529E-01
6.755204E+00        -1.954133E+00        +1.746829E-01
6.749136E+00        -1.948834E+00        +1.742130E-01
6.743073E+00        -1.943615E+00        +1.737430E-01
6.737016E+00        -1.938336E+00        +1.732731E-01
6.730964E+00        -1.933117E+00        +1.728031E-01
6.724917E+00        -1.927918E+00        +1.723412E-01
6.718876E+00        -1.922719E+00        +1.718732E-01
6.712840E+00        -1.917519E+00        +1.714112E-01
6.706810E+00        -1.912320E+00        +1.709513E-01
6.700785E+00        -1.907121E+00        +1.704913E-01
6.694766E+00        -1.902002E+00        +1.700314E-01
6.688752E+00        -1.896903E+00        +1.695715E-01
6.682743E+00        -1.891724E+00        +1.691195E-01
6.676740E+00        -1.886605E+00        +1.686615E-01
6.670742E+00        -1.881506E+00        +1.682096E-01
6.664750E+00        -1.876487E+00        +1.677516E-01
6.658763E+00        -1.871408E+00        +1.672997E-01
6.652781E+00        -1.866389E+00        +1.668497E-01
6.646805E+00        -1.861310E+00        +1.663998E-01
6.640834E+00        -1.856290E+00        +1.659498E-01
6.634868E+00        -1.851291E+00        +1.655078E-01
6.628908E+00        -1.846292E+00        +1.650599E-01
6.622953E+00        -1.841293E+00        +1.646179E-01
6.617004E+00        -1.836294E+00        +1.641700E-01
6.611060E+00        -1.831375E+00        +1.637281E-01
6.605121E+00        -1.826396E+00        +1.632881E-01
6.599187E+00        -1.821476E+00        +1.628481E-01
6.593259E+00        -1.816577E+00        +1.624082E-01
6.587336E+00        -1.811678E+00        +1.619762E-01
6.581419E+00        -1.806779E+00        +1.615383E-01
6.575507E+00        -1.801880E+00        +1.610983E-01
6.569600E+00        -1.797061E+00        +1.606664E-01
6.563698E+00        -1.792181E+00        +1.602364E-01
6.557802E+00        -1.787362E+00        +1.598064E-01
6.551911E+00        -1.782483E+00        +1.593765E-01
6.546025E+00        -1.777664E+00        +1.589465E-01
6.540145E+00        -1.772865E+00        +1.585166E-01
6.534270E+00        -1.768066E+00        +1.580866E-01
6.528400E+00        -1.763347E+00        +1.576646E-01
6.522535E+00        -1.758567E+00        +1.572367E-01
6.516676E+00        -1.753848E+00        +1.568147E-01
6.510822E+00        -1.749069E+00        +1.563948E-01
6.504973E+00        -1.744350E+00        +1.559668E-01
6.499130E+00        -1.739651E+00        +1.555449E-01
6.493291E+00        -1.734951E+00        +1.551328E-01
6.487458E+00        -1.730252E+00        +1.547149E-01
6.481630E+00        -1.725553E+00        +1.542949E-01
6.475808E+00        -1.720934E+00        +1.538830E-01
6.469991E+00        -1.716335E+00        +1.534651E-01
6.464179E+00        -1.711656E+00        +1.530531E-01
6.458372E+00        -1.707036E+00        +1.526431E-01
6.452570E+00        -1.702437E+00        +1.522331E-01
6.446774E+00        -1.697838E+00        +1.518232E-01
6.440982E+00        -1.693238E+00        +1.514132E-01
6.435196E+00        -1.688639E+00        +1.510032E-01
6.429415E+00        -1.684120E+00        +1.505933E-01
6.423640E+00        -1.679541E+00        +1.501913E-01
6.417869E+00        -1.675021E+00        +1.497834E-01
6.412104E+00        -1.670522E+00        +1.493814E-01
6.406344E+00        -1.666023E+00        +1.489814E-01
6.400589E+00        -1.661524E+00        +1.485815E-01
6.394839E+00        -1.657025E+00        +1.481815E-01
6.389095E+00        -1.652526E+00        +1.477816E-01
6.383355E+00        -1.648106E+00        +1.473816E-01
6.377621E+00        -1.643627E+00        +1.469816E-01
6.371892E+00        -1.639208E+00        +1.465896E-01
6.366168E+00        -1.634729E+00        +1.461917E-01
6.360449E+00        -1.630309E+00        +1.457997E-01
6.354735E+00        -1.625910E+00        +1.454097E-01
6.349027E+00        -1.621511E+00        +1.450118E-01
6.343323E+00        -1.617191E+00        +1.446198E-01
6.337625E+00        -1.612812E+00        +1.442299E-01
6.331932E+00        -1.608413E+00        +1.438479E-01
6.326244E+00        -1.604094E+00        +1.434600E-01
6.320561E+00        -1.599794E+00        +1.430700E-01
6.314883E+00        -1.595495E+00        +1.426880E-01
6.309210E+00        -1.591116E+00        +1.423000E-01
6.303543E+00        -1.586797E+00        +1.419181E-01
6.297880E+00        -1.582577E+00        +1.415381E-01
6.292223E+00        -1.578299E+00        +1.411582E-01
6.286570E+00        -1.573999E+00        +1.407782E-01
6.280923E+00        -1.569779E+00        +1.403982E-01
6.275281E+00        -1.565501E+00        +1.400183E-01
6.269643E+00        -1.561280E+00        +1.396382E-01
6.264011E+00        -1.557081E+00        +1.392662E-01
6.258384E+00        -1.552882E+00        +1.388883E-01
6.252762E+00        -1.548683E+00        +1.385163E-01
6.247145E+00        -1.544484E+00        +1.381384E-01
6.241533E+00        -1.540284E+00        +1.377664E-01
6.235926E+00        -1.536164E+00        +1.373964E-01
6.230325E+00        -1.531986E+00        +1.370265E-01
6.224728E+00        -1.527866E+00        +1.366565E-01
6.219136E+00        -1.523767E+00        +1.362865E-01
6.213549E+00        -1.519668E+00        +1.359245E-01
6.207968E+00        -1.515569E+00        +1.355566E-01
6.202391E+00        -1.511469E+00        +1.351946E-01
6.196819E+00        -1.507370E+00        +1.348267E-01
6.191252E+00        -1.503270E+00        +1.344646E-01
6.185691E+00        -1.499251E+00        +1.341047E-01
6.180134E+00        -1.495172E+00        +1.337447E-01
6.174582E+00        -1.491152E+00        +1.333847E-01
6.169036E+00        -1.487153E+00        +1.330248E-01
6.163494E+00        -1.483075E+00        +1.326648E-01
6.157957E+00        -1.479054E+00        +1.323049E-01
6.152425E+00        -1.475055E+00        +1.319449E-01
6.146898E+00        -1.471135E+00        +1.315928E-01
6.141377E+00        -1.467157E+00        +1.312429E-01
6.135860E+00        -1.463158E+00        +1.308850E-01
6.130348E+00        -1.459238E+00        +1.305330E-01
6.124841E+00        -1.455259E+00        +1.301830E-01
6.119339E+00        -1.451339E+00        +1.298331E-01
6.113842E+00        -1.447440E+00        +1.294831E-01
6.108349E+00        -1.443540E+00        +1.291331E-01
6.102862E+00        -1.439641E+00        +1.287831E-01
6.097380E+00        -1.435742E+00        +1.284411E-01
6.091903E+00        -1.431843E+00        +1.280932E-01
6.086430E+00        -1.428022E+00        +1.277432E-01
6.080963E+00        -1.424144E+00        +1.274012E-01
6.075500E+00        -1.420324E+00        +1.270612E-01
6.070042E+00        -1.416445E+00        +1.267212E-01
6.064589E+00        -1.412625E+00        +1.263734E-01
6.059141E+00        -1.408826E+00        +1.260313E-01
6.053698E+00        -1.405026E+00        +1.256913E-01
6.048260E+00        -1.401227E+00        +1.253593E-01
6.042827E+00        -1.397428E+00        +1.250214E-01
6.037399E+00        -1.393629E+00        +1.246815E-01
6.031975E+00        -1.389908E+00        +1.243494E-01
6.026557E+00        -1.386131E+00        +1.240116E-01
6.021143E+00        -1.382410E+00        +1.236795E-01
6.015734E+00        -1.378632E+00        +1.233416E-01
6.010330E+00        -1.374911E+00        +1.230095E-01
6.004931E+00        -1.371212E+00        +1.226796E-01
5.999536E+00        -1.367512E+00        +1.223496E-01
5.994147E+00        -1.363813E+00        +1.220196E-01
5.988762E+00        -1.360114E+00        +1.216896E-01
5.983383E+00        -1.356415E+00        +1.213676E-01
5.978008E+00        -1.352795E+00        +1.210397E-01
5.972637E+00        -1.349116E+00        +1.207097E-01
5.967272E+00        -1.345496E+00        +1.203877E-01
5.961912E+00        -1.341897E+00        +1.200598E-01
5.956556E+00        -1.338218E+00        +1.197377E-01
5.951205E+00        -1.334598E+00        +1.194178E-01
5.945859E+00        -1.330999E+00        +1.190978E-01
5.940518E+00        -1.327399E+00        +1.187778E-01
5.935181E+00        -1.323800E+00        +1.184578E-01
5.929850E+00        -1.320201E+00        +1.181379E-01
5.924523E+00        -1.316680E+00        +1.178179E-01
5.919201E+00        -1.313102E+00        +1.174980E-01
5.913883E+00        -1.309581E+00        +1.171780E-01
5.908571E+00        -1.306004E+00        +1.168659E-01
5.903263E+00        -1.302483E+00        +1.165481E-01
5.897960E+00        -1.298984E+00        +1.162360E-01
5.892662E+00        -1.295484E+00        +1.159260E-01
5.887368E+00        -1.291985E+00        +1.156081E-01
5.882080E+00        -1.288486E+00        +1.152961E-01
5.876796E+00        -1.284987E+00        +1.149861E-01
5.871516E+00        -1.281565E+00        +1.146761E-01
5.866242E+00        -1.278088E+00        +1.143740E-01
5.860972E+00        -1.274588E+00        +1.140662E-01
5.855707E+00        -1.271168E+00        +1.137562E-01
5.850447E+00        -1.267768E+00        +1.134462E-01
5.845191E+00        -1.264290E+00        +1.131441E-01
5.839941E+00        -1.260870E+00        +1.128363E-01
5.834694E+00        -1.257470E+00        +1.125342E-01
5.829453E+00        -1.254071E+00        +1.122342E-01
5.824216E+00        -1.250671E+00        +1.119264E-01
5.818984E+00        -1.247351E+00        +1.116243E-01
5.813757E+00        -1.243973E+00        +1.113243E-01
5.808534E+00        -1.240573E+00        +1.110243E-01
5.803317E+00        -1.237253E+00        +1.107244E-01
5.798103E+00        -1.233875E+00        +1.104322E-01
5.792895E+00        -1.230554E+00        +1.101344E-01
5.787691E+00        -1.227255E+00        +1.098345E-01
5.782492E+00        -1.223956E+00        +1.095424E-01
5.777297E+00        -1.220656E+00        +1.092445E-01
5.772107E+00        -1.217357E+00        +1.089524E-01
5.766922E+00        -1.214057E+00        +1.086546E-01
5.761742E+00        -1.210758E+00        +1.083625E-01
5.756566E+00        -1.207459E+00        +1.080725E-01
5.751395E+00        -1.204238E+00        +1.077825E-01
5.746228E+00        -1.200960E+00        +1.074925E-01
5.741066E+00        -1.197739E+00        +1.072026E-01
5.735909E+00        -1.194461E+00        +1.069126E-01
5.730756E+00        -1.191240E+00        +1.066226E-01
5.725608E+00        -1.188041E+00        +1.063326E-01
5.720465E+00        -1.184842E+00        +1.060505E-01
5.715326E+00        -1.181642E+00        +1.057627E-01
5.710192E+00        -1.178443E+00        +1.054806E-01
5.705062E+00        -1.175243E+00        +1.051928E-01
5.699937E+00        -1.172044E+00        +1.049106E-01
5.694817E+00        -1.168923E+00        +1.046307E-01
5.689701E+00        -1.165745E+00        +1.043507E-01
5.684590E+00        -1.162624E+00        +1.040707E-01
5.679484E+00        -1.159447E+00        +1.037829E-01
5.674382E+00        -1.156326E+00        +1.035008E-01
5.669284E+00        -1.153226E+00        +1.032286E-01
5.664191E+00        -1.150127E+00        +1.029508E-01
5.659103E+00        -1.146949E+00        +1.026709E-01
5.654019E+00        -1.143828E+00        +1.023909E-01
5.648940E+00        -1.140729E+00        +1.021187E-01
5.643866E+00        -1.137708E+00        +1.018410E-01
5.638796E+00        -1.134630E+00        +1.015688E-01
5.633730E+00        -1.131531E+00        +1.012988E-01
5.628670E+00        -1.128510E+00        +1.010211E-01
5.623613E+00        -1.125432E+00        +1.007489E-01
5.618561E+00        -1.122411E+00        +1.004789E-01
5.613514E+00        -1.119411E+00        +1.002089E-01
5.608472E+00        -1.116334E+00        +9.993820E-02
5.603433E+00        -1.113313E+00        +9.966875E-02
5.598400E+00        -1.110314E+00        +9.940059E-02
5.593371E+00        -1.107314E+00        +9.913263E-02
5.588346E+00        -1.104315E+00        +9.886541E-02
5.583326E+00        -1.101315E+00        +9.859923E-02
5.578310E+00        -1.098394E+00        +9.833401E-02
5.573299E+00        -1.095416E+00        +9.806904E-02
5.568293E+00        -1.092417E+00        +9.780488E-02
5.563291E+00        -1.089496E+00        +9.754091E-02
5.558293E+00        -1.086518E+00        +9.727848E-02
5.553300E+00        -1.083597E+00        +9.701651E-02
5.548311E+00        -1.080697E+00        +9.675452E-02
5.543327E+00        -1.077798E+00        +9.649411E-02
5.538347E+00        -1.074820E+00        +9.623412E-02
5.533372E+00        -1.071899E+00        +9.597493E-02
5.528402E+00        -1.069000E+00        +9.571600E-02
5.523435E+00        -1.066100E+00        +9.545854E-02
5.518473E+00        -1.063279E+00        +9.520156E-02
5.513516E+00        -1.060402E+00        +9.494460E-02
5.508563E+00        -1.057502E+00        +9.468840E-02
5.503615E+00        -1.054681E+00        +9.443401E-02
5.498671E+00        -1.051804E+00        +9.417925E-02
5.493731E+00        -1.048982E+00        +9.392503E-02
5.488796E+00        -1.046105E+00        +9.367262E-02
5.483866E+00        -1.043284E+00        +9.341990E-02
5.478939E+00        -1.040484E+00        +9.316845E-02
5.474017E+00        -1.037684E+00        +9.291747E-02
5.469100E+00        -1.034885E+00        +9.266729E-02
5.464187E+00        -1.032086E+00        +9.241731E-02
5.459279E+00        -1.029286E+00        +9.216815E-02
5.454374E+00        -1.026487E+00        +9.191991E-02
5.449475E+00        -1.023688E+00        +9.167275E-02
5.444579E+00        -1.020966E+00        +9.142574E-02
5.439688E+00        -1.018188E+00        +9.117876E-02
5.434802E+00        -1.015467E+00        +9.093337E-02
5.429920E+00        -1.012690E+00        +9.068840E-02
5.425042E+00        -1.009968E+00        +9.044420E-02
5.420168E+00        -1.007268E+00        +9.020019E-02
5.415299E+00        -1.004569E+00        +8.995699E-02
5.410435E+00        -1.001792E+00        +8.971483E-02
5.405574E+00        -9.990857E-01        +8.947282E-02
5.400719E+00        -9.963990E-01        +8.923166E-02
5.395867E+00        -9.937016E-01        +8.899144E-02
5.391020E+00        -9.910178E-01        +8.875148E-02
5.386177E+00        -9.883383E-01        +8.851227E-02
5.381338E+00        -9.856663E-01        +8.827404E-02
5.376504E+00        -9.830047E-01        +8.803608E-02
5.371674E+00        -9.803452E-01        +8.779887E-02
5.366849E+00        -9.776938E-01        +8.756269E-02
5.362028E+00        -9.750522E-01        +8.732672E-02
5.357211E+00        -9.724126E-01        +8.709151E-02
5.352399E+00        -9.697890E-01        +8.685656E-02
5.347591E+00        -9.671696E-01        +8.662236E-02
5.342787E+00        -9.645501E-01        +8.638915E-02
5.337987E+00        -9.619459E-01        +8.615693E-02
5.333192E+00        -9.593466E-01        +8.592496E-02
5.328401E+00        -9.567471E-01        +8.569298E-02
5.323614E+00        -9.541629E-01        +8.546176E-02
5.318832E+00        -9.515837E-01        +8.523157E-02
5.314054E+00        -9.490120E-01        +8.500237E-02
5.309281E+00        -9.464429E-01        +8.477343E-02
5.304511E+00        -9.438887E-01        +8.454442E-02
5.299746E+00        -9.413315E-01        +8.431700E-02
5.294985E+00        -9.387875E-01        +8.409002E-02
5.290229E+00        -9.362484E-01        +8.386307E-02
5.285476E+00        -9.337163E-01        +8.363683E-02
5.280728E+00        -9.311946E-01        +8.341163E-02
5.275984E+00        -9.286750E-01        +8.318741E-02
5.271245E+00        -9.261636E-01        +8.296269E-02
5.266510E+00        -9.236620E-01        +8.273927E-02
5.261779E+00        -9.211625E-01        +8.251629E-02
5.257052E+00        -9.186707E-01        +8.229408E-02
5.252329E+00        -9.161887E-01        +8.207207E-02
5.247611E+00        -9.137171E-01        +8.185088E-02
5.242897E+00        -9.112477E-01        +8.163068E-02
5.238187E+00        -9.087781E-01        +8.141069E-02
5.233482E+00        -9.063244E-01        +8.119151E-02
5.228781E+00        -9.038751E-01        +8.097255E-02
5.224083E+00        -9.014252E-01        +8.075430E-02
5.219391E+00        -8.989917E-01        +8.053714E-02
5.214702E+00        -8.965620E-01        +8.032014E-02
5.210018E+00        -8.941328E-01        +8.010319E-02
5.205337E+00        -8.917184E-01        +7.988772E-02
5.200661E+00        -8.893090E-01        +7.967197E-02
5.195989E+00        -8.868994E-01        +7.945753E-02
5.191322E+00        -8.845057E-01        +7.924358E-02
5.186658E+00        -8.821160E-01        +7.902958E-02
5.181999E+00        -8.797266E-01        +7.881716E-02
5.177344E+00        -8.773449E-01        +7.860441E-02
5.172693E+00        -8.749731E-01        +7.839297E-02
5.168046E+00        -8.726113E-01        +7.818198E-02
5.163404E+00        -8.702520E-01        +7.797102E-02
5.158765E+00        -8.679000E-01        +7.776079E-02
5.154131E+00        -8.655506E-01        +7.755159E-02
5.149501E+00        -8.632089E-01        +7.734261E-02
5.144875E+00        -8.608771E-01        +7.713440E-02
5.140254E+00        -8.585479E-01        +7.692645E-02
5.135636E+00        -8.562260E-01        +7.671923E-02
5.131023E+00        -8.539067E-01        +7.651227E-02
5.126413E+00        -8.516023E-01        +7.630603E-02
5.121808E+00        -8.492952E-01        +7.610005E-02
5.117207E+00        -8.470011E-01        +7.589485E-02
5.112610E+00        -8.447116E-01        +7.569063E-02
5.108018E+00        -8.424302E-01        +7.548669E-02
5.103429E+00        -8.401505E-01        +7.528346E-02
5.098844E+00        -8.378785E-01        +7.508046E-02
5.094264E+00        -8.356092E-01        +7.487827E-02
5.089688E+00        -8.333475E-01        +7.467630E-02
5.085116E+00        -8.310958E-01        +7.447509E-02
5.080548E+00        -8.288463E-01        +7.427489E-02
5.075984E+00        -8.266045E-01        +7.407490E-02
5.071424E+00        -8.243727E-01        +7.387492E-02
5.066868E+00        -8.221430E-01        +7.367570E-02
5.062317E+00        -8.199216E-01        +7.347751E-02
5.057769E+00        -8.177019E-01        +7.327951E-02
5.053225E+00        -8.154898E-01        +7.308151E-02
5.048686E+00        -8.132882E-01        +7.288509E-02
5.044151E+00        -8.110889E-01        +7.268835E-02
5.039620E+00        -8.088972E-01        +7.249215E-02
5.035092E+00        -8.067073E-01        +7.229691E-02
5.030569E+00        -8.045255E-01        +7.210270E-02
5.026050E+00        -8.023461E-01        +7.190795E-02
5.021535E+00        -8.001742E-01        +7.171451E-02
5.017024E+00        -7.980124E-01        +7.152152E-02
5.012517E+00        -7.958528E-01        +7.132854E-02
5.008015E+00        -7.937014E-01        +7.113636E-02
5.003516E+00        -7.915518E-01        +7.094437E-02
4.999021E+00        -7.894099E-01        +7.075315E-02
4.994530E+00        -7.872779E-01        +7.056292E-02
4.990044E+00        -7.851487E-01        +7.037297E-02
4.985561E+00        -7.830267E-01        +7.018297E-02
4.981082E+00        -7.809070E-01        +6.999374E-02
4.976608E+00        -7.787955E-01        +6.980556E-02
4.972137E+00        -7.766858E-01        +6.961679E-02
4.967671E+00        -7.745842E-01        +6.942937E-02
4.963208E+00        -7.724922E-01        +6.924237E-02
4.958750E+00        -7.704029E-01        +6.905618E-02
4.954295E+00        -7.683209E-01        +6.887017E-02
4.949845E+00        -7.662416E-01        +6.868421E-02
4.945398E+00        -7.641695E-01        +6.849898E-02
4.940956E+00        -7.621003E-01        +6.831479E-02
4.936517E+00        -7.600382E-01        +6.813079E-02
4.932083E+00        -7.579866E-01        +6.794683E-02
4.927652E+00        -7.559369E-01        +6.776360E-02
4.923225E+00        -7.538872E-01        +6.758137E-02
4.918803E+00        -7.518456E-01        +6.739941E-02
4.914384E+00        -7.498136E-01        +6.721741E-02
4.909969E+00        -7.477839E-01        +6.703618E-02
4.905559E+00        -7.457624E-01        +6.685523E-02
4.901152E+00        -7.437504E-01        +6.667501E-02
4.896749E+00        -7.417408E-01        +6.649578E-02
4.892350E+00        -7.397312E-01        +6.631679E-02
4.887955E+00        -7.377293E-01        +6.613780E-02
4.883565E+00        -7.357302E-01        +6.595963E-02
4.879178E+00        -7.337383E-01        +6.578164E-02
4.874795E+00        -7.317565E-01        +6.560443E-02
4.870415E+00        -7.297765E-01        +6.542818E-02
4.866040E+00        -7.278048E-01        +6.525143E-02
4.861669E+00        -7.258353E-01        +6.507523E-02
4.857302E+00        -7.238736E-01        +6.490002E-02
4.852938E+00        -7.219138E-01        +6.472502E-02
4.848579E+00        -7.199621E-01        +6.455082E-02
4.844223E+00        -7.180124E-01        +6.437682E-02
4.839872E+00        -7.160708E-01        +6.420363E-02
4.835524E+00        -7.141312E-01        +6.403063E-02
4.831180E+00        -7.121992E-01        +6.385764E-02
4.826840E+00        -7.102696E-01        +6.368542E-02
4.822504E+00        -7.083478E-01        +6.351421E-02
4.818172E+00        -7.064359E-01        +6.334323E-02
4.813844E+00        -7.045265E-01        +6.317226E-02
4.809519E+00        -7.026167E-01        +6.300201E-02
4.805199E+00        -7.007150E-01        +6.283205E-02
4.800882E+00        -6.988229E-01        +6.266281E-02
4.796570E+00        -6.969337E-01        +6.249386E-02
4.792261E+00        -6.950441E-01        +6.232563E-02
4.787956E+00        -6.931622E-01        +6.215765E-02
4.783655E+00        -6.912903E-01        +6.199043E-02
4.779358E+00        -6.894209E-01        +6.182346E-02
4.775064E+00        -6.875510E-01        +6.165645E-02
4.770775E+00        -6.856894E-01        +6.149025E-02
4.766489E+00        -6.838373E-01        +6.132502E-02
4.762207E+00        -6.819877E-01        +6.116003E-02
4.757929E+00        -6.801381E-01        +6.099504E-02
4.753655E+00        -6.782963E-01        +6.083006E-02
4.749385E+00        -6.764645E-01        +6.066662E-02
4.745118E+00        -6.746347E-01        +6.050285E-02
4.740856E+00        -6.728054E-01        +6.033965E-02
4.736597E+00        -6.709910E-01        +6.017742E-02
4.732342E+00        -6.691738E-01        +6.001544E-02
4.728091E+00        -6.673619E-01        +5.985346E-02
4.723844E+00        -6.655602E-01        +5.969225E-02
4.719600E+00        -6.637528E-01        +5.953125E-02
4.715360E+00        -6.619583E-01        +5.937101E-02
4.711124E+00        -6.601687E-01        +5.921102E-02
4.706892E+00        -6.583792E-01        +5.905104E-02
4.702664E+00        -6.565974E-01        +5.889183E-02
4.698440E+00        -6.548256E-01        +5.873363E-02
4.694219E+00        -6.530560E-01        +5.857487E-02
4.690002E+00        -6.512863E-01        +5.841741E-02
4.685789E+00        -6.495245E-01        +5.825966E-02
4.681580E+00        -6.477650E-01        +5.810245E-02
4.677374E+00        -6.460129E-01        +5.794621E-02
4.673172E+00        -6.442632E-01        +5.779022E-02
4.668974E+00        -6.425213E-01        +5.763423E-02
4.664780E+00        -6.407818E-01        +5.747902E-02
4.660590E+00        -6.390500E-01        +5.732405E-02
4.656403E+00        -6.373203E-01        +5.716982E-02
4.652220E+00        -6.355907E-01        +5.701583E-02
4.648041E+00        -6.338689E-01        +5.686185E-02
4.643865E+00        -6.321566E-01        +5.670860E-02
4.639694E+00        -6.304474E-01        +5.655564E-02
4.635526E+00        -6.287378E-01        +5.640342E-02
4.631362E+00        -6.270359E-01        +5.625144E-02
4.627201E+00        -6.253360E-01        +5.609943E-02
4.623045E+00        -6.236444E-01        +5.594823E-02
4.618892E+00        -6.219624E-01        +5.579801E-02
4.614742E+00        -6.202749E-01        +5.564723E-02
4.610597E+00        -6.185931E-01        +5.549702E-02
4.606455E+00        -6.169211E-01        +5.534779E-02
4.602317E+00        -6.152515E-01        +5.519881E-02
4.598183E+00        -6.135897E-01        +5.504984E-02
4.594052E+00        -6.119299E-01        +5.490160E-02
4.589925E+00        -6.102703E-01        +5.475361E-02
4.585802E+00        -6.086184E-01        +5.460639E-02
4.581683E+00        -6.069766E-01        +5.445866E-02
4.577567E+00        -6.053294E-01        +5.431219E-02
4.573455E+00        -6.036874E-01        +5.416545E-02
4.569346E+00        -6.020552E-01        +5.401920E-02
4.565242E+00        -6.004259E-01        +5.387400E-02
4.561141E+00        -5.988039E-01        +5.372901E-02
4.557043E+00        -5.971841E-01        +5.358401E-02
4.552949E+00        -5.955644E-01        +5.343977E-02
4.548860E+00        -5.939528E-01        +5.329582E-02
4.544773E+00        -5.923429E-01        +5.315181E-02
4.540691E+00        -5.907412E-01        +5.300860E-02
4.536612E+00        -5.891416E-01        +5.286561E-02
4.532536E+00        -5.875493E-01        +5.272336E-02
4.528465E+00        -5.859600E-01        +5.258140E-02
4.524397E+00        -5.843704E-01        +5.243941E-02
4.520332E+00        -5.827881E-01        +5.229816E-02
4.516272E+00        -5.812088E-01        +5.215720E-02
4.512215E+00        -5.796368E-01        +5.201697E-02
4.508161E+00        -5.780670E-01        +5.187697E-02
4.504111E+00        -5.765049E-01        +5.173697E-02
4.500065E+00        -5.749453E-01        +5.159699E-02
4.496023E+00        -5.733859E-01        +5.145778E-02
4.491984E+00        -5.718338E-01        +5.131954E-02
4.487949E+00        -5.702843E-01        +5.118156E-02
4.483917E+00        -5.687422E-01        +5.104356E-02
4.479889E+00        -5.672026E-01        +5.090558E-02
4.475865E+00        -5.656707E-01        +5.076836E-02
4.471844E+00        -5.641334E-01        +5.063136E-02
4.467827E+00        -5.626090E-01        +5.049514E-02
4.463813E+00        -5.610892E-01        +5.035914E-02
4.459804E+00        -5.595700E-01        +5.022318E-02
4.455797E+00        -5.580501E-01        +5.008793E-02
4.451794E+00        -5.565380E-01        +4.995293E-02
4.447795E+00        -5.550360E-01        +4.981870E-02
4.443800E+00        -5.535290E-01        +4.968398E-02
4.439808E+00        -5.520345E-01        +4.955050E-02
4.435820E+00        -5.505375E-01        +4.941677E-02
4.431835E+00        -5.490453E-01        +4.928353E-02
4.427854E+00        -5.475634E-01        +4.915055E-02
4.423876E+00        -5.460761E-01        +4.901831E-02
4.419902E+00        -5.446016E-01        +4.888632E-02
4.415931E+00        -5.431242E-01        +4.875432E-02
4.411965E+00        -5.416525E-01        +4.862312E-02
4.408001E+00        -5.401902E-01        +4.849211E-02
4.404041E+00        -5.387230E-01        +4.836111E-02
4.400085E+00        -5.372686E-01        +4.823089E-02
4.396133E+00        -5.358116E-01        +4.810092E-02
4.392183E+00        -5.343593E-01        +4.797091E-02
4.388238E+00        -5.329099E-01        +4.784169E-02
4.384296E+00        -5.314678E-01        +4.771271E-02
4.380357E+00        -5.300280E-01        +4.758446E-02
4.376422E+00        -5.285959E-01        +4.745647E-02
4.372491E+00        -5.271665E-01        +4.732849E-02
4.368563E+00        -5.257368E-01        +4.720050E-02
4.364639E+00        -5.243149E-01        +4.707328E-02
4.360718E+00        -5.228952E-01        +4.694629E-02
4.356801E+00        -5.214757E-01        +4.682006E-02
4.352887E+00        -5.200635E-01        +4.669407E-02
4.348977E+00        -5.186540E-01        +4.656809E-02
4.345070E+00        -5.172518E-01        +4.644285E-02
4.341167E+00        -5.158523E-01        +4.631711E-02
4.337267E+00        -5.144526E-01        +4.619263E-02
4.333371E+00        -5.130606E-01        +4.606789E-02
4.329478E+00        -5.116709E-01        +4.594365E-02
4.325589E+00        -5.102889E-01        +4.581967E-02
4.321703E+00        -5.089092E-01        +4.569643E-02
4.317821E+00        -5.075297E-01        +4.557345E-02
4.313942E+00        -5.061500E-01        +4.545045E-02
4.310067E+00        -5.047780E-01        +4.532823E-02
4.306195E+00        -5.034158E-01        +4.520548E-02
4.302327E+00        -5.020488E-01        +4.508401E-02
4.298462E+00        -5.006941E-01        +4.496226E-02
4.294600E+00        -4.993368E-01        +4.484101E-02
4.290742E+00        -4.979846E-01        +4.472001E-02
4.286888E+00        -4.966352E-01        +4.459979E-02
4.283037E+00        -4.952931E-01        +4.447980E-02
4.279189E+00        -4.939458E-01        +4.435980E-02
4.275345E+00        -4.926112E-01        +4.423981E-02
4.271505E+00        -4.912743E-01        +4.412060E-02
4.267668E+00        -4.899422E-01        +4.400161E-02
4.263834E+00        -4.886200E-01        +4.388337E-02
4.260004E+00        -4.872929E-01        +4.376539E-02
4.256177E+00        -4.859708E-01        +4.364739E-02
4.252353E+00        -4.846584E-01        +4.352939E-02
4.248533E+00        -4.833488E-01        +4.341215E-02
4.244717E+00        -4.820393E-01        +4.329518E-02
4.240904E+00        -4.807298E-01        +4.317819E-02
4.237094E+00        -4.794275E-01        +4.306194E-02
4.233288E+00        -4.781280E-01        +4.294596E-02
4.229485E+00        -4.768358E-01        +4.282997E-02
4.225686E+00        -4.755463E-01        +4.271474E-02
4.221890E+00        -4.742567E-01        +4.259975E-02
4.218097E+00        -4.729744E-01        +4.248475E-02
4.214308E+00        -4.716873E-01        +4.236977E-02
4.210522E+00        -4.704126E-01        +4.225553E-02
4.206740E+00        -4.691356E-01        +4.214230E-02
4.202961E+00        -4.678635E-01        +4.202856E-02
4.199185E+00        -4.665937E-01        +4.191531E-02
4.195413E+00        -4.653316E-01        +4.180232E-02
4.191644E+00        -4.640719E-01        +4.168933E-02
4.187879E+00        -4.628199E-01        +4.157710E-02
4.184117E+00        -4.615628E-01        +4.146512E-02
4.180358E+00        -4.603105E-01        +4.135312E-02
4.176603E+00        -4.590610E-01        +4.124189E-02
4.172851E+00        -4.578188E-01        +4.113089E-02
4.169102E+00        -4.565790E-01        +4.101989E-02
4.165357E+00        -4.553469E-01        +4.090891E-02
4.161615E+00        -4.541097E-01        +4.079866E-02
4.157877E+00        -4.528777E-01        +4.068868E-02
4.154142E+00        -4.516556E-01        +4.057945E-02
4.150410E+00        -4.504284E-01        +4.046970E-02
4.146682E+00        -4.492063E-01        +4.036047E-02
4.142957E+00        -4.479942E-01        +4.025223E-02
4.139235E+00        -4.467770E-01        +4.014349E-02
4.135517E+00        -4.455649E-01        +4.003525E-02
4.131802E+00        -4.443627E-01        +3.992726E-02
4.128090E+00        -4.431555E-01        +3.982001E-02
4.124382E+00        -4.419534E-01        +3.971229E-02
4.120677E+00        -4.407613E-01        +3.960504E-02
4.116975E+00        -4.395640E-01        +3.949879E-02
4.113277E+00        -4.383720E-01        +3.939207E-02
4.109582E+00        -4.371823E-01        +3.928582E-02
4.105890E+00        -4.360001E-01        +3.917983E-02
4.102201E+00        -4.348202E-01        +3.907457E-02
4.098516E+00        -4.336406E-01        +3.896883E-02
4.094835E+00        -4.324686E-01        +3.886361E-02
4.091156E+00        -4.312913E-01        +3.875935E-02
4.087481E+00        -4.301267E-01        +3.865462E-02
4.083809E+00        -4.289595E-01        +3.855037E-02
4.080141E+00        -4.277975E-01        +3.844640E-02
4.076475E+00        -4.266376E-01        +3.834313E-02
4.072813E+00        -4.254854E-01        +3.823940E-02
4.069155E+00        -4.243285E-01        +3.813617E-02
4.065499E+00        -4.231761E-01        +3.803391E-02
4.061847E+00        -4.220340E-01        +3.793118E-02
4.058198E+00        -4.208868E-01        +3.782893E-02
4.054553E+00        -4.197448E-01        +3.772696E-02
4.050911E+00        -4.186126E-01        +3.762497E-02
4.047272E+00        -4.174755E-01        +3.752373E-02
4.043636E+00        -4.163432E-01        +3.742273E-02
4.040003E+00        -4.152134E-01        +3.732173E-02
4.036374E+00        -4.140913E-01        +3.722074E-02
4.032748E+00        -4.129716E-01        +3.712050E-02
4.029126E+00        -4.118521E-01        +3.702052E-02
4.025506E+00        -4.107323E-01        +3.692052E-02
4.021890E+00        -4.096201E-01        +3.682128E-02
4.018277E+00        -4.085105E-01        +3.672229E-02
4.014667E+00        -4.074007E-01        +3.662329E-02
4.011061E+00        -4.062986E-01        +3.652431E-02
4.007458E+00        -4.051990E-01        +3.642607E-02
4.003858E+00        -4.040993E-01        +3.632808E-02
4.000261E+00        -4.030070E-01        +3.623008E-02
3.996668E+00        -4.019101E-01        +3.613210E-02
3.993077E+00        -4.008251E-01        +3.603484E-02
3.989490E+00        -3.997380E-01        +3.593785E-02
3.985906E+00        -3.986557E-01        +3.584085E-02
3.982326E+00        -3.975762E-01        +3.574388E-02
3.978748E+00        -3.964964E-01        +3.564762E-02
3.975174E+00        -3.954168E-01        +3.555163E-02
3.971603E+00        -3.943445E-01        +3.545564E-02
3.968036E+00        -3.932751E-01        +3.536041E-02
3.964471E+00        -3.922127E-01        +3.526467E-02
3.960910E+00        -3.911531E-01        +3.516943E-02
3.957352E+00        -3.900935E-01        +3.507518E-02
3.953797E+00        -3.890338E-01        +3.498045E-02
3.950245E+00        -3.879741E-01        +3.488620E-02
3.946696E+00        -3.869217E-01        +3.479219E-02
3.943151E+00        -3.858722E-01        +3.469821E-02
3.939609E+00        -3.848300E-01        +3.460497E-02
3.936070E+00        -3.837903E-01        +3.451124E-02
3.932534E+00        -3.827506E-01        +3.441798E-02
3.929001E+00        -3.817108E-01        +3.432573E-02
3.925472E+00        -3.806787E-01        +3.423301E-02
3.921945E+00        -3.796414E-01        +3.414074E-02
3.918422E+00        -3.786092E-01        +3.404875E-02
3.914902E+00        -3.775869E-01        +3.395676E-02
3.911385E+00        -3.765672E-01        +3.386551E-02
3.907872E+00        -3.755403E-01        +3.377453E-02
3.904361E+00        -3.745253E-01        +3.368353E-02
3.900854E+00        -3.735083E-01        +3.359255E-02
3.897350E+00        -3.724961E-01        +3.350156E-02
3.893849E+00        -3.714864E-01        +3.341131E-02
3.890351E+00        -3.704767E-01        +3.332132E-02
3.886856E+00        -3.694744E-01        +3.323132E-02
3.883364E+00        -3.684746E-01        +3.314206E-02
3.879876E+00        -3.674751E-01        +3.305234E-02
3.876391E+00        -3.664755E-01        +3.296310E-02
3.872908E+00        -3.654830E-01        +3.287409E-02
3.869429E+00        -3.644933E-01        +3.278584E-02
3.865953E+00        -3.635036E-01        +3.269785E-02
3.862480E+00        -3.625213E-01        +3.260912E-02
3.859011E+00        -3.615344E-01        +3.252088E-02
3.855544E+00        -3.605521E-01        +3.243362E-02
3.852081E+00        -3.595799E-01        +3.234590E-02
3.848620E+00        -3.586027E-01        +3.225864E-02
3.845163E+00        -3.576304E-01        +3.217165E-02
3.841709E+00        -3.566608E-01        +3.208541E-02
3.838258E+00        -3.556911E-01        +3.199868E-02
3.834810E+00        -3.547288E-01        +3.191242E-02
3.831365E+00        -3.537691E-01        +3.182643E-02
3.827923E+00        -3.528094E-01        +3.174043E-02
3.824484E+00        -3.518496E-01        +3.165517E-02
3.821049E+00        -3.508975E-01        +3.156946E-02
3.817616E+00        -3.499476E-01        +3.148419E-02
3.814187E+00        -3.489981E-01        +3.139995E-02
3.810760E+00        -3.480482E-01        +3.131520E-02
3.807337E+00        -3.471060E-01        +3.123096E-02
3.803917E+00        -3.461663E-01        +3.114623E-02
3.800500E+00        -3.452267E-01        +3.106198E-02
3.797086E+00        -3.442870E-01        +3.097873E-02
3.793675E+00        -3.433547E-01        +3.089500E-02
3.790267E+00        -3.424250E-01        +3.081174E-02
3.786862E+00        -3.414952E-01        +3.072875E-02
3.783460E+00        -3.405655E-01        +3.064575E-02
3.780062E+00        -3.396434E-01        +3.056351E-02
3.776666E+00        -3.387236E-01        +3.048078E-02
3.773273E+00        -3.378038E-01        +3.039852E-02
3.769884E+00        -3.368916E-01        +3.031654E-02
3.766497E+00        -3.359745E-01        +3.023527E-02
3.763114E+00        -3.350623E-01        +3.015355E-02
3.759733E+00        -3.341524E-01        +3.007229E-02
3.756356E+00        -3.332502E-01        +2.999131E-02
3.752981E+00        -3.323430E-01        +2.991030E-02
3.749610E+00        -3.314408E-01        +2.982932E-02
3.746242E+00        -3.305412E-01        +2.974907E-02
3.742876E+00        -3.296486E-01        +2.966906E-02
3.739514E+00        -3.287516E-01        +2.958908E-02
3.736155E+00        -3.278594E-01        +2.950909E-02
3.732798E+00        -3.269695E-01        +2.942982E-02
3.729445E+00        -3.260872E-01        +2.935009E-02
3.726095E+00        -3.252002E-01        +2.927084E-02
3.722748E+00        -3.243179E-01        +2.919186E-02
3.719404E+00        -3.234383E-01        +2.911360E-02
3.716062E+00        -3.225584E-01        +2.903486E-02
3.712724E+00        -3.216861E-01        +2.895661E-02
3.709389E+00        -3.208164E-01        +2.887862E-02
3.706057E+00        -3.199468E-01        +2.880063E-02
3.702728E+00        -3.190771E-01        +2.872338E-02
3.699401E+00        -3.182072E-01        +2.864563E-02
3.696078E+00        -3.173449E-01        +2.856838E-02
3.692758E+00        -3.164853E-01        +2.849139E-02
3.689441E+00        -3.156257E-01        +2.841441E-02
3.686126E+00        -3.147731E-01        +2.833813E-02
3.682815E+00        -3.139161E-01        +2.826141E-02
3.679507E+00        -3.130639E-01        +2.818516E-02
3.676201E+00        -3.122140E-01        +2.810916E-02
3.672899E+00        -3.113717E-01        +2.803317E-02
3.669600E+00        -3.105248E-01        +2.795793E-02
3.666303E+00        -3.096823E-01        +2.788219E-02
3.663010E+00        -3.088427E-01        +2.780694E-02
3.659719E+00        -3.080029E-01        +2.773194E-02
3.656431E+00        -3.071704E-01        +2.765767E-02
3.653147E+00        -3.063335E-01        +2.758296E-02
3.649865E+00        -3.055011E-01        +2.750869E-02
3.646586E+00        -3.046713E-01        +2.743469E-02
3.643311E+00        -3.038491E-01        +2.736072E-02
3.640038E+00        -3.030220E-01        +2.728672E-02
3.636768E+00        -3.021996E-01        +2.721273E-02
3.633501E+00        -3.013799E-01        +2.713947E-02
3.630237E+00        -3.005602E-01        +2.706647E-02
3.626976E+00        -2.997479E-01        +2.699348E-02
3.623718E+00        -2.989309E-01        +2.692049E-02
3.620462E+00        -2.981183E-01        +2.684822E-02
3.617210E+00        -2.973087E-01        +2.677550E-02
3.613961E+00        -2.965064E-01        +2.670325E-02
3.610714E+00        -2.956992E-01        +2.663124E-02
3.607471E+00        -2.948969E-01        +2.656000E-02
3.604230E+00        -2.940971E-01        +2.648826E-02
3.600992E+00        -2.932974E-01        +2.641700E-02
3.597757E+00        -2.925049E-01        +2.634527E-02
3.594525E+00        -2.917079E-01        +2.627401E-02
3.591296E+00        -2.909155E-01        +2.620375E-02
3.588070E+00        -2.901258E-01        +2.613302E-02
3.584847E+00        -2.893435E-01        +2.606277E-02
3.581627E+00        -2.885565E-01        +2.599205E-02
3.578409E+00        -2.877740E-01        +2.592178E-02
3.575195E+00        -2.869944E-01        +2.585179E-02
3.571983E+00        -2.862146E-01        +2.578253E-02
3.568774E+00        -2.854348E-01        +2.571280E-02
3.565569E+00        -2.846626E-01        +2.564355E-02
3.562365E+00        -2.838926E-01        +2.557454E-02
3.559165E+00        -2.831230E-01        +2.550555E-02
3.555968E+00        -2.823533E-01        +2.543656E-02
3.552774E+00        -2.815837E-01        +2.536831E-02
3.549582E+00        -2.808211E-01        +2.529957E-02
3.546394E+00        -2.800616E-01        +2.523132E-02
3.543208E+00        -2.793018E-01        +2.516333E-02
3.540025E+00        -2.785421E-01        +2.509533E-02
3.536845E+00        -2.777823E-01        +2.502807E-02
3.533668E+00        -2.770300E-01        +2.496035E-02
3.530493E+00        -2.762801E-01        +2.489307E-02
3.527322E+00        -2.755305E-01        +2.482609E-02
3.524153E+00        -2.747807E-01        +2.475909E-02
3.520987E+00        -2.740309E-01        +2.469209E-02
3.517824E+00        -2.732885E-01        +2.462583E-02
3.514664E+00        -2.725488E-01        +2.455911E-02
3.511507E+00        -2.718091E-01        +2.449285E-02
3.508353E+00        -2.710695E-01        +2.442687E-02
3.505201E+00        -2.703297E-01        +2.436086E-02
3.502052E+00        -2.695972E-01        +2.429560E-02
3.498906E+00        -2.688674E-01        +2.422987E-02
3.495763E+00        -2.681377E-01        +2.416461E-02
3.492623E+00        -2.674081E-01        +2.409962E-02
3.489485E+00        -2.666855E-01        +2.403462E-02
3.486351E+00        -2.659587E-01        +2.396964E-02
3.483219E+00        -2.652362E-01        +2.390464E-02
3.480090E+00        -2.645165E-01        +2.384038E-02
3.476964E+00        -2.637968E-01        +2.377639E-02
3.473840E+00        -2.630842E-01        +2.371238E-02
3.470719E+00        -2.623671E-01        +2.364838E-02
3.467602E+00        -2.616548E-01        +2.358440E-02
3.464487E+00        -2.609451E-01        +2.352041E-02
3.461374E+00        -2.602352E-01        +2.345713E-02
3.458265E+00        -2.595328E-01        +2.339414E-02
3.455158E+00        -2.588257E-01        +2.333114E-02
3.452055E+00        -2.581235E-01        +2.326816E-02
3.448954E+00        -2.574237E-01        +2.320517E-02
3.445855E+00        -2.567238E-01        +2.314289E-02
3.442760E+00        -2.560242E-01        +2.308018E-02
3.439667E+00        -2.553317E-01        +2.301791E-02
3.436577E+00        -2.546346E-01        +2.295591E-02
3.433490E+00        -2.539422E-01        +2.289392E-02
3.430406E+00        -2.532526E-01        +2.283193E-02
3.427324E+00        -2.525700E-01        +2.277066E-02
3.424245E+00        -2.518829E-01        +2.270893E-02
3.421169E+00        -2.512005E-01        +2.264767E-02
3.418096E+00        -2.505136E-01        +2.258668E-02
3.415026E+00        -2.498312E-01        +2.252570E-02
3.411958E+00        -2.491587E-01        +2.246470E-02
3.408893E+00        -2.484817E-01        +2.240443E-02
3.405830E+00        -2.478018E-01        +2.234442E-02
3.402771E+00        -2.471294E-01        +2.228371E-02
3.399714E+00        -2.464596E-01        +2.222344E-02
3.396660E+00        -2.457899E-01        +2.216344E-02
3.393609E+00        -2.451202E-01        +2.210418E-02
3.390560E+00        -2.444576E-01        +2.204445E-02
3.387515E+00        -2.437908E-01        +2.198520E-02
3.384472E+00        -2.431283E-01        +2.192548E-02
3.381431E+00        -2.424684E-01        +2.186620E-02
3.378394E+00        -2.418088E-01        +2.180722E-02
3.375359E+00        -2.411563E-01        +2.174895E-02
3.372327E+00        -2.404993E-01        +2.169023E-02
3.369297E+00        -2.398467E-01        +2.163122E-02
3.366270E+00        -2.391969E-01        +2.157295E-02
3.363247E+00        -2.385474E-01        +2.151497E-02
3.360225E+00        -2.378975E-01        +2.145696E-02
3.357207E+00        -2.372478E-01        +2.139898E-02
3.354191E+00        -2.366053E-01        +2.134171E-02
3.351178E+00        -2.359656E-01        +2.128399E-02
3.348167E+00        -2.353257E-01        +2.122671E-02
3.345160E+00        -2.346861E-01        +2.116901E-02
3.342155E+00        -2.340464E-01        +2.111174E-02
3.339152E+00        -2.334065E-01        +2.105473E-02
3.336153E+00        -2.327741E-01        +2.099847E-02
3.333156E+00        -2.321444E-01        +2.094175E-02
3.330162E+00        -2.315147E-01        +2.088548E-02
3.327170E+00        -2.308848E-01        +2.082876E-02
3.324181E+00        -2.302550E-01        +2.077248E-02
3.321195E+00        -2.296326E-01        +2.071649E-02
3.318212E+00        -2.290057E-01        +2.066051E-02
3.315231E+00        -2.283831E-01        +2.060523E-02
3.312253E+00        -2.277634E-01        +2.054952E-02
3.309277E+00        -2.271435E-01        +2.049423E-02
3.306304E+00        -2.265310E-01        +2.043851E-02
3.303334E+00        -2.259140E-01        +2.038324E-02
3.300367E+00        -2.253016E-01        +2.032826E-02
3.297402E+00        -2.246846E-01        +2.027398E-02
3.294440E+00        -2.240720E-01        +2.021927E-02
3.291480E+00        -2.234622E-01        +2.016426E-02
3.288524E+00        -2.228598E-01        +2.011000E-02
3.285570E+00        -2.222529E-01        +2.005601E-02
3.282618E+00        -2.216502E-01        +2.000201E-02
3.279669E+00        -2.210504E-01        +1.994801E-02
3.276723E+00        -2.204507E-01        +1.989402E-02
3.273780E+00        -2.198511E-01        +1.984003E-02
3.270839E+00        -2.192513E-01        +1.978676E-02
3.267900E+00        -2.186514E-01        +1.973375E-02
3.264965E+00        -2.180590E-01        +1.968004E-02
3.262032E+00        -2.174692E-01        +1.962677E-02
3.259101E+00        -2.168793E-01        +1.957449E-02
3.256174E+00        -2.162897E-01        +1.952178E-02
3.253249E+00        -2.157000E-01        +1.946879E-02
3.250326E+00        -2.151101E-01        +1.941650E-02
3.247406E+00        -2.145275E-01        +1.936379E-02
3.244489E+00        -2.139478E-01        +1.931152E-02
3.241575E+00        -2.133682E-01        +1.925953E-02
3.238663E+00        -2.127884E-01        +1.920754E-02
3.235753E+00        -2.122085E-01        +1.915553E-02
3.232847E+00        -2.116289E-01        +1.910427E-02
3.229943E+00        -2.110492E-01        +1.905255E-02
3.227041E+00        -2.104765E-01        +1.900127E-02
3.224142E+00        -2.099067E-01        +1.895027E-02
3.221246E+00        -2.093370E-01        +1.889856E-02
3.218352E+00        -2.087672E-01        +1.884728E-02
3.215461E+00        -2.081975E-01        +1.879701E-02
3.212573E+00        -2.076350E-01        +1.874630E-02
3.209687E+00        -2.070680E-01        +1.869603E-02
3.206803E+00        -2.065053E-01        +1.864530E-02
3.203923E+00        -2.059457E-01        +1.859504E-02
3.201044E+00        -2.053858E-01        +1.854503E-02
3.198169E+00        -2.048261E-01        +1.849504E-02
3.195296E+00        -2.042664E-01        +1.844505E-02
3.192426E+00        -2.037139E-01        +1.839506E-02
3.189558E+00        -2.031569E-01        +1.834578E-02
3.186693E+00        -2.026043E-01        +1.829607E-02
3.183830E+00        -2.020545E-01        +1.824679E-02
3.180970E+00        -2.015048E-01        +1.819708E-02
3.178112E+00        -2.009621E-01        +1.814851E-02
3.175257E+00        -2.004151E-01        +1.809979E-02
3.172405E+00        -1.998655E-01        +1.805081E-02
3.169555E+00        -1.993228E-01        +1.800181E-02
3.166708E+00        -1.987831E-01        +1.795354E-02
3.163863E+00        -1.982433E-01        +1.790482E-02
3.161021E+00        -1.977036E-01        +1.785654E-02
3.158181E+00        -1.971637E-01        +1.780854E-02
3.155344E+00        -1.966311E-01        +1.776055E-02
3.152510E+00        -1.960943E-01        +1.771256E-02
3.149678E+00        -1.955617E-01        +1.766456E-02
3.146848E+00        -1.950318E-01        +1.761728E-02
3.144022E+00        -1.945022E-01        +1.756958E-02
3.141197E+00        -1.939723E-01        +1.752229E-02
3.138376E+00        -1.934427E-01        +1.747459E-02
3.135556E+00        -1.929128E-01        +1.742730E-02
3.132740E+00        -1.923903E-01        +1.738031E-02
3.129925E+00        -1.918704E-01        +1.733331E-02
3.127114E+00        -1.913508E-01        +1.728704E-02
3.124305E+00        -1.908310E-01        +1.724033E-02
3.121498E+00        -1.903112E-01        +1.719404E-02
3.118694E+00        -1.897914E-01        +1.714733E-02
3.115892E+00        -1.892716E-01        +1.710105E-02
3.113093E+00        -1.887590E-01        +1.705505E-02
3.110297E+00        -1.882493E-01        +1.700907E-02
3.107503E+00        -1.877324E-01        +1.696307E-02
3.104711E+00        -1.872197E-01        +1.691707E-02
3.101922E+00        -1.867099E-01        +1.687179E-02
3.099136E+00        -1.862074E-01        +1.682609E-02
3.096352E+00        -1.857004E-01        +1.678081E-02
3.093570E+00        -1.851977E-01        +1.673580E-02
3.090791E+00        -1.846908E-01        +1.669009E-02
3.088015E+00        -1.841883E-01        +1.664482E-02
3.085241E+00        -1.836885E-01        +1.660054E-02
3.082469E+00        -1.831887E-01        +1.655582E-02
3.079700E+00        -1.826889E-01        +1.651083E-02
3.076933E+00        -1.821890E-01        +1.646654E-02
3.074169E+00        -1.816964E-01        +1.642183E-02
3.071408E+00        -1.811996E-01        +1.637756E-02
3.068649E+00        -1.807070E-01        +1.633356E-02
3.065892E+00        -1.802171E-01        +1.628956E-02
3.063138E+00        -1.797274E-01        +1.624557E-02
3.060386E+00        -1.792376E-01        +1.620157E-02
3.057637E+00        -1.787478E-01        +1.615757E-02
3.054890E+00        -1.782651E-01        +1.611429E-02
3.052146E+00        -1.777783E-01        +1.607058E-02
3.049404E+00        -1.772956E-01        +1.602730E-02
3.046665E+00        -1.768159E-01        +1.598431E-02
3.043928E+00        -1.763361E-01        +1.594131E-02
3.041194E+00        -1.758564E-01        +1.589832E-02
3.038462E+00        -1.753766E-01        +1.585532E-02
3.035732E+00        -1.748967E-01        +1.581232E-02
3.033005E+00        -1.744241E-01        +1.576932E-02
3.030281E+00        -1.739473E-01        +1.572705E-02
3.027559E+00        -1.734746E-01        +1.568435E-02
3.024839E+00        -1.730048E-01        +1.564206E-02
3.022122E+00        -1.725351E-01        +1.560007E-02
3.019407E+00        -1.720653E-01        +1.555807E-02
3.016694E+00        -1.715954E-01        +1.551606E-02
3.013984E+00        -1.711256E-01        +1.547407E-02
3.011277E+00        -1.706559E-01        +1.543208E-02
3.008572E+00        -1.701932E-01        +1.539080E-02
3.005869E+00        -1.697334E-01        +1.534908E-02
3.003169E+00        -1.692665E-01        +1.530780E-02
3.000471E+00        -1.688110E-01        +1.526680E-02
2.997776E+00        -1.683541E-01        +1.522510E-02
2.995083E+00        -1.678943E-01        +1.518382E-02
2.992392E+00        -1.674345E-01        +1.514352E-02
2.989704E+00        -1.669818E-01        +1.510282E-02
2.987018E+00        -1.665249E-01        +1.506182E-02
2.984335E+00        -1.660723E-01        +1.502083E-02
2.981654E+00        -1.656224E-01        +1.498054E-02
2.978976E+00        -1.651727E-01        +1.493984E-02
2.976300E+00        -1.647230E-01        +1.489956E-02
2.973626E+00        -1.642731E-01        +1.485955E-02
2.970955E+00        -1.638234E-01        +1.481956E-02
2.968286E+00        -1.633736E-01        +1.477956E-02
2.965620E+00        -1.629310E-01        +1.473958E-02
2.962956E+00        -1.624912E-01        +1.469958E-02
2.960294E+00        -1.620442E-01        +1.466029E-02
2.957635E+00        -1.616016E-01        +1.462059E-02
2.954978E+00        -1.611618E-01        +1.458130E-02
2.952323E+00        -1.607290E-01        +1.454159E-02
2.949671E+00        -1.602922E-01        +1.450230E-02
2.947021E+00        -1.598523E-01        +1.446330E-02
2.944374E+00        -1.594197E-01        +1.442431E-02
2.941729E+00        -1.589828E-01        +1.438531E-02
2.939086E+00        -1.585501E-01        +1.434631E-02
2.936446E+00        -1.581203E-01        +1.430803E-02
2.933808E+00        -1.576905E-01        +1.426932E-02
2.931173E+00        -1.572608E-01        +1.423033E-02
2.928540E+00        -1.568310E-01        +1.419205E-02
2.925909E+00        -1.564012E-01        +1.415405E-02
2.923281E+00        -1.559786E-01        +1.411606E-02
2.920655E+00        -1.555517E-01        +1.407806E-02
2.918031E+00        -1.551289E-01        +1.404006E-02
2.915410E+00        -1.547092E-01        +1.400207E-02
2.912791E+00        -1.542894E-01        +1.396407E-02
2.910174E+00        -1.538695E-01        +1.392607E-02
2.907560E+00        -1.534498E-01        +1.388879E-02
2.904948E+00        -1.530300E-01        +1.385108E-02
2.902338E+00        -1.526101E-01        +1.381379E-02
2.899731E+00        -1.521974E-01        +1.377679E-02
2.897126E+00        -1.517805E-01        +1.373980E-02
2.894524E+00        -1.513679E-01        +1.370281E-02
2.891923E+00        -1.509580E-01        +1.366580E-02
2.889326E+00        -1.505483E-01        +1.362881E-02
2.886730E+00        -1.501385E-01        +1.359181E-02
2.884137E+00        -1.497287E-01        +1.355482E-02
2.881546E+00        -1.493189E-01        +1.351853E-02
2.878957E+00        -1.489090E-01        +1.348182E-02
2.876371E+00        -1.485063E-01        +1.344553E-02
2.873787E+00        -1.480995E-01        +1.340953E-02
2.871206E+00        -1.476968E-01        +1.337284E-02
2.868627E+00        -1.472971E-01        +1.333655E-02
2.866050E+00        -1.468973E-01        +1.330126E-02
2.863475E+00        -1.464974E-01        +1.326555E-02
2.860903E+00        -1.460977E-01        +1.322956E-02
2.858333E+00        -1.456979E-01        +1.319356E-02
2.855765E+00        -1.452980E-01        +1.315756E-02
2.853200E+00        -1.449053E-01        +1.312228E-02
2.850637E+00        -1.445085E-01        +1.308728E-02
2.848076E+00        -1.441157E-01        +1.305158E-02
2.845517E+00        -1.437258E-01        +1.301628E-02
2.842961E+00        -1.433361E-01        +1.298129E-02
2.840407E+00        -1.429463E-01        +1.294629E-02
2.837856E+00        -1.425566E-01        +1.291130E-02
2.835306E+00        -1.421666E-01        +1.287629E-02
2.832759E+00        -1.417768E-01        +1.284200E-02
2.830215E+00        -1.413872E-01        +1.280731E-02
2.827672E+00        -1.410043E-01        +1.277231E-02
2.825132E+00        -1.406175E-01        +1.273802E-02
2.822594E+00        -1.402347E-01        +1.270402E-02
2.820059E+00        -1.398550E-01        +1.266932E-02
2.817525E+00        -1.394751E-01        +1.263502E-02
2.814994E+00        -1.390953E-01        +1.260103E-02
2.812466E+00        -1.387156E-01        +1.256704E-02
2.809939E+00        -1.383357E-01        +1.253304E-02
2.807415E+00        -1.379560E-01        +1.249904E-02
2.804893E+00        -1.375832E-01        +1.246575E-02
2.802373E+00        -1.372063E-01        +1.243204E-02
2.799856E+00        -1.368336E-01        +1.239876E-02
2.797341E+00        -1.364638E-01        +1.236506E-02
2.794828E+00        -1.360870E-01        +1.233177E-02
2.792317E+00        -1.357212E-01        +1.229806E-02
2.789809E+00        -1.353474E-01        +1.226477E-02
2.787303E+00        -1.349817E-01        +1.223178E-02
2.784799E+00        -1.346148E-01        +1.219878E-02
2.782297E+00        -1.342450E-01        +1.216578E-02
2.779798E+00        -1.338822E-01        +1.213279E-02
2.777301E+00        -1.335154E-01        +1.210049E-02
2.774806E+00        -1.331526E-01        +1.206779E-02
2.772313E+00        -1.327858E-01        +1.203479E-02
2.769823E+00        -1.324230E-01        +1.200250E-02
2.767334E+00        -1.320631E-01        +1.197050E-02
2.764848E+00        -1.317033E-01        +1.193779E-02
2.762365E+00        -1.313436E-01        +1.190551E-02
2.759883E+00        -1.309837E-01        +1.187351E-02
2.757404E+00        -1.306310E-01        +1.184151E-02
2.754927E+00        -1.302741E-01        +1.180952E-02
2.752452E+00        -1.299213E-01        +1.177752E-02
2.749980E+00        -1.295646E-01        +1.174553E-02
2.747509E+00        -1.292117E-01        +1.171423E-02
2.745041E+00        -1.288619E-01        +1.168253E-02
2.742575E+00        -1.285121E-01        +1.165123E-02
2.740112E+00        -1.281554E-01        +1.161954E-02
2.737650E+00        -1.278095E-01        +1.158824E-02
2.735191E+00        -1.274627E-01        +1.155725E-02
2.732734E+00        -1.271129E-01        +1.152555E-02
2.730279E+00        -1.267631E-01        +1.149425E-02
2.727826E+00        -1.264203E-01        +1.146325E-02
2.725376E+00        -1.260735E-01        +1.143226E-02
2.722928E+00        -1.257308E-01        +1.140127E-02
2.720481E+00        -1.253908E-01        +1.137096E-02
2.718038E+00        -1.250441E-01        +1.134027E-02
2.715596E+00        -1.247013E-01        +1.130927E-02
2.713157E+00        -1.243615E-01        +1.127898E-02
2.710719E+00        -1.240286E-01        +1.124897E-02
2.708284E+00        -1.236918E-01        +1.121828E-02
2.705851E+00        -1.233520E-01        +1.118798E-02
2.703421E+00        -1.230123E-01        +1.115799E-02
2.700992E+00        -1.226794E-01        +1.112799E-02
2.698566E+00        -1.223426E-01        +1.109800E-02
2.696142E+00        -1.220098E-01        +1.106800E-02
2.693720E+00        -1.216800E-01        +1.103800E-02
2.691300E+00        -1.213432E-01        +1.100800E-02
2.688882E+00        -1.210173E-01        +1.097800E-02
2.686467E+00        -1.206906E-01        +1.094871E-02
2.684053E+00        -1.203537E-01        +1.091901E-02
2.681642E+00        -1.200279E-01        +1.088971E-02
2.679233E+00        -1.197011E-01        +1.086001E-02
2.676826E+00        -1.193712E-01        +1.083071E-02
2.674422E+00        -1.190485E-01        +1.080172E-02
2.672019E+00        -1.187216E-01        +1.077272E-02
2.669619E+00        -1.183988E-01        +1.074373E-02
2.667221E+00        -1.180790E-01        +1.071473E-02
2.664825E+00        -1.177522E-01        +1.068573E-02
2.662431E+00        -1.174294E-01        +1.065674E-02
2.660039E+00        -1.171095E-01        +1.062773E-02
2.657650E+00        -1.167898E-01        +1.059874E-02
2.655262E+00        -1.164699E-01        +1.057044E-02
2.652877E+00        -1.161571E-01        +1.054175E-02
2.650494E+00        -1.158403E-01        +1.051345E-02
2.648113E+00        -1.155205E-01        +1.048475E-02
2.645734E+00        -1.152076E-01        +1.045645E-02
2.643357E+00        -1.148978E-01        +1.042845E-02
2.640983E+00        -1.145811E-01        +1.040046E-02
2.638610E+00        -1.142681E-01        +1.037246E-02
2.636240E+00        -1.139584E-01        +1.034446E-02
2.633872E+00        -1.136486E-01        +1.031647E-02
2.631506E+00        -1.133388E-01        +1.028847E-02
2.629142E+00        -1.130289E-01        +1.026047E-02
2.626780E+00        -1.127191E-01        +1.023317E-02
2.624420E+00        -1.124092E-01        +1.020547E-02
2.622063E+00        -1.120995E-01        +1.017748E-02
2.619707E+00        -1.117966E-01        +1.015018E-02
2.617354E+00        -1.114898E-01        +1.012318E-02
2.615003E+00        -1.111870E-01        +1.009549E-02
2.612654E+00        -1.108872E-01        +1.006819E-02
2.610307E+00        -1.105804E-01        +1.004119E-02
2.607962E+00        -1.102775E-01        +1.001420E-02
2.605619E+00        -1.099777E-01        +9.987056E-03
2.603279E+00        -1.096780E-01        +9.960006E-03
2.600940E+00        -1.093781E-01        +9.933143E-03
2.598603E+00        -1.090782E-01        +9.906270E-03
2.596269E+00        -1.087784E-01        +9.879516E-03
2.593937E+00        -1.084856E-01        +9.852891E-03
2.591607E+00        -1.081888E-01        +9.826296E-03
2.589279E+00        -1.078960E-01        +9.799769E-03
2.586953E+00        -1.075992E-01        +9.773271E-03
2.584629E+00        -1.073063E-01        +9.746843E-03
2.582307E+00        -1.070165E-01        +9.720513E-03
2.579987E+00        -1.067197E-01        +9.694282E-03
2.577670E+00        -1.064269E-01        +9.668092E-03
2.575354E+00        -1.061370E-01        +9.641959E-03
2.573040E+00        -1.058471E-01        +9.615925E-03
2.570729E+00        -1.055573E-01        +9.590002E-03
2.568420E+00        -1.052676E-01        +9.564108E-03
2.566112E+00        -1.049846E-01        +9.538272E-03
2.563807E+00        -1.046978E-01        +9.512476E-03
2.561504E+00        -1.044080E-01        +9.486819E-03
2.559203E+00        -1.041252E-01        +9.461222E-03
2.556904E+00        -1.038453E-01        +9.435624E-03
2.554607E+00        -1.035585E-01        +9.410165E-03
2.552312E+00        -1.032756E-01        +9.384765E-03
2.550020E+00        -1.029959E-01        +9.359376E-03
2.547729E+00        -1.027161E-01        +9.334115E-03
2.545440E+00        -1.024362E-01        +9.308914E-03
2.543154E+00        -1.021564E-01        +9.283792E-03
2.540869E+00        -1.018766E-01        +9.258690E-03
2.538587E+00        -1.015968E-01        +9.233667E-03
2.536306E+00        -1.013169E-01        +9.208733E-03
2.534028E+00        -1.010441E-01        +9.183909E-03
2.531751E+00        -1.007672E-01        +9.159105E-03
2.529477E+00        -1.004874E-01        +9.134311E-03
2.527205E+00        -1.002146E-01        +9.109655E-03
2.524935E+00        -9.994477E-02        +9.085060E-03
2.522666E+00        -9.966999E-02        +9.060523E-03
2.520400E+00        -9.939665E-02        +9.036027E-03
2.518136E+00        -9.912483E-02        +9.011669E-03
2.515874E+00        -9.885440E-02        +8.987303E-03
2.513614E+00        -9.858458E-02        +8.963044E-03
2.511356E+00        -9.831475E-02        +8.938847E-03
2.509100E+00        -9.804631E-02        +8.914719E-03
2.506846E+00        -9.777847E-02        +8.890621E-03
2.504594E+00        -9.751133E-02        +8.866592E-03
2.502344E+00        -9.724449E-02        +8.842662E-03
2.500096E+00        -9.697903E-02        +8.818763E-03
2.497850E+00        -9.671419E-02        +8.794934E-03
2.495607E+00        -9.645015E-02        +8.771214E-03
2.493365E+00        -9.618631E-02        +8.747515E-03
2.491125E+00        -9.592315E-02        +8.723885E-03
2.488887E+00        -9.566098E-02        +8.700285E-03
2.486651E+00        -9.539983E-02        +8.676755E-03
2.484417E+00        -9.513897E-02        +8.653324E-03
2.482186E+00        -9.487961E-02        +8.630004E-03
2.479956E+00        -9.462007E-02        +8.606704E-03
2.477728E+00        -9.436159E-02        +8.583404E-03
2.475502E+00        -9.410374E-02        +8.560242E-03
2.473279E+00        -9.384669E-02        +8.537153E-03
2.471057E+00        -9.358983E-02        +8.514053E-03
2.468837E+00        -9.333436E-02        +8.491022E-03
2.466619E+00        -9.307950E-02        +8.468091E-03
2.464403E+00        -9.282465E-02        +8.445260E-03
2.462190E+00        -9.257060E-02        +8.422471E-03
2.459978E+00        -9.231812E-02        +8.399671E-03
2.457768E+00        -9.206558E-02        +8.376941E-03
2.455560E+00        -9.181411E-02        +8.354311E-03
2.453354E+00        -9.156326E-02        +8.331781E-03
2.451150E+00        -9.131311E-02        +8.309282E-03
2.448948E+00        -9.106326E-02        +8.286852E-03
2.446748E+00        -9.081411E-02        +8.264454E-03
2.444550E+00        -9.056596E-02        +8.242124E-03
2.442354E+00        -9.031812E-02        +8.219826E-03
2.440160E+00        -9.007098E-02        +8.197597E-03
2.437968E+00        -8.982484E-02        +8.175469E-03
2.435778E+00        -8.957970E-02        +8.153372E-03
2.433590E+00        -8.933487E-02        +8.131344E-03
2.431404E+00        -8.909074E-02        +8.109416E-03
2.429220E+00        -8.884692E-02        +8.087520E-03
2.427038E+00        -8.860380E-02        +8.065624E-03
2.424858E+00        -8.836168E-02        +8.043867E-03
2.422679E+00        -8.811976E-02        +8.022162E-03
2.420503E+00        -8.787865E-02        +8.000467E-03
2.418329E+00        -8.763855E-02        +7.978842E-03
2.416156E+00        -8.739934E-02        +7.957307E-03
2.413986E+00        -8.716055E-02        +7.935814E-03
2.411817E+00        -8.692166E-02        +7.914380E-03
2.409651E+00        -8.668426E-02        +7.892988E-03
2.407486E+00        -8.644739E-02        +7.871655E-03
2.405323E+00        -8.621052E-02        +7.850354E-03
2.403162E+00        -8.597503E-02        +7.829123E-03
2.401004E+00        -8.573959E-02        +7.808001E-03
2.398847E+00        -8.550511E-02        +7.786902E-03
2.396692E+00        -8.527126E-02        +7.765872E-03
2.394539E+00        -8.503811E-02        +7.744874E-03
2.392388E+00        -8.480596E-02        +7.723945E-03
2.390239E+00        -8.457345E-02        +7.703117E-03
2.388092E+00        -8.434200E-02        +7.682321E-03
2.385946E+00        -8.411177E-02        +7.661516E-03
2.383803E+00        -8.388128E-02        +7.640790E-03
2.381662E+00        -8.365186E-02        +7.620165E-03
2.379522E+00        -8.342297E-02        +7.599562E-03
2.377384E+00        -8.319476E-02        +7.579028E-03
2.375249E+00        -8.296699E-02        +7.558537E-03
2.373115E+00        -8.274050E-02        +7.538105E-03
2.370983E+00        -8.251395E-02        +7.517773E-03
2.368853E+00        -8.228847E-02        +7.497474E-03
2.366725E+00        -8.206294E-02        +7.477245E-03
2.364599E+00        -8.183848E-02        +7.457047E-03
2.362475E+00        -8.161465E-02        +7.436851E-03
2.360353E+00        -8.139153E-02        +7.416724E-03
2.358233E+00        -8.116872E-02        +7.396698E-03
2.356114E+00        -8.094650E-02        +7.376694E-03
2.353998E+00        -8.072541E-02        +7.356770E-03
2.351883E+00        -8.050452E-02        +7.336937E-03
2.349770E+00        -8.028434E-02        +7.317068E-03
2.347659E+00        -8.006448E-02        +7.297305E-03
2.345551E+00        -7.984542E-02        +7.277616E-03
2.343443E+00        -7.962648E-02        +7.257909E-03
2.341338E+00        -7.940834E-02        +7.238281E-03
2.339235E+00        -7.919121E-02        +7.218754E-03
2.337134E+00        -7.897440E-02        +7.199259E-03
2.335034E+00        -7.875819E-02        +7.179825E-03
2.332937E+00        -7.854309E-02        +7.160432E-03
2.330841E+00        -7.832822E-02        +7.141032E-03
2.328747E+00        -7.811335E-02        +7.121769E-03
2.326655E+00        -7.789988E-02        +7.102502E-03
2.324565E+00        -7.768635E-02        +7.083273E-03
2.322477E+00        -7.747389E-02        +7.064145E-03
2.320391E+00        -7.726208E-02        +7.045050E-03
2.318306E+00        -7.705018E-02        +7.026015E-03
2.316224E+00        -7.683908E-02        +7.007022E-03
2.314143E+00        -7.662889E-02        +6.988089E-03
2.312064E+00        -7.641903E-02        +6.969190E-03
2.309987E+00        -7.620986E-02        +6.950360E-03
2.307912E+00        -7.600102E-02        +6.931631E-03
2.305839E+00        -7.579289E-02        +6.912866E-03
2.303767E+00        -7.558566E-02        +6.894199E-03
2.301698E+00        -7.537886E-02        +6.875537E-03
2.299630E+00        -7.517266E-02        +6.856973E-03
2.297564E+00        -7.496680E-02        +6.838473E-03
2.295500E+00        -7.476094E-02        +6.819974E-03
2.293438E+00        -7.455647E-02        +6.801545E-03
2.291378E+00        -7.435265E-02        +6.783149E-03
2.289320E+00        -7.414884E-02        +6.764822E-03
2.287263E+00        -7.394563E-02        +6.746520E-03
2.285208E+00        -7.374343E-02        +6.728287E-03
2.283156E+00        -7.354167E-02        +6.710096E-03
2.281105E+00        -7.333982E-02        +6.691966E-03
2.279056E+00        -7.313867E-02        +6.673869E-03
2.277008E+00        -7.293843E-02        +6.655833E-03
2.274963E+00        -7.273863E-02        +6.637839E-03
2.272919E+00        -7.253942E-02        +6.619906E-03
2.270877E+00        -7.234124E-02        +6.602006E-03
2.268837E+00        -7.214271E-02        +6.584175E-03
2.266799E+00        -7.194523E-02        +6.566378E-03
2.264763E+00        -7.174841E-02        +6.548651E-03
2.262728E+00        -7.155151E-02        +6.530948E-03
2.260696E+00        -7.135540E-02        +6.513255E-03
2.258665E+00        -7.116022E-02        +6.495624E-03
2.256636E+00        -7.096536E-02        +6.478093E-03
2.254609E+00        -7.077054E-02        +6.460597E-03
2.252583E+00        -7.057630E-02        +6.443161E-03
2.250560E+00        -7.038319E-02        +6.425767E-03
2.248538E+00        -7.019031E-02        +6.408366E-03
2.246518E+00        -6.999813E-02        +6.391035E-03
2.244500E+00        -6.980629E-02        +6.373738E-03
2.242484E+00        -6.961514E-02        +6.356510E-03
2.240469E+00        -6.942424E-02        +6.339307E-03
2.238457E+00        -6.923413E-02        +6.322182E-03
2.236446E+00        -6.904426E-02        +6.305082E-03
2.234437E+00        -6.885509E-02        +6.288052E-03
2.232430E+00        -6.866693E-02        +6.271056E-03
2.230424E+00        -6.847835E-02        +6.254121E-03
2.228421E+00        -6.829092E-02        +6.237228E-03
2.226419E+00        -6.810405E-02        +6.220328E-03
2.224419E+00        -6.791720E-02        +6.203498E-03
2.222421E+00        -6.773105E-02        +6.186769E-03
2.220424E+00        -6.754514E-02        +6.170066E-03
2.218430E+00        -6.736003E-02        +6.153373E-03
2.216437E+00        -6.717517E-02        +6.136741E-03
2.214446E+00        -6.699099E-02        +6.120144E-03
2.212456E+00        -6.680775E-02        +6.103607E-03
2.210469E+00        -6.662494E-02        +6.087113E-03
2.208483E+00        -6.644206E-02        +6.070612E-03
2.206499E+00        -6.625988E-02        +6.054181E-03
2.204517E+00        -6.607803E-02        +6.037851E-03
2.202537E+00        -6.589689E-02        +6.021556E-03
2.200558E+00        -6.571600E-02        +6.005254E-03
2.198581E+00        -6.553580E-02        +5.989022E-03
2.196606E+00        -6.535663E-02        +5.972823E-03
2.194633E+00        -6.517711E-02        +5.956695E-03
2.192662E+00        -6.499866E-02        +5.940600E-03
2.190692E+00        -6.482078E-02        +5.924499E-03
2.188724E+00        -6.464292E-02        +5.908468E-03
2.186758E+00        -6.446575E-02        +5.892539E-03
2.184793E+00        -6.428885E-02        +5.876568E-03
2.182831E+00        -6.411272E-02        +5.860710E-03
2.180870E+00        -6.393685E-02        +5.844843E-03
2.178911E+00        -6.376101E-02        +5.829013E-03
2.176953E+00        -6.358645E-02        +5.813277E-03
2.174998E+00        -6.341197E-02        +5.797583E-03
2.173044E+00        -6.323778E-02        +5.781883E-03
2.171092E+00        -6.306460E-02        +5.766253E-03
2.169142E+00        -6.289177E-02        +5.750657E-03
2.167193E+00        -6.271888E-02        +5.735123E-03
2.165246E+00        -6.254668E-02        +5.719623E-03
2.163301E+00        -6.237550E-02        +5.704125E-03
2.161358E+00        -6.220468E-02        +5.688697E-03
2.159416E+00        -6.203379E-02        +5.673295E-03
2.157476E+00        -6.186359E-02        +5.657963E-03
2.155538E+00        -6.169374E-02        +5.642666E-03
2.153602E+00        -6.152459E-02        +5.627437E-03
2.151667E+00        -6.135570E-02        +5.612236E-03
2.149734E+00        -6.118750E-02        +5.597036E-03
2.147803E+00        -6.101966E-02        +5.581907E-03
2.145874E+00        -6.085251E-02        +5.566811E-03
2.143946E+00        -6.068562E-02        +5.551778E-03
2.142020E+00        -6.051876E-02        +5.536779E-03
2.140096E+00        -6.035259E-02        +5.521782E-03
2.138174E+00        -6.018677E-02        +5.506855E-03
2.136253E+00        -6.002156E-02        +5.491954E-03
2.134334E+00        -5.985738E-02        +5.477123E-03
2.132417E+00        -5.969288E-02        +5.462327E-03
2.130501E+00        -5.952932E-02        +5.447525E-03
2.128587E+00        -5.936578E-02        +5.432793E-03
2.126675E+00        -5.920261E-02        +5.418096E-03
2.124764E+00        -5.904037E-02        +5.403393E-03
2.122856E+00        -5.887857E-02        +5.388767E-03
2.120949E+00        -5.871671E-02        +5.374236E-03
2.119044E+00        -5.855554E-02        +5.359739E-03
2.117140E+00        -5.839465E-02        +5.345238E-03
2.115238E+00        -5.823445E-02        +5.330738E-03
2.113338E+00        -5.807460E-02        +5.316308E-03
2.111439E+00        -5.791537E-02        +5.301973E-03
2.109543E+00        -5.775657E-02        +5.287612E-03
2.107648E+00        -5.759771E-02        +5.273281E-03
2.105754E+00        -5.743946E-02        +5.259045E-03
2.103863E+00        -5.728166E-02        +5.244851E-03
2.101973E+00        -5.712446E-02        +5.230652E-03
2.100085E+00        -5.696762E-02        +5.216522E-03
2.098198E+00        -5.681139E-02        +5.202420E-03
2.096313E+00        -5.665551E-02        +5.188321E-03
2.094430E+00        -5.649967E-02        +5.174290E-03
2.092549E+00        -5.634452E-02        +5.160295E-03
2.090669E+00        -5.618963E-02        +5.146362E-03
2.088791E+00        -5.603545E-02        +5.132397E-03
2.086914E+00        -5.588153E-02        +5.118528E-03
2.085040E+00        -5.572840E-02        +5.104735E-03
2.083167E+00        -5.557553E-02        +5.090869E-03
2.081295E+00        -5.542262E-02        +5.077100E-03
2.079426E+00        -5.527049E-02        +5.063406E-03
2.077558E+00        -5.511862E-02        +5.049707E-03
2.075691E+00        -5.496737E-02        +5.036004E-03
2.073827E+00        -5.481655E-02        +5.022377E-03
2.071964E+00        -5.466569E-02        +5.008845E-03
2.070102E+00        -5.451543E-02        +4.995274E-03
2.068243E+00        -5.436562E-02        +4.981747E-03
2.066385E+00        -5.421642E-02        +4.968248E-03
2.064529E+00        -5.406757E-02        +4.954818E-03
2.062674E+00        -5.391935E-02        +4.941416E-03
2.060821E+00        -5.377081E-02        +4.928084E-03
2.058970E+00        -5.362330E-02        +4.914720E-03
2.057120E+00        -5.347574E-02        +4.901453E-03
2.055272E+00        -5.332921E-02        +4.888187E-03
2.053426E+00        -5.318269E-02        +4.874957E-03
2.051581E+00        -5.303647E-02        +4.861756E-03
2.049738E+00        -5.289060E-02        +4.848624E-03
2.047897E+00        -5.274543E-02        +4.835527E-03
2.046057E+00        -5.260054E-02        +4.822426E-03
2.044219E+00        -5.245566E-02        +4.809395E-03
2.042383E+00        -5.231149E-02        +4.796398E-03
2.040548E+00        -5.216760E-02        +4.783398E-03
2.038715E+00        -5.202441E-02        +4.770466E-03
2.036884E+00        -5.188158E-02        +4.757570E-03
2.035054E+00        -5.173870E-02        +4.744670E-03
2.033226E+00        -5.159651E-02        +4.731839E-03
2.031400E+00        -5.145468E-02        +4.719044E-03
2.029575E+00        -5.131346E-02        +4.706244E-03
2.027752E+00        -5.117261E-02        +4.693513E-03
2.025930E+00        -5.103171E-02        +4.680812E-03
2.024110E+00        -5.089151E-02        +4.668179E-03
2.022292E+00        -5.075166E-02        +4.655516E-03
2.020475E+00        -5.061176E-02        +4.642948E-03
2.018660E+00        -5.047256E-02        +4.630383E-03
2.016847E+00        -5.033440E-02        +4.617854E-03
2.015035E+00        -5.019584E-02        +4.605353E-03
2.013225E+00        -5.005765E-02        +4.592855E-03
2.011416E+00        -4.992041E-02        +4.580420E-03
2.009609E+00        -4.978287E-02        +4.568021E-03
2.007804E+00        -4.964569E-02        +4.555690E-03
2.006000E+00        -4.950946E-02        +4.543389E-03
2.004198E+00        -4.937359E-02        +4.531091E-03
2.002398E+00        -4.923775E-02        +4.518794E-03
2.000599E+00        -4.910253E-02        +4.506561E-03
1.998802E+00        -4.896701E-02        +4.494363E-03
1.997007E+00        -4.883251E-02        +4.482235E-03
1.995213E+00        -4.869863E-02        +4.470136E-03
1.993420E+00        -4.856472E-02        +4.458033E-03
1.991630E+00        -4.843090E-02        +4.445939E-03
1.989840E+00        -4.829763E-02        +4.433900E-03
1.988053E+00        -4.816480E-02        +4.421905E-03
1.986267E+00        -4.803192E-02        +4.409972E-03
1.984483E+00        -4.789974E-02        +4.398009E-03
1.982700E+00        -4.776851E-02        +4.386075E-03
1.980919E+00        -4.763698E-02        +4.374243E-03
1.979139E+00        -4.750573E-02        +4.362441E-03
1.977362E+00        -4.737493E-02        +4.350648E-03
1.975585E+00        -4.724467E-02        +4.338844E-03
1.973811E+00        -4.711485E-02        +4.327117E-03
1.972037E+00        -4.698491E-02        +4.315412E-03
1.970266E+00        -4.685574E-02        +4.303716E-03
1.968496E+00        -4.672687E-02        +4.292084E-03
1.966728E+00        -4.659868E-02        +4.280420E-03
1.964961E+00        -4.647012E-02        +4.268853E-03
1.963196E+00        -4.634259E-02        +4.257289E-03
1.961432E+00        -4.621502E-02        +4.245753E-03
1.959670E+00        -4.608782E-02        +4.234255E-03
1.957910E+00        -4.596097E-02        +4.222825E-03
1.956151E+00        -4.583409E-02        +4.211425E-03
1.954394E+00        -4.570790E-02        +4.200027E-03
1.952638E+00        -4.558199E-02        +4.188626E-03
1.950884E+00        -4.545679E-02        +4.177295E-03
1.949131E+00        -4.533188E-02        +4.165992E-03
1.947381E+00        -4.520708E-02        +4.154700E-03
1.945631E+00        -4.508283E-02        +4.143463E-03
1.943883E+00        -4.495827E-02        +4.132263E-03
1.942137E+00        -4.483474E-02        +4.121065E-03
1.940393E+00        -4.471125E-02        +4.109937E-03
1.938649E+00        -4.458797E-02        +4.098766E-03
1.936908E+00        -4.446514E-02        +4.087703E-03
1.935168E+00        -4.434292E-02        +4.076638E-03
1.933430E+00        -4.422107E-02        +4.065607E-03
1.931693E+00        -4.409918E-02        +4.054608E-03
1.929957E+00        -4.397792E-02        +4.043604E-03
1.928224E+00        -4.385710E-02        +4.032676E-03
1.926492E+00        -4.373623E-02        +4.021778E-03
1.924761E+00        -4.361532E-02        +4.010876E-03
1.923032E+00        -4.349512E-02        +3.999978E-03
1.921304E+00        -4.337521E-02        +3.989142E-03
1.919579E+00        -4.325606E-02        +3.978349E-03
1.917854E+00        -4.313714E-02        +3.967612E-03
1.916131E+00        -4.301826E-02        +3.956846E-03
1.914410E+00        -4.289940E-02        +3.946115E-03
1.912690E+00        -4.278117E-02        +3.935481E-03
1.910972E+00        -4.266330E-02        +3.924817E-03
1.909255E+00        -4.254606E-02        +3.914182E-03
1.907540E+00        -4.242919E-02        +3.903584E-03
1.905827E+00        -4.231236E-02        +3.893055E-03
1.904115E+00        -4.219549E-02        +3.882490E-03
1.902404E+00        -4.207924E-02        +3.871954E-03
1.900695E+00        -4.196336E-02        +3.861455E-03
1.898988E+00        -4.184751E-02        +3.851025E-03
1.897282E+00        -4.173228E-02        +3.840625E-03
1.895578E+00        -4.161743E-02        +3.830228E-03
1.893875E+00        -4.150254E-02        +3.819828E-03
1.892173E+00        -4.138827E-02        +3.809491E-03
1.890474E+00        -4.127444E-02        +3.799197E-03
1.888775E+00        -4.116052E-02        +3.788893E-03
1.887079E+00        -4.104735E-02        +3.778665E-03
1.885384E+00        -4.093448E-02        +3.768401E-03
1.883690E+00        -4.082158E-02        +3.758166E-03
1.881998E+00        -4.070872E-02        +3.748034E-03
1.880307E+00        -4.059648E-02        +3.737867E-03
1.878618E+00        -4.048460E-02        +3.727734E-03
1.876930E+00        -4.037269E-02        +3.717633E-03
1.875244E+00        -4.026148E-02        +3.707600E-03
1.873560E+00        -4.015064E-02        +3.697539E-03
1.871877E+00        -4.003976E-02        +3.687506E-03
1.870195E+00        -3.992951E-02        +3.677570E-03
1.868515E+00        -3.981963E-02        +3.667605E-03
1.866837E+00        -3.970978E-02        +3.657675E-03
1.865160E+00        -3.960057E-02        +3.647776E-03
1.863484E+00        -3.949165E-02        +3.637874E-03
1.861810E+00        -3.938277E-02        +3.628041E-03
1.860138E+00        -3.927393E-02        +3.618245E-03
1.858467E+00        -3.916571E-02        +3.608446E-03
1.856797E+00        -3.905779E-02        +3.598644E-03
1.855129E+00        -3.894991E-02        +3.588911E-03
1.853463E+00        -3.884272E-02        +3.579215E-03
1.851798E+00        -3.873518E-02        +3.569516E-03
1.850134E+00        -3.862858E-02        +3.559814E-03
1.848472E+00        -3.852205E-02        +3.550180E-03
1.846812E+00        -3.841586E-02        +3.540584E-03
1.845153E+00        -3.830997E-02        +3.530985E-03
1.843495E+00        -3.820406E-02        +3.521384E-03
1.841839E+00        -3.809884E-02        +3.511851E-03
1.840184E+00        -3.799393E-02        +3.502349E-03
1.838531E+00        -3.788906E-02        +3.492850E-03
1.836880E+00        -3.778421E-02        +3.483420E-03
1.835230E+00        -3.767999E-02        +3.473956E-03
1.833581E+00        -3.757609E-02        +3.464521E-03
1.831934E+00        -3.747221E-02        +3.455188E-03
1.830288E+00        -3.736896E-02        +3.445821E-03
1.828644E+00        -3.726609E-02        +3.436489E-03
1.827001E+00        -3.716319E-02        +3.427188E-03
1.825360E+00        -3.706032E-02        +3.417890E-03
1.823720E+00        -3.695808E-02        +3.408656E-03
1.822082E+00        -3.685622E-02        +3.399392E-03
1.820445E+00        -3.675432E-02        +3.390158E-03
1.818810E+00        -3.665311E-02        +3.381026E-03
1.817176E+00        -3.655222E-02        +3.371861E-03
1.815544E+00        -3.645136E-02        +3.362730E-03
1.813913E+00        -3.635047E-02        +3.353630E-03
1.812283E+00        -3.625022E-02        +3.344528E-03
1.810655E+00        -3.615033E-02        +3.335429E-03
1.809029E+00        -3.605048E-02        +3.326399E-03
1.807404E+00        -3.595060E-02        +3.317400E-03
1.805780E+00        -3.585135E-02        +3.308399E-03
1.804158E+00        -3.575248E-02        +3.299466E-03
1.802537E+00        -3.565357E-02        +3.290565E-03
1.800918E+00        -3.555536E-02        +3.281602E-03
1.799300E+00        -3.545746E-02        +3.272733E-03
1.797684E+00        -3.535960E-02        +3.263870E-03
1.796069E+00        -3.526170E-02        +3.255036E-03
1.794456E+00        -3.516450E-02        +3.246239E-03
1.792844E+00        -3.506761E-02        +3.237440E-03
1.791233E+00        -3.497070E-02        +3.228638E-03
1.789624E+00        -3.487383E-02        +3.219905E-03
1.788016E+00        -3.477757E-02        +3.211139E-03
1.786410E+00        -3.468170E-02        +3.202472E-03
1.784805E+00        -3.458580E-02        +3.193806E-03
1.783202E+00        -3.448993E-02        +3.185108E-03
1.781600E+00        -3.439469E-02        +3.176474E-03
1.780000E+00        -3.429983E-02        +3.167877E-03
1.778401E+00        -3.420495E-02        +3.159278E-03
1.776803E+00        -3.411069E-02        +3.150742E-03
1.775207E+00        -3.401681E-02        +3.142243E-03
1.773612E+00        -3.392291E-02        +3.133677E-03
1.772019E+00        -3.382904E-02        +3.125210E-03
1.770427E+00        -3.373514E-02        +3.116745E-03
1.768837E+00        -3.364193E-02        +3.108313E-03
1.767248E+00        -3.354904E-02        +3.099849E-03
1.765660E+00        -3.345613E-02        +3.091478E-03
1.764074E+00        -3.336390E-02        +3.083114E-03
1.762489E+00        -3.327199E-02        +3.074713E-03
1.760906E+00        -3.318012E-02        +3.066381E-03
1.759324E+00        -3.308823E-02        +3.058081E-03
1.757744E+00        -3.299702E-02        +3.049784E-03
1.756165E+00        -3.290548E-02        +3.041550E-03
1.754587E+00        -3.281422E-02        +3.033283E-03
1.753011E+00        -3.272399E-02        +3.025050E-03
1.751436E+00        -3.263344E-02        +3.016850E-03
1.749863E+00        -3.254322E-02        +3.008718E-03
1.748291E+00        -3.245333E-02        +3.000553E-03
1.746721E+00        -3.236347E-02        +2.992422E-03
1.745151E+00        -3.227418E-02        +2.984318E-03
1.743584E+00        -3.218534E-02        +2.976222E-03
1.742017E+00        -3.209575E-02        +2.968119E-03
1.740453E+00        -3.200722E-02        +2.960090E-03
1.738889E+00        -3.191865E-02        +2.952088E-03
1.737327E+00        -3.183042E-02        +2.944089E-03
1.735766E+00        -3.174251E-02        +2.936088E-03
1.734207E+00        -3.165463E-02        +2.928156E-03
1.732649E+00        -3.156739E-02        +2.920191E-03
1.731093E+00        -3.147987E-02        +2.912259E-03
1.729538E+00        -3.139264E-02        +2.904360E-03
1.727984E+00        -3.130573E-02        +2.896524E-03
1.726432E+00        -3.121951E-02        +2.888661E-03
1.724881E+00        -3.113296E-02        +2.880827E-03
1.723331E+00        -3.104669E-02        +2.873025E-03
1.721783E+00        -3.096081E-02        +2.865226E-03
1.720237E+00        -3.087561E-02        +2.857495E-03
1.718691E+00        -3.079003E-02        +2.849728E-03
1.717147E+00        -3.070478E-02        +2.841993E-03
1.715605E+00        -3.061992E-02        +2.834297E-03
1.714064E+00        -3.053504E-02        +2.826598E-03
1.712524E+00        -3.045079E-02        +2.818963E-03
1.710986E+00        -3.036692E-02        +2.811365E-03
1.709449E+00        -3.028238E-02        +2.803701E-03
1.707913E+00        -3.019876E-02        +2.796065E-03
1.706379E+00        -3.011524E-02        +2.788532E-03
1.704846E+00        -3.003199E-02        +2.780967E-03
1.703314E+00        -2.994842E-02        +2.773430E-03
1.701784E+00        -2.986583E-02        +2.765932E-03
1.700255E+00        -2.978328E-02        +2.758431E-03
1.698728E+00        -2.970105E-02        +2.750934E-03
1.697202E+00        -2.961851E-02        +2.743434E-03
1.695677E+00        -2.953625E-02        +2.735998E-03
1.694154E+00        -2.945437E-02        +2.728600E-03
1.692632E+00        -2.937312E-02        +2.721200E-03
1.691112E+00        -2.929226E-02        +2.713804E-03
1.689593E+00        -2.921072E-02        +2.706470E-03
1.688075E+00        -2.912947E-02        +2.699170E-03
1.686558E+00        -2.904919E-02        +2.691803E-03
1.685043E+00        -2.896866E-02        +2.684533E-03
1.683530E+00        -2.888845E-02        +2.677273E-03
1.682017E+00        -2.880852E-02        +2.669970E-03
1.680506E+00        -2.872863E-02        +2.662736E-03
1.678997E+00        -2.864941E-02        +2.655539E-03
1.677488E+00        -2.856983E-02        +2.648337E-03
1.675982E+00        -2.849064E-02        +2.641142E-03
1.674476E+00        -2.841172E-02        +2.634005E-03
1.672972E+00        -2.833349E-02        +2.626842E-03
1.671469E+00        -2.825494E-02        +2.619707E-03
1.669967E+00        -2.817666E-02        +2.612605E-03
1.668467E+00        -2.809878E-02        +2.605507E-03
1.666968E+00        -2.802087E-02        +2.598471E-03
1.665471E+00        -2.794300E-02        +2.591409E-03
1.663975E+00        -2.786576E-02        +2.584375E-03
1.662480E+00        -2.778821E-02        +2.577375E-03
1.660987E+00        -2.771099E-02        +2.570378E-03
1.659495E+00        -2.763474E-02        +2.563443E-03
1.658004E+00        -2.755819E-02        +2.556478E-03
1.656514E+00        -2.748191E-02        +2.549541E-03
1.655026E+00        -2.740537E-02        +2.542642E-03
1.653540E+00        -2.732916E-02        +2.535746E-03
1.652054E+00        -2.725388E-02        +2.528844E-03
1.650570E+00        -2.717834E-02        +2.522009E-03
1.649087E+00        -2.710308E-02        +2.515144E-03
1.647606E+00        -2.702821E-02        +2.508311E-03
1.646126E+00        -2.695331E-02        +2.501512E-03
1.644647E+00        -2.687841E-02        +2.494712E-03
1.643170E+00        -2.680418E-02        +2.487979E-03
1.641694E+00        -2.672964E-02        +2.481216E-03
1.640219E+00        -2.665538E-02        +2.474480E-03
1.638745E+00        -2.658145E-02        +2.467778E-03
1.637273E+00        -2.650756E-02        +2.461079E-03
1.635803E+00        -2.643435E-02        +2.454383E-03
1.634333E+00        -2.636143E-02        +2.447746E-03
1.632865E+00        -2.628789E-02        +2.441083E-03
1.631398E+00        -2.621528E-02        +2.434447E-03
1.629933E+00        -2.614276E-02        +2.427850E-03
1.628468E+00        -2.606982E-02        +2.421311E-03
1.627006E+00        -2.599762E-02        +2.414752E-03
1.625544E+00        -2.592570E-02        +2.408150E-03
1.624084E+00        -2.585381E-02        +2.401617E-03
1.622625E+00        -2.578191E-02        +2.395117E-03
1.621167E+00        -2.571000E-02        +2.388616E-03
1.619711E+00        -2.563876E-02        +2.382118E-03
1.618256E+00        -2.556786E-02        +2.375683E-03
1.616802E+00        -2.549695E-02        +2.369218E-03
1.615350E+00        -2.542607E-02        +2.362785E-03
1.613899E+00        -2.535582E-02        +2.356386E-03
1.612449E+00        -2.528527E-02        +2.349986E-03
1.611000E+00        -2.521499E-02        +2.343584E-03
1.609553E+00        -2.514510E-02        +2.337250E-03
1.608107E+00        -2.507520E-02        +2.330950E-03
1.606663E+00        -2.500597E-02        +2.324589E-03
1.605219E+00        -2.493640E-02        +2.318251E-03
1.603777E+00        -2.486714E-02        +2.312015E-03
1.602337E+00        -2.479828E-02        +2.305755E-03
1.600897E+00        -2.472935E-02        +2.299453E-03
1.599459E+00        -2.466046E-02        +2.293218E-03
1.598022E+00        -2.459219E-02        +2.287018E-03
1.596587E+00        -2.452432E-02        +2.280821E-03
1.595153E+00        -2.445643E-02        +2.274623E-03
1.593720E+00        -2.438853E-02        +2.268423E-03
1.592288E+00        -2.432061E-02        +2.262286E-03
1.590858E+00        -2.425273E-02        +2.256124E-03
1.589428E+00        -2.418543E-02        +2.249985E-03
1.588001E+00        -2.411857E-02        +2.243889E-03
1.586574E+00        -2.405165E-02        +2.237788E-03
1.585149E+00        -2.398476E-02        +2.231754E-03
1.583725E+00        -2.391786E-02        +2.225690E-03
1.582302E+00        -2.385159E-02        +2.219653E-03
1.580881E+00        -2.378571E-02        +2.213656E-03
1.579461E+00        -2.371981E-02        +2.207657E-03
1.578042E+00        -2.365390E-02        +2.201657E-03
1.576624E+00        -2.358798E-02        +2.195656E-03
1.575208E+00        -2.352210E-02        +2.189658E-03
1.573793E+00        -2.345684E-02        +2.183722E-03
1.572379E+00        -2.339193E-02        +2.177822E-03
1.570967E+00        -2.332705E-02        +2.171925E-03
1.569555E+00        -2.326211E-02        +2.166022E-03
1.568146E+00        -2.319726E-02        +2.160127E-03
1.566737E+00        -2.313298E-02        +2.154290E-03
1.565329E+00        -2.306906E-02        +2.148424E-03
1.563923E+00        -2.300452E-02        +2.142589E-03
1.562518E+00        -2.294026E-02        +2.136789E-03
1.561115E+00        -2.287702E-02        +2.130993E-03
1.559712E+00        -2.281345E-02        +2.125191E-03
1.558311E+00        -2.275020E-02        +2.119392E-03
1.556911E+00        -2.268665E-02        +2.113656E-03
1.555513E+00        -2.262341E-02        +2.107959E-03
1.554115E+00        -2.256048E-02        +2.102193E-03
1.552719E+00        -2.249822E-02        +2.096457E-03
1.551325E+00        -2.243572E-02        +2.090761E-03
1.549931E+00        -2.237344E-02        +2.085124E-03
1.548539E+00        -2.231091E-02        +2.079462E-03
1.547148E+00        -2.224865E-02        +2.073827E-03
1.545758E+00        -2.218674E-02        +2.068227E-03
1.544369E+00        -2.212546E-02        +2.062562E-03
1.542982E+00        -2.206393E-02        +2.056927E-03
1.541596E+00        -2.200267E-02        +2.051392E-03
1.540211E+00        -2.194176E-02        +2.045828E-03
1.538827E+00        -2.188084E-02        +2.040291E-03
1.537445E+00        -2.181996E-02        +2.034729E-03
1.536064E+00        -2.175906E-02        +2.029194E-03
1.534684E+00        -2.169815E-02        +2.023694E-03
1.533305E+00        -2.163787E-02        +2.018193E-03
1.531928E+00        -2.157798E-02        +2.012695E-03
1.530552E+00        -2.151808E-02        +2.007260E-03
1.529177E+00        -2.145818E-02        +2.001797E-03
1.527803E+00        -2.139826E-02        +1.996360E-03
1.526431E+00        -2.133838E-02        +1.990962E-03
1.525059E+00        -2.127908E-02        +1.985559E-03
1.523689E+00        -2.122017E-02        +1.980160E-03
1.522321E+00        -2.116130E-02        +1.974763E-03
1.520953E+00        -2.110237E-02        +1.969362E-03
1.519587E+00        -2.104348E-02        +1.964027E-03
1.518222E+00        -2.098458E-02        +1.958728E-03
1.516858E+00        -2.092631E-02        +1.953428E-03
1.515495E+00        -2.086839E-02        +1.948127E-03
1.514134E+00        -2.081050E-02        +1.942829E-03
1.512774E+00        -2.075260E-02        +1.937530E-03
1.511415E+00        -2.069469E-02        +1.932231E-03
1.510057E+00        -2.063678E-02        +1.926994E-03
1.508701E+00        -2.057953E-02        +1.921796E-03
1.507345E+00        -2.052260E-02        +1.916594E-03
1.505991E+00        -2.046506E-02        +1.911395E-03
1.504638E+00        -2.040778E-02        +1.906195E-03
1.503287E+00        -2.035091E-02        +1.900998E-03
1.501936E+00        -2.029461E-02        +1.895796E-03
1.500587E+00        -2.023808E-02        +1.890661E-03
1.499239E+00        -2.018181E-02        +1.885561E-03
1.497892E+00        -2.012526E-02        +1.880398E-03
1.496547E+00        -2.006901E-02        +1.875264E-03
1.495202E+00        -2.001308E-02        +1.870162E-03
1.493859E+00        -1.995782E-02        +1.865127E-03
1.492517E+00        -1.990227E-02        +1.860063E-03
1.491177E+00        -1.984703E-02        +1.855030E-03
1.489837E+00        -1.979148E-02        +1.849966E-03
1.488499E+00        -1.973622E-02        +1.844931E-03
1.487161E+00        -1.968128E-02        +1.839928E-03
1.485826E+00        -1.962641E-02        +1.834932E-03
1.484491E+00        -1.957213E-02        +1.829932E-03
1.483157E+00        -1.951757E-02        +1.824930E-03
1.481825E+00        -1.946267E-02        +1.819996E-03
1.480494E+00        -1.940841E-02        +1.815097E-03
1.479164E+00        -1.935450E-02        +1.810134E-03
1.477835E+00        -1.930058E-02        +1.805197E-03
1.476507E+00        -1.924666E-02        +1.800295E-03
1.475181E+00        -1.919340E-02        +1.795397E-03
1.473856E+00        -1.913986E-02        +1.790498E-03
1.472532E+00        -1.908659E-02        +1.785662E-03
1.471209E+00        -1.903304E-02        +1.780799E-03
1.469888E+00        -1.897979E-02        +1.775965E-03
1.468567E+00        -1.892686E-02        +1.771163E-03
1.467248E+00        -1.887460E-02        +1.766364E-03
1.465930E+00        -1.882206E-02        +1.761565E-03
1.464613E+00        -1.876914E-02        +1.756765E-03
1.463297E+00        -1.871686E-02        +1.751964E-03
1.461983E+00        -1.866497E-02        +1.747230E-03
1.460669E+00        -1.861303E-02        +1.742465E-03
1.459357E+00        -1.856113E-02        +1.737729E-03
1.458046E+00        -1.850922E-02        +1.733029E-03
1.456737E+00        -1.845734E-02        +1.728332E-03
1.455428E+00        -1.840605E-02        +1.723632E-03
1.454121E+00        -1.835453E-02        +1.718934E-03
1.452814E+00        -1.830322E-02        +1.714231E-03
1.451509E+00        -1.825232E-02        +1.709595E-03
1.450205E+00        -1.820141E-02        +1.704932E-03
1.448903E+00        -1.815053E-02        +1.700299E-03
1.447601E+00        -1.810023E-02        +1.695698E-03
1.446301E+00        -1.804971E-02        +1.691099E-03
1.445001E+00        -1.799940E-02        +1.686497E-03
1.443703E+00        -1.794886E-02        +1.681898E-03
1.442406E+00        -1.789858E-02        +1.677298E-03
1.441111E+00        -1.784870E-02        +1.672764E-03
1.439816E+00        -1.779877E-02        +1.668200E-03
1.438523E+00        -1.774951E-02        +1.663665E-03
1.437230E+00        -1.769994E-02        +1.659163E-03
1.435939E+00        -1.765067E-02        +1.654663E-03
1.434649E+00        -1.760112E-02        +1.650164E-03
1.433361E+00        -1.755187E-02        +1.645667E-03
1.432073E+00        -1.750295E-02        +1.641166E-03
1.430787E+00        -1.745405E-02        +1.636731E-03
1.429501E+00        -1.740575E-02        +1.632266E-03
1.428217E+00        -1.735721E-02        +1.627830E-03
1.426934E+00        -1.730830E-02        +1.623430E-03
1.425652E+00        -1.726002E-02        +1.619030E-03
1.424372E+00        -1.721213E-02        +1.614633E-03
1.423092E+00        -1.716420E-02        +1.610232E-03
1.421814E+00        -1.711631E-02        +1.605834E-03
1.420536E+00        -1.706837E-02        +1.601431E-03
1.419260E+00        -1.702046E-02        +1.597095E-03
1.417985E+00        -1.697318E-02        +1.592732E-03
1.416712E+00        -1.692567E-02        +1.588398E-03
1.415439E+00        -1.687837E-02        +1.584098E-03
1.414167E+00        -1.683144E-02        +1.579796E-03
1.412897E+00        -1.678392E-02        +1.575498E-03
1.411628E+00        -1.673727E-02        +1.571199E-03
1.410360E+00        -1.669073E-02        +1.566963E-03
1.409093E+00        -1.664382E-02        +1.562700E-03
1.407827E+00        -1.659753E-02        +1.558463E-03
1.406562E+00        -1.655098E-02        +1.554199E-03
1.405299E+00        -1.650472E-02        +1.549964E-03
1.404036E+00        -1.645878E-02        +1.545763E-03
1.402775E+00        -1.641288E-02        +1.541564E-03
1.401515E+00        -1.636697E-02        +1.537365E-03
1.400256E+00        -1.632106E-02        +1.533165E-03
1.398998E+00        -1.627514E-02        +1.529028E-03
1.397741E+00        -1.622985E-02        +1.524865E-03
1.396486E+00        -1.618433E-02        +1.520667E-03
1.395231E+00        -1.613903E-02        +1.516529E-03
1.393978E+00        -1.609413E-02        +1.512430E-03
1.392726E+00        -1.604923E-02        +1.508332E-03
1.391475E+00        -1.600432E-02        +1.504232E-03
1.390225E+00        -1.595940E-02        +1.500133E-03
1.388976E+00        -1.591448E-02        +1.496033E-03
1.387728E+00        -1.587019E-02        +1.491932E-03
1.386481E+00        -1.582564E-02        +1.487894E-03
1.385236E+00        -1.578137E-02        +1.483833E-03
1.383991E+00        -1.573743E-02        +1.479794E-03
1.382748E+00        -1.569353E-02        +1.475796E-03
1.381506E+00        -1.564962E-02        +1.471797E-03
1.380265E+00        -1.560571E-02        +1.467797E-03
1.379025E+00        -1.556179E-02        +1.463797E-03
1.377786E+00        -1.551850E-02        +1.459797E-03
1.376549E+00        -1.547498E-02        +1.455800E-03
1.375312E+00        -1.543168E-02        +1.451861E-03
1.374077E+00        -1.538878E-02        +1.447900E-03
1.372842E+00        -1.534584E-02        +1.443961E-03
1.371609E+00        -1.530294E-02        +1.440063E-03
1.370377E+00        -1.526003E-02        +1.436163E-03
1.369146E+00        -1.521712E-02        +1.432264E-03
1.367916E+00        -1.517420E-02        +1.428364E-03
1.366687E+00        -1.513191E-02        +1.424464E-03
1.365459E+00        -1.508936E-02        +1.420563E-03
1.364233E+00        -1.504709E-02        +1.416666E-03
1.363007E+00        -1.500516E-02        +1.412827E-03
1.361783E+00        -1.496326E-02        +1.409029E-03
1.360559E+00        -1.492132E-02        +1.405164E-03
1.359337E+00        -1.487941E-02        +1.401328E-03
1.358116E+00        -1.483750E-02        +1.397529E-03
1.356896E+00        -1.479621E-02        +1.393729E-03
1.355677E+00        -1.475467E-02        +1.389929E-03
1.354459E+00        -1.471337E-02        +1.386129E-03
1.353243E+00        -1.467248E-02        +1.382332E-03
1.352027E+00        -1.463093E-02        +1.378593E-03
1.350812E+00        -1.458962E-02        +1.374830E-03
1.349599E+00        -1.454935E-02        +1.371094E-03
1.348387E+00        -1.450882E-02        +1.367395E-03
1.347175E+00        -1.446788E-02        +1.363631E-03
1.345965E+00        -1.442697E-02        +1.359895E-03
1.344756E+00        -1.438668E-02        +1.356195E-03
1.343548E+00        -1.434677E-02        +1.352496E-03
1.342341E+00        -1.430623E-02        +1.348858E-03
1.341135E+00        -1.426593E-02        +1.345196E-03
1.339931E+00        -1.422604E-02        +1.341498E-03
1.338727E+00        -1.418611E-02        +1.337860E-03
1.337524E+00        -1.414618E-02        +1.334259E-03
1.336323E+00        -1.410690E-02        +1.330599E-03
1.335122E+00        -1.406735E-02        +1.326960E-03
1.333923E+00        -1.402807E-02        +1.323361E-03
1.332725E+00        -1.398854E-02        +1.319762E-03
1.331527E+00        -1.394922E-02        +1.316160E-03
1.330331E+00        -1.391030E-02        +1.312561E-03
1.329136E+00        -1.387139E-02        +1.309024E-03
1.327942E+00        -1.383247E-02        +1.305462E-03
1.326749E+00        -1.379355E-02        +1.301862E-03
1.325558E+00        -1.375466E-02        +1.298327E-03
1.324367E+00        -1.371636E-02        +1.294827E-03
1.323177E+00        -1.367781E-02        +1.291264E-03
1.321988E+00        -1.363950E-02        +1.287726E-03
1.320801E+00        -1.360098E-02        +1.284228E-03
1.319614E+00        -1.356267E-02        +1.280726E-03
1.318429E+00        -1.352477E-02        +1.277290E-03
1.317245E+00        -1.348686E-02        +1.273829E-03
1.316061E+00        -1.344892E-02        +1.270328E-03
1.314879E+00        -1.341101E-02        +1.266891E-03
1.313698E+00        -1.337372E-02        +1.263430E-03
1.312518E+00        -1.333619E-02        +1.259992E-03
1.311339E+00        -1.329889E-02        +1.256531E-03
1.310161E+00        -1.326135E-02        +1.253093E-03
1.308984E+00        -1.322405E-02        +1.249693E-03
1.307808E+00        -1.318713E-02        +1.246293E-03
1.306633E+00        -1.315021E-02        +1.242893E-03
1.305459E+00        -1.311328E-02        +1.239493E-03
1.304287E+00        -1.307638E-02        +1.236157E-03
1.303115E+00        -1.303946E-02        +1.232795E-03
1.301944E+00        -1.300314E-02        +1.229394E-03
1.300775E+00        -1.296662E-02        +1.226058E-03
1.299606E+00        -1.293031E-02        +1.222757E-03
1.298439E+00        -1.289379E-02        +1.219396E-03
1.297272E+00        -1.285747E-02        +1.216057E-03
1.296107E+00        -1.282156E-02        +1.212758E-03
1.294943E+00        -1.278565E-02        +1.209459E-03
1.293779E+00        -1.274971E-02        +1.206158E-03
1.292617E+00        -1.271380E-02        +1.202859E-03
1.291456E+00        -1.267788E-02        +1.199560E-03
1.290296E+00        -1.264197E-02        +1.196322E-03
1.289137E+00        -1.260667E-02        +1.193061E-03
1.287979E+00        -1.257113E-02        +1.189823E-03
1.286822E+00        -1.253583E-02        +1.186562E-03
1.285666E+00        -1.250091E-02        +1.183324E-03
1.284511E+00        -1.246599E-02        +1.180124E-03
1.283357E+00        -1.243107E-02        +1.176924E-03
1.282204E+00        -1.239615E-02        +1.173724E-03
1.281052E+00        -1.236122E-02        +1.170524E-03
1.279901E+00        -1.232629E-02        +1.167323E-03
1.278752E+00        -1.229140E-02        +1.164126E-03
1.277603E+00        -1.225709E-02        +1.160925E-03
1.276455E+00        -1.222254E-02        +1.157787E-03
1.275309E+00        -1.218826E-02        +1.154627E-03
1.274163E+00        -1.215371E-02        +1.151488E-03
1.273018E+00        -1.211939E-02        +1.148325E-03
1.271875E+00        -1.208549E-02        +1.145189E-03
1.270732E+00        -1.205156E-02        +1.142088E-03
1.269591E+00        -1.201765E-02        +1.138990E-03
1.268450E+00        -1.198371E-02        +1.135889E-03
1.267311E+00        -1.194981E-02        +1.132790E-03
1.266172E+00        -1.191649E-02        +1.129689E-03
1.265035E+00        -1.188296E-02        +1.126591E-03
1.263899E+00        -1.184967E-02        +1.123492E-03
1.262763E+00        -1.181611E-02        +1.120452E-03
1.261629E+00        -1.178282E-02        +1.117392E-03
1.260495E+00        -1.174988E-02        +1.114352E-03
1.259363E+00        -1.171697E-02        +1.111353E-03
1.258232E+00        -1.168406E-02        +1.108293E-03
1.257102E+00        -1.165114E-02        +1.105255E-03
1.255972E+00        -1.161820E-02        +1.102254E-03
1.254844E+00        -1.158529E-02        +1.099255E-03
1.253717E+00        -1.155237E-02        +1.096256E-03
1.252590E+00        -1.152004E-02        +1.093254E-03
1.251465E+00        -1.148751E-02        +1.090255E-03
1.250341E+00        -1.145521E-02        +1.087317E-03
1.249218E+00        -1.142330E-02        +1.084357E-03
1.248096E+00        -1.139138E-02        +1.081357E-03
1.246974E+00        -1.135882E-02        +1.078417E-03
1.245854E+00        -1.132652E-02        +1.075518E-03
1.244735E+00        -1.129460E-02        +1.072557E-03
1.243617E+00        -1.126268E-02        +1.069619E-03
1.242500E+00        -1.123138E-02        +1.066720E-03
1.241384E+00        -1.119985E-02        +1.063821E-03
1.240268E+00        -1.116790E-02        +1.060919E-03
1.239154E+00        -1.113660E-02        +1.058019E-03
1.238041E+00        -1.110568E-02        +1.055120E-03
1.236929E+00        -1.107415E-02        +1.052221E-03
1.235818E+00        -1.104284E-02        +1.049383E-03
1.234708E+00        -1.101192E-02        +1.046522E-03
1.233599E+00        -1.098101E-02        +1.043623E-03
1.232490E+00        -1.095006E-02        +1.040782E-03
1.231383E+00        -1.091914E-02        +1.037983E-03
1.230277E+00        -1.088822E-02        +1.035122E-03
1.229172E+00        -1.085730E-02        +1.032284E-03
1.228068E+00        -1.082639E-02        +1.029485E-03
1.226965E+00        -1.079608E-02        +1.026686E-03
1.225862E+00        -1.076614E-02        +1.023884E-03
1.224761E+00        -1.073561E-02        +1.021085E-03
1.223661E+00        -1.070530E-02        +1.018286E-03
1.222562E+00        -1.067477E-02        +1.015548E-03
1.221463E+00        -1.064444E-02        +1.012785E-03
1.220366E+00        -1.061452E-02        +1.009986E-03
1.219270E+00        -1.058461E-02        +1.007248E-03
1.218175E+00        -1.055469E-02        +1.004488E-03
1.217080E+00        -1.052536E-02        +1.001748E-03
1.215987E+00        -1.049583E-02        +9.990182E-04
1.214895E+00        -1.046592E-02        +9.962815E-04
1.213803E+00        -1.043659E-02        +9.935624E-04
1.212713E+00        -1.040706E-02        +9.908536E-04
1.211623E+00        -1.037773E-02        +9.881485E-04
1.210535E+00        -1.034821E-02        +9.854498E-04
1.209448E+00        -1.031891E-02        +9.827573E-04
1.208361E+00        -1.028997E-02        +9.800785E-04
1.207276E+00        -1.026106E-02        +9.774038E-04
1.206191E+00        -1.023212E-02        +9.747351E-04
1.205108E+00        -1.020321E-02        +9.720767E-04
1.204025E+00        -1.017427E-02        +9.694220E-04
1.202943E+00        -1.014534E-02        +9.667713E-04
1.201863E+00        -1.011643E-02        +9.641353E-04
1.200783E+00        -1.008811E-02        +9.615047E-04
1.199704E+00        -1.005956E-02        +9.588742E-04
1.198627E+00        -1.003127E-02        +9.562584E-04
1.197550E+00        -1.000272E-02        +9.536481E-04
1.196474E+00        -9.974403E-03        +9.510439E-04
1.195399E+00        -9.946473E-03        +9.484437E-04
1.194326E+00        -9.918509E-03        +9.458582E-04
1.193253E+00        -9.890481E-03        +9.432782E-04
1.192181E+00        -9.862514E-03        +9.406982E-04
1.191110E+00        -9.834648E-03        +9.381306E-04
1.190040E+00        -9.806823E-03        +9.355708E-04
1.188971E+00        -9.779119E-03        +9.330111E-04
1.187903E+00        -9.751496E-03        +9.304637E-04
1.186836E+00        -9.723934E-03        +9.279242E-04
1.185769E+00        -9.696447E-03        +9.253886E-04
1.184704E+00        -9.669026E-03        +9.228593E-04
1.183640E+00        -9.641667E-03        +9.203362E-04
1.182577E+00        -9.614409E-03        +9.178232E-04
1.181514E+00        -9.587226E-03        +9.153180E-04
1.180453E+00        -9.560109E-03        +9.128191E-04
1.179393E+00        -9.533115E-03        +9.103264E-04
1.178333E+00        -9.506115E-03        +9.078354E-04
1.177275E+00        -9.479223E-03        +9.053590E-04
1.176217E+00        -9.452386E-03        +9.028882E-04
1.175160E+00        -9.425671E-03        +9.004176E-04
1.174105E+00        -9.399062E-03        +8.979615E-04
1.173050E+00        -9.372428E-03        +8.955051E-04
1.171996E+00        -9.345917E-03        +8.930569E-04
1.170943E+00        -9.319485E-03        +8.906167E-04
1.169892E+00        -9.293141E-03        +8.881851E-04
1.168841E+00        -9.266812E-03        +8.857613E-04
1.167791E+00        -9.240546E-03        +8.833415E-04
1.166742E+00        -9.214381E-03        +8.809279E-04
1.165694E+00        -9.188317E-03        +8.785184E-04
1.164646E+00        -9.162329E-03        +8.761127E-04
1.163600E+00        -9.136407E-03        +8.737196E-04
1.162555E+00        -9.110548E-03        +8.713365E-04
1.161511E+00        -9.084729E-03        +8.689575E-04
1.160467E+00        -9.059008E-03        +8.665764E-04
1.159425E+00        -9.033392E-03        +8.642098E-04
1.158383E+00        -9.007753E-03        +8.618490E-04
1.157343E+00        -8.982261E-03        +8.594966E-04
1.156303E+00        -8.956825E-03        +8.571461E-04
1.155264E+00        -8.931451E-03        +8.548018E-04
1.154226E+00        -8.906118E-03        +8.524615E-04
1.153190E+00        -8.880932E-03        +8.501358E-04
1.152154E+00        -8.855803E-03        +8.478098E-04
1.151119E+00        -8.830674E-03        +8.454922E-04
1.150085E+00        -8.805608E-03        +8.431826E-04
1.149051E+00        -8.780620E-03        +8.408769E-04
1.148019E+00        -8.755757E-03        +8.385776E-04
1.146988E+00        -8.730996E-03        +8.362845E-04
1.145958E+00        -8.706276E-03        +8.340016E-04
1.144928E+00        -8.681595E-03        +8.317206E-04
1.143900E+00        -8.656978E-03        +8.294480E-04
1.142872E+00        -8.632400E-03        +8.271773E-04
1.141845E+00        -8.607924E-03        +8.249128E-04
1.140820E+00        -8.583513E-03        +8.226607E-04
1.139795E+00        -8.559200E-03        +8.204105E-04
1.138771E+00        -8.534908E-03        +8.181665E-04
1.137748E+00        -8.510700E-03        +8.159267E-04
1.136726E+00        -8.486572E-03        +8.136992E-04
1.135705E+00        -8.462507E-03        +8.114736E-04
1.134684E+00        -8.438459E-03        +8.092482E-04
1.133665E+00        -8.414558E-03        +8.070351E-04
1.132647E+00        -8.390678E-03        +8.048322E-04
1.131629E+00        -8.366857E-03        +8.026313E-04
1.130613E+00        -8.343140E-03        +8.004388E-04
1.129597E+00        -8.319463E-03        +7.982482E-04
1.128582E+00        -8.295828E-03        +7.960639E-04
1.127569E+00        -8.272278E-03        +7.938859E-04
1.126556E+00        -8.248806E-03        +7.917120E-04
1.125544E+00        -8.225437E-03        +7.895482E-04
1.124533E+00        -8.202110E-03        +7.873886E-04
1.123522E+00        -8.178761E-03        +7.852331E-04
1.122513E+00        -8.155557E-03        +7.830840E-04
1.121505E+00        -8.132436E-03        +7.809410E-04
1.120497E+00        -8.109294E-03        +7.788061E-04
1.119491E+00        -8.086297E-03        +7.766775E-04
1.118485E+00        -8.063299E-03        +7.745530E-04
1.117480E+00        -8.040384E-03        +7.724327E-04
1.116476E+00        -8.017550E-03        +7.703186E-04
1.115473E+00        -7.994779E-03        +7.682087E-04
1.114471E+00        -7.972049E-03        +7.661050E-04
1.113470E+00        -7.949443E-03        +7.640116E-04
1.112470E+00        -7.926858E-03        +7.619223E-04
1.111471E+00        -7.904355E-03        +7.598393E-04
1.110472E+00        -7.881912E-03        +7.577583E-04
1.109475E+00        -7.859494E-03        +7.556857E-04
1.108478E+00        -7.837116E-03        +7.536152E-04
1.107482E+00        -7.814840E-03        +7.515509E-04
1.106487E+00        -7.792666E-03        +7.494969E-04
1.105493E+00        -7.770534E-03        +7.474470E-04
1.104500E+00        -7.748405E-03        +7.453974E-04
1.103508E+00        -7.726339E-03        +7.433540E-04
1.102517E+00        -7.704374E-03        +7.413208E-04
1.101526E+00        -7.682490E-03        +7.392898E-04
1.100537E+00        -7.660670E-03        +7.372671E-04
1.099548E+00        -7.638831E-03        +7.352526E-04
1.098561E+00        -7.617135E-03        +7.332383E-04
1.097574E+00        -7.595501E-03        +7.312302E-04
1.096588E+00        -7.573869E-03        +7.292303E-04
1.095603E+00        -7.552299E-03        +7.272307E-04
1.094618E+00        -7.530809E-03        +7.252352E-04
1.093635E+00        -7.509384E-03        +7.232521E-04
1.092653E+00        -7.488022E-03        +7.212731E-04
1.091671E+00        -7.466741E-03        +7.192984E-04
1.090690E+00        -7.445501E-03        +7.173280E-04
1.089711E+00        -7.424286E-03        +7.153657E-04
1.088732E+00        -7.403172E-03        +7.134057E-04
1.087754E+00        -7.382081E-03        +7.114520E-04
1.086777E+00        -7.361072E-03        +7.095024E-04
1.085800E+00        -7.340123E-03        +7.075572E-04
1.084825E+00        -7.319200E-03        +7.056241E-04
1.083850E+00        -7.298377E-03        +7.036934E-04
1.082877E+00        -7.277598E-03        +7.017648E-04
1.081904E+00        -7.256820E-03        +6.998405E-04
1.080932E+00        -7.236145E-03        +6.979205E-04
1.079961E+00        -7.215573E-03        +6.960127E-04
1.078991E+00        -7.195044E-03        +6.941072E-04
1.078022E+00        -7.174517E-03        +6.922039E-04
1.077053E+00        -7.154091E-03        +6.903089E-04
1.076086E+00        -7.133710E-03        +6.884202E-04
1.075119E+00        -7.113389E-03        +6.865297E-04
1.074153E+00        -7.093092E-03        +6.846455E-04
1.073188E+00        -7.072878E-03        +6.827715E-04
1.072224E+00        -7.052746E-03        +6.809018E-04
1.071261E+00        -7.032617E-03        +6.790384E-04
1.070299E+00        -7.012550E-03        +6.771792E-04
1.069337E+00        -6.992565E-03        +6.753183E-04
1.068377E+00        -6.972645E-03        +6.734657E-04
1.067417E+00        -6.952765E-03        +6.716213E-04
1.066458E+00        -6.932929E-03        +6.697813E-04
1.065500E+00        -6.913156E-03        +6.679474E-04
1.064543E+00        -6.893426E-03        +6.661179E-04
1.063587E+00        -6.873758E-03        +6.642946E-04
1.062631E+00        -6.854172E-03        +6.624737E-04
1.061677E+00        -6.834651E-03        +6.606550E-04
1.060723E+00        -6.815171E-03        +6.588406E-04
1.059770E+00        -6.795734E-03        +6.570365E-04
1.058818E+00        -6.776300E-03        +6.552367E-04
1.057867E+00        -6.756989E-03        +6.534432E-04
1.056917E+00        -6.737701E-03        +6.516539E-04
1.055967E+00        -6.718415E-03        +6.498630E-04
1.055019E+00        -6.699252E-03        +6.480803E-04
1.054071E+00        -6.680172E-03        +6.463059E-04
1.053124E+00        -6.661136E-03        +6.445359E-04
1.052178E+00        -6.642103E-03        +6.427661E-04
1.051233E+00        -6.623131E-03        +6.410026E-04
1.050288E+00        -6.604184E-03        +6.392416E-04
1.049345E+00        -6.585319E-03        +6.374886E-04
1.048402E+00        -6.566537E-03        +6.357441E-04
1.047460E+00        -6.547798E-03        +6.339979E-04
1.046519E+00        -6.529062E-03        +6.322599E-04
1.045579E+00        -6.510389E-03        +6.305303E-04
1.044640E+00        -6.491818E-03        +6.288009E-04
1.043702E+00        -6.473292E-03        +6.270778E-04
1.042764E+00        -6.454808E-03        +6.253572E-04
1.041827E+00        -6.436368E-03        +6.236369E-04
1.040891E+00        -6.417930E-03        +6.219288E-04
1.039956E+00        -6.399556E-03        +6.202231E-04
1.039022E+00        -6.381284E-03        +6.185196E-04
1.038089E+00        -6.363056E-03        +6.168263E-04
1.037156E+00        -6.344871E-03        +6.151357E-04
1.036225E+00        -6.326750E-03        +6.134471E-04
1.035294E+00        -6.308670E-03        +6.117629E-04
1.034364E+00        -6.290635E-03        +6.100831E-04
1.033435E+00        -6.272663E-03        +6.084096E-04
1.032506E+00        -6.254715E-03        +6.067386E-04
1.031579E+00        -6.236849E-03        +6.050756E-04
1.030652E+00        -6.219006E-03        +6.034152E-04
1.029726E+00        -6.201168E-03        +6.017610E-04
1.028801E+00        -6.183392E-03        +6.001112E-04
1.027877E+00        -6.165719E-03        +5.984617E-04
1.026954E+00        -6.148090E-03        +5.968185E-04
1.026031E+00        -6.130504E-03        +5.951778E-04
1.025109E+00        -6.112962E-03        +5.935434E-04
1.024188E+00        -6.095483E-03        +5.919133E-04
1.023268E+00        -6.078047E-03        +5.902895E-04
1.022349E+00        -6.060615E-03        +5.886700E-04
1.021431E+00        -6.043246E-03        +5.870568E-04
1.020513E+00        -6.025960E-03        +5.854462E-04
1.019597E+00        -6.008738E-03        +5.838376E-04
1.018681E+00        -5.991560E-03        +5.822336E-04
1.017766E+00        -5.974366E-03        +5.806339E-04
1.016851E+00        -5.957234E-03        +5.790387E-04
1.015938E+00        -5.940206E-03        +5.774497E-04
1.015025E+00        -5.923162E-03        +5.758651E-04
1.014113E+00        -5.906181E-03        +5.742849E-04
1.013202E+00        -5.889244E-03        +5.727110E-04
1.012292E+00        -5.872370E-03        +5.711356E-04
1.011383E+00        -5.855598E-03        +5.695682E-04
1.010474E+00        -5.838794E-03        +5.680075E-04
1.009567E+00        -5.822089E-03        +5.664489E-04
1.008660E+00        -5.805391E-03        +5.648889E-04
1.007754E+00        -5.788714E-03        +5.633352E-04
1.006848E+00        -5.772123E-03        +5.617900E-04
1.005944E+00        -5.755594E-03        +5.602509E-04
1.005040E+00        -5.739109E-03        +5.587105E-04
1.004137E+00        -5.722669E-03        +5.571763E-04
1.003235E+00        -5.706232E-03        +5.556465E-04
1.002334E+00        -5.689858E-03        +5.541170E-04
1.001434E+00        -5.673528E-03        +5.525938E-04
1.000534E+00        -5.657242E-03        +5.510792E-04
9.996352E-01        -5.641063E-03        +5.495634E-04
9.987372E-01        -5.624866E-03        +5.480494E-04
9.978401E-01        -5.608748E-03        +5.465456E-04
9.969437E-01        -5.592651E-03        +5.450457E-04
9.960481E-01        -5.576572E-03        +5.435458E-04
9.951533E-01        -5.560592E-03        +5.420518E-04
9.942594E-01        -5.544655E-03        +5.405621E-04
9.933662E-01        -5.528716E-03        +5.390780E-04
9.924739E-01        -5.512838E-03        +5.375983E-04
9.915823E-01        -5.496999E-03        +5.361184E-04
9.906916E-01        -5.481220E-03        +5.346445E-04
9.898016E-01        -5.465481E-03        +5.331746E-04
9.889124E-01        -5.449801E-03        +5.317105E-04
9.880241E-01        -5.434164E-03        +5.302508E-04
9.871365E-01        -5.418524E-03        +5.287908E-04
9.862498E-01        -5.402946E-03        +5.273370E-04
9.853638E-01        -5.387465E-03        +5.258870E-04
9.844786E-01        -5.372026E-03        +5.244430E-04
9.835943E-01        -5.356589E-03        +5.230033E-04
9.827107E-01        -5.341150E-03        +5.215634E-04
9.818279E-01        -5.325828E-03        +5.201294E-04
9.809459E-01        -5.310531E-03        +5.186995E-04
9.800647E-01        -5.295250E-03        +5.172755E-04
9.791843E-01        -5.280012E-03        +5.158498E-04
9.783047E-01        -5.264832E-03        +5.144317E-04
9.774259E-01        -5.249693E-03        +5.130160E-04
9.765478E-01        -5.234611E-03        +5.116078E-04
9.756706E-01        -5.219573E-03        +5.102022E-04
9.747941E-01        -5.204533E-03        +5.087981E-04
9.739184E-01        -5.189552E-03        +5.073982E-04
9.730436E-01        -5.174673E-03        +5.060044E-04
9.721695E-01        -5.159775E-03        +5.046145E-04
9.712961E-01        -5.144952E-03        +5.032245E-04
9.704236E-01        -5.130154E-03        +5.018406E-04
9.695519E-01        -5.115374E-03        +5.004608E-04
9.686809E-01        -5.100634E-03        +4.990809E-04
9.678107E-01        -5.085952E-03        +4.977068E-04
9.669413E-01        -5.071312E-03        +4.963370E-04
9.660727E-01        -5.056731E-03        +4.949730E-04
9.652049E-01        -5.042192E-03        +4.936132E-04
9.643378E-01        -5.027652E-03        +4.922533E-04
9.634715E-01        -5.013170E-03        +4.908992E-04
9.626060E-01        -4.998788E-03        +4.895494E-04
9.617413E-01        -4.984390E-03        +4.881995E-04
9.608773E-01        -4.970008E-03        +4.868554E-04
9.600142E-01        -4.955669E-03        +4.855157E-04
9.591518E-01        -4.941387E-03        +4.841817E-04
9.582902E-01        -4.927206E-03        +4.828518E-04
9.574293E-01        -4.913005E-03        +4.815219E-04
9.565692E-01        -4.898823E-03        +4.801978E-04
9.557099E-01        -4.884742E-03        +4.788721E-04
9.548514E-01        -4.870702E-03        +4.775540E-04
9.539936E-01        -4.856661E-03        +4.762382E-04
9.531367E-01        -4.842621E-03        +4.749243E-04
9.522804E-01        -4.828638E-03        +4.736202E-04
9.514250E-01        -4.814757E-03        +4.723204E-04
9.505703E-01        -4.800857E-03        +4.710205E-04
9.497164E-01        -4.787033E-03        +4.697206E-04
9.488633E-01        -4.773234E-03        +4.684267E-04
9.480109E-01        -4.759451E-03        +4.671368E-04
9.471593E-01        -4.745710E-03        +4.658469E-04
9.463084E-01        -4.732027E-03        +4.645628E-04
9.454583E-01        -4.718386E-03        +4.632887E-04
9.446090E-01        -4.704803E-03        +4.620131E-04
9.437605E-01        -4.691205E-03        +4.607391E-04
9.429127E-01        -4.677680E-03        +4.594692E-04
9.420656E-01        -4.664179E-03        +4.582051E-04
9.412194E-01        -4.650697E-03        +4.569453E-04
9.403738E-01        -4.637254E-03        +4.556853E-04
9.395291E-01        -4.623872E-03        +4.544313E-04
9.386851E-01        -4.610530E-03        +4.531756E-04
9.378419E-01        -4.597247E-03        +4.519275E-04
9.369994E-01        -4.584006E-03        +4.506817E-04
9.361577E-01        -4.570764E-03        +4.494377E-04
9.353167E-01        -4.557522E-03        +4.482036E-04
9.344765E-01        -4.544338E-03        +4.469679E-04
9.336370E-01        -4.531254E-03        +4.457338E-04
9.327983E-01        -4.518154E-03        +4.445039E-04
9.319604E-01        -4.505071E-03        +4.432799E-04
9.311232E-01        -4.492087E-03        +4.420601E-04
9.302867E-01        -4.479144E-03        +4.408401E-04
9.294511E-01        -4.466204E-03        +4.396262E-04
9.286161E-01        -4.453261E-03        +4.384162E-04
9.277819E-01        -4.440376E-03        +4.372063E-04
9.269485E-01        -4.427535E-03        +4.360023E-04
9.261158E-01        -4.414750E-03        +4.348024E-04
9.252838E-01        -4.402007E-03        +4.336025E-04
9.244526E-01        -4.389265E-03        +4.324084E-04
9.236222E-01        -4.376581E-03        +4.312186E-04
9.227925E-01        -4.363939E-03        +4.300287E-04
9.219635E-01        -4.351295E-03        +4.288388E-04
9.211353E-01        -4.338711E-03        +4.276547E-04
9.203078E-01        -4.326168E-03        +4.264748E-04
9.194811E-01        -4.313625E-03        +4.253007E-04
9.186551E-01        -4.301140E-03        +4.241308E-04
9.178299E-01        -4.288698E-03        +4.229610E-04
9.170054E-01        -4.276314E-03        +4.217911E-04
9.161816E-01        -4.263912E-03        +4.206270E-04
9.153586E-01        -4.251585E-03        +4.194671E-04
9.145363E-01        -4.239284E-03        +4.183130E-04
9.137148E-01        -4.227000E-03        +4.171574E-04
9.128940E-01        -4.214756E-03        +4.160033E-04
9.120739E-01        -4.202571E-03        +4.148592E-04
9.112546E-01        -4.190428E-03        +4.137194E-04
9.104360E-01        -4.178284E-03        +4.125795E-04
9.096181E-01        -4.166140E-03        +4.114395E-04
9.088010E-01        -4.154055E-03        +4.102997E-04
9.079846E-01        -4.142011E-03        +4.091656E-04
9.071690E-01        -4.130027E-03        +4.080357E-04
9.063540E-01        -4.118082E-03        +4.069115E-04
9.055398E-01        -4.106138E-03        +4.057916E-04
9.047264E-01        -4.094254E-03        +4.046718E-04
9.039136E-01        -4.082409E-03        +4.035519E-04
9.031016E-01        -4.070565E-03        +4.024378E-04
9.022904E-01        -4.058722E-03        +4.013280E-04
9.014798E-01        -4.046935E-03        +4.002238E-04
9.006700E-01        -4.035249E-03        +3.991181E-04
8.998609E-01        -4.023547E-03        +3.980140E-04
8.990526E-01        -4.011862E-03        +3.969142E-04
8.982449E-01        -4.000217E-03        +3.958200E-04
8.974380E-01        -3.988631E-03        +3.947301E-04
8.966319E-01        -3.977088E-03        +3.936403E-04
8.958264E-01        -3.965542E-03        +3.925504E-04
8.950217E-01        -3.953999E-03        +3.914663E-04
8.942176E-01        -3.942511E-03        +3.903863E-04
8.934144E-01        -3.931068E-03        +3.893065E-04
8.926118E-01        -3.919681E-03        +3.882324E-04
8.918099E-01        -3.908336E-03        +3.871624E-04
8.910088E-01        -3.896992E-03        +3.860926E-04
8.902084E-01        -3.885647E-03        +3.850227E-04
8.894087E-01        -3.874359E-03        +3.839585E-04
8.886097E-01        -3.863114E-03        +3.828986E-04
8.878115E-01        -3.851870E-03        +3.818445E-04
8.870140E-01        -3.840683E-03        +3.807889E-04
8.862171E-01        -3.829537E-03        +3.797347E-04
8.854210E-01        -3.818392E-03        +3.786848E-04
8.846257E-01        -3.807306E-03        +3.776408E-04
8.838310E-01        -3.796261E-03        +3.766008E-04
8.830370E-01        -3.785216E-03        +3.755609E-04
8.822438E-01        -3.774229E-03        +3.745211E-04
8.814512E-01        -3.763283E-03        +3.734868E-04
8.806594E-01        -3.752338E-03        +3.724512E-04
8.798683E-01        -3.741393E-03        +3.714228E-04
8.790779E-01        -3.730505E-03        +3.703972E-04
8.782882E-01        -3.719659E-03        +3.693730E-04
8.774992E-01        -3.708871E-03        +3.683531E-04
8.767110E-01        -3.698069E-03        +3.673333E-04
8.759234E-01        -3.687281E-03        +3.663191E-04
8.751365E-01        -3.676592E-03        +3.653092E-04
8.743504E-01        -3.665890E-03        +3.642993E-04
8.735650E-01        -3.655202E-03        +3.632895E-04
8.727802E-01        -3.644555E-03        +3.622852E-04
8.719962E-01        -3.633967E-03        +3.612854E-04
8.712129E-01        -3.623422E-03        +3.602855E-04
8.704302E-01        -3.612875E-03        +3.592855E-04
8.696483E-01        -3.602329E-03        +3.582914E-04
8.688671E-01        -3.591841E-03        +3.573015E-04
8.680866E-01        -3.581395E-03        +3.563116E-04
8.673068E-01        -3.570949E-03        +3.553275E-04
8.665276E-01        -3.560560E-03        +3.543475E-04
8.657492E-01        -3.550214E-03        +3.533676E-04
8.649715E-01        -3.539868E-03        +3.523877E-04
8.641945E-01        -3.529521E-03        +3.514136E-04
8.634182E-01        -3.519233E-03        +3.504437E-04
8.626425E-01        -3.508986E-03        +3.494737E-04
8.618676E-01        -3.498797E-03        +3.485038E-04
8.610934E-01        -3.488593E-03        +3.475397E-04
8.603199E-01        -3.478405E-03        +3.465798E-04
8.595470E-01        -3.468257E-03        +3.456199E-04
8.587749E-01        -3.458168E-03        +3.446600E-04
8.580034E-01        -3.448121E-03        +3.437058E-04
8.572327E-01        -3.438018E-03        +3.427559E-04
8.564626E-01        -3.427985E-03        +3.418060E-04
8.556932E-01        -3.417981E-03        +3.408618E-04
8.549245E-01        -3.407991E-03        +3.399219E-04
8.541566E-01        -3.398045E-03        +3.389821E-04
8.533893E-01        -3.388156E-03        +3.380422E-04
8.526226E-01        -3.378307E-03        +3.371021E-04
8.518567E-01        -3.368460E-03        +3.361680E-04
8.510915E-01        -3.358614E-03        +3.352381E-04
8.503269E-01        -3.348766E-03        +3.343082E-04
8.495631E-01        -3.338977E-03        +3.333840E-04
8.487999E-01        -3.329230E-03        +3.324641E-04
8.480374E-01        -3.319539E-03        +3.315442E-04
8.472756E-01        -3.309892E-03        +3.306243E-04
8.465145E-01        -3.300187E-03        +3.297101E-04
8.457540E-01        -3.290553E-03        +3.287944E-04
8.449943E-01        -3.280950E-03        +3.278803E-04
8.442352E-01        -3.271359E-03        +3.269761E-04
8.434768E-01        -3.261811E-03        +3.260704E-04
8.427191E-01        -3.252264E-03        +3.251662E-04
8.419621E-01        -3.242773E-03        +3.242664E-04
8.412057E-01        -3.233324E-03        +3.233664E-04
8.404501E-01        -3.223878E-03        +3.224723E-04
8.396951E-01        -3.214430E-03        +3.215766E-04
8.389408E-01        -3.205039E-03        +3.206824E-04
8.381871E-01        -3.195633E-03        +3.197982E-04
8.374342E-01        -3.186243E-03        +3.189126E-04
8.366819E-01        -3.176952E-03        +3.180284E-04
8.359303E-01        -3.167704E-03        +3.171485E-04
8.351794E-01        -3.158456E-03        +3.162686E-04
8.344291E-01        -3.149207E-03        +3.153886E-04
8.336795E-01        -3.139959E-03        +3.145144E-04
8.329306E-01        -3.130767E-03        +3.136445E-04
8.321824E-01        -3.121619E-03        +3.127746E-04
8.314348E-01        -3.112471E-03        +3.119047E-04
8.306879E-01        -3.103379E-03        +3.110404E-04
8.299417E-01        -3.094274E-03        +3.101805E-04
8.291962E-01        -3.085183E-03        +3.093207E-04
8.284513E-01        -3.076191E-03        +3.084607E-04
8.277071E-01        -3.067186E-03        +3.076065E-04
8.269635E-01        -3.058193E-03        +3.067565E-04
8.262206E-01        -3.049244E-03        +3.059066E-04
8.254784E-01        -3.040295E-03        +3.050567E-04
8.247369E-01        -3.031404E-03        +3.042068E-04
8.239960E-01        -3.022555E-03        +3.033626E-04
8.232558E-01        -3.013706E-03        +3.025227E-04
8.225163E-01        -3.004858E-03        +3.016828E-04
8.217774E-01        -2.996009E-03        +3.008485E-04
8.210392E-01        -2.987217E-03        +3.000130E-04
8.203016E-01        -2.978467E-03        +2.991787E-04
8.195647E-01        -2.969718E-03        +2.983487E-04
8.188285E-01        -2.961026E-03        +2.975188E-04
8.180929E-01        -2.952376E-03        +2.966946E-04
8.173580E-01        -2.943726E-03        +2.958747E-04
8.166238E-01        -2.935077E-03        +2.950548E-04
8.158902E-01        -2.926428E-03        +2.942349E-04
8.151573E-01        -2.917836E-03        +2.934150E-04
8.144250E-01        -2.909286E-03        +2.926007E-04
8.136934E-01        -2.900737E-03        +2.917908E-04
8.129624E-01        -2.892243E-03        +2.909808E-04
8.122321E-01        -2.883737E-03        +2.901709E-04
8.115025E-01        -2.875244E-03        +2.893610E-04
8.107735E-01        -2.866851E-03        +2.885567E-04
8.100452E-01        -2.858445E-03        +2.877569E-04
8.093175E-01        -2.850051E-03        +2.869569E-04
8.085905E-01        -2.841702E-03        +2.861627E-04
8.078641E-01        -2.833352E-03        +2.853671E-04
8.071384E-01        -2.825002E-03        +2.845728E-04
8.064133E-01        -2.816708E-03        +2.837829E-04
8.056889E-01        -2.808401E-03        +2.829930E-04
8.049652E-01        -2.800108E-03        +2.822088E-04
8.042420E-01        -2.791914E-03        +2.814288E-04
8.035196E-01        -2.783708E-03        +2.806489E-04
8.027978E-01        -2.775514E-03        +2.798690E-04
8.020766E-01        -2.767364E-03        +2.790890E-04
8.013561E-01        -2.759214E-03        +2.783148E-04
8.006362E-01        -2.751120E-03        +2.775392E-04
7.999170E-01        -2.743013E-03        +2.767649E-04
7.991984E-01        -2.734919E-03        +2.759950E-04
7.984805E-01        -2.726925E-03        +2.752307E-04
7.977632E-01        -2.718918E-03        +2.744652E-04
7.970465E-01        -2.710867E-03        +2.737008E-04
7.963305E-01        -2.702873E-03        +2.729409E-04
7.956152E-01        -2.694923E-03        +2.721810E-04
7.949005E-01        -2.687028E-03        +2.714268E-04
7.941864E-01        -2.679121E-03        +2.706712E-04
7.934730E-01        -2.671227E-03        +2.699169E-04
7.927602E-01        -2.663376E-03        +2.691670E-04
7.920480E-01        -2.655524E-03        +2.684170E-04
7.913365E-01        -2.647673E-03        +2.676727E-04
7.906257E-01        -2.639879E-03        +2.669272E-04
7.899154E-01        -2.632127E-03        +2.661829E-04
7.892058E-01        -2.624376E-03        +2.654429E-04
7.884969E-01        -2.616626E-03        +2.647087E-04
7.877886E-01        -2.608932E-03        +2.639732E-04
7.870809E-01        -2.601223E-03        +2.632389E-04
7.863738E-01        -2.593527E-03        +2.625032E-04
7.856674E-01        -2.585876E-03        +2.617746E-04
7.849616E-01        -2.578281E-03        +2.610490E-04
7.842565E-01        -2.570674E-03        +2.603191E-04
7.835520E-01        -2.563079E-03        +2.595948E-04
7.828481E-01        -2.555527E-03        +2.588749E-04
7.821449E-01        -2.547976E-03        +2.581550E-04
7.814422E-01        -2.540480E-03        +2.574350E-04
7.807403E-01        -2.533029E-03        +2.567151E-04
7.800389E-01        -2.525521E-03        +2.560008E-04
7.793382E-01        -2.518025E-03        +2.552909E-04
7.786381E-01        -2.510629E-03        +2.545810E-04
7.779386E-01        -2.503221E-03        +2.538710E-04
7.772398E-01        -2.495826E-03        +2.531611E-04
7.765416E-01        -2.488473E-03        +2.524568E-04
7.758440E-01        -2.481121E-03        +2.517568E-04
7.751471E-01        -2.473770E-03        +2.510570E-04
7.744507E-01        -2.466473E-03        +2.503570E-04
7.737550E-01        -2.459221E-03        +2.496570E-04
7.730600E-01        -2.451970E-03        +2.489628E-04
7.723655E-01        -2.444717E-03        +2.482672E-04
7.716717E-01        -2.437465E-03        +2.475729E-04
7.709785E-01        -2.430269E-03        +2.468830E-04
7.702859E-01        -2.423060E-03        +2.461986E-04
7.695939E-01        -2.415864E-03        +2.455131E-04
7.689026E-01        -2.408768E-03        +2.448288E-04
7.682119E-01        -2.401660E-03        +2.441489E-04
7.675218E-01        -2.394563E-03        +2.434689E-04
7.668323E-01        -2.387454E-03        +2.427890E-04
7.661434E-01        -2.380357E-03        +2.421090E-04
7.654552E-01        -2.373361E-03        +2.414347E-04
7.647676E-01        -2.366352E-03        +2.407648E-04
7.640806E-01        -2.359355E-03        +2.400949E-04
7.633942E-01        -2.352346E-03        +2.394249E-04
7.627084E-01        -2.345349E-03        +2.387549E-04
7.620233E-01        -2.338397E-03        +2.380907E-04
7.613387E-01        -2.331499E-03        +2.374251E-04
7.606548E-01        -2.324646E-03        +2.367608E-04
7.599715E-01        -2.317738E-03        +2.361008E-04
7.592888E-01        -2.310841E-03        +2.354409E-04
7.586067E-01        -2.303987E-03        +2.347865E-04
7.579253E-01        -2.297191E-03        +2.341311E-04
7.572444E-01        -2.290381E-03        +2.334767E-04
7.565642E-01        -2.283584E-03        +2.328268E-04
7.558845E-01        -2.276830E-03        +2.321768E-04
7.552055E-01        -2.270077E-03        +2.315269E-04
7.545271E-01        -2.263324E-03        +2.308825E-04
7.538493E-01        -2.256626E-03        +2.302426E-04
7.531721E-01        -2.249973E-03        +2.295971E-04
7.524955E-01        -2.243319E-03        +2.289527E-04
7.518195E-01        -2.236666E-03        +2.283128E-04
7.511442E-01        -2.230013E-03        +2.276785E-04
7.504694E-01        -2.223358E-03        +2.270429E-04
7.497952E-01        -2.216760E-03        +2.264085E-04
7.491217E-01        -2.210207E-03        +2.257786E-04
7.484487E-01        -2.203653E-03        +2.251487E-04
7.477764E-01        -2.197099E-03        +2.245188E-04
7.471046E-01        -2.190601E-03        +2.238943E-04
7.464335E-01        -2.184091E-03        +2.232689E-04
7.457630E-01        -2.177593E-03        +2.226445E-04
7.450930E-01        -2.171139E-03        +2.220245E-04
7.444237E-01        -2.164685E-03        +2.214046E-04
7.437550E-01        -2.158231E-03        +2.207847E-04
7.430869E-01        -2.151833E-03        +2.201648E-04
7.424193E-01        -2.145422E-03        +2.195504E-04
7.417524E-01        -2.139024E-03        +2.189404E-04
7.410861E-01        -2.132670E-03        +2.183305E-04
7.404203E-01        -2.126371E-03        +2.177205E-04
7.397552E-01        -2.120061E-03        +2.171106E-04
7.390907E-01        -2.113763E-03        +2.165007E-04
7.384267E-01        -2.107452E-03        +2.158963E-04
7.377634E-01        -2.101153E-03        +2.152964E-04
7.371007E-01        -2.094899E-03        +2.146909E-04
7.364385E-01        -2.088700E-03        +2.140865E-04
7.357770E-01        -2.082490E-03        +2.134922E-04
7.351160E-01        -2.076290E-03        +2.128966E-04
7.344556E-01        -2.070135E-03        +2.123022E-04
7.337959E-01        -2.063981E-03        +2.117068E-04
7.331367E-01        -2.057826E-03        +2.111124E-04
7.324781E-01        -2.051671E-03        +2.105224E-04
7.318201E-01        -2.045572E-03        +2.099325E-04
7.311627E-01        -2.039517E-03        +2.093481E-04
7.305059E-01        -2.033462E-03        +2.087626E-04
7.298496E-01        -2.027406E-03        +2.081781E-04
7.291940E-01        -2.021352E-03        +2.075982E-04
7.285390E-01        -2.015297E-03        +2.070183E-04
7.278845E-01        -2.009297E-03        +2.064384E-04
7.272306E-01        -2.003341E-03        +2.058584E-04
7.265774E-01        -1.997387E-03        +2.052841E-04
7.259247E-01        -1.991432E-03        +2.047086E-04
7.252725E-01        -1.985476E-03        +2.041341E-04
7.246210E-01        -1.979521E-03        +2.035642E-04
7.239701E-01        -1.973621E-03        +2.029943E-04
7.233197E-01        -1.967765E-03        +2.024243E-04
7.226700E-01        -1.961910E-03        +2.018599E-04
7.220208E-01        -1.956054E-03        +2.012944E-04
7.213722E-01        -1.950199E-03        +2.007300E-04
7.207242E-01        -1.944343E-03        +2.001701E-04
7.200767E-01        -1.938543E-03        +1.996101E-04
7.194299E-01        -1.932787E-03        +1.990502E-04
7.187836E-01        -1.927031E-03        +1.984903E-04
7.181379E-01        -1.921276E-03        +1.979358E-04
7.174928E-01        -1.915520E-03        +1.973804E-04
7.168482E-01        -1.909819E-03        +1.968259E-04
7.162043E-01        -1.904108E-03        +1.962760E-04
7.155609E-01        -1.898407E-03        +1.957260E-04
7.149181E-01        -1.892751E-03        +1.951761E-04
7.142759E-01        -1.887095E-03        +1.946317E-04
7.136342E-01        -1.881438E-03        +1.940862E-04
7.129932E-01        -1.875838E-03        +1.935418E-04
7.123527E-01        -1.870227E-03        +1.930019E-04
7.117128E-01        -1.864626E-03        +1.924619E-04
7.110734E-01        -1.859069E-03        +1.919219E-04
7.104346E-01        -1.853512E-03        +1.913820E-04
7.097965E-01        -1.847957E-03        +1.908421E-04
7.091588E-01        -1.842400E-03        +1.903076E-04
7.085218E-01        -1.836899E-03        +1.897777E-04
7.078853E-01        -1.831443E-03        +1.892477E-04
7.072494E-01        -1.825931E-03        +1.887123E-04
7.066141E-01        -1.820429E-03        +1.881834E-04
7.059793E-01        -1.814972E-03        +1.876579E-04
7.053451E-01        -1.809571E-03        +1.871279E-04
7.047115E-01        -1.804159E-03        +1.866035E-04
7.040784E-01        -1.798758E-03        +1.860835E-04
7.034459E-01        -1.793401E-03        +1.855581E-04
7.028140E-01        -1.788044E-03        +1.850336E-04
7.021827E-01        -1.782687E-03        +1.845192E-04
7.015519E-01        -1.777330E-03        +1.840038E-04
7.009217E-01        -1.771973E-03        +1.834838E-04
7.002920E-01        -1.766671E-03        +1.829693E-04
6.996630E-01        -1.761360E-03        +1.824540E-04
6.990344E-01        -1.756057E-03        +1.819394E-04
6.984065E-01        -1.750800E-03        +1.814295E-04
6.977791E-01        -1.745543E-03        +1.809251E-04
6.971523E-01        -1.740341E-03        +1.804197E-04
6.965260E-01        -1.735128E-03        +1.799097E-04
6.959003E-01        -1.729926E-03        +1.794052E-04
6.952752E-01        -1.724714E-03        +1.788998E-04
6.946506E-01        -1.719511E-03        +1.783953E-04
6.940266E-01        -1.714354E-03        +1.778954E-04
6.934031E-01        -1.709251E-03        +1.773954E-04
6.927802E-01        -1.704139E-03        +1.768955E-04
6.921579E-01        -1.698982E-03        +1.764010E-04
6.915361E-01        -1.693879E-03        +1.759056E-04
6.909149E-01        -1.688821E-03        +1.754111E-04
6.902942E-01        -1.683763E-03        +1.749211E-04
6.896741E-01        -1.678705E-03        +1.744312E-04
6.890546E-01        -1.673648E-03        +1.739413E-04
6.884356E-01        -1.668590E-03        +1.734513E-04
6.878172E-01        -1.663587E-03        +1.729614E-04
6.871993E-01        -1.658574E-03        +1.724714E-04
6.865820E-01        -1.653571E-03        +1.719870E-04
6.859652E-01        -1.648613E-03        +1.715070E-04
6.853490E-01        -1.643655E-03        +1.710270E-04
6.847333E-01        -1.638697E-03        +1.705471E-04
6.841182E-01        -1.633794E-03        +1.700671E-04
6.835037E-01        -1.628881E-03        +1.695872E-04
6.828897E-01        -1.623978E-03        +1.691073E-04
6.822762E-01        -1.619119E-03        +1.686327E-04
6.816633E-01        -1.614261E-03        +1.681573E-04
6.810510E-01        -1.609403E-03        +1.676829E-04
6.804392E-01        -1.604545E-03        +1.672129E-04
6.798279E-01        -1.599686E-03        +1.667429E-04
6.792172E-01        -1.594882E-03        +1.662730E-04
6.786071E-01        -1.590070E-03        +1.658031E-04
6.779975E-01        -1.585266E-03        +1.653386E-04
6.773884E-01        -1.580507E-03        +1.648731E-04
6.767799E-01        -1.575748E-03        +1.644086E-04
6.761719E-01        -1.570990E-03        +1.639487E-04
6.755645E-01        -1.566231E-03        +1.634832E-04
6.749576E-01        -1.561527E-03        +1.630187E-04
6.743513E-01        -1.556868E-03        +1.625643E-04
6.737455E-01        -1.552154E-03        +1.621088E-04
6.731403E-01        -1.547451E-03        +1.616489E-04
6.725356E-01        -1.542792E-03        +1.611944E-04
6.719315E-01        -1.538133E-03        +1.607390E-04
6.713279E-01        -1.533474E-03        +1.602845E-04
6.707248E-01        -1.528869E-03        +1.598346E-04
6.701223E-01        -1.524256E-03        +1.593846E-04
6.695203E-01        -1.519651E-03        +1.589346E-04
6.689188E-01        -1.515092E-03        +1.584901E-04
6.683179E-01        -1.510533E-03        +1.580447E-04
6.677176E-01        -1.505974E-03        +1.575948E-04
6.671178E-01        -1.501415E-03        +1.571503E-04
6.665185E-01        -1.496855E-03        +1.567103E-04
6.659197E-01        -1.492350E-03        +1.562703E-04
6.653215E-01        -1.487837E-03        +1.558304E-04
6.647239E-01        -1.483332E-03        +1.553905E-04
6.641267E-01        -1.478872E-03        +1.549505E-04
6.635301E-01        -1.474412E-03        +1.545105E-04
6.629341E-01        -1.469953E-03        +1.540760E-04
6.623385E-01        -1.465493E-03        +1.536406E-04
6.617436E-01        -1.461034E-03        +1.532061E-04
6.611491E-01        -1.456629E-03        +1.527761E-04
6.605552E-01        -1.452215E-03        +1.523462E-04
6.599618E-01        -1.447809E-03        +1.519162E-04
6.593689E-01        -1.443449E-03        +1.514862E-04
6.587766E-01        -1.439089E-03        +1.510563E-04
6.581848E-01        -1.434730E-03        +1.506318E-04
6.575936E-01        -1.430370E-03        +1.502064E-04
6.570028E-01        -1.426064E-03        +1.497818E-04
6.564126E-01        -1.421749E-03        +1.493619E-04
6.558230E-01        -1.417444E-03        +1.489420E-04
6.552338E-01        -1.413129E-03        +1.485220E-04
6.546452E-01        -1.408824E-03        +1.481020E-04
6.540572E-01        -1.404564E-03        +1.476821E-04
6.534696E-01        -1.400304E-03        +1.472621E-04
6.528826E-01        -1.396098E-03        +1.468476E-04
6.522961E-01        -1.391883E-03        +1.464322E-04
6.517101E-01        -1.387622E-03        +1.460177E-04
6.511247E-01        -1.383417E-03        +1.456077E-04
6.505398E-01        -1.379257E-03        +1.451978E-04
6.499554E-01        -1.375042E-03        +1.447878E-04
6.493715E-01        -1.370835E-03        +1.443778E-04
6.487882E-01        -1.366675E-03        +1.439679E-04
6.482054E-01        -1.362569E-03        +1.435580E-04
6.476231E-01        -1.358454E-03        +1.431534E-04
6.470413E-01        -1.354293E-03        +1.427480E-04
6.464600E-01        -1.350186E-03        +1.423434E-04
6.458793E-01        -1.346126E-03        +1.419435E-04
6.452991E-01        -1.342011E-03        +1.415435E-04
6.447194E-01        -1.337904E-03        +1.411436E-04
6.441403E-01        -1.333843E-03        +1.407436E-04
6.435616E-01        -1.329836E-03        +1.403436E-04
6.429835E-01        -1.325821E-03        +1.399491E-04
6.424059E-01        -1.321760E-03        +1.395537E-04
6.418288E-01        -1.317754E-03        +1.391592E-04
6.412523E-01        -1.313739E-03        +1.387638E-04
6.406762E-01        -1.309732E-03        +1.383693E-04
6.401007E-01        -1.305771E-03        +1.379793E-04
6.395257E-01        -1.301810E-03        +1.375894E-04
6.389512E-01        -1.297848E-03        +1.371994E-04
6.383772E-01        -1.293887E-03        +1.368094E-04
6.378037E-01        -1.289925E-03        +1.364248E-04
6.372308E-01        -1.286019E-03        +1.360395E-04
6.366583E-01        -1.282102E-03        +1.356495E-04
6.360864E-01        -1.278196E-03        +1.352650E-04
6.355150E-01        -1.274334E-03        +1.348850E-04
6.349441E-01        -1.270473E-03        +1.345050E-04
6.343737E-01        -1.266557E-03        +1.341251E-04
6.338039E-01        -1.262704E-03        +1.337451E-04
6.332345E-01        -1.258888E-03        +1.333651E-04
6.326657E-01        -1.255027E-03        +1.329852E-04
6.320973E-01        -1.251219E-03        +1.326052E-04
6.315295E-01        -1.247403E-03        +1.322307E-04
6.309622E-01        -1.243595E-03        +1.318553E-04
6.303954E-01        -1.239833E-03        +1.314807E-04
6.298291E-01        -1.236017E-03        +1.311108E-04
6.292633E-01        -1.232209E-03        +1.307408E-04
6.286980E-01        -1.228448E-03        +1.303708E-04
6.281333E-01        -1.224740E-03        +1.300009E-04
6.275690E-01        -1.221024E-03        +1.296309E-04
6.270053E-01        -1.217262E-03        +1.292610E-04
6.264420E-01        -1.213553E-03        +1.288964E-04
6.258793E-01        -1.209892E-03        +1.285311E-04
6.253170E-01        -1.206176E-03        +1.281664E-04
6.247553E-01        -1.202467E-03        +1.278011E-04
6.241941E-01        -1.198805E-03        +1.274365E-04
6.236333E-01        -1.195142E-03        +1.270765E-04
6.230731E-01        -1.191480E-03        +1.267166E-04
6.225134E-01        -1.187872E-03        +1.263566E-04
6.219542E-01        -1.184256E-03        +1.259967E-04
6.213955E-01        -1.180593E-03        +1.256367E-04
6.208373E-01        -1.176984E-03        +1.252821E-04
6.202796E-01        -1.173422E-03        +1.249268E-04
6.197224E-01        -1.169806E-03        +1.245722E-04
6.191657E-01        -1.166197E-03        +1.242222E-04
6.186094E-01        -1.162634E-03        +1.238668E-04
6.180537E-01        -1.159072E-03        +1.235123E-04
6.174985E-01        -1.155562E-03        +1.231623E-04
6.169438E-01        -1.152045E-03        +1.228123E-04
6.163896E-01        -1.148483E-03        +1.224624E-04
6.158359E-01        -1.144974E-03        +1.221124E-04
6.152827E-01        -1.141511E-03        +1.217678E-04
6.147300E-01        -1.137995E-03        +1.214225E-04
6.141777E-01        -1.134485E-03        +1.210779E-04
6.136260E-01        -1.131022E-03        +1.207325E-04
6.130748E-01        -1.127560E-03        +1.203880E-04
6.125241E-01        -1.124097E-03        +1.200480E-04
6.119738E-01        -1.120633E-03        +1.197080E-04
6.114241E-01        -1.117224E-03        +1.193681E-04
6.108748E-01        -1.113807E-03        +1.190281E-04
6.103261E-01        -1.110398E-03        +1.186881E-04
6.097778E-01        -1.106981E-03        +1.183482E-04
6.092300E-01        -1.103571E-03        +1.180135E-04
6.086827E-01        -1.100207E-03        +1.176782E-04
6.081359E-01        -1.096843E-03        +1.173436E-04
6.075896E-01        -1.093480E-03        +1.170083E-04
6.070438E-01        -1.090117E-03        +1.166736E-04
6.064985E-01        -1.086754E-03        +1.163437E-04
6.059537E-01        -1.083443E-03        +1.160137E-04
6.054094E-01        -1.080127E-03        +1.156838E-04
6.048655E-01        -1.076763E-03        +1.153538E-04
6.043221E-01        -1.073452E-03        +1.150238E-04
6.037793E-01        -1.070189E-03        +1.146939E-04
6.032369E-01        -1.066925E-03        +1.143692E-04
6.026950E-01        -1.063608E-03        +1.140439E-04
6.021536E-01        -1.060298E-03        +1.137193E-04
6.016127E-01        -1.057034E-03        +1.133940E-04
6.010722E-01        -1.053824E-03        +1.130693E-04
6.005323E-01        -1.050606E-03        +1.127494E-04
5.999928E-01        -1.047342E-03        +1.124294E-04
5.994538E-01        -1.044132E-03        +1.121094E-04
5.989153E-01        -1.040915E-03        +1.117895E-04
5.983773E-01        -1.037704E-03        +1.114695E-04
5.978398E-01        -1.034540E-03        +1.111496E-04
5.973027E-01        -1.031375E-03        +1.108349E-04
5.967662E-01        -1.028211E-03        +1.105196E-04
5.962301E-01        -1.025047E-03        +1.102050E-04
5.956945E-01        -1.021883E-03        +1.098897E-04
5.951593E-01        -1.018718E-03        +1.095750E-04
5.946247E-01        -1.015554E-03        +1.092651E-04
5.940905E-01        -1.012443E-03        +1.089497E-04
5.935569E-01        -1.009326E-03        +1.086351E-04
5.930237E-01        -1.006214E-03        +1.083252E-04
5.924909E-01        -1.003096E-03        +1.080205E-04
5.919587E-01        -9.999847E-04        +1.077152E-04
5.914269E-01        -9.969204E-04        +1.074052E-04
5.908956E-01        -9.938561E-04        +1.070953E-04
5.903648E-01        -9.907914E-04        +1.067906E-04
5.898345E-01        -9.877269E-04        +1.064853E-04
5.893046E-01        -9.846620E-04        +1.061807E-04
5.887753E-01        -9.816509E-04        +1.058807E-04
5.882464E-01        -9.786331E-04        +1.055808E-04
5.877179E-01        -9.755893E-04        +1.052808E-04
5.871900E-01        -9.725750E-04        +1.049755E-04
5.866625E-01        -9.695750E-04        +1.046708E-04
5.861355E-01        -9.665803E-04        +1.043762E-04
5.856089E-01        -9.635906E-04        +1.040809E-04
5.850829E-01        -9.606110E-04        +1.037809E-04
5.845573E-01        -9.576411E-04        +1.034810E-04
5.840322E-01        -9.546818E-04        +1.031863E-04
5.835075E-01        -9.517315E-04        +1.028910E-04
5.829834E-01        -9.487921E-04        +1.025964E-04
5.824596E-01        -9.458563E-04        +1.023063E-04
5.819364E-01        -9.429314E-04        +1.020111E-04
5.814137E-01        -9.400165E-04        +1.017165E-04
5.808914E-01        -9.371065E-04        +1.014265E-04
5.803695E-01        -9.342062E-04        +1.011365E-04
5.798482E-01        -9.313166E-04        +1.008465E-04
5.793273E-01        -9.284308E-04        +1.005618E-04
5.788069E-01        -9.255558E-04        +1.002766E-04
5.782869E-01        -9.226903E-04        +9.998712E-05
5.777674E-01        -9.198303E-04        +9.969973E-05
5.772484E-01        -9.169800E-04        +9.941429E-05
5.767299E-01        -9.141398E-04        +9.912935E-05
5.762118E-01        -9.113093E-04        +9.884543E-05
5.756942E-01        -9.084837E-04        +9.856247E-05
5.751770E-01        -9.056683E-04        +9.828000E-05
5.746603E-01        -9.028625E-04        +9.799855E-05
5.741441E-01        -9.000622E-04        +9.771759E-05
5.736283E-01        -8.972716E-04        +9.743713E-05
5.731130E-01        -8.944859E-04        +9.715821E-05
5.725982E-01        -8.917104E-04        +9.687973E-05
5.720838E-01        -8.889440E-04        +9.660180E-05
5.715699E-01        -8.861837E-04        +9.632484E-05
5.710565E-01        -8.834335E-04        +9.604895E-05
5.705435E-01        -8.806925E-04        +9.577344E-05
5.700309E-01        -8.779559E-04        +9.549848E-05
5.695189E-01        -8.752305E-04        +9.522455E-05
5.690073E-01        -8.725144E-04        +9.495163E-05
5.684961E-01        -8.698031E-04        +9.467963E-05
5.679854E-01        -8.670968E-04        +9.440765E-05
5.674752E-01        -8.644013E-04        +9.413675E-05
5.669654E-01        -8.617149E-04        +9.386676E-05
5.664561E-01        -8.590340E-04        +9.359732E-05
5.659473E-01        -8.563628E-04        +9.332838E-05
5.654389E-01        -8.537019E-04        +9.306046E-05
5.649309E-01        -8.510453E-04        +9.279346E-05
5.644234E-01        -8.483991E-04        +9.252700E-05
5.639164E-01        -8.457625E-04        +9.226105E-05
5.634098E-01        -8.431256E-04        +9.199559E-05
5.629037E-01        -8.404995E-04        +9.173115E-05
5.623980E-01        -8.378831E-04        +9.146768E-05
5.618928E-01        -8.352716E-04        +9.120524E-05
5.613881E-01        -8.326700E-04        +9.094330E-05
5.608838E-01        -8.300785E-04        +9.068185E-05
5.603799E-01        -8.274915E-04        +9.042138E-05
5.598765E-01        -8.249153E-04        +9.016140E-05
5.593736E-01        -8.223435E-04        +8.990198E-05
5.588711E-01        -8.197772E-04        +8.964352E-05
5.583690E-01        -8.172255E-04        +8.938552E-05
5.578674E-01        -8.146781E-04        +8.912859E-05
5.573663E-01        -8.121364E-04        +8.887211E-05
5.568656E-01        -8.096048E-04        +8.861618E-05
5.563654E-01        -8.070778E-04        +8.836123E-05
5.558656E-01        -8.045558E-04        +8.810678E-05
5.553662E-01        -8.020440E-04        +8.785330E-05
5.548673E-01        -7.995419E-04        +8.760084E-05
5.543689E-01        -7.970449E-04        +8.734889E-05
5.538709E-01        -7.945529E-04        +8.709744E-05
5.533733E-01        -7.920701E-04        +8.684644E-05
5.528762E-01        -7.895982E-04        +8.659599E-05
5.523796E-01        -7.871312E-04        +8.634657E-05
5.518834E-01        -7.846739E-04        +8.609813E-05
5.513876E-01        -7.822213E-04        +8.585013E-05
5.508923E-01        -7.797746E-04        +8.560269E-05
5.503974E-01        -7.773367E-04        +8.535623E-05
5.499030E-01        -7.749043E-04        +8.511027E-05
5.494090E-01        -7.724818E-04        +8.486481E-05
5.489154E-01        -7.700637E-04        +8.462033E-05
5.484223E-01        -7.676512E-04        +8.437635E-05
5.479297E-01        -7.652489E-04        +8.413293E-05
5.474375E-01        -7.628565E-04        +8.389048E-05
5.469457E-01        -7.604686E-04        +8.364849E-05
5.464544E-01        -7.580862E-04        +8.340705E-05
5.459635E-01        -7.557136E-04        +8.316659E-05
5.454730E-01        -7.533456E-04        +8.292659E-05
5.449830E-01        -7.509831E-04        +8.268714E-05
5.444935E-01        -7.486303E-04        +8.244872E-05
5.440043E-01        -7.462870E-04        +8.221071E-05
5.435156E-01        -7.439491E-04        +8.197325E-05
5.430274E-01        -7.416168E-04        +8.173682E-05
5.425396E-01        -7.392886E-04        +8.150085E-05
5.420522E-01        -7.369706E-04        +8.126538E-05
5.415653E-01        -7.346625E-04        +8.103094E-05
5.410788E-01        -7.323542E-04        +8.079696E-05
5.405927E-01        -7.300562E-04        +8.056349E-05
5.401071E-01        -7.277681E-04        +8.033052E-05
5.396219E-01        -7.254797E-04        +8.009806E-05
5.391372E-01        -7.232016E-04        +7.986663E-05
5.386528E-01        -7.209329E-04        +7.963613E-05
5.381690E-01        -7.186650E-04        +7.940619E-05
5.376855E-01        -7.164064E-04        +7.917619E-05
5.372025E-01        -7.141582E-04        +7.894726E-05
5.367199E-01        -7.119150E-04        +7.871927E-05
5.362378E-01        -7.096764E-04        +7.849132E-05
5.357561E-01        -7.074429E-04        +7.826439E-05
5.352748E-01        -7.052193E-04        +7.803788E-05
5.347940E-01        -7.030007E-04        +7.781196E-05
5.343135E-01        -7.007867E-04        +7.758694E-05
5.338336E-01        -6.985835E-04        +7.736253E-05
5.333540E-01        -6.963845E-04        +7.713853E-05
5.328749E-01        -6.941910E-04        +7.691508E-05
5.323962E-01        -6.920074E-04        +7.669261E-05
5.319179E-01        -6.898284E-04        +7.647062E-05
5.314401E-01        -6.876545E-04        +7.624917E-05
5.309627E-01        -6.854904E-04        +7.602820E-05
5.304857E-01        -6.833315E-04        +7.580773E-05
5.300092E-01        -6.811781E-04        +7.558829E-05
5.295331E-01        -6.790289E-04        +7.536932E-05
5.290574E-01        -6.768899E-04        +7.515085E-05
5.285821E-01        -6.747558E-04        +7.493337E-05
5.281073E-01        -6.726270E-04        +7.471641E-05
5.276329E-01        -6.705072E-04        +7.449944E-05
5.271589E-01        -6.683931E-04        +7.428349E-05
5.266853E-01        -6.662841E-04        +7.406797E-05
5.262122E-01        -6.641801E-04        +7.385304E-05
5.257395E-01        -6.620855E-04        +7.363906E-05
5.252672E-01        -6.599961E-04        +7.342508E-05
5.247954E-01        -6.579123E-04        +7.321216E-05
5.243239E-01        -6.558322E-04        +7.300015E-05
5.238529E-01        -6.537576E-04        +7.278818E-05
5.233823E-01        -6.516934E-04        +7.257671E-05
5.229122E-01        -6.496344E-04        +7.236628E-05
5.224424E-01        -6.475795E-04        +7.215627E-05
5.219731E-01        -6.455350E-04        +7.194630E-05
5.215042E-01        -6.434952E-04        +7.173735E-05
5.210358E-01        -6.414609E-04        +7.152941E-05
5.205677E-01        -6.394309E-04        +7.132141E-05
5.201001E-01        -6.374064E-04        +7.111396E-05
5.196329E-01        -6.353918E-04        +7.090751E-05
5.191661E-01        -6.333820E-04        +7.070152E-05
5.186997E-01        -6.313773E-04        +7.049605E-05
5.182337E-01        -6.293768E-04        +7.029105E-05
5.177682E-01        -6.273818E-04        +7.008661E-05
5.173031E-01        -6.253973E-04        +6.988263E-05
5.168384E-01        -6.234175E-04        +6.967917E-05
5.163741E-01        -6.214423E-04        +6.947670E-05
5.159102E-01        -6.194718E-04        +6.927471E-05
5.154468E-01        -6.175074E-04        +6.907327E-05
5.149837E-01        -6.155468E-04        +6.887226E-05
5.145211E-01        -6.135917E-04        +6.867180E-05
5.140589E-01        -6.116466E-04        +6.847182E-05
5.135971E-01        -6.097063E-04        +6.827235E-05
5.131358E-01        -6.077714E-04        +6.807392E-05
5.126748E-01        -6.058456E-04        +6.787592E-05
5.122143E-01        -6.039255E-04        +6.767796E-05
5.117541E-01        -6.020100E-04        +6.748046E-05
5.112944E-01        -6.000993E-04        +6.728401E-05
5.108351E-01        -5.981890E-04        +6.708803E-05
5.103762E-01        -5.962889E-04        +6.689256E-05
5.099177E-01        -5.943980E-04        +6.669757E-05
5.094597E-01        -5.925075E-04        +6.650313E-05
5.090020E-01        -5.906216E-04        +6.630913E-05
5.085448E-01        -5.887462E-04        +6.611569E-05
5.080879E-01        -5.868751E-04        +6.592319E-05
5.076315E-01        -5.850044E-04        +6.573122E-05
5.071755E-01        -5.831439E-04        +6.553925E-05
5.067199E-01        -5.812931E-04        +6.534778E-05
5.062647E-01        -5.794423E-04        +6.515731E-05
5.058099E-01        -5.775965E-04        +6.496733E-05
5.053555E-01        -5.757556E-04        +6.477785E-05
5.049016E-01        -5.739254E-04        +6.458890E-05
5.044480E-01        -5.720992E-04        +6.440041E-05
5.039948E-01        -5.702729E-04        +6.421241E-05
5.035421E-01        -5.684569E-04        +6.402445E-05
5.030898E-01        -5.666462E-04        +6.383751E-05
5.026378E-01        -5.648398E-04        +6.365099E-05
5.021863E-01        -5.630386E-04        +6.346505E-05
5.017352E-01        -5.612424E-04        +6.327956E-05
5.012845E-01        -5.594563E-04        +6.309461E-05
5.008341E-01        -5.576695E-04        +6.291060E-05
5.003842E-01        -5.558885E-04        +6.272662E-05
4.999347E-01        -5.541172E-04        +6.254315E-05
4.994856E-01        -5.523510E-04        +6.236017E-05
4.990369E-01        -5.505896E-04        +6.217770E-05
4.985886E-01        -5.488278E-04        +6.199571E-05
4.981408E-01        -5.470720E-04        +6.181428E-05
4.976933E-01        -5.453257E-04        +6.163329E-05
4.972462E-01        -5.435838E-04        +6.145282E-05
4.967995E-01        -5.418470E-04        +6.127334E-05
4.963532E-01        -5.401151E-04        +6.109384E-05
4.959073E-01        -5.383884E-04        +6.091487E-05
4.954619E-01        -5.366674E-04        +6.073692E-05
4.950168E-01        -5.349511E-04        +6.055893E-05
4.945721E-01        -5.332392E-04        +6.038146E-05
4.941278E-01        -5.315324E-04        +6.020447E-05
4.936839E-01        -5.298356E-04        +6.002799E-05
4.932404E-01        -5.281432E-04        +5.985200E-05
4.927974E-01        -5.264512E-04        +5.967656E-05
4.923547E-01        -5.247644E-04        +5.950158E-05
4.919124E-01        -5.230826E-04        +5.932710E-05
4.914705E-01        -5.214058E-04        +5.915311E-05
4.910290E-01        -5.197335E-04        +5.897964E-05
4.905879E-01        -5.180663E-04        +5.880666E-05
4.901472E-01        -5.164095E-04        +5.863419E-05
4.897069E-01        -5.147572E-04        +5.846221E-05
4.892670E-01        -5.131049E-04        +5.829074E-05
4.888275E-01        -5.114583E-04        +5.811976E-05
4.883883E-01        -5.098156E-04        +5.794926E-05
4.879496E-01        -5.081785E-04        +5.777929E-05
4.875113E-01        -5.065514E-04        +5.760932E-05
4.870733E-01        -5.049283E-04        +5.743982E-05
4.866358E-01        -5.033062E-04        +5.727136E-05
4.861986E-01        -5.016887E-04        +5.710336E-05
4.857619E-01        -5.000761E-04        +5.693540E-05
4.853255E-01        -4.984688E-04        +5.676792E-05
4.848895E-01        -4.968663E-04        +5.660092E-05
4.844539E-01        -4.952685E-04        +5.643444E-05
4.840188E-01        -4.936811E-04        +5.626900E-05
4.835840E-01        -4.920937E-04        +5.610351E-05
4.831495E-01        -4.905112E-04        +5.593800E-05
4.827155E-01        -4.889333E-04        +5.577354E-05
4.822819E-01        -4.873608E-04        +5.560957E-05
4.818486E-01        -4.857926E-04        +5.544607E-05
4.814158E-01        -4.842251E-04        +5.528310E-05
4.809833E-01        -4.826672E-04        +5.512011E-05
4.805513E-01        -4.811146E-04        +5.495766E-05
4.801196E-01        -4.795668E-04        +5.479618E-05
4.796883E-01        -4.780239E-04        +5.463520E-05
4.792574E-01        -4.764806E-04        +5.447422E-05
4.788268E-01        -4.749421E-04        +5.431371E-05
4.783967E-01        -4.734145E-04        +5.415374E-05
4.779669E-01        -4.718915E-04        +5.399374E-05
4.775376E-01        -4.703683E-04        +5.383429E-05
4.771086E-01        -4.688500E-04        +5.367580E-05
4.766800E-01        -4.673371E-04        +5.351782E-05
4.762518E-01        -4.658289E-04        +5.335984E-05
4.758240E-01        -4.643256E-04        +5.320237E-05
4.753965E-01        -4.628271E-04        +5.304536E-05
4.749695E-01        -4.613340E-04        +5.288891E-05
4.745428E-01        -4.598456E-04        +5.273291E-05
4.741165E-01        -4.583622E-04        +5.257743E-05
4.736906E-01        -4.568789E-04        +5.242245E-05
4.732651E-01        -4.554002E-04        +5.226747E-05
4.728399E-01        -4.539317E-04        +5.211297E-05
4.724152E-01        -4.524685E-04        +5.195901E-05
4.719908E-01        -4.510046E-04        +5.180552E-05
4.715668E-01        -4.495458E-04        +5.165254E-05
4.711432E-01        -4.480920E-04        +5.150007E-05
4.707200E-01        -4.466388E-04        +5.134809E-05
4.702971E-01        -4.451954E-04        +5.119609E-05
4.698746E-01        -4.437564E-04        +5.104460E-05
4.694525E-01        -4.423176E-04        +5.089362E-05
4.690308E-01        -4.408838E-04        +5.074314E-05
4.686095E-01        -4.394551E-04        +5.059317E-05
4.681885E-01        -4.380311E-04        +5.044368E-05
4.677679E-01        -4.366122E-04        +5.029469E-05
4.673477E-01        -4.351984E-04        +5.014570E-05
4.669279E-01        -4.337892E-04        +4.999723E-05
4.665085E-01        -4.323850E-04        +4.984926E-05
4.660894E-01        -4.309810E-04        +4.970177E-05
4.656707E-01        -4.295822E-04        +4.955479E-05
4.652524E-01        -4.281879E-04        +4.940781E-05
4.648344E-01        -4.267984E-04        +4.926131E-05
4.644169E-01        -4.254148E-04        +4.911535E-05
4.639997E-01        -4.240354E-04        +4.896986E-05
4.635828E-01        -4.226608E-04        +4.882485E-05
4.631664E-01        -4.212866E-04        +4.867988E-05
4.627503E-01        -4.199172E-04        +4.853539E-05
4.623346E-01        -4.185528E-04        +4.839140E-05
4.619193E-01        -4.171935E-04        +4.824793E-05
4.615044E-01        -4.158393E-04        +4.810496E-05
4.610898E-01        -4.144849E-04        +4.796247E-05
4.606756E-01        -4.131356E-04        +4.782048E-05
4.602618E-01        -4.117908E-04        +4.767851E-05
4.598483E-01        -4.104514E-04        +4.753651E-05
4.594352E-01        -4.091169E-04        +4.739553E-05
4.590225E-01        -4.077872E-04        +4.725504E-05
4.586101E-01        -4.064571E-04        +4.711454E-05
4.581982E-01        -4.051325E-04        +4.697458E-05
4.577866E-01        -4.038177E-04        +4.683510E-05
4.573753E-01        -4.025026E-04        +4.669610E-05
4.569644E-01        -4.011882E-04        +4.655710E-05
4.565540E-01        -3.998791E-04        +4.641865E-05
4.561438E-01        -3.985791E-04        +4.628064E-05
4.557341E-01        -3.972794E-04        +4.614318E-05
4.553247E-01        -3.959790E-04        +4.600619E-05
4.549156E-01        -3.946884E-04        +4.586917E-05
4.545070E-01        -3.934037E-04        +4.573271E-05
4.540987E-01        -3.921188E-04        +4.559672E-05
4.536908E-01        -3.908390E-04        +4.546074E-05
4.532832E-01        -3.895640E-04        +4.532524E-05
4.528760E-01        -3.882937E-04        +4.519025E-05
4.524692E-01        -3.870233E-04        +4.505578E-05
4.520627E-01        -3.857584E-04        +4.492178E-05
4.516566E-01        -3.845030E-04        +4.478779E-05
4.512509E-01        -3.832477E-04        +4.465432E-05
4.508455E-01        -3.819922E-04        +4.452132E-05
4.504405E-01        -3.807419E-04        +4.438883E-05
4.500359E-01        -3.794966E-04        +4.425636E-05
4.496316E-01        -3.782562E-04        +4.412386E-05
4.492277E-01        -3.770208E-04        +4.399238E-05
4.488242E-01        -3.757856E-04        +4.386141E-05
4.484210E-01        -3.745552E-04        +4.373042E-05
4.480182E-01        -3.733294E-04        +4.359994E-05
4.476157E-01        -3.721039E-04        +4.346994E-05
4.472136E-01        -3.708835E-04        +4.334045E-05
4.468119E-01        -3.696728E-04        +4.321098E-05
4.464105E-01        -3.684618E-04        +4.308148E-05
4.460095E-01        -3.672510E-04        +4.295300E-05
4.456088E-01        -3.660450E-04        +4.282500E-05
4.452085E-01        -3.648446E-04        +4.269701E-05
4.448086E-01        -3.636493E-04        +4.256954E-05
4.444090E-01        -3.624584E-04        +4.244254E-05
4.440098E-01        -3.612726E-04        +4.231556E-05
4.436109E-01        -3.600866E-04        +4.218856E-05
4.432124E-01        -3.589057E-04        +4.206208E-05
4.428143E-01        -3.577244E-04        +4.193660E-05
4.424165E-01        -3.565480E-04        +4.181161E-05
4.420190E-01        -3.553769E-04        +4.168610E-05
4.416220E-01        -3.542062E-04        +4.156114E-05
4.412253E-01        -3.530454E-04        +4.143715E-05
4.408289E-01        -3.518889E-04        +4.131315E-05
4.404329E-01        -3.507325E-04        +4.118917E-05
4.400372E-01        -3.495765E-04        +4.106566E-05
4.396420E-01        -3.484258E-04        +4.094270E-05
4.392470E-01        -3.472793E-04        +4.082019E-05
4.388524E-01        -3.461378E-04        +4.069820E-05
4.384582E-01        -3.450015E-04        +4.057622E-05
4.380643E-01        -3.438651E-04        +4.045423E-05
4.376708E-01        -3.427287E-04        +4.033274E-05
4.372776E-01        -3.415972E-04        +4.021174E-05
4.368848E-01        -3.404759E-04        +4.009126E-05
4.364924E-01        -3.393542E-04        +3.997129E-05
4.361003E-01        -3.382328E-04        +3.985130E-05
4.357085E-01        -3.371212E-04        +3.973130E-05
4.353171E-01        -3.360094E-04        +3.961181E-05
4.349260E-01        -3.348978E-04        +3.949281E-05
4.345353E-01        -3.337964E-04        +3.937432E-05
4.341450E-01        -3.326947E-04        +3.925635E-05
4.337550E-01        -3.315928E-04        +3.913836E-05
4.333653E-01        -3.305007E-04        +3.902085E-05
4.329760E-01        -3.294089E-04        +3.890336E-05
4.325871E-01        -3.283171E-04        +3.878639E-05
4.321985E-01        -3.272351E-04        +3.866990E-05
4.318102E-01        -3.261581E-04        +3.855339E-05
4.314223E-01        -3.250812E-04        +3.843741E-05
4.310348E-01        -3.240045E-04        +3.832193E-05
4.306476E-01        -3.229326E-04        +3.820694E-05
4.302607E-01        -3.218656E-04        +3.809194E-05
4.298742E-01        -3.207987E-04        +3.797696E-05
4.294881E-01        -3.197369E-04        +3.786248E-05
4.291022E-01        -3.186798E-04        +3.774847E-05
4.287168E-01        -3.176276E-04        +3.763500E-05
4.283316E-01        -3.165750E-04        +3.752149E-05
4.279469E-01        -3.155233E-04        +3.740802E-05
4.275624E-01        -3.144807E-04        +3.729551E-05
4.271784E-01        -3.134385E-04        +3.718354E-05
4.267946E-01        -3.123959E-04        +3.707154E-05
4.264112E-01        -3.113635E-04        +3.695955E-05
4.260282E-01        -3.103313E-04        +3.684807E-05
4.256455E-01        -3.092988E-04        +3.673708E-05
4.252631E-01        -3.082763E-04        +3.662608E-05
4.248811E-01        -3.072540E-04        +3.651510E-05
4.244994E-01        -3.062315E-04        +3.640460E-05
4.241181E-01        -3.052186E-04        +3.629511E-05
4.237371E-01        -3.042063E-04        +3.618563E-05
4.233564E-01        -3.031937E-04        +3.607612E-05
4.229761E-01        -3.021858E-04        +3.596713E-05
4.225961E-01        -3.011833E-04        +3.585813E-05
4.222165E-01        -3.001859E-04        +3.574964E-05
4.218372E-01        -2.991880E-04        +3.564165E-05
4.214583E-01        -2.981902E-04        +3.553417E-05
4.210797E-01        -2.971974E-04        +3.542669E-05
4.207014E-01        -2.962095E-04        +3.531918E-05
4.203235E-01        -2.952217E-04        +3.521269E-05
4.199459E-01        -2.942387E-04        +3.510620E-05
4.195687E-01        -2.932609E-04        +3.499972E-05
4.191918E-01        -2.922830E-04        +3.489373E-05
4.188152E-01        -2.913098E-04        +3.478823E-05
4.184390E-01        -2.903419E-04        +3.468275E-05
4.180631E-01        -2.893738E-04        +3.457725E-05
4.176875E-01        -2.884105E-04        +3.447274E-05
4.173123E-01        -2.874525E-04        +3.436876E-05
4.169374E-01        -2.864943E-04        +3.426476E-05
4.165629E-01        -2.855362E-04        +3.416078E-05
4.161887E-01        -2.845830E-04        +3.405679E-05
4.158148E-01        -2.836346E-04        +3.395329E-05
4.154413E-01        -2.826865E-04        +3.385031E-05
4.150681E-01        -2.817431E-04        +3.374781E-05
4.146952E-01        -2.808047E-04        +3.364532E-05
4.143227E-01        -2.798663E-04        +3.354283E-05
4.139505E-01        -2.789279E-04        +3.344133E-05
4.135787E-01        -2.779946E-04        +3.333986E-05
4.132071E-01        -2.770660E-04        +3.323834E-05
4.128359E-01        -2.761424E-04        +3.313735E-05
4.124651E-01        -2.752191E-04        +3.303687E-05
4.120946E-01        -2.742955E-04        +3.293639E-05
4.117244E-01        -2.733769E-04        +3.283589E-05
4.113545E-01        -2.724631E-04        +3.273589E-05
4.109850E-01        -2.715545E-04        +3.263640E-05
4.106158E-01        -2.706458E-04        +3.253741E-05
4.102469E-01        -2.697370E-04        +3.243841E-05
4.098784E-01        -2.688333E-04        +3.233942E-05
4.095102E-01        -2.679345E-04        +3.224093E-05
4.091423E-01        -2.670356E-04        +3.214293E-05
4.087748E-01        -2.661418E-04        +3.204495E-05
4.084076E-01        -2.652529E-04        +3.194745E-05
4.080407E-01        -2.643640E-04        +3.185045E-05
4.076741E-01        -2.634749E-04        +3.175345E-05
4.073079E-01        -2.625909E-04        +3.165646E-05
4.069420E-01        -2.617119E-04        +3.155996E-05
4.065765E-01        -2.608330E-04        +3.146350E-05
4.062112E-01        -2.599538E-04        +3.136747E-05
4.058463E-01        -2.590796E-04        +3.127199E-05
4.054818E-01        -2.582107E-04        +3.117651E-05
4.051175E-01        -2.573414E-04        +3.108151E-05
4.047536E-01        -2.564772E-04        +3.098652E-05
4.043900E-01        -2.556180E-04        +3.089153E-05
4.040267E-01        -2.547587E-04        +3.079702E-05
4.036638E-01        -2.538995E-04        +3.070304E-05
4.033012E-01        -2.530451E-04        +3.060906E-05
4.029389E-01        -2.521958E-04        +3.051555E-05
4.025769E-01        -2.513463E-04        +3.042255E-05
4.022153E-01        -2.505019E-04        +3.032957E-05
4.018539E-01        -2.496574E-04        +3.023656E-05
4.014929E-01        -2.488128E-04        +3.014406E-05
4.011323E-01        -2.479783E-04        +3.005208E-05
4.007719E-01        -2.471438E-04        +2.996008E-05
4.004119E-01        -2.463092E-04        +2.986809E-05
4.000522E-01        -2.454795E-04        +2.977659E-05
3.996928E-01        -2.446499E-04        +2.968559E-05
3.993338E-01        -2.438252E-04        +2.959461E-05
3.989751E-01        -2.430056E-04        +2.950363E-05
3.986167E-01        -2.421859E-04        +2.941313E-05
3.982586E-01        -2.413662E-04        +2.932313E-05
3.979008E-01        -2.405512E-04        +2.923313E-05
3.975434E-01        -2.397415E-04        +2.914364E-05
3.971863E-01        -2.389317E-04        +2.905416E-05
3.968295E-01        -2.381218E-04        +2.896466E-05
3.964730E-01        -2.373167E-04        +2.887615E-05
3.961168E-01        -2.365167E-04        +2.878766E-05
3.957610E-01        -2.357168E-04        +2.869917E-05
3.954055E-01        -2.349169E-04        +2.861118E-05
3.950503E-01        -2.341218E-04        +2.852319E-05
3.946954E-01        -2.333316E-04        +2.843519E-05
3.943408E-01        -2.325415E-04        +2.834768E-05
3.939866E-01        -2.317563E-04        +2.826070E-05
3.936327E-01        -2.309714E-04        +2.817371E-05
3.932790E-01        -2.301859E-04        +2.808718E-05
3.929258E-01        -2.294058E-04        +2.800073E-05
3.925728E-01        -2.286304E-04        +2.791470E-05
3.922201E-01        -2.278552E-04        +2.782921E-05
3.918678E-01        -2.270798E-04        +2.774323E-05
3.915158E-01        -2.263095E-04        +2.765773E-05
3.911641E-01        -2.255441E-04        +2.757274E-05
3.908127E-01        -2.247788E-04        +2.748775E-05
3.904616E-01        -2.240132E-04        +2.740275E-05
3.901109E-01        -2.232577E-04        +2.731826E-05
3.897604E-01        -2.225022E-04        +2.723425E-05
3.894103E-01        -2.217467E-04        +2.715027E-05
3.890605E-01        -2.209913E-04        +2.706628E-05
3.887110E-01        -2.202356E-04        +2.698277E-05
3.883618E-01        -2.194898E-04        +2.689978E-05
3.880129E-01        -2.187442E-04        +2.681678E-05
3.876644E-01        -2.179985E-04        +2.673380E-05
3.873161E-01        -2.172577E-04        +2.665128E-05
3.869682E-01        -2.165171E-04        +2.656929E-05
3.866206E-01        -2.157812E-04        +2.648731E-05
3.862732E-01        -2.150502E-04        +2.640529E-05
3.859263E-01        -2.143196E-04        +2.632332E-05
3.855796E-01        -2.135887E-04        +2.624181E-05
3.852332E-01        -2.128578E-04        +2.616081E-05
3.848871E-01        -2.121317E-04        +2.607981E-05
3.845414E-01        -2.114108E-04        +2.599932E-05
3.841959E-01        -2.106897E-04        +2.591883E-05
3.838508E-01        -2.099736E-04        +2.583833E-05
3.835060E-01        -2.092578E-04        +2.575834E-05
3.831615E-01        -2.085416E-04        +2.567835E-05
3.828173E-01        -2.078304E-04        +2.559884E-05
3.824734E-01        -2.071193E-04        +2.551984E-05
3.821298E-01        -2.064130E-04        +2.544085E-05
3.817865E-01        -2.057117E-04        +2.536185E-05
3.814436E-01        -2.050106E-04        +2.528336E-05
3.811009E-01        -2.043093E-04        +2.520487E-05
3.807586E-01        -2.036082E-04        +2.512637E-05
3.804165E-01        -2.029116E-04        +2.504837E-05
3.800748E-01        -2.022203E-04        +2.497087E-05
3.797334E-01        -2.015290E-04        +2.489340E-05
3.793922E-01        -2.008374E-04        +2.481587E-05
3.790514E-01        -2.001508E-04        +2.473888E-05
3.787109E-01        -1.994646E-04        +2.466189E-05
3.783707E-01        -1.987779E-04        +2.458538E-05
3.780308E-01        -1.981012E-04        +2.450890E-05
3.776912E-01        -1.974249E-04        +2.443239E-05
3.773519E-01        -1.967481E-04        +2.435640E-05
3.770130E-01        -1.960719E-04        +2.428090E-05
3.766743E-01        -1.953998E-04        +2.420542E-05
3.763359E-01        -1.947333E-04        +2.412991E-05
3.759978E-01        -1.940615E-04        +2.405491E-05
3.756601E-01        -1.933947E-04        +2.397993E-05
3.753226E-01        -1.927329E-04        +2.390493E-05
3.749855E-01        -1.920713E-04        +2.383043E-05
3.746486E-01        -1.914094E-04        +2.375643E-05
3.743121E-01        -1.907524E-04        +2.368245E-05
3.739758E-01        -1.901004E-04        +2.360844E-05
3.736399E-01        -1.894486E-04        +2.353494E-05
3.733042E-01        -1.887966E-04        +2.346146E-05
3.729689E-01        -1.881448E-04        +2.338795E-05
3.726338E-01        -1.874975E-04        +2.331495E-05
3.722991E-01        -1.868555E-04        +2.324245E-05
3.719646E-01        -1.862134E-04        +2.316996E-05
3.716305E-01        -1.855714E-04        +2.309746E-05
3.712967E-01        -1.849341E-04        +2.302547E-05
3.709631E-01        -1.842971E-04        +2.295347E-05
3.706299E-01        -1.836598E-04        +2.288148E-05
3.702969E-01        -1.830275E-04        +2.280996E-05
3.699643E-01        -1.823954E-04        +2.273849E-05
3.696319E-01        -1.817678E-04        +2.266697E-05
3.692999E-01        -1.811408E-04        +2.259599E-05
3.689681E-01        -1.805132E-04        +2.252546E-05
3.686367E-01        -1.798909E-04        +2.245500E-05
3.683055E-01        -1.792732E-04        +2.238448E-05
3.679747E-01        -1.786561E-04        +2.231449E-05
3.676441E-01        -1.780384E-04        +2.224449E-05
3.673139E-01        -1.774261E-04        +2.217499E-05
3.669839E-01        -1.768135E-04        +2.210551E-05
3.666542E-01        -1.762009E-04        +2.203599E-05
3.663249E-01        -1.755933E-04        +2.196701E-05
3.659958E-01        -1.749859E-04        +2.189801E-05
3.656670E-01        -1.743780E-04        +2.182949E-05
3.653385E-01        -1.737753E-04        +2.176102E-05
3.650103E-01        -1.731726E-04        +2.169250E-05
3.646824E-01        -1.725747E-04        +2.162451E-05
3.643548E-01        -1.719772E-04        +2.155651E-05
3.640275E-01        -1.713793E-04        +2.148852E-05
3.637005E-01        -1.707865E-04        +2.142101E-05
3.633738E-01        -1.701985E-04        +2.135354E-05
3.630474E-01        -1.696109E-04        +2.128603E-05
3.627213E-01        -1.690229E-04        +2.121952E-05
3.623954E-01        -1.684351E-04        +2.115304E-05
3.620699E-01        -1.678470E-04        +2.108605E-05
3.617446E-01        -1.672640E-04        +2.101953E-05
3.614197E-01        -1.666859E-04        +2.095355E-05
3.610950E-01        -1.661080E-04        +2.088755E-05
3.607706E-01        -1.655297E-04        +2.082155E-05
3.604465E-01        -1.649566E-04        +2.075603E-05
3.601227E-01        -1.643835E-04        +2.069056E-05
3.597992E-01        -1.638103E-04        +2.062504E-05
3.594760E-01        -1.632419E-04        +2.056005E-05
3.591531E-01        -1.626788E-04        +2.049506E-05
3.588305E-01        -1.621157E-04        +2.043055E-05
3.585081E-01        -1.615523E-04        +2.036607E-05
3.581861E-01        -1.609891E-04        +2.030156E-05
3.578643E-01        -1.604257E-04        +2.023756E-05
3.575428E-01        -1.598671E-04        +2.017356E-05
3.572216E-01        -1.593137E-04        +2.010957E-05
3.569007E-01        -1.587603E-04        +2.004605E-05
3.565801E-01        -1.582069E-04        +1.998306E-05
3.562598E-01        -1.576535E-04        +1.992007E-05
3.559398E-01        -1.571048E-04        +1.985708E-05
3.556200E-01        -1.565565E-04        +1.979408E-05
3.553006E-01        -1.560078E-04        +1.973110E-05
3.549814E-01        -1.554642E-04        +1.966857E-05
3.546625E-01        -1.549205E-04        +1.960657E-05
3.543439E-01        -1.543816E-04        +1.954458E-05
3.540256E-01        -1.538433E-04        +1.948259E-05
3.537076E-01        -1.533044E-04        +1.942060E-05
3.533898E-01        -1.527706E-04        +1.935859E-05
3.530724E-01        -1.522370E-04        +1.929709E-05
3.527552E-01        -1.517032E-04        +1.923609E-05
3.524383E-01        -1.511741E-04        +1.917509E-05
3.521217E-01        -1.506455E-04        +1.911410E-05
3.518054E-01        -1.501164E-04        +1.905358E-05
3.514894E-01        -1.495926E-04        +1.899312E-05
3.511736E-01        -1.490685E-04        +1.893259E-05
3.508581E-01        -1.485493E-04        +1.887259E-05
3.505430E-01        -1.480307E-04        +1.881261E-05
3.502281E-01        -1.475115E-04        +1.875261E-05
3.499135E-01        -1.469974E-04        +1.869262E-05
3.495991E-01        -1.464833E-04        +1.863309E-05
3.492851E-01        -1.459693E-04        +1.857410E-05
3.489713E-01        -1.454552E-04        +1.851510E-05
3.486578E-01        -1.449457E-04        +1.845611E-05
3.483446E-01        -1.444368E-04        +1.839711E-05
3.480317E-01        -1.439274E-04        +1.833860E-05
3.477190E-01        -1.434231E-04        +1.828012E-05
3.474067E-01        -1.429189E-04        +1.822161E-05
3.470946E-01        -1.424194E-04        +1.816361E-05
3.467828E-01        -1.419203E-04        +1.810562E-05
3.464713E-01        -1.414208E-04        +1.804763E-05
3.461600E-01        -1.409216E-04        +1.799009E-05
3.458491E-01        -1.404267E-04        +1.793264E-05
3.455384E-01        -1.399375E-04        +1.787511E-05
3.452280E-01        -1.394431E-04        +1.781812E-05
3.449179E-01        -1.389534E-04        +1.776113E-05
3.446080E-01        -1.384641E-04        +1.770413E-05
3.442985E-01        -1.379744E-04        +1.764761E-05
3.439892E-01        -1.374898E-04        +1.759162E-05
3.436802E-01        -1.370052E-04        +1.753515E-05
3.433714E-01        -1.365204E-04        +1.747862E-05
3.430630E-01        -1.360406E-04        +1.742264E-05
3.427548E-01        -1.355612E-04        +1.736711E-05
3.424469E-01        -1.350813E-04        +1.731164E-05
3.421393E-01        -1.346066E-04        +1.725612E-05
3.418319E-01        -1.341317E-04        +1.720065E-05
3.415248E-01        -1.336569E-04        +1.714512E-05
3.412180E-01        -1.331868E-04        +1.709013E-05
3.409115E-01        -1.327172E-04        +1.703561E-05
3.406053E-01        -1.322472E-04        +1.698115E-05
3.402993E-01        -1.317822E-04        +1.692615E-05
3.399936E-01        -1.313173E-04        +1.687162E-05
3.396882E-01        -1.308524E-04        +1.681763E-05
3.393830E-01        -1.303873E-04        +1.676363E-05
3.390782E-01        -1.299271E-04        +1.670965E-05
3.387736E-01        -1.294674E-04        +1.665612E-05
3.384692E-01        -1.290069E-04        +1.660264E-05
3.381652E-01        -1.285519E-04        +1.654913E-05
3.378614E-01        -1.280968E-04        +1.649613E-05
3.375579E-01        -1.276416E-04        +1.644314E-05
3.372547E-01        -1.271912E-04        +1.639015E-05
3.369517E-01        -1.267413E-04        +1.633715E-05
3.366490E-01        -1.262907E-04        +1.628415E-05
3.363466E-01        -1.258455E-04        +1.623163E-05
3.360445E-01        -1.254003E-04        +1.617964E-05
3.357426E-01        -1.249549E-04        +1.612764E-05
3.354410E-01        -1.245096E-04        +1.607518E-05
3.351396E-01        -1.240688E-04        +1.602311E-05
3.348386E-01        -1.236288E-04        +1.597166E-05
3.345378E-01        -1.231880E-04        +1.592013E-05
3.342373E-01        -1.227526E-04        +1.586867E-05
3.339370E-01        -1.223171E-04        +1.581713E-05
3.336370E-01        -1.218816E-04        +1.576613E-05
3.333373E-01        -1.214461E-04        +1.571514E-05
3.330379E-01        -1.210152E-04        +1.566415E-05
3.327387E-01        -1.205849E-04        +1.561362E-05
3.324398E-01        -1.201540E-04        +1.556316E-05
3.321412E-01        -1.197284E-04        +1.551264E-05
3.318428E-01        -1.193027E-04        +1.546264E-05
3.315447E-01        -1.188770E-04        +1.541264E-05
3.312469E-01        -1.184514E-04        +1.536265E-05
3.309493E-01        -1.180302E-04        +1.531265E-05
3.306520E-01        -1.176098E-04        +1.526266E-05
3.303550E-01        -1.171887E-04        +1.521313E-05
3.300582E-01        -1.167728E-04        +1.516413E-05
3.297617E-01        -1.163569E-04        +1.511467E-05
3.294655E-01        -1.159411E-04        +1.506561E-05
3.291695E-01        -1.155252E-04        +1.501715E-05
3.288738E-01        -1.151139E-04        +1.496815E-05
3.285784E-01        -1.147033E-04        +1.491916E-05
3.282832E-01        -1.142919E-04        +1.487063E-05
3.279883E-01        -1.138859E-04        +1.482263E-05
3.276937E-01        -1.134799E-04        +1.477418E-05
3.273993E-01        -1.130738E-04        +1.472564E-05
3.271052E-01        -1.126677E-04        +1.467811E-05
3.268114E-01        -1.122663E-04        +1.463066E-05
3.265178E-01        -1.118654E-04        +1.458266E-05
3.262245E-01        -1.114640E-04        +1.453513E-05
3.259314E-01        -1.110630E-04        +1.448767E-05
3.256386E-01        -1.106615E-04        +1.444013E-05
3.253461E-01        -1.102652E-04        +1.439314E-05
3.250538E-01        -1.098735E-04        +1.434614E-05
3.247618E-01        -1.094826E-04        +1.429961E-05
3.244701E-01        -1.090864E-04        +1.425316E-05
3.241786E-01        -1.086946E-04        +1.420616E-05
3.238874E-01        -1.083082E-04        +1.415963E-05
3.235965E-01        -1.079172E-04        +1.411364E-05
3.233058E-01        -1.075254E-04        +1.406765E-05
3.230153E-01        -1.071435E-04        +1.402164E-05
3.227252E-01        -1.067625E-04        +1.397566E-05
3.224353E-01        -1.063760E-04        +1.392966E-05
3.221456E-01        -1.059940E-04        +1.388412E-05
3.218562E-01        -1.056127E-04        +1.383866E-05
3.215671E-01        -1.052308E-04        +1.379313E-05
3.212782E-01        -1.048541E-04        +1.374813E-05
3.209896E-01        -1.044775E-04        +1.370314E-05
3.207013E-01        -1.041009E-04        +1.365815E-05
3.204132E-01        -1.037241E-04        +1.361316E-05
3.201253E-01        -1.033519E-04        +1.356861E-05
3.198378E-01        -1.029806E-04        +1.352417E-05
3.195504E-01        -1.026084E-04        +1.347962E-05
3.192634E-01        -1.022417E-04        +1.343563E-05
3.189766E-01        -1.018748E-04        +1.339164E-05
3.186901E-01        -1.015034E-04        +1.334765E-05
3.184038E-01        -1.011357E-04        +1.330365E-05
3.181177E-01        -1.007741E-04        +1.325964E-05
3.178320E-01        -1.004072E-04        +1.321612E-05
3.175465E-01        -1.000449E-04        +1.317267E-05
3.172612E-01        -9.968321E-05        +1.312913E-05
3.169762E-01        -9.932082E-05        +1.308613E-05
3.166915E-01        -9.896386E-05        +1.304314E-05
3.164070E-01        -9.860674E-05        +1.300014E-05
3.161227E-01        -9.824953E-05        +1.295714E-05
3.158388E-01        -9.789714E-05        +1.291415E-05
3.155550E-01        -9.754526E-05        +1.287161E-05
3.152716E-01        -9.718818E-05        +1.282916E-05
3.149883E-01        -9.683548E-05        +1.278661E-05
3.147054E-01        -9.648833E-05        +1.274463E-05
3.144227E-01        -9.613647E-05        +1.270263E-05
3.141402E-01        -9.578555E-05        +1.266063E-05
3.138580E-01        -9.544089E-05        +1.261863E-05
3.135761E-01        -9.509510E-05        +1.257664E-05
3.132944E-01        -9.475018E-05        +1.253511E-05
3.130130E-01        -9.440674E-05        +1.249412E-05
3.127318E-01        -9.406430E-05        +1.245266E-05
3.124508E-01        -9.372272E-05        +1.241111E-05
3.121702E-01        -9.338282E-05        +1.237013E-05
3.118897E-01        -9.304372E-05        +1.232912E-05
3.116096E-01        -9.270576E-05        +1.228814E-05
3.113296E-01        -9.236856E-05        +1.224759E-05
3.110500E-01        -9.203254E-05        +1.220714E-05
3.107705E-01        -9.169780E-05        +1.216660E-05
3.104914E-01        -9.136473E-05        +1.212615E-05
3.102125E-01        -9.103255E-05        +1.208562E-05
3.099338E-01        -9.070131E-05        +1.204562E-05
3.096554E-01        -9.037112E-05        +1.200562E-05
3.093772E-01        -9.004183E-05        +1.196562E-05
3.090993E-01        -8.971354E-05        +1.192563E-05
3.088216E-01        -8.938666E-05        +1.188609E-05
3.085442E-01        -8.906133E-05        +1.184664E-05
3.082670E-01        -8.873647E-05        +1.180709E-05
3.079901E-01        -8.841260E-05        +1.176810E-05
3.077134E-01        -8.809016E-05        +1.172864E-05
3.074370E-01        -8.776873E-05        +1.168957E-05
3.071608E-01        -8.744824E-05        +1.165111E-05
3.068849E-01        -8.712927E-05        +1.161212E-05
3.066092E-01        -8.681128E-05        +1.157312E-05
3.063338E-01        -8.649376E-05        +1.153459E-05
3.060586E-01        -8.617764E-05        +1.149613E-05
3.057837E-01        -8.586313E-05        +1.145760E-05
3.055090E-01        -8.554905E-05        +1.141960E-05
3.052345E-01        -8.523578E-05        +1.138159E-05
3.049603E-01        -8.492407E-05        +1.134360E-05
3.046864E-01        -8.461346E-05        +1.130561E-05
3.044127E-01        -8.430376E-05        +1.126761E-05
3.041392E-01        -8.399495E-05        +1.122961E-05
3.038660E-01        -8.368721E-05        +1.119207E-05
3.035930E-01        -8.338041E-05        +1.115462E-05
3.033203E-01        -8.307463E-05        +1.111708E-05
3.030478E-01        -8.277019E-05        +1.108008E-05
3.027756E-01        -8.246691E-05        +1.104309E-05
3.025036E-01        -8.216445E-05        +1.100609E-05
3.022319E-01        -8.186312E-05        +1.096910E-05
3.019604E-01        -8.156221E-05        +1.093210E-05
3.016891E-01        -8.126266E-05        +1.089510E-05
3.014181E-01        -8.096420E-05        +1.085856E-05
3.011473E-01        -8.066661E-05        +1.082211E-05
3.008768E-01        -8.037063E-05        +1.078557E-05
3.006065E-01        -8.007509E-05        +1.074957E-05
3.003365E-01        -7.978048E-05        +1.071358E-05
3.000667E-01        -7.948736E-05        +1.067758E-05
2.997971E-01        -7.919474E-05        +1.064158E-05
2.995278E-01        -7.890305E-05        +1.060559E-05
2.992588E-01        -7.861291E-05        +1.056960E-05
2.989899E-01        -7.832316E-05        +1.053405E-05
2.987213E-01        -7.803439E-05        +1.049859E-05
2.984530E-01        -7.774722E-05        +1.046306E-05
2.981849E-01        -7.746051E-05        +1.042806E-05
2.979170E-01        -7.717461E-05        +1.039306E-05
2.976494E-01        -7.689027E-05        +1.035807E-05
2.973820E-01        -7.660643E-05        +1.032307E-05
2.971149E-01        -7.632357E-05        +1.028808E-05
2.968480E-01        -7.604215E-05        +1.025308E-05
2.965813E-01        -7.576124E-05        +1.021808E-05
2.963149E-01        -7.548126E-05        +1.018354E-05
2.960487E-01        -7.520232E-05        +1.014955E-05
2.957828E-01        -7.492436E-05        +1.011510E-05
2.955171E-01        -7.464734E-05        +1.008056E-05
2.952516E-01        -7.437119E-05        +1.004656E-05
2.949864E-01        -7.409620E-05        +1.001257E-05
2.947214E-01        -7.382203E-05        +9.978613E-06
2.944566E-01        -7.354891E-05        +9.944756E-06
2.941921E-01        -7.327631E-05        +9.911006E-06
2.939278E-01        -7.300462E-05        +9.877352E-06
2.936638E-01        -7.273439E-05        +9.843806E-06
2.934000E-01        -7.246522E-05        +9.810355E-06
2.931364E-01        -7.219642E-05        +9.776999E-06
2.928731E-01        -7.192868E-05        +9.743797E-06
2.926100E-01        -7.166191E-05        +9.710700E-06
2.923471E-01        -7.139604E-05        +9.677643E-06
2.920845E-01        -7.113074E-05        +9.644694E-06
2.918221E-01        -7.086631E-05        +9.611840E-06
2.915600E-01        -7.060349E-05        +9.579095E-06
2.912981E-01        -7.034113E-05        +9.546490E-06
2.910364E-01        -7.007964E-05        +9.513991E-06
2.907749E-01        -6.981916E-05        +9.481532E-06
2.905137E-01        -6.955919E-05        +9.449182E-06
2.902528E-01        -6.930025E-05        +9.416939E-06
2.899920E-01        -6.904257E-05        +9.384780E-06
2.897315E-01        -6.878564E-05        +9.352729E-06
2.894713E-01        -6.852910E-05        +9.320786E-06
2.892112E-01        -6.827391E-05        +9.288927E-06
2.889514E-01        -6.801979E-05        +9.257175E-06
2.886918E-01        -6.776619E-05        +9.225520E-06
2.884325E-01        -6.751351E-05        +9.193928E-06
2.881734E-01        -6.726184E-05        +9.162422E-06
2.879145E-01        -6.701104E-05        +9.131066E-06
2.876559E-01        -6.676140E-05        +9.099819E-06
2.873975E-01        -6.651214E-05        +9.068623E-06
2.871393E-01        -6.626379E-05        +9.037513E-06
2.868814E-01        -6.601605E-05        +9.006521E-06
2.866237E-01        -6.576919E-05        +8.975616E-06
2.863662E-01        -6.552335E-05        +8.944816E-06
2.861089E-01        -6.527837E-05        +8.914103E-06
2.858519E-01        -6.503456E-05        +8.883508E-06
2.855951E-01        -6.479112E-05        +8.852955E-06
2.853386E-01        -6.454870E-05        +8.822509E-06
2.850823E-01        -6.430720E-05        +8.792160E-06
2.848262E-01        -6.406627E-05        +8.761907E-06
2.845703E-01        -6.382621E-05        +8.731751E-06
2.843147E-01        -6.358722E-05        +8.701703E-06
2.840593E-01        -6.334864E-05        +8.671752E-06
2.838041E-01        -6.311105E-05        +8.641852E-06
2.835491E-01        -6.287437E-05        +8.612038E-06
2.832944E-01        -6.263872E-05        +8.582343E-06
2.830399E-01        -6.240357E-05        +8.552735E-06
2.827857E-01        -6.216941E-05        +8.523245E-06
2.825316E-01        -6.193617E-05        +8.493784E-06
2.822778E-01        -6.170344E-05        +8.464433E-06
2.820243E-01        -6.147178E-05        +8.435189E-06
2.817709E-01        -6.124051E-05        +8.406031E-06
2.815178E-01        -6.101015E-05        +8.376981E-06
2.812649E-01        -6.078087E-05        +8.347983E-06
2.810122E-01        -6.055201E-05        +8.319071E-06
2.807598E-01        -6.032417E-05        +8.290279E-06
2.805076E-01        -6.009729E-05        +8.261572E-06
2.802556E-01        -5.987096E-05        +8.232974E-06
2.800039E-01        -5.964548E-05        +8.204428E-06
2.797523E-01        -5.942099E-05        +8.175968E-06
2.795010E-01        -5.919702E-05        +8.147571E-06
2.792499E-01        -5.897352E-05        +8.119262E-06
2.789991E-01        -5.875099E-05        +8.091115E-06
2.787485E-01        -5.852954E-05        +8.063021E-06
2.784980E-01        -5.830838E-05        +8.034958E-06
2.782479E-01        -5.808836E-05        +8.007015E-06
2.779979E-01        -5.786925E-05        +7.979157E-06
2.777482E-01        -5.765065E-05        +7.951408E-06
2.774987E-01        -5.743247E-05        +7.923756E-06
2.772494E-01        -5.721528E-05        +7.896157E-06
2.770003E-01        -5.699901E-05        +7.868644E-06
2.767515E-01        -5.678381E-05        +7.841251E-06
2.765029E-01        -5.656914E-05        +7.813899E-06
2.762545E-01        -5.635485E-05        +7.786645E-06
2.760063E-01        -5.614153E-05        +7.759444E-06
2.757584E-01        -5.592885E-05        +7.732341E-06
2.755107E-01        -5.571693E-05        +7.705345E-06
2.752632E-01        -5.550609E-05        +7.678392E-06
2.750159E-01        -5.529569E-05        +7.651536E-06
2.747689E-01        -5.508586E-05        +7.624789E-06
2.745220E-01        -5.487681E-05        +7.598129E-06
2.742754E-01        -5.466894E-05        +7.571577E-06
2.740290E-01        -5.446100E-05        +7.545078E-06
2.737829E-01        -5.425401E-05        +7.518632E-06
2.735369E-01        -5.404804E-05        +7.492274E-06
2.732912E-01        -5.384293E-05        +7.466023E-06
2.730457E-01        -5.363845E-05        +7.439826E-06
2.728004E-01        -5.343430E-05        +7.413716E-06
2.725554E-01        -5.323127E-05        +7.387725E-06
2.723105E-01        -5.302859E-05        +7.361766E-06
2.720659E-01        -5.282697E-05        +7.335915E-06
2.718215E-01        -5.262589E-05        +7.310118E-06
2.715773E-01        -5.242520E-05        +7.284407E-06
2.713334E-01        -5.222551E-05        +7.258816E-06
2.710896E-01        -5.202673E-05        +7.233257E-06
2.708461E-01        -5.182853E-05        +7.207807E-06
2.706028E-01        -5.163074E-05        +7.182410E-06
2.703597E-01        -5.143395E-05        +7.157056E-06
2.701168E-01        -5.123764E-05        +7.131844E-06
2.698742E-01        -5.104185E-05        +7.106707E-06
2.696318E-01        -5.084704E-05        +7.081602E-06
2.693895E-01        -5.065309E-05        +7.056640E-06
2.691475E-01        -5.045970E-05        +7.031742E-06
2.689058E-01        -5.026683E-05        +7.006897E-06
2.686642E-01        -5.007486E-05        +6.982140E-06
2.684229E-01        -4.988347E-05        +6.957447E-06
2.681817E-01        -4.969238E-05        +6.932787E-06
2.679408E-01        -4.950235E-05        +6.908279E-06
2.677001E-01        -4.931287E-05        +6.883837E-06
2.674596E-01        -4.912381E-05        +6.859426E-06
2.672194E-01        -4.893583E-05        +6.835134E-06
2.669793E-01        -4.874826E-05        +6.810876E-06
2.667395E-01        -4.856159E-05        +6.786726E-06
2.664999E-01        -4.837553E-05        +6.762674E-06
2.662605E-01        -4.818978E-05        +6.738677E-06
2.660213E-01        -4.800519E-05        +6.714722E-06
2.657823E-01        -4.782098E-05        +6.690866E-06
2.655436E-01        -4.763735E-05        +6.667118E-06
2.653050E-01        -4.745406E-05        +6.643414E-06
2.650667E-01        -4.727180E-05        +6.619764E-06
2.648286E-01        -4.709047E-05        +6.596212E-06
2.645907E-01        -4.690969E-05        +6.572758E-06
2.643530E-01        -4.672934E-05        +6.549359E-06
2.641155E-01        -4.654953E-05        +6.526003E-06
2.638783E-01        -4.637024E-05        +6.502755E-06
2.636412E-01        -4.619181E-05        +6.479552E-06
2.634044E-01        -4.601396E-05        +6.456402E-06
2.631678E-01        -4.583653E-05        +6.433350E-06
2.629314E-01        -4.566010E-05        +6.410398E-06
2.626952E-01        -4.548417E-05        +6.387499E-06
2.624592E-01        -4.530861E-05        +6.364644E-06
2.622234E-01        -4.513409E-05        +6.341888E-06
2.619878E-01        -4.496009E-05        +6.319186E-06
2.617525E-01        -4.478653E-05        +6.296581E-06
2.615174E-01        -4.461402E-05        +6.274087E-06
2.612824E-01        -4.444193E-05        +6.251582E-06
2.610477E-01        -4.426986E-05        +6.229174E-06
2.608132E-01        -4.409866E-05        +6.206876E-06
2.605789E-01        -4.392853E-05        +6.184578E-06
2.603448E-01        -4.375882E-05        +6.162367E-06
2.601110E-01        -4.358974E-05        +6.140275E-06
2.598773E-01        -4.342097E-05        +6.118218E-06
2.596439E-01        -4.325283E-05        +6.096225E-06
2.594106E-01        -4.308500E-05        +6.074266E-06
2.591776E-01        -4.291822E-05        +6.052415E-06
2.589448E-01        -4.275201E-05        +6.030663E-06
2.587121E-01        -4.258611E-05        +6.008958E-06
2.584797E-01        -4.242127E-05        +5.987304E-06
2.582475E-01        -4.225698E-05        +5.965750E-06
2.580156E-01        -4.209315E-05        +5.944260E-06
2.577838E-01        -4.192975E-05        +5.922804E-06
2.575522E-01        -4.176679E-05        +5.901448E-06
2.573208E-01        -4.160438E-05        +5.880147E-06
2.570897E-01        -4.144247E-05        +5.858898E-06
2.568587E-01        -4.128145E-05        +5.837739E-06
2.566280E-01        -4.112143E-05        +5.816645E-06
2.563975E-01        -4.096153E-05        +5.795594E-06
2.561671E-01        -4.080187E-05        +5.774633E-06
2.559370E-01        -4.064340E-05        +5.753737E-06
2.557071E-01        -4.048532E-05        +5.732884E-06
2.554774E-01        -4.032778E-05        +5.712130E-06
2.552479E-01        -4.017069E-05        +5.691432E-06
2.550186E-01        -4.001411E-05        +5.670777E-06
2.547895E-01        -3.985791E-05        +5.650178E-06
2.545606E-01        -3.970269E-05        +5.629666E-06
2.543320E-01        -3.954811E-05        +5.609275E-06
2.541035E-01        -3.939385E-05        +5.588874E-06
2.538752E-01        -3.924014E-05        +5.568517E-06
2.536472E-01        -3.908693E-05        +5.548268E-06
2.534193E-01        -3.893417E-05        +5.528110E-06
2.531917E-01        -3.878186E-05        +5.508017E-06
2.529642E-01        -3.863052E-05        +5.487958E-06
2.527370E-01        -3.847978E-05        +5.467963E-06
2.525099E-01        -3.832889E-05        +5.448003E-06
2.522831E-01        -3.817857E-05        +5.428152E-06
2.520565E-01        -3.802920E-05        +5.408357E-06
2.518300E-01        -3.788070E-05        +5.388596E-06
2.516038E-01        -3.773283E-05        +5.368943E-06
2.513778E-01        -3.758496E-05        +5.349347E-06
2.511520E-01        -3.743747E-05        +5.329794E-06
2.509264E-01        -3.729054E-05        +5.310297E-06
2.507010E-01        -3.714406E-05        +5.290844E-06
2.504758E-01        -3.699851E-05        +5.271490E-06
2.502507E-01        -3.685347E-05        +5.252184E-06
2.500259E-01        -3.670888E-05        +5.232930E-06
2.498013E-01        -3.656483E-05        +5.213776E-06
2.495769E-01        -3.642124E-05        +5.194677E-06
2.493527E-01        -3.627816E-05        +5.175623E-06
2.491287E-01        -3.613550E-05        +5.156625E-06
2.489049E-01        -3.599342E-05        +5.137670E-06
2.486814E-01        -3.585178E-05        +5.118823E-06
2.484580E-01        -3.571059E-05        +5.100024E-06
2.482348E-01        -3.556984E-05        +5.081226E-06
2.480118E-01        -3.543008E-05        +5.062514E-06
2.477890E-01        -3.529089E-05        +5.043915E-06
2.475664E-01        -3.515166E-05        +5.025317E-06
2.473440E-01        -3.501284E-05        +5.006805E-06
2.471218E-01        -3.487505E-05        +4.988363E-06
2.468998E-01        -3.473775E-05        +4.969951E-06
2.466780E-01        -3.460046E-05        +4.951652E-06
2.464564E-01        -3.446357E-05        +4.933353E-06
2.462350E-01        -3.432765E-05        +4.915098E-06
2.460138E-01        -3.419232E-05        +4.896943E-06
2.457928E-01        -3.405737E-05        +4.878845E-06
2.455720E-01        -3.392298E-05        +4.860790E-06
2.453514E-01        -3.378860E-05        +4.842835E-06
2.451310E-01        -3.365460E-05        +4.824937E-06
2.449108E-01        -3.352160E-05        +4.807040E-06
2.446908E-01        -3.338917E-05        +4.789185E-06
2.444710E-01        -3.325712E-05        +4.771431E-06
2.442514E-01        -3.312560E-05        +4.753777E-06
2.440320E-01        -3.299406E-05        +4.736137E-06
2.438128E-01        -3.286298E-05        +4.718527E-06
2.435937E-01        -3.273282E-05        +4.701022E-06
2.433749E-01        -3.260330E-05        +4.683526E-06
2.431563E-01        -3.247417E-05        +4.666116E-06
2.429379E-01        -3.234555E-05        +4.648777E-06
2.427196E-01        -3.221687E-05        +4.631460E-06
2.425016E-01        -3.208870E-05        +4.614222E-06
2.422837E-01        -3.196098E-05        +4.597006E-06
2.420661E-01        -3.183375E-05        +4.579911E-06
2.418486E-01        -3.170747E-05        +4.562809E-06
2.416314E-01        -3.158181E-05        +4.545758E-06
2.414143E-01        -3.145606E-05        +4.528800E-06
2.411975E-01        -3.133074E-05        +4.511907E-06
2.409808E-01        -3.120594E-05        +4.495050E-06
2.407643E-01        -3.108157E-05        +4.478250E-06
2.405480E-01        -3.095777E-05        +4.461493E-06
2.403319E-01        -3.083441E-05        +4.444794E-06
2.401160E-01        -3.071157E-05        +4.428138E-06
2.399003E-01        -3.058912E-05        +4.411583E-06
2.396848E-01        -3.046723E-05        +4.395085E-06
2.394695E-01        -3.034578E-05        +4.378588E-06
2.392544E-01        -3.022490E-05        +4.362134E-06
2.390395E-01        -3.010399E-05        +4.345781E-06
2.388247E-01        -2.998339E-05        +4.329477E-06
2.386102E-01        -2.986390E-05        +4.313225E-06
2.383959E-01        -2.974495E-05        +4.297030E-06
2.381817E-01        -2.962588E-05        +4.280871E-06
2.379677E-01        -2.950731E-05        +4.264770E-06
2.377540E-01        -2.938931E-05        +4.248677E-06
2.375404E-01        -2.927169E-05        +4.232663E-06
2.373270E-01        -2.915465E-05        +4.216763E-06
2.371138E-01        -2.903756E-05        +4.200865E-06
2.369008E-01        -2.892086E-05        +4.185009E-06
2.366880E-01        -2.880515E-05        +4.169212E-06
2.364754E-01        -2.869003E-05        +4.153458E-06
2.362629E-01        -2.857484E-05        +4.137754E-06
2.360507E-01        -2.846016E-05        +4.122102E-06
2.358387E-01        -2.834600E-05        +4.106550E-06
2.356268E-01        -2.823174E-05        +4.091048E-06
2.354151E-01        -2.811834E-05        +4.075547E-06
2.352037E-01        -2.800572E-05        +4.060097E-06
2.349924E-01        -2.789285E-05        +4.044698E-06
2.347813E-01        -2.778061E-05        +4.029342E-06
2.345704E-01        -2.766876E-05        +4.014087E-06
2.343596E-01        -2.755737E-05        +3.998883E-06
2.341491E-01        -2.744653E-05        +3.983686E-06
2.339388E-01        -2.733622E-05        +3.968534E-06
2.337286E-01        -2.722623E-05        +3.953474E-06
2.335187E-01        -2.711688E-05        +3.938480E-06
2.333089E-01        -2.700747E-05        +3.923480E-06
2.330993E-01        -2.689850E-05        +3.908523E-06
2.328899E-01        -2.679007E-05        +3.893624E-06
2.326807E-01        -2.668163E-05        +3.878769E-06
2.324717E-01        -2.657364E-05        +3.864015E-06
2.322628E-01        -2.646654E-05        +3.849312E-06
2.320542E-01        -2.635965E-05        +3.834616E-06
2.318457E-01        -2.625299E-05        +3.819958E-06
2.316375E-01        -2.614707E-05        +3.805364E-06
2.314294E-01        -2.604094E-05        +3.790807E-06
2.312215E-01        -2.593583E-05        +3.776308E-06
2.310138E-01        -2.583125E-05        +3.761853E-06
2.308063E-01        -2.572667E-05        +3.747456E-06
2.305989E-01        -2.562247E-05        +3.733096E-06
2.303918E-01        -2.551887E-05        +3.718844E-06
2.301848E-01        -2.541516E-05        +3.704600E-06
2.299780E-01        -2.531193E-05        +3.690342E-06
2.297714E-01        -2.520929E-05        +3.676186E-06
2.295650E-01        -2.510703E-05        +3.662088E-06
2.293588E-01        -2.500535E-05        +3.648033E-06
2.291528E-01        -2.490364E-05        +3.634037E-06
2.289469E-01        -2.480230E-05        +3.620035E-06
2.287412E-01        -2.470155E-05        +3.606077E-06
2.285358E-01        -2.460122E-05        +3.592227E-06
2.283305E-01        -2.450143E-05        +3.578428E-06
2.281254E-01        -2.440165E-05        +3.564630E-06
2.279204E-01        -2.430221E-05        +3.550869E-06
2.277157E-01        -2.420338E-05        +3.537174E-06
2.275111E-01        -2.410495E-05        +3.523515E-06
2.273067E-01        -2.400705E-05        +3.509915E-06
2.271026E-01        -2.390921E-05        +3.496365E-06
2.268985E-01        -2.381170E-05        +3.482860E-06
2.266947E-01        -2.371482E-05        +3.469363E-06
2.264911E-01        -2.361795E-05        +3.455910E-06
2.262876E-01        -2.352142E-05        +3.442551E-06
2.260843E-01        -2.342542E-05        +3.429251E-06
2.258812E-01        -2.332986E-05        +3.415952E-06
2.256783E-01        -2.323487E-05        +3.402697E-06
2.254756E-01        -2.313989E-05        +3.389500E-06
2.252730E-01        -2.304526E-05        +3.376340E-06
2.250707E-01        -2.295124E-05        +3.363246E-06
2.248685E-01        -2.285720E-05        +3.350146E-06
2.246665E-01        -2.276354E-05        +3.337090E-06
2.244647E-01        -2.267046E-05        +3.324135E-06
2.242630E-01        -2.257734E-05        +3.311233E-06
2.240616E-01        -2.248470E-05        +3.298338E-06
2.238603E-01        -2.239256E-05        +3.285480E-06
2.236592E-01        -2.230083E-05        +3.272681E-06
2.234583E-01        -2.220970E-05        +3.259883E-06
2.232575E-01        -2.211848E-05        +3.247123E-06
2.230570E-01        -2.202774E-05        +3.234470E-06
2.228566E-01        -2.193754E-05        +3.221870E-06
2.226564E-01        -2.184730E-05        +3.209271E-06
2.224564E-01        -2.175749E-05        +3.196715E-06
2.222566E-01        -2.166827E-05        +3.184219E-06
2.220569E-01        -2.157896E-05        +3.171760E-06
2.218574E-01        -2.149008E-05        +3.159359E-06
2.216581E-01        -2.140179E-05        +3.146960E-06
2.214590E-01        -2.131350E-05        +3.134605E-06
2.212601E-01        -2.122561E-05        +3.122309E-06
2.210613E-01        -2.113825E-05        +3.110050E-06
2.208627E-01        -2.105133E-05        +3.097850E-06
2.206643E-01        -2.096451E-05        +3.085652E-06
2.204661E-01        -2.087798E-05        +3.073497E-06
2.202680E-01        -2.079214E-05        +3.061437E-06
2.200702E-01        -2.070616E-05        +3.049400E-06
2.198725E-01        -2.062071E-05        +3.037343E-06
2.196750E-01        -2.053528E-05        +3.025387E-06
2.194776E-01        -2.045023E-05        +3.013485E-06
2.192805E-01        -2.036582E-05        +3.001589E-06
2.190835E-01        -2.028174E-05        +2.989732E-06
2.188867E-01        -2.019825E-05        +2.977933E-06
2.186901E-01        -2.011473E-05        +2.966178E-06
2.184936E-01        -2.003116E-05        +2.954477E-06
2.182973E-01        -1.994804E-05        +2.942776E-06
2.181012E-01        -1.986545E-05        +2.931120E-06
2.179053E-01        -1.978329E-05        +2.919522E-06
2.177096E-01        -1.970171E-05        +2.907968E-06
2.175140E-01        -1.962011E-05        +2.896468E-06
2.173186E-01        -1.953852E-05        +2.884969E-06
2.171234E-01        -1.945731E-05        +2.873513E-06
2.169283E-01        -1.937660E-05        +2.862111E-06
2.167335E-01        -1.929598E-05        +2.850716E-06
2.165388E-01        -1.921576E-05        +2.839359E-06
2.163442E-01        -1.913603E-05        +2.828098E-06
2.161499E-01        -1.905632E-05        +2.816859E-06
2.159557E-01        -1.897698E-05        +2.805601E-06
2.157617E-01        -1.889828E-05        +2.794444E-06
2.155679E-01        -1.881956E-05        +2.783304E-06
2.153743E-01        -1.874121E-05        +2.772192E-06
2.151808E-01        -1.866343E-05        +2.761149E-06
2.149875E-01        -1.858564E-05        +2.750092E-06
2.147944E-01        -1.850785E-05        +2.739137E-06
2.146014E-01        -1.843043E-05        +2.728193E-06
2.144086E-01        -1.835401E-05        +2.717235E-06
2.142160E-01        -1.827775E-05        +2.706379E-06
2.140236E-01        -1.820132E-05        +2.695582E-06
2.138313E-01        -1.812543E-05        +2.684780E-06
2.136392E-01        -1.804954E-05        +2.674023E-06
2.134473E-01        -1.797407E-05        +2.663325E-06
2.132556E-01        -1.789917E-05        +2.652628E-06
2.130640E-01        -1.782423E-05        +2.641969E-06
2.128726E-01        -1.774929E-05        +2.631370E-06
2.126814E-01        -1.767477E-05        +2.620773E-06
2.124903E-01        -1.760078E-05        +2.610213E-06
2.122994E-01        -1.752721E-05        +2.599713E-06
2.121087E-01        -1.745421E-05        +2.589257E-06
2.119182E-01        -1.738122E-05        +2.578860E-06
2.117278E-01        -1.730818E-05        +2.568459E-06
2.115376E-01        -1.723556E-05        +2.558102E-06
2.113476E-01        -1.716353E-05        +2.547805E-06
2.111577E-01        -1.709145E-05        +2.537503E-06
2.109680E-01        -1.701937E-05        +2.527245E-06
2.107785E-01        -1.694770E-05        +2.517047E-06
2.105892E-01        -1.687661E-05        +2.506851E-06
2.104000E-01        -1.680548E-05        +2.496692E-06
2.102110E-01        -1.673478E-05        +2.486593E-06
2.100222E-01        -1.666465E-05        +2.476496E-06
2.098335E-01        -1.659448E-05        +2.466437E-06
2.096450E-01        -1.652431E-05        +2.456438E-06
2.094567E-01        -1.645455E-05        +2.446482E-06
2.092685E-01        -1.638534E-05        +2.436581E-06
2.090805E-01        -1.631613E-05        +2.426681E-06
2.088927E-01        -1.624733E-05        +2.416825E-06
2.087051E-01        -1.617911E-05        +2.407029E-06
2.085176E-01        -1.611086E-05        +2.397229E-06
2.083303E-01        -1.604302E-05        +2.387430E-06
2.081431E-01        -1.597532E-05        +2.377670E-06
2.079561E-01        -1.590744E-05        +2.368012E-06
2.077693E-01        -1.584014E-05        +2.358371E-06
2.075827E-01        -1.577326E-05        +2.348716E-06
2.073962E-01        -1.570693E-05        +2.339116E-06
2.072099E-01        -1.564059E-05        +2.329559E-06
2.070238E-01        -1.557425E-05        +2.320062E-06
2.068378E-01        -1.550788E-05        +2.310561E-06
2.066520E-01        -1.544193E-05        +2.301104E-06
2.064663E-01        -1.537651E-05        +2.291702E-06
2.062809E-01        -1.531155E-05        +2.282306E-06
2.060956E-01        -1.524672E-05        +2.272949E-06
2.059104E-01        -1.518169E-05        +2.263647E-06
2.057255E-01        -1.511728E-05        +2.254351E-06
2.055406E-01        -1.505321E-05        +2.245089E-06
2.053560E-01        -1.498976E-05        +2.235892E-06
2.051715E-01        -1.492628E-05        +2.226692E-06
2.049872E-01        -1.486279E-05        +2.217534E-06
2.048031E-01        -1.479930E-05        +2.208396E-06
2.046191E-01        -1.473620E-05        +2.199279E-06
2.044353E-01        -1.467368E-05        +2.190239E-06
2.042516E-01        -1.461112E-05        +2.181178E-06
2.040682E-01        -1.454901E-05        +2.172183E-06
2.038848E-01        -1.448701E-05        +2.163222E-06
2.037017E-01        -1.442487E-05        +2.154325E-06
2.035187E-01        -1.436327E-05        +2.145425E-06
2.033359E-01        -1.430210E-05        +2.136527E-06
2.031532E-01        -1.424147E-05        +2.127668E-06
2.029707E-01        -1.418085E-05        +2.118868E-06
2.027884E-01        -1.412023E-05        +2.110112E-06
2.026062E-01        -1.405957E-05        +2.101370E-06
2.024242E-01        -1.399932E-05        +2.092612E-06
2.022424E-01        -1.393966E-05        +2.083956E-06
2.020607E-01        -1.387997E-05        +2.075315E-06
2.018792E-01        -1.382069E-05        +2.066658E-06
2.016978E-01        -1.376156E-05        +2.058097E-06
2.015166E-01        -1.370225E-05        +2.049556E-06
2.013356E-01        -1.364353E-05        +2.041000E-06
2.011548E-01        -1.358521E-05        +2.032504E-06
2.009741E-01        -1.352705E-05        +2.024046E-06
2.007935E-01        -1.346867E-05        +2.015602E-06
2.006131E-01        -1.341089E-05        +2.007184E-06
2.004329E-01        -1.335352E-05        +1.998845E-06
2.002529E-01        -1.329673E-05        +1.990448E-06
2.000730E-01        -1.323951E-05        +1.982131E-06
1.998933E-01        -1.318210E-05        +1.973892E-06
1.997137E-01        -1.312566E-05        +1.965591E-06
1.995343E-01        -1.306941E-05        +1.957333E-06
1.993550E-01        -1.301295E-05        +1.949131E-06
1.991760E-01        -1.295710E-05        +1.940977E-06
1.989970E-01        -1.290119E-05        +1.932874E-06
1.988183E-01        -1.284573E-05        +1.924778E-06
1.986397E-01        -1.279041E-05        +1.916679E-06
1.984612E-01        -1.273489E-05        +1.908618E-06
1.982829E-01        -1.267996E-05        +1.900618E-06
1.981048E-01        -1.262544E-05        +1.892620E-06
1.979269E-01        -1.257109E-05        +1.884623E-06
1.977491E-01        -1.251654E-05        +1.876665E-06
1.975714E-01        -1.246255E-05        +1.868763E-06
1.973939E-01        -1.240856E-05        +1.860904E-06
1.972166E-01        -1.235498E-05        +1.853065E-06
1.970395E-01        -1.230200E-05        +1.845209E-06
1.968624E-01        -1.224895E-05        +1.837406E-06
1.966856E-01        -1.219594E-05        +1.829650E-06
1.965089E-01        -1.214290E-05        +1.821950E-06
1.963324E-01        -1.209026E-05        +1.814252E-06
1.961560E-01        -1.203778E-05        +1.806551E-06
1.959798E-01        -1.198553E-05        +1.798893E-06
1.958038E-01        -1.193405E-05        +1.791296E-06
1.956279E-01        -1.188196E-05        +1.783697E-06
1.954521E-01        -1.183024E-05        +1.776095E-06
1.952766E-01        -1.177915E-05        +1.768540E-06
1.951011E-01        -1.172800E-05        +1.761037E-06
1.949259E-01        -1.167688E-05        +1.753540E-06
1.947508E-01        -1.162614E-05        +1.746082E-06
1.945758E-01        -1.157556E-05        +1.738681E-06
1.944010E-01        -1.152479E-05        +1.731281E-06
1.942264E-01        -1.147503E-05        +1.723883E-06
1.940519E-01        -1.142542E-05        +1.716524E-06
1.938776E-01        -1.137523E-05        +1.709225E-06
1.937034E-01        -1.132541E-05        +1.701924E-06
1.935294E-01        -1.127619E-05        +1.694625E-06
1.933556E-01        -1.122697E-05        +1.687369E-06
1.931819E-01        -1.117814E-05        +1.680169E-06
1.930083E-01        -1.112946E-05        +1.672968E-06
1.928350E-01        -1.108062E-05        +1.665812E-06
1.926617E-01        -1.103232E-05        +1.658710E-06
1.924887E-01        -1.098406E-05        +1.651614E-06
1.923157E-01        -1.093615E-05        +1.644511E-06
1.921430E-01        -1.088845E-05        +1.637414E-06
1.919704E-01        -1.084054E-05        +1.630356E-06
1.917979E-01        -1.079321E-05        +1.623354E-06
1.916256E-01        -1.074586E-05        +1.616396E-06
1.914535E-01        -1.069893E-05        +1.609457E-06
1.912815E-01        -1.065216E-05        +1.602498E-06
1.911097E-01        -1.060521E-05        +1.595600E-06
1.909380E-01        -1.055882E-05        +1.588740E-06
1.907665E-01        -1.051244E-05        +1.581901E-06
1.905951E-01        -1.046644E-05        +1.575041E-06
1.904239E-01        -1.042064E-05        +1.568243E-06
1.902528E-01        -1.037461E-05        +1.561482E-06
1.900819E-01        -1.032918E-05        +1.554743E-06
1.899112E-01        -1.028376E-05        +1.547986E-06
1.897406E-01        -1.023831E-05        +1.541287E-06
1.895701E-01        -1.019324E-05        +1.534585E-06
1.893998E-01        -1.014877E-05        +1.527926E-06
1.892297E-01        -1.010430E-05        +1.521328E-06
1.890597E-01        -1.005981E-05        +1.514729E-06
1.888899E-01        -1.001533E-05        +1.508131E-06
1.887202E-01        -9.970813E-06        +1.501571E-06
1.885507E-01        -9.926706E-06        +1.495073E-06
1.883813E-01        -9.883171E-06        +1.488573E-06
1.882121E-01        -9.839642E-06        +1.482074E-06
1.880430E-01        -9.796091E-06        +1.475614E-06
1.878741E-01        -9.752941E-06        +1.469216E-06
1.877053E-01        -9.709964E-06        +1.462815E-06
1.875367E-01        -9.666799E-06        +1.456417E-06
1.873682E-01        -9.624205E-06        +1.450016E-06
1.871999E-01        -9.581615E-06        +1.443658E-06
1.870317E-01        -9.539081E-06        +1.437357E-06
1.868637E-01        -9.496796E-06        +1.431058E-06
1.866958E-01        -9.454743E-06        +1.424798E-06
1.865281E-01        -9.412851E-06        +1.418599E-06
1.863606E-01        -9.371107E-06        +1.412402E-06
1.861932E-01        -9.329540E-06        +1.406203E-06
1.860259E-01        -9.288151E-06        +1.400002E-06
1.858588E-01        -9.246924E-06        +1.393843E-06
1.856918E-01        -9.205814E-06        +1.387742E-06
1.855250E-01        -9.164948E-06        +1.381643E-06
1.853584E-01        -9.124262E-06        +1.375546E-06
1.851918E-01        -9.083651E-06        +1.369484E-06
1.850255E-01        -9.043290E-06        +1.363486E-06
1.848593E-01        -9.003050E-06        +1.357487E-06
1.846932E-01        -8.962945E-06        +1.351487E-06
1.845273E-01        -8.922984E-06        +1.345488E-06
1.843615E-01        -8.883200E-06        +1.339527E-06
1.841959E-01        -8.843624E-06        +1.333628E-06
1.840305E-01        -8.804210E-06        +1.327731E-06
1.838651E-01        -8.764890E-06        +1.321869E-06
1.837000E-01        -8.725797E-06        +1.316032E-06
1.835350E-01        -8.686842E-06        +1.310173E-06
1.833701E-01        -8.648009E-06        +1.304373E-06
1.832054E-01        -8.609381E-06        +1.298574E-06
1.830408E-01        -8.570889E-06        +1.292814E-06
1.828763E-01        -8.532523E-06        +1.287072E-06
1.827121E-01        -8.494378E-06        +1.281316E-06
1.825479E-01        -8.456346E-06        +1.275614E-06
1.823839E-01        -8.418463E-06        +1.269954E-06
1.822201E-01        -8.380785E-06        +1.264316E-06
1.820564E-01        -8.343249E-06        +1.258656E-06
1.818929E-01        -8.305849E-06        +1.253058E-06
1.817295E-01        -8.268592E-06        +1.247459E-06
1.815662E-01        -8.231461E-06        +1.241898E-06
1.814031E-01        -8.194527E-06        +1.236358E-06
1.812402E-01        -8.157758E-06        +1.230801E-06
1.810774E-01        -8.121076E-06        +1.225302E-06
1.809147E-01        -8.084548E-06        +1.219841E-06
1.807522E-01        -8.048241E-06        +1.214402E-06
1.805898E-01        -8.012019E-06        +1.208942E-06
1.804276E-01        -7.975944E-06        +1.203543E-06
1.802655E-01        -7.940050E-06        +1.198143E-06
1.801036E-01        -7.904317E-06        +1.192745E-06
1.799418E-01        -7.868664E-06        +1.187385E-06
1.797801E-01        -7.833131E-06        +1.182044E-06
1.796186E-01        -7.797805E-06        +1.176684E-06
1.794573E-01        -7.762646E-06        +1.171387E-06
1.792961E-01        -7.727607E-06        +1.166127E-06
1.791350E-01        -7.692709E-06        +1.160887E-06
1.789741E-01        -7.657952E-06        +1.155628E-06
1.788133E-01        -7.623336E-06        +1.150428E-06
1.786527E-01        -7.588866E-06        +1.145229E-06
1.784922E-01        -7.554542E-06        +1.140069E-06
1.783318E-01        -7.520339E-06        +1.134928E-06
1.781716E-01        -7.486298E-06        +1.129768E-06
1.780116E-01        -7.452399E-06        +1.124670E-06
1.778517E-01        -7.418644E-06        +1.119571E-06
1.776919E-01        -7.385016E-06        +1.114471E-06
1.775323E-01        -7.351550E-06        +1.109412E-06
1.773728E-01        -7.318165E-06        +1.104412E-06
1.772135E-01        -7.284961E-06        +1.099413E-06
1.770543E-01        -7.251923E-06        +1.094414E-06
1.768952E-01        -7.218952E-06        +1.089412E-06
1.767363E-01        -7.186143E-06        +1.084453E-06
1.765776E-01        -7.153475E-06        +1.079555E-06
1.764189E-01        -7.120928E-06        +1.074614E-06
1.762605E-01        -7.088547E-06        +1.069656E-06
1.761021E-01        -7.056293E-06        +1.064795E-06
1.759439E-01        -7.024141E-06        +1.059955E-06
1.757859E-01        -6.992130E-06        +1.055097E-06
1.756280E-01        -6.960265E-06        +1.050298E-06
1.754702E-01        -6.928528E-06        +1.045498E-06
1.753126E-01        -6.896912E-06        +1.040699E-06
1.751551E-01        -6.865398E-06        +1.035939E-06
1.749977E-01        -6.834089E-06        +1.031198E-06
1.748405E-01        -6.802885E-06        +1.026438E-06
1.746835E-01        -6.771780E-06        +1.021740E-06
1.745265E-01        -6.740787E-06        +1.017038E-06
1.743698E-01        -6.709977E-06        +1.012381E-06
1.742131E-01        -6.679267E-06        +1.007740E-06
1.740566E-01        -6.648686E-06        +1.003080E-06
1.739003E-01        -6.618225E-06        +9.984741E-07
1.737440E-01        -6.587912E-06        +9.938640E-07
1.735880E-01        -6.557701E-06        +9.892846E-07
1.734320E-01        -6.527611E-06        +9.847211E-07
1.732762E-01        -6.497673E-06        +9.801754E-07
1.731206E-01        -6.467898E-06        +9.756494E-07
1.729651E-01        -6.438204E-06        +9.711443E-07
1.728097E-01        -6.408598E-06        +9.666480E-07
1.726544E-01        -6.379118E-06        +9.621685E-07
1.724993E-01        -6.349802E-06        +9.577168E-07
1.723444E-01        -6.320586E-06        +9.532829E-07
1.721896E-01        -6.291501E-06        +9.488618E-07
1.720349E-01        -6.262562E-06        +9.444556E-07
1.718803E-01        -6.233704E-06        +9.400662E-07
1.717259E-01        -6.204992E-06        +9.357007E-07
1.715717E-01        -6.176403E-06        +9.313508E-07
1.714176E-01        -6.147879E-06        +9.270159E-07
1.712636E-01        -6.119544E-06        +9.226977E-07
1.711097E-01        -6.091314E-06        +9.184007E-07
1.709560E-01        -6.063167E-06        +9.141193E-07
1.708024E-01        -6.035170E-06        +9.098529E-07
1.706490E-01        -6.007275E-06        +9.056061E-07
1.704957E-01        -5.979502E-06        +9.013764E-07
1.703425E-01        -5.951837E-06        +8.971575E-07
1.701895E-01        -5.924258E-06        +8.929664E-07
1.700366E-01        -5.896828E-06        +8.887903E-07
1.698839E-01        -5.869543E-06        +8.846259E-07
1.697313E-01        -5.842364E-06        +8.804744E-07
1.695788E-01        -5.815246E-06        +8.763458E-07
1.694265E-01        -5.788294E-06        +8.722372E-07
1.692743E-01        -5.761432E-06        +8.681394E-07
1.691222E-01        -5.734653E-06        +8.640627E-07
1.689703E-01        -5.708019E-06        +8.599977E-07
1.688185E-01        -5.681535E-06        +8.559495E-07
1.686669E-01        -5.655152E-06        +8.519213E-07
1.685153E-01        -5.628839E-06        +8.479013E-07
1.683640E-01        -5.602651E-06        +8.439077E-07
1.682127E-01        -5.576533E-06        +8.399244E-07
1.680616E-01        -5.550558E-06        +8.359590E-07
1.679106E-01        -5.524725E-06        +8.320065E-07
1.677598E-01        -5.499003E-06        +8.280757E-07
1.676091E-01        -5.473371E-06        +8.241600E-07
1.674585E-01        -5.447823E-06        +8.202573E-07
1.673081E-01        -5.422376E-06        +8.163724E-07
1.671578E-01        -5.397056E-06        +8.125005E-07
1.670076E-01        -5.371847E-06        +8.086477E-07
1.668576E-01        -5.346723E-06        +8.048127E-07
1.667077E-01        -5.321749E-06        +8.009867E-07
1.665580E-01        -5.296876E-06        +7.971802E-07
1.664083E-01        -5.272074E-06        +7.933886E-07
1.662589E-01        -5.247396E-06        +7.896129E-07
1.661095E-01        -5.222829E-06        +7.858560E-07
1.659603E-01        -5.198387E-06        +7.821108E-07
1.658112E-01        -5.173966E-06        +7.783786E-07
1.656622E-01        -5.149678E-06        +7.746616E-07
1.655134E-01        -5.125558E-06        +7.709602E-07
1.653647E-01        -5.101523E-06        +7.672780E-07
1.652162E-01        -5.077554E-06        +7.636135E-07
1.650678E-01        -5.053653E-06        +7.599581E-07
1.649195E-01        -5.029901E-06        +7.563159E-07
1.647714E-01        -5.006257E-06        +7.526952E-07
1.646233E-01        -4.982720E-06        +7.490875E-07
1.644754E-01        -4.959310E-06        +7.454913E-07
1.643277E-01        -4.935945E-06        +7.419107E-07
1.641801E-01        -4.912665E-06        +7.383493E-07
1.640326E-01        -4.889513E-06        +7.348032E-07
1.638852E-01        -4.866474E-06        +7.312663E-07
1.637380E-01        -4.843517E-06        +7.277449E-07
1.635909E-01        -4.820674E-06        +7.242389E-07
1.634440E-01        -4.797913E-06        +7.207483E-07
1.632972E-01        -4.775265E-06        +7.172731E-07
1.631505E-01        -4.752680E-06        +7.138111E-07
1.630039E-01        -4.730206E-06        +7.103644E-07
1.628575E-01        -4.707816E-06        +7.069293E-07
1.627112E-01        -4.685577E-06        +7.035073E-07
1.625650E-01        -4.663390E-06        +7.001007E-07
1.624190E-01        -4.641281E-06        +6.967096E-07
1.622731E-01        -4.619284E-06        +6.933339E-07
1.621273E-01        -4.597356E-06        +6.899714E-07
1.619817E-01        -4.575593E-06        +6.866265E-07
1.618361E-01        -4.553868E-06        +6.832887E-07
1.616908E-01        -4.532239E-06        +6.799686E-07
1.615455E-01        -4.510749E-06        +6.766617E-07
1.614004E-01        -4.489324E-06        +6.733663E-07
1.612554E-01        -4.467968E-06        +6.700841E-07
1.611105E-01        -4.446720E-06        +6.668212E-07
1.609658E-01        -4.425554E-06        +6.635722E-07
1.608212E-01        -4.404502E-06        +6.603302E-07
1.606768E-01        -4.383492E-06        +6.571098E-07
1.605324E-01        -4.362599E-06        +6.538987E-07
1.603882E-01        -4.341832E-06        +6.506970E-07
1.602441E-01        -4.321096E-06        +6.475146E-07
1.601002E-01        -4.300503E-06        +6.443499E-07
1.599564E-01        -4.280020E-06        +6.411906E-07
1.598127E-01        -4.259563E-06        +6.380423E-07
1.596691E-01        -4.239204E-06        +6.349157E-07
1.595257E-01        -4.218950E-06        +6.318006E-07
1.593824E-01        -4.198783E-06        +6.286948E-07
1.592392E-01        -4.178704E-06        +6.256023E-07
1.590961E-01        -4.158685E-06        +6.225253E-07
1.589532E-01        -4.138743E-06        +6.194599E-07
1.588104E-01        -4.118952E-06        +6.164077E-07
1.586678E-01        -4.099229E-06        +6.133693E-07
1.585252E-01        -4.079520E-06        +6.103359E-07
1.583828E-01        -4.059956E-06        +6.073241E-07
1.582406E-01        -4.040519E-06        +6.043299E-07
1.580984E-01        -4.021098E-06        +6.013429E-07
1.579564E-01        -4.001782E-06        +5.983676E-07
1.578145E-01        -3.982558E-06        +5.954016E-07
1.576727E-01        -3.963385E-06        +5.924489E-07
1.575311E-01        -3.944295E-06        +5.895139E-07
1.573896E-01        -3.925319E-06        +5.865883E-07
1.572482E-01        -3.906412E-06        +5.836759E-07
1.571069E-01        -3.887618E-06        +5.807792E-07
1.569658E-01        -3.868869E-06        +5.778940E-07
1.568248E-01        -3.850206E-06        +5.750182E-07
1.566839E-01        -3.831637E-06        +5.721557E-07
1.565432E-01        -3.813177E-06        +5.693071E-07
1.564025E-01        -3.794752E-06        +5.664635E-07
1.562620E-01        -3.776413E-06        +5.636376E-07
1.561217E-01        -3.758198E-06        +5.608270E-07
1.559814E-01        -3.740004E-06        +5.580262E-07
1.558413E-01        -3.721911E-06        +5.552346E-07
1.557013E-01        -3.703878E-06        +5.524586E-07
1.555614E-01        -3.685908E-06        +5.496921E-07
1.554217E-01        -3.668066E-06        +5.469370E-07
1.552821E-01        -3.650293E-06        +5.441953E-07
1.551426E-01        -3.632633E-06        +5.414693E-07
1.550032E-01        -3.615009E-06        +5.387527E-07
1.548640E-01        -3.597449E-06        +5.360476E-07
1.547249E-01        -3.579953E-06        +5.333521E-07
1.545859E-01        -3.562580E-06        +5.306660E-07
1.544470E-01        -3.545235E-06        +5.279933E-07
1.543082E-01        -3.527984E-06        +5.253362E-07
1.541696E-01        -3.510833E-06        +5.226907E-07
1.540311E-01        -3.493776E-06        +5.200546E-07
1.538928E-01        -3.476788E-06        +5.174300E-07
1.537545E-01        -3.459815E-06        +5.148130E-07
1.536164E-01        -3.442953E-06        +5.122075E-07
1.534784E-01        -3.426179E-06        +5.096153E-07
1.533405E-01        -3.409457E-06        +5.070389E-07
1.532028E-01        -3.392779E-06        +5.044738E-07
1.530652E-01        -3.376230E-06        +5.019183E-07
1.529277E-01        -3.359763E-06        +4.993724E-07
1.527903E-01        -3.343305E-06        +4.968361E-07
1.526530E-01        -3.326961E-06        +4.943093E-07
1.525159E-01        -3.310661E-06        +4.917977E-07
1.523789E-01        -3.294451E-06        +4.892981E-07
1.522420E-01        -3.278335E-06        +4.868057E-07
1.521052E-01        -3.262272E-06        +4.843252E-07
1.519686E-01        -3.246295E-06        +4.818538E-07
1.518321E-01        -3.230434E-06        +4.793981E-07
1.516957E-01        -3.214565E-06        +4.769520E-07
1.515594E-01        -3.198765E-06        +4.745156E-07
1.514233E-01        -3.183092E-06        +4.720905E-07
1.512873E-01        -3.167451E-06        +4.696750E-07
1.511514E-01        -3.151863E-06        +4.672691E-07
1.510156E-01        -3.136349E-06        +4.648766E-07
1.508799E-01        -3.120952E-06        +4.624961E-07
1.507444E-01        -3.105558E-06        +4.601208E-07
1.506090E-01        -3.090233E-06        +4.577589E-07
1.504737E-01        -3.075024E-06        +4.554090E-07
1.503385E-01        -3.059846E-06        +4.530664E-07
1.502034E-01        -3.044764E-06        +4.507358E-07
1.500685E-01        -3.029752E-06        +4.484141E-07
1.499337E-01        -3.014766E-06        +4.461045E-07
1.497990E-01        -2.999880E-06        +4.438021E-07
1.496644E-01        -2.985044E-06        +4.415156E-07
1.495300E-01        -2.970286E-06        +4.392366E-07
1.493957E-01        -2.955651E-06        +4.369648E-07
1.492615E-01        -2.941009E-06        +4.347089E-07
1.491274E-01        -2.926434E-06        +4.324588E-07
1.489934E-01        -2.911978E-06        +4.302160E-07
1.488596E-01        -2.897528E-06        +4.279907E-07
1.487259E-01        -2.883150E-06        +4.257751E-07
1.485923E-01        -2.868885E-06        +4.235654E-07
1.484588E-01        -2.854617E-06        +4.213629E-07
1.483254E-01        -2.840414E-06        +4.191763E-07
1.481922E-01        -2.826346E-06        +4.169972E-07
1.480590E-01        -2.812259E-06        +4.148237E-07
1.479260E-01        -2.798253E-06        +4.126678E-07
1.477932E-01        -2.784373E-06        +4.105193E-07
1.476604E-01        -2.770481E-06        +4.083765E-07
1.475277E-01        -2.756658E-06        +4.062459E-07
1.473952E-01        -2.742962E-06        +4.041241E-07
1.472628E-01        -2.729302E-06        +4.020144E-07
1.471305E-01        -2.715699E-06        +3.999082E-07
1.469983E-01        -2.702125E-06        +3.978155E-07
1.468663E-01        -2.688655E-06        +3.957365E-07
1.467344E-01        -2.675240E-06        +3.936609E-07
1.466026E-01        -2.661860E-06        +3.915951E-07
1.464709E-01        -2.648537E-06        +3.895390E-07
1.463393E-01        -2.635281E-06        +3.874926E-07
1.462078E-01        -2.622111E-06        +3.854560E-07
1.460765E-01        -2.608958E-06        +3.834306E-07
1.459453E-01        -2.595921E-06        +3.814149E-07
1.458142E-01        -2.582879E-06        +3.794089E-07
1.456832E-01        -2.569905E-06        +3.774089E-07
1.455523E-01        -2.557053E-06        +3.754161E-07
1.454215E-01        -2.544199E-06        +3.734356E-07
1.452909E-01        -2.531388E-06        +3.714601E-07
1.451604E-01        -2.518667E-06        +3.694981E-07
1.450300E-01        -2.506042E-06        +3.675482E-07
1.448997E-01        -2.493474E-06        +3.656019E-07
1.447695E-01        -2.480902E-06        +3.636654E-07
1.446395E-01        -2.468409E-06        +3.617363E-07
1.445096E-01        -2.455998E-06        +3.598144E-07
1.443797E-01        -2.443586E-06        +3.579071E-07
1.442500E-01        -2.431303E-06        +3.560073E-07
1.441205E-01        -2.419024E-06        +3.541124E-07
1.439910E-01        -2.406806E-06        +3.522296E-07
1.438617E-01        -2.394680E-06        +3.503605E-07
1.437324E-01        -2.382553E-06        +3.484897E-07
1.436033E-01        -2.370555E-06        +3.466277E-07
1.434743E-01        -2.358553E-06        +3.447816E-07
1.433454E-01        -2.346582E-06        +3.429416E-07
1.432166E-01        -2.334707E-06        +3.411088E-07
1.430880E-01        -2.322899E-06        +3.392898E-07
1.429595E-01        -2.311125E-06        +3.374742E-07
1.428310E-01        -2.299435E-06        +3.356633E-07
1.427027E-01        -2.287777E-06        +3.338611E-07
1.425745E-01        -2.276125E-06        +3.320749E-07
1.424465E-01        -2.264603E-06        +3.302961E-07
1.423185E-01        -2.253105E-06        +3.285195E-07
1.421906E-01        -2.241666E-06        +3.267527E-07
1.420629E-01        -2.230267E-06        +3.249970E-07
1.419353E-01        -2.218927E-06        +3.232474E-07
1.418078E-01        -2.207620E-06        +3.215051E-07
1.416804E-01        -2.196372E-06        +3.197751E-07
1.415531E-01        -2.185156E-06        +3.180487E-07
1.414260E-01        -2.174045E-06        +3.163334E-07
1.412989E-01        -2.162983E-06        +3.146265E-07
1.411720E-01        -2.151926E-06        +3.129271E-07
1.410452E-01        -2.140902E-06        +3.112312E-07
1.409185E-01        -2.129974E-06        +3.095489E-07
1.407919E-01        -2.119104E-06        +3.078752E-07
1.406654E-01        -2.108267E-06        +3.062025E-07
1.405390E-01        -2.097489E-06        +3.045421E-07
1.404128E-01        -2.086752E-06        +3.028866E-07
1.402867E-01        -2.076075E-06        +3.012410E-07
1.401606E-01        -2.065421E-06        +2.996038E-07
1.400347E-01        -2.054873E-06        +2.979778E-07
1.399089E-01        -2.044346E-06        +2.963579E-07
1.397833E-01        -2.033835E-06        +2.947429E-07
1.396577E-01        -2.023436E-06        +2.931363E-07
1.395322E-01        -2.013035E-06        +2.915360E-07
1.394069E-01        -2.002674E-06        +2.899404E-07
1.392817E-01        -1.992373E-06        +2.883546E-07
1.391565E-01        -1.982097E-06        +2.867775E-07
1.390315E-01        -1.971925E-06        +2.852114E-07
1.389066E-01        -1.961813E-06        +2.836515E-07
1.387819E-01        -1.951704E-06        +2.820964E-07
1.386572E-01        -1.941621E-06        +2.805499E-07
1.385326E-01        -1.931596E-06        +2.790095E-07
1.384082E-01        -1.921614E-06        +2.774776E-07
1.382838E-01        -1.911720E-06        +2.759533E-07
1.381596E-01        -1.901855E-06        +2.744311E-07
1.380355E-01        -1.891999E-06        +2.729251E-07
1.379115E-01        -1.882264E-06        +2.714252E-07
1.377876E-01        -1.872527E-06        +2.699289E-07
1.376638E-01        -1.862822E-06        +2.684388E-07
1.375402E-01        -1.853185E-06        +2.669534E-07
1.374166E-01        -1.843574E-06        +2.654767E-07
1.372932E-01        -1.834029E-06        +2.640111E-07
1.371699E-01        -1.824519E-06        +2.625516E-07
1.370466E-01        -1.815060E-06        +2.610982E-07
1.369235E-01        -1.805643E-06        +2.596548E-07
1.368005E-01        -1.796284E-06        +2.582124E-07
1.366776E-01        -1.786923E-06        +2.567824E-07
1.365548E-01        -1.777595E-06        +2.553560E-07
1.364322E-01        -1.768371E-06        +2.539369E-07
1.363096E-01        -1.759200E-06        +2.525240E-07
1.361872E-01        -1.750033E-06        +2.511210E-07
1.360648E-01        -1.740892E-06        +2.497178E-07
1.359426E-01        -1.731819E-06        +2.483283E-07
1.358205E-01        -1.722779E-06        +2.469423E-07
1.356985E-01        -1.713799E-06        +2.455662E-07
1.355766E-01        -1.704853E-06        +2.441964E-07
1.354548E-01        -1.695966E-06        +2.428301E-07
1.353331E-01        -1.687114E-06        +2.414737E-07
1.352115E-01        -1.678321E-06        +2.401235E-07
1.350901E-01        -1.669533E-06        +2.387780E-07
1.349687E-01        -1.660771E-06        +2.374376E-07
1.348475E-01        -1.652076E-06        +2.361056E-07
1.347263E-01        -1.643408E-06        +2.347813E-07
1.346053E-01        -1.634808E-06        +2.334591E-07
1.344844E-01        -1.626241E-06        +2.321494E-07
1.343636E-01        -1.617734E-06        +2.308433E-07
1.342429E-01        -1.609225E-06        +2.295435E-07
1.341223E-01        -1.600749E-06        +2.282472E-07
1.340018E-01        -1.592334E-06        +2.269608E-07
1.338814E-01        -1.583952E-06        +2.256807E-07
1.337612E-01        -1.575638E-06        +2.244052E-07
1.336410E-01        -1.567351E-06        +2.231386E-07
1.335209E-01        -1.559125E-06        +2.218782E-07
1.334010E-01        -1.550902E-06        +2.206224E-07
1.332812E-01        -1.542714E-06        +2.193729E-07
1.331614E-01        -1.534579E-06        +2.181260E-07
1.330418E-01        -1.526485E-06        +2.168900E-07
1.329223E-01        -1.518451E-06        +2.156602E-07
1.328029E-01        -1.510415E-06        +2.144341E-07
1.326836E-01        -1.502413E-06        +2.132142E-07
1.325644E-01        -1.494471E-06        +2.119979E-07
1.324453E-01        -1.486563E-06        +2.107915E-07
1.323263E-01        -1.478716E-06        +2.095950E-07
1.322075E-01        -1.470874E-06        +2.084022E-07
1.320887E-01        -1.463058E-06        +2.072093E-07
1.319700E-01        -1.455303E-06        +2.060290E-07
1.318515E-01        -1.447589E-06        +2.048496E-07
1.317331E-01        -1.439936E-06        +2.036774E-07
1.316147E-01        -1.432274E-06        +2.025133E-07
1.314965E-01        -1.424652E-06        +2.013510E-07
1.313784E-01        -1.417092E-06        +2.002014E-07
1.312603E-01        -1.409559E-06        +1.990507E-07
1.311424E-01        -1.402057E-06        +1.979046E-07
1.310246E-01        -1.394562E-06        +1.967684E-07
1.309069E-01        -1.387155E-06        +1.956385E-07
1.307893E-01        -1.379718E-06        +1.945123E-07
1.306718E-01        -1.372380E-06        +1.933959E-07
1.305544E-01        -1.365103E-06        +1.922822E-07
1.304372E-01        -1.357829E-06        +1.911704E-07
1.303200E-01        -1.350547E-06        +1.900702E-07
1.302029E-01        -1.343299E-06        +1.889737E-07
1.300860E-01        -1.336118E-06        +1.878844E-07
1.299691E-01        -1.328966E-06        +1.867941E-07
1.298524E-01        -1.321881E-06        +1.857120E-07
1.297357E-01        -1.314788E-06        +1.846380E-07
1.296192E-01        -1.307735E-06        +1.835657E-07
1.295027E-01        -1.300737E-06        +1.825053E-07
1.293864E-01        -1.293780E-06        +1.814457E-07
1.292702E-01        -1.286847E-06        +1.803897E-07
1.291540E-01        -1.279879E-06        +1.793391E-07
1.290380E-01        -1.273015E-06        +1.782931E-07
1.289221E-01        -1.266213E-06        +1.772569E-07
1.288063E-01        -1.259408E-06        +1.762271E-07
1.286906E-01        -1.252638E-06        +1.752009E-07
1.285750E-01        -1.245929E-06        +1.741811E-07
1.284595E-01        -1.239219E-06        +1.731612E-07
1.283441E-01        -1.232506E-06        +1.721449E-07
1.282288E-01        -1.225827E-06        +1.711386E-07
1.281136E-01        -1.219210E-06        +1.701386E-07
1.279985E-01        -1.212628E-06        +1.691422E-07
1.278835E-01        -1.206107E-06        +1.681521E-07
1.277686E-01        -1.199585E-06        +1.671657E-07
1.276539E-01        -1.193102E-06        +1.661864E-07
1.275392E-01        -1.186676E-06        +1.652099E-07
1.274246E-01        -1.180247E-06        +1.642397E-07
1.273101E-01        -1.173816E-06        +1.632695E-07
1.271958E-01        -1.167426E-06        +1.623074E-07
1.270815E-01        -1.161128E-06        +1.613536E-07
1.269674E-01        -1.154862E-06        +1.604014E-07
1.268533E-01        -1.148560E-06        +1.594575E-07
1.267393E-01        -1.142321E-06        +1.585108E-07
1.266255E-01        -1.136121E-06        +1.575750E-07
1.265117E-01        -1.129978E-06        +1.566446E-07
1.263981E-01        -1.123838E-06        +1.557187E-07
1.262846E-01        -1.117698E-06        +1.547992E-07
1.261711E-01        -1.111586E-06        +1.538788E-07
1.260578E-01        -1.105541E-06        +1.529628E-07
1.259445E-01        -1.099525E-06        +1.520560E-07
1.258314E-01        -1.093577E-06        +1.511564E-07
1.257184E-01        -1.087591E-06        +1.502568E-07
1.256054E-01        -1.081606E-06        +1.493600E-07
1.254926E-01        -1.075753E-06        +1.484703E-07
1.253799E-01        -1.069898E-06        +1.475843E-07
1.252672E-01        -1.064036E-06        +1.467038E-07
1.251547E-01        -1.058179E-06        +1.458277E-07
1.250423E-01        -1.052355E-06        +1.449580E-07
1.249299E-01        -1.046588E-06        +1.440911E-07
1.248177E-01        -1.040861E-06        +1.432314E-07
1.247056E-01        -1.035197E-06        +1.423753E-07
1.245936E-01        -1.029531E-06        +1.415256E-07
1.244816E-01        -1.023858E-06        +1.406751E-07
1.243698E-01        -1.018225E-06        +1.398289E-07
1.242581E-01        -1.012654E-06        +1.389892E-07
1.241465E-01        -1.007082E-06        +1.381530E-07
1.240349E-01        -1.001539E-06        +1.373225E-07
1.239235E-01        -9.960279E-07        +1.364964E-07
1.238122E-01        -9.905228E-07        +1.356766E-07
1.237010E-01        -9.851093E-07        +1.348569E-07
1.235899E-01        -9.796660E-07        +1.340407E-07
1.234788E-01        -9.742621E-07        +1.332338E-07
1.233679E-01        -9.688581E-07        +1.324340E-07
1.232571E-01        -9.635115E-07        +1.316343E-07
1.231464E-01        -9.581872E-07        +1.308345E-07
1.230357E-01        -9.528864E-07        +1.300412E-07
1.229252E-01        -9.476195E-07        +1.292579E-07
1.228148E-01        -9.423777E-07        +1.284717E-07
1.227045E-01        -9.371610E-07        +1.276920E-07
1.225942E-01        -9.319677E-07        +1.269151E-07
1.224841E-01        -9.267991E-07        +1.261454E-07
1.223741E-01        -9.216614E-07        +1.253792E-07
1.222641E-01        -9.165449E-07        +1.246188E-07
1.221543E-01        -9.114614E-07        +1.238591E-07
1.220446E-01        -9.063967E-07        +1.231030E-07
1.219349E-01        -9.013596E-07        +1.223526E-07
1.218254E-01        -8.963455E-07        +1.216029E-07
1.217160E-01        -8.913576E-07        +1.208568E-07
1.216066E-01        -8.863967E-07        +1.201201E-07
1.214974E-01        -8.814592E-07        +1.193868E-07
1.213882E-01        -8.765397E-07        +1.186501E-07
1.212792E-01        -8.716529E-07        +1.179240E-07
1.211703E-01        -8.667954E-07        +1.172044E-07
1.210614E-01        -8.619549E-07        +1.164841E-07
1.209527E-01        -8.571385E-07        +1.157681E-07
1.208440E-01        -8.523493E-07        +1.150579E-07
1.207354E-01        -8.475789E-07        +1.143512E-07
1.206270E-01        -8.428359E-07        +1.136481E-07
1.205186E-01        -8.381166E-07        +1.129450E-07
1.204104E-01        -8.334270E-07        +1.122520E-07
1.203022E-01        -8.287559E-07        +1.115554E-07
1.201941E-01        -8.241098E-07        +1.108652E-07
1.200862E-01        -8.194871E-07        +1.101793E-07
1.199783E-01        -8.148827E-07        +1.094992E-07
1.198705E-01        -8.103076E-07        +1.088227E-07
1.197628E-01        -8.057541E-07        +1.081526E-07
1.196552E-01        -8.012197E-07        +1.074826E-07
1.195477E-01        -7.967138E-07        +1.068126E-07
1.194404E-01        -7.922284E-07        +1.061468E-07
1.193331E-01        -7.877679E-07        +1.054868E-07
1.192259E-01        -7.833326E-07        +1.048304E-07
1.191188E-01        -7.789162E-07        +1.041805E-07
1.190118E-01        -7.745193E-07        +1.035306E-07
1.189048E-01        -7.701403E-07        +1.028836E-07
1.187980E-01        -7.657910E-07        +1.022438E-07
1.186913E-01        -7.614644E-07        +1.016075E-07
1.185847E-01        -7.571634E-07        +1.009742E-07
1.184782E-01        -7.528816E-07        +1.003397E-07
1.183717E-01        -7.486146E-07        +9.971432E-08
1.182654E-01        -7.443741E-07        +9.909065E-08
1.181592E-01        -7.401594E-07        +9.847000E-08
1.180530E-01        -7.359596E-07        +9.785215E-08
1.179470E-01        -7.317833E-07        +9.723855E-08
1.178410E-01        -7.276255E-07        +9.662740E-08
1.177351E-01        -7.234936E-07        +9.601963E-08
1.176294E-01        -7.193842E-07        +9.541611E-08
1.175237E-01        -7.152901E-07        +9.481540E-08
1.174181E-01        -7.112187E-07        +9.421836E-08
1.173127E-01        -7.071768E-07        +9.362492E-08
1.172073E-01        -7.031467E-07        +9.303394E-08
1.171020E-01        -6.991364E-07        +9.244635E-08
1.169968E-01        -6.951548E-07        +9.186243E-08
1.168917E-01        -6.911858E-07        +9.128154E-08
1.167867E-01        -6.872361E-07        +9.070404E-08
1.166818E-01        -6.833091E-07        +9.012986E-08
1.165770E-01        -6.794078E-07        +8.955841E-08
1.164722E-01        -6.755220E-07        +8.899011E-08
1.163676E-01        -6.716591E-07        +8.842537E-08
1.162631E-01        -6.678155E-07        +8.786367E-08
1.161586E-01        -6.639873E-07        +8.730481E-08
1.160543E-01        -6.601821E-07        +8.674982E-08
1.159500E-01        -6.563928E-07        +8.619703E-08
1.158459E-01        -6.526266E-07        +8.564810E-08
1.157418E-01        -6.488790E-07        +8.510138E-08
1.156378E-01        -6.451539E-07        +8.455834E-08
1.155340E-01        -6.414454E-07        +8.401886E-08
1.154302E-01        -6.377557E-07        +8.348189E-08
1.153265E-01        -6.340886E-07        +8.294795E-08
1.152229E-01        -6.304340E-07        +8.241705E-08
1.151194E-01        -6.268027E-07        +8.188884E-08
1.150160E-01        -6.231937E-07        +8.136336E-08
1.149126E-01        -6.195939E-07        +8.084106E-08
1.148094E-01        -6.160169E-07        +8.032230E-08
1.147063E-01        -6.124626E-07        +7.980622E-08
1.146032E-01        -6.089271E-07        +7.929238E-08
1.145003E-01        -6.054081E-07        +7.878273E-08
1.143974E-01        -6.019018E-07        +7.827527E-08
1.142947E-01        -5.984148E-07        +7.777068E-08
1.141920E-01        -5.949509E-07        +7.726865E-08
1.140894E-01        -5.915062E-07        +7.676965E-08
1.139869E-01        -5.880773E-07        +7.627369E-08
1.138845E-01        -5.846646E-07        +7.578077E-08
1.137822E-01        -5.812746E-07        +7.529053E-08
1.136800E-01        -5.778976E-07        +7.480268E-08
1.135779E-01        -5.745396E-07        +7.431788E-08
1.134759E-01        -5.712015E-07        +7.383610E-08
1.133739E-01        -5.678759E-07        +7.335655E-08
1.132721E-01        -5.645701E-07        +7.287986E-08
1.131703E-01        -5.612837E-07        +7.240573E-08
1.130687E-01        -5.580130E-07        +7.193511E-08
1.129671E-01        -5.547590E-07        +7.146672E-08
1.128656E-01        -5.515209E-07        +7.100072E-08
1.127642E-01        -5.482989E-07        +7.053776E-08
1.126629E-01        -5.450996E-07        +7.007749E-08
1.125617E-01        -5.419138E-07        +6.961961E-08
1.124606E-01        -5.387437E-07        +6.916477E-08
1.123596E-01        -5.355899E-07        +6.871262E-08
1.122586E-01        -5.324556E-07        +6.826241E-08
1.121578E-01        -5.293375E-07        +6.781534E-08
1.120570E-01        -5.262353E-07        +6.737022E-08
1.119564E-01        -5.231530E-07        +6.692858E-08
1.118558E-01        -5.200807E-07        +6.648920E-08
1.117553E-01        -5.170274E-07        +6.605185E-08
1.116549E-01        -5.139906E-07        +6.561690E-08
1.115546E-01        -5.109665E-07        +6.518499E-08
1.114544E-01        -5.079621E-07        +6.475577E-08
1.113543E-01        -5.049741E-07        +6.432895E-08
1.112543E-01        -5.019989E-07        +6.390481E-08
1.111543E-01        -4.990400E-07        +6.348265E-08
1.110545E-01        -4.961003E-07        +6.306360E-08
1.109547E-01        -4.931710E-07        +6.264617E-08
1.108550E-01        -4.902611E-07        +6.223113E-08
1.107555E-01        -4.873703E-07        +6.181955E-08
1.106560E-01        -4.844899E-07        +6.140991E-08
1.105566E-01        -4.816254E-07        +6.100200E-08
1.104572E-01        -4.787711E-07        +6.059673E-08
1.103580E-01        -4.759397E-07        +6.019457E-08
1.102589E-01        -4.731241E-07        +5.979444E-08
1.101598E-01        -4.703185E-07        +5.939631E-08
1.100609E-01        -4.675318E-07        +5.900127E-08
1.099620E-01        -4.647562E-07        +5.860787E-08
1.098632E-01        -4.619966E-07        +5.821653E-08
1.097645E-01        -4.592496E-07        +5.782757E-08
1.096659E-01        -4.565225E-07        +5.744131E-08
1.095674E-01        -4.538116E-07        +5.705744E-08
1.094690E-01        -4.511107E-07        +5.667592E-08
1.093707E-01        -4.484226E-07        +5.629613E-08
1.092724E-01        -4.457481E-07        +5.591867E-08
1.091742E-01        -4.430902E-07        +5.554359E-08
1.090762E-01        -4.404543E-07        +5.517159E-08
1.089782E-01        -4.378223E-07        +5.480091E-08
1.088803E-01        -4.352066E-07        +5.443197E-08
1.087825E-01        -4.326040E-07        +5.406607E-08
1.086848E-01        -4.300211E-07        +5.370252E-08
1.085871E-01        -4.274485E-07        +5.334000E-08
1.084896E-01        -4.248885E-07        +5.298023E-08
1.083921E-01        -4.223453E-07        +5.262280E-08
1.082947E-01        -4.198122E-07        +5.226741E-08
1.081975E-01        -4.173011E-07        +5.191444E-08
1.081003E-01        -4.147940E-07        +5.156314E-08
1.080032E-01        -4.123031E-07        +5.121389E-08
1.079061E-01        -4.098229E-07        +5.086667E-08
1.078092E-01        -4.073617E-07        +5.052217E-08
1.077124E-01        -4.049135E-07        +5.017905E-08
1.076156E-01        -4.024792E-07        +4.983797E-08
1.075189E-01        -4.000547E-07        +4.949959E-08
1.074223E-01        -3.976434E-07        +4.916292E-08
1.073258E-01        -3.952484E-07        +4.882798E-08
1.072294E-01        -3.928632E-07        +4.849539E-08
1.071331E-01        -3.904911E-07        +4.816454E-08
1.070369E-01        -3.881354E-07        +4.783639E-08
1.069407E-01        -3.857872E-07        +4.750961E-08
1.068446E-01        -3.834521E-07        +4.718455E-08
1.067487E-01        -3.811358E-07        +4.686254E-08
1.066528E-01        -3.788303E-07        +4.654189E-08
1.065570E-01        -3.765378E-07        +4.622263E-08
1.064612E-01        -3.742495E-07        +4.590543E-08
1.063656E-01        -3.719834E-07        +4.559092E-08
1.062701E-01        -3.697303E-07        +4.527779E-08
1.061746E-01        -3.674816E-07        +4.496639E-08
1.060792E-01        -3.652492E-07        +4.465703E-08
1.059839E-01        -3.630301E-07        +4.434972E-08
1.058887E-01        -3.608240E-07        +4.404445E-08
1.057936E-01        -3.586245E-07        +4.374089E-08
1.056986E-01        -3.564415E-07        +4.343906E-08
1.056036E-01        -3.542694E-07        +4.313927E-08
1.055087E-01        -3.521103E-07        +4.284087E-08
1.054140E-01        -3.499602E-07        +4.254483E-08
1.053193E-01        -3.478243E-07        +4.225052E-08
1.052247E-01        -3.457016E-07        +4.195792E-08
1.051301E-01        -3.435898E-07        +4.166674E-08
1.050357E-01        -3.414868E-07        +4.137823E-08
1.049413E-01        -3.393982E-07        +4.109080E-08
1.048471E-01        -3.373216E-07        +4.080538E-08
1.047529E-01        -3.352560E-07        +4.052139E-08
1.046588E-01        -3.332036E-07        +4.023976E-08
1.045648E-01        -3.311577E-07        +3.995951E-08
1.044708E-01        -3.291262E-07        +3.968102E-08
1.043770E-01        -3.271068E-07        +3.940453E-08
1.042832E-01        -3.250951E-07        +3.912912E-08
1.041895E-01        -3.230967E-07        +3.885577E-08
1.040959E-01        -3.211115E-07        +3.858412E-08
1.040024E-01        -3.191329E-07        +3.831386E-08
1.039090E-01        -3.171708E-07        +3.804564E-08
1.038157E-01        -3.152187E-07        +3.777913E-08
1.037224E-01        -3.132709E-07        +3.751405E-08
1.036292E-01        -3.113333E-07        +3.725101E-08
1.035361E-01        -3.094153E-07        +3.698903E-08
1.034431E-01        -3.075041E-07        +3.672941E-08
1.033502E-01        -3.056060E-07        +3.647084E-08
1.032574E-01        -3.037146E-07        +3.621400E-08
1.031646E-01        -3.018344E-07        +3.595891E-08
1.030719E-01        -2.999608E-07        +3.570487E-08
1.029793E-01        -2.981038E-07        +3.545321E-08
1.028868E-01        -2.962567E-07        +3.520260E-08
1.027944E-01        -2.944196E-07        +3.495370E-08
1.027021E-01        -2.925924E-07        +3.470684E-08
1.026098E-01        -2.907732E-07        +3.446043E-08
1.025176E-01        -2.889672E-07        +3.421606E-08
1.024255E-01        -2.871745E-07        +3.397374E-08
1.023335E-01        -2.853851E-07        +3.373279E-08
1.022416E-01        -2.836057E-07        +3.349290E-08
1.021498E-01        -2.818396E-07        +3.325538E-08
1.020580E-01        -2.800848E-07        +3.301864E-08
1.019663E-01        -2.783367E-07        +3.278329E-08
1.018747E-01        -2.766018E-07        +3.254964E-08
1.017832E-01        -2.748703E-07        +3.231738E-08
1.016918E-01        -2.731521E-07        +3.208715E-08
1.016004E-01        -2.714452E-07        +3.185805E-08
1.015091E-01        -2.697451E-07        +3.162967E-08
1.014180E-01        -2.680601E-07        +3.140358E-08
1.013268E-01        -2.663780E-07        +3.117871E-08
1.012358E-01        -2.647111E-07        +3.095546E-08
1.011449E-01        -2.630509E-07        +3.073392E-08
1.010540E-01        -2.614021E-07        +3.051318E-08
1.009632E-01        -2.597566E-07        +3.029382E-08
1.008725E-01        -2.581246E-07        +3.007617E-08
1.007819E-01        -2.565058E-07        +2.985990E-08
1.006914E-01        -2.548903E-07        +2.964500E-08
1.006009E-01        -2.532830E-07        +2.943092E-08
1.005106E-01        -2.516876E-07        +2.921910E-08
1.004203E-01        -2.501003E-07        +2.900777E-08
1.003301E-01        -2.485264E-07        +2.879848E-08
1.002399E-01        -2.469608E-07        +2.859034E-08
1.001499E-01        -2.453969E-07        +2.838347E-08
1.000599E-01        -2.438480E-07        +2.817841E-08
9.997005E-02        -2.423099E-07        +2.797418E-08
9.988024E-02        -2.407775E-07        +2.777152E-08
9.979052E-02        -2.392516E-07        +2.756989E-08
9.970088E-02        -2.377386E-07        +2.736958E-08
9.961131E-02        -2.362286E-07        +2.717059E-08
9.952183E-02        -2.347317E-07        +2.697261E-08
9.943243E-02        -2.332479E-07        +2.677664E-08
9.934311E-02        -2.317637E-07        +2.658133E-08
9.925386E-02        -2.302857E-07        +2.638766E-08
9.916470E-02        -2.288242E-07        +2.619502E-08
9.907562E-02        -2.273725E-07        +2.600370E-08
9.898662E-02        -2.259272E-07        +2.581373E-08
9.889770E-02        -2.244849E-07        +2.562441E-08
9.880886E-02        -2.230523E-07        +2.543677E-08
9.872010E-02        -2.216294E-07        +2.525046E-08
9.863141E-02        -2.202160E-07        +2.506579E-08
9.854281E-02        -2.188126E-07        +2.488181E-08
9.845429E-02        -2.174155E-07        +2.469850E-08
9.836585E-02        -2.160215E-07        +2.451719E-08
9.827748E-02        -2.146404E-07        +2.433719E-08
9.818920E-02        -2.132726E-07        +2.415789E-08
9.810099E-02        -2.119043E-07        +2.398022E-08
9.801287E-02        -2.105426E-07        +2.380359E-08
9.792482E-02        -2.091938E-07        +2.362793E-08
9.783685E-02        -2.078513E-07        +2.345327E-08
9.774897E-02        -2.065222E-07        +2.327964E-08
9.766116E-02        -2.051960E-07        +2.310732E-08
9.757343E-02        -2.038762E-07        +2.293667E-08
9.748577E-02        -2.025627E-07        +2.276667E-08
9.739820E-02        -2.012624E-07        +2.259735E-08
9.731071E-02        -1.999652E-07        +2.242971E-08
9.722329E-02        -1.986777E-07        +2.226305E-08
9.713595E-02        -1.973966E-07        +2.209772E-08
9.704870E-02        -1.961187E-07        +2.193375E-08
9.696151E-02        -1.948504E-07        +2.177008E-08
9.687441E-02        -1.935919E-07        +2.160776E-08
9.678739E-02        -1.923432E-07        +2.144712E-08
9.670044E-02        -1.911008E-07        +2.128713E-08
9.661358E-02        -1.898618E-07        +2.112782E-08
9.652679E-02        -1.886323E-07        +2.097016E-08
9.644007E-02        -1.874125E-07        +2.081316E-08
9.635344E-02        -1.861993E-07        +2.065684E-08
9.626688E-02        -1.849891E-07        +2.050218E-08
9.618041E-02        -1.837888E-07        +2.034854E-08
9.609401E-02        -1.825949E-07        +2.019589E-08
9.600768E-02        -1.814073E-07        +2.004422E-08
9.592144E-02        -1.802297E-07        +1.989357E-08
9.583527E-02        -1.790517E-07        +1.974391E-08
9.574918E-02        -1.778868E-07        +1.959526E-08
9.566317E-02        -1.767284E-07        +1.944761E-08
9.557723E-02        -1.755798E-07        +1.930094E-08
9.549137E-02        -1.744309E-07        +1.915528E-08
9.540559E-02        -1.732952E-07        +1.901063E-08
9.531989E-02        -1.721627E-07        +1.886698E-08
9.523426E-02        -1.710365E-07        +1.872432E-08
9.514871E-02        -1.699168E-07        +1.858266E-08
9.506324E-02        -1.688104E-07        +1.844201E-08
9.497784E-02        -1.677036E-07        +1.830235E-08
9.489252E-02        -1.665999E-07        +1.816336E-08
9.480728E-02        -1.655061E-07        +1.802504E-08
9.472211E-02        -1.644220E-07        +1.788805E-08
9.463702E-02        -1.633445E-07        +1.775172E-08
9.455200E-02        -1.622699E-07        +1.761705E-08
9.446707E-02        -1.612054E-07        +1.748307E-08
9.438221E-02        -1.601473E-07        +1.734942E-08
9.429742E-02        -1.590922E-07        +1.721675E-08
9.421271E-02        -1.580436E-07        +1.708542E-08
9.412808E-02        -1.569983E-07        +1.695511E-08
9.404352E-02        -1.559626E-07        +1.682477E-08
9.395904E-02        -1.549368E-07        +1.669611E-08
9.387464E-02        -1.539175E-07        +1.656846E-08
9.379031E-02        -1.528981E-07        +1.644147E-08
9.370605E-02        -1.518849E-07        +1.631513E-08
9.362188E-02        -1.508852E-07        +1.619015E-08
9.353777E-02        -1.498851E-07        +1.606548E-08
9.345375E-02        -1.488882E-07        +1.594183E-08
9.336980E-02        -1.479012E-07        +1.581917E-08
9.328592E-02        -1.469239E-07        +1.569717E-08
9.320212E-02        -1.459499E-07        +1.557584E-08
9.311840E-02        -1.449756E-07        +1.545586E-08
9.303475E-02        -1.440145E-07        +1.533619E-08
9.295117E-02        -1.430565E-07        +1.521752E-08
9.286767E-02        -1.421051E-07        +1.509986E-08
9.278425E-02        -1.411569E-07        +1.498320E-08
9.270090E-02        -1.402184E-07        +1.486721E-08
9.261762E-02        -1.392864E-07        +1.475187E-08
9.253442E-02        -1.383577E-07        +1.463756E-08
9.245130E-02        -1.374355E-07        +1.452323E-08
9.236825E-02        -1.365164E-07        +1.441056E-08
9.228527E-02        -1.356038E-07        +1.429857E-08
9.220237E-02        -1.346943E-07        +1.418691E-08
9.211954E-02        -1.337947E-07        +1.407656E-08
9.203679E-02        -1.329017E-07        +1.396725E-08
9.195411E-02        -1.320118E-07        +1.385791E-08
9.187151E-02        -1.311285E-07        +1.374993E-08
9.178898E-02        -1.302483E-07        +1.364226E-08
9.170652E-02        -1.293747E-07        +1.353559E-08
9.162414E-02        -1.285041E-07        +1.342960E-08
9.154184E-02        -1.276403E-07        +1.332395E-08
9.145960E-02        -1.267794E-07        +1.321927E-08
9.137744E-02        -1.259284E-07        +1.311561E-08
9.129536E-02        -1.250841E-07        +1.301263E-08
9.121334E-02        -1.242395E-07        +1.291028E-08
9.113141E-02        -1.233982E-07        +1.280929E-08
9.104954E-02        -1.225666E-07        +1.270830E-08
9.096775E-02        -1.217416E-07        +1.260796E-08
9.088603E-02        -1.209166E-07        +1.250864E-08
9.080439E-02        -1.200979E-07        +1.240930E-08
9.072282E-02        -1.192893E-07        +1.231164E-08
9.064132E-02        -1.184803E-07        +1.221464E-08
9.055989E-02        -1.176814E-07        +1.211765E-08
9.047854E-02        -1.168789E-07        +1.202131E-08
9.039726E-02        -1.160863E-07        +1.192631E-08
9.031606E-02        -1.153003E-07        +1.183165E-08
9.023493E-02        -1.145175E-07        +1.173766E-08
9.015387E-02        -1.137412E-07        +1.164432E-08
9.007288E-02        -1.129679E-07        +1.155232E-08
8.999197E-02        -1.122015E-07        +1.146034E-08
8.991113E-02        -1.114348E-07        +1.136867E-08
8.983036E-02        -1.106713E-07        +1.127800E-08
8.974966E-02        -1.099176E-07        +1.118800E-08
8.966904E-02        -1.091706E-07        +1.109834E-08
8.958849E-02        -1.084266E-07        +1.100967E-08
8.950801E-02        -1.076894E-07        +1.092200E-08
8.942760E-02        -1.069520E-07        +1.083500E-08
8.934727E-02        -1.062177E-07        +1.074802E-08
8.926700E-02        -1.054933E-07        +1.066134E-08
8.918681E-02        -1.047723E-07        +1.057567E-08
8.910670E-02        -1.040510E-07        +1.049101E-08
8.902665E-02        -1.033430E-07        +1.040701E-08
8.894668E-02        -1.026350E-07        +1.032335E-08
8.886677E-02        -1.019299E-07        +1.024035E-08
8.878694E-02        -1.012316E-07        +1.015768E-08
8.870719E-02        -1.005333E-07        +1.007569E-08
8.862750E-02        -9.983798E-08        +9.994179E-09
8.854788E-02        -9.915153E-08        +9.913714E-09
8.846834E-02        -9.847047E-08        +9.833551E-09
8.838887E-02        -9.779197E-08        +9.754021E-09
8.830947E-02        -9.711762E-08        +9.675055E-09
8.823014E-02        -9.644783E-08        +9.596722E-09
8.815088E-02        -9.578194E-08        +9.518889E-09
8.807169E-02        -9.512025E-08        +9.441618E-09
8.799257E-02        -9.446280E-08        +9.364950E-09
8.791353E-02        -9.380897E-08        +9.288786E-09
8.783455E-02        -9.315996E-08        +9.213248E-09
8.775565E-02        -9.251528E-08        +9.138250E-09
8.767682E-02        -9.187381E-08        +9.063820E-09
8.759806E-02        -9.123656E-08        +8.989888E-09
8.751937E-02        -9.060356E-08        +8.916488E-09
8.744075E-02        -8.997409E-08        +8.843655E-09
8.736220E-02        -8.934921E-08        +8.771353E-09
8.728372E-02        -8.872823E-08        +8.699619E-09
8.720531E-02        -8.811115E-08        +8.628384E-09
8.712697E-02        -8.749766E-08        +8.557680E-09
8.704870E-02        -8.688770E-08        +8.487512E-09
8.697051E-02        -8.628242E-08        +8.417817E-09
8.689238E-02        -8.568064E-08        +8.348681E-09
8.681432E-02        -8.508241E-08        +8.280044E-09
8.673634E-02        -8.448852E-08        +8.211916E-09
8.665842E-02        -8.389779E-08        +8.144279E-09
8.658057E-02        -8.331097E-08        +8.077142E-09
8.650280E-02        -8.272814E-08        +8.010513E-09
8.642509E-02        -8.214883E-08        +7.944376E-09
8.634745E-02        -8.157307E-08        +7.878739E-09
8.626989E-02        -8.100167E-08        +7.813610E-09
8.619239E-02        -8.043312E-08        +7.748974E-09
8.611496E-02        -7.986812E-08        +7.684805E-09
8.603760E-02        -7.930740E-08        +7.621101E-09
8.596031E-02        -7.874992E-08        +7.557933E-09
8.588309E-02        -7.819605E-08        +7.495166E-09
8.580594E-02        -7.764542E-08        +7.432863E-09
8.572886E-02        -7.709871E-08        +7.371097E-09
8.565185E-02        -7.655561E-08        +7.309731E-09
8.557491E-02        -7.601544E-08        +7.248797E-09
8.549803E-02        -7.547877E-08        +7.188356E-09
8.542123E-02        -7.494613E-08        +7.128392E-09
8.534450E-02        -7.441607E-08        +7.068861E-09
8.526783E-02        -7.388987E-08        +7.009822E-09
8.519123E-02        -7.336729E-08        +6.951221E-09
8.511470E-02        -7.284795E-08        +6.892984E-09
8.503824E-02        -7.233191E-08        +6.835248E-09
8.496185E-02        -7.181877E-08        +6.777981E-09
8.488553E-02        -7.130960E-08        +6.721115E-09
8.480927E-02        -7.080295E-08        +6.664642E-09
8.473309E-02        -7.030029E-08        +6.608610E-09
8.465697E-02        -6.980088E-08        +6.553039E-09
8.458092E-02        -6.930405E-08        +6.497870E-09
8.450494E-02        -6.881083E-08        +6.443134E-09
8.442903E-02        -6.832088E-08        +6.388835E-09
8.435319E-02        -6.783424E-08        +6.334901E-09
8.427741E-02        -6.735011E-08        +6.281398E-09
8.420170E-02        -6.686961E-08        +6.228259E-09
8.412606E-02        -6.639206E-08        +6.175591E-09
8.405049E-02        -6.591777E-08        +6.123323E-09
8.397499E-02        -6.544680E-08        +6.071457E-09
8.389955E-02        -6.497835E-08        +6.019953E-09
8.382418E-02        -6.451321E-08        +5.968815E-09
8.374888E-02        -6.405066E-08        +5.918146E-09
8.367365E-02        -6.359174E-08        +5.867847E-09
8.359848E-02        -6.313572E-08        +5.817907E-09
8.352339E-02        -6.268270E-08        +5.768411E-09
8.344836E-02        -6.223258E-08        +5.719242E-09
8.337339E-02        -6.178505E-08        +5.670436E-09
8.329850E-02        -6.134016E-08        +5.622002E-09
8.322367E-02        -6.089885E-08        +5.573999E-09
8.314891E-02        -6.046050E-08        +5.526330E-09
8.307421E-02        -6.002474E-08        +5.479057E-09
8.299959E-02        -5.959162E-08        +5.432160E-09
8.292503E-02        -5.916177E-08        +5.385590E-09
8.285053E-02        -5.873445E-08        +5.339384E-09
8.277611E-02        -5.831053E-08        +5.293518E-09
8.270175E-02        -5.788883E-08        +5.248047E-09
8.262746E-02        -5.747009E-08        +5.202947E-09
8.255323E-02        -5.705394E-08        +5.158142E-09
8.247907E-02        -5.664038E-08        +5.113671E-09
8.240498E-02        -5.623017E-08        +5.069602E-09
8.233096E-02        -5.582223E-08        +5.025903E-09
8.225700E-02        -5.541689E-08        +4.982501E-09
8.218310E-02        -5.501409E-08        +4.939426E-09
8.210928E-02        -5.461469E-08        +4.896728E-09
8.203552E-02        -5.421720E-08        +4.854326E-09
8.196182E-02        -5.382225E-08        +4.812251E-09
8.188820E-02        -5.343070E-08        +4.770553E-09
8.181463E-02        -5.304133E-08        +4.729146E-09
8.174114E-02        -5.265467E-08        +4.688078E-09
8.166771E-02        -5.227025E-08        +4.647344E-09
8.159435E-02        -5.188848E-08        +4.606875E-09
8.152105E-02        -5.150894E-08        +4.566771E-09
8.144782E-02        -5.113238E-08        +4.527000E-09
8.137465E-02        -5.075843E-08        +4.487564E-09
8.130155E-02        -5.038677E-08        +4.448361E-09
8.122852E-02        -5.001778E-08        +4.409492E-09
8.115555E-02        -4.965102E-08        +4.370958E-09
8.108264E-02        -4.928687E-08        +4.332682E-09
8.100981E-02        -4.892507E-08        +4.294783E-09
8.093703E-02        -4.856583E-08        +4.257145E-09
8.086433E-02        -4.820863E-08        +4.219777E-09
8.079168E-02        -4.785361E-08        +4.182770E-09
8.071911E-02        -4.750162E-08        +4.146039E-09
8.064660E-02        -4.715194E-08        +4.109567E-09
8.057415E-02        -4.680413E-08        +4.073431E-09
8.050177E-02        -4.645937E-08        +4.037528E-09
8.042945E-02        -4.611616E-08        +4.001922E-09
8.035720E-02        -4.577563E-08        +3.966620E-09
8.028502E-02        -4.543739E-08        +3.931619E-09
8.021290E-02        -4.510147E-08        +3.896885E-09
8.014084E-02        -4.476741E-08        +3.862411E-09
8.006885E-02        -4.443641E-08        +3.828246E-09
7.999692E-02        -4.410697E-08        +3.794272E-09
7.992506E-02        -4.378021E-08        +3.760669E-09
7.985326E-02        -4.345538E-08        +3.727333E-09
7.978153E-02        -4.313255E-08        +3.694231E-09
7.970986E-02        -4.281196E-08        +3.661395E-09
7.963825E-02        -4.249370E-08        +3.628789E-09
7.956671E-02        -4.217704E-08        +3.596485E-09
7.949524E-02        -4.186338E-08        +3.564453E-09
7.942382E-02        -4.155199E-08        +3.532645E-09
7.935248E-02        -4.124196E-08        +3.501144E-09
7.928119E-02        -4.093413E-08        +3.469906E-09
7.920997E-02        -4.062867E-08        +3.438901E-09
7.913882E-02        -4.032483E-08        +3.408168E-09
7.906773E-02        -4.002362E-08        +3.377634E-09
7.899670E-02        -3.972436E-08        +3.347328E-09
7.892573E-02        -3.942706E-08        +3.317321E-09
7.885483E-02        -3.913175E-08        +3.287555E-09
7.878400E-02        -3.883843E-08        +3.257984E-09
7.871322E-02        -3.854701E-08        +3.228745E-09
7.864252E-02        -3.825763E-08        +3.199713E-09
7.857187E-02        -3.797048E-08        +3.170876E-09
7.850129E-02        -3.768570E-08        +3.142272E-09
7.843077E-02        -3.740219E-08        +3.113936E-09
7.836031E-02        -3.712064E-08        +3.085829E-09
7.828992E-02        -3.684107E-08        +3.057964E-09
7.821959E-02        -3.656347E-08        +3.030258E-09
7.814933E-02        -3.628786E-08        +3.002855E-09
7.807912E-02        -3.601417E-08        +2.975686E-09
7.800898E-02        -3.574217E-08        +2.948680E-09
7.793891E-02        -3.547178E-08        +2.921947E-09
7.786889E-02        -3.520401E-08        +2.895408E-09
7.779894E-02        -3.493793E-08        +2.869073E-09
7.772905E-02        -3.467311E-08        +2.842966E-09
7.765923E-02        -3.441029E-08        +2.817132E-09
7.758947E-02        -3.414944E-08        +2.791497E-09
7.751977E-02        -3.389055E-08        +2.766030E-09
7.745013E-02        -3.363331E-08        +2.740754E-09
7.738055E-02        -3.337765E-08        +2.715785E-09
7.731104E-02        -3.312437E-08        +2.690949E-09
7.724159E-02        -3.287237E-08        +2.666313E-09
7.717220E-02        -3.262203E-08        +2.641875E-09
7.710288E-02        -3.237330E-08        +2.617671E-09
7.703362E-02        -3.212693E-08        +2.593705E-09
7.696442E-02        -3.188183E-08        +2.569869E-09
7.689528E-02        -3.163869E-08        +2.546262E-09
7.682620E-02        -3.139722E-08        +2.522894E-09
7.675719E-02        -3.115706E-08        +2.499658E-09
7.668823E-02        -3.091882E-08        +2.476619E-09
7.661934E-02        -3.068229E-08        +2.453782E-09
7.655052E-02        -3.044706E-08        +2.431148E-09
7.648175E-02        -3.021377E-08        +2.408710E-09
7.641305E-02        -2.998219E-08        +2.386475E-09
7.634440E-02        -2.975184E-08        +2.364405E-09
7.627582E-02        -2.952350E-08        +2.342499E-09
7.620730E-02        -2.929682E-08        +2.320832E-09
7.613884E-02        -2.907143E-08        +2.299294E-09
7.607045E-02        -2.884773E-08        +2.277959E-09
7.600211E-02        -2.862558E-08        +2.256820E-09
7.593384E-02        -2.840552E-08        +2.235854E-09
7.586562E-02        -2.818602E-08        +2.215045E-09
7.579747E-02        -2.796852E-08        +2.194478E-09
7.572938E-02        -2.775269E-08        +2.174010E-09
7.566135E-02        -2.753815E-08        +2.153703E-09
7.559339E-02        -2.732560E-08        +2.133637E-09
7.552548E-02        -2.711470E-08        +2.113699E-09
7.545763E-02        -2.690477E-08        +2.093960E-09
7.538985E-02        -2.669616E-08        +2.074394E-09
7.532212E-02        -2.648919E-08        +2.054955E-09
7.525446E-02        -2.628354E-08        +2.035688E-09
7.518686E-02        -2.607955E-08        +2.016581E-09
7.511932E-02        -2.587685E-08        +1.997683E-09
7.505184E-02        -2.567583E-08        +1.978876E-09
7.498442E-02        -2.547608E-08        +1.960308E-09
7.491706E-02        -2.527801E-08        +1.941871E-09
7.484976E-02        -2.508123E-08        +1.923602E-09
7.478252E-02        -2.488582E-08        +1.905434E-09
7.471534E-02        -2.469130E-08        +1.887426E-09
7.464822E-02        -2.449915E-08        +1.869657E-09
7.458117E-02        -2.430802E-08        +1.851991E-09
7.451417E-02        -2.411783E-08        +1.834453E-09
7.444723E-02        -2.392893E-08        +1.817084E-09
7.438035E-02        -2.374172E-08        +1.799845E-09
7.431354E-02        -2.355582E-08        +1.782809E-09
7.424678E-02        -2.337156E-08        +1.765910E-09
7.418008E-02        -2.318829E-08        +1.749101E-09
7.411344E-02        -2.300600E-08        +1.732532E-09
7.404687E-02        -2.282503E-08        +1.716066E-09
7.398035E-02        -2.264572E-08        +1.699697E-09
7.391389E-02        -2.246769E-08        +1.683458E-09
7.384749E-02        -2.229134E-08        +1.667419E-09
7.378116E-02        -2.211601E-08        +1.651553E-09
7.371488E-02        -2.194163E-08        +1.635784E-09
7.364866E-02        -2.176854E-08        +1.620116E-09
7.358250E-02        -2.159683E-08        +1.604577E-09
7.351640E-02        -2.142601E-08        +1.589239E-09
7.345036E-02        -2.125728E-08        +1.574040E-09
7.338438E-02        -2.108884E-08        +1.558902E-09
7.331845E-02        -2.092166E-08        +1.543932E-09
7.325259E-02        -2.075619E-08        +1.529094E-09
7.318679E-02        -2.059171E-08        +1.514427E-09
7.312104E-02        -2.042849E-08        +1.499857E-09
7.305536E-02        -2.026668E-08        +1.485389E-09
7.298973E-02        -2.010544E-08        +1.471050E-09
7.292416E-02        -1.994589E-08        +1.456881E-09
7.285865E-02        -1.978733E-08        +1.442812E-09
7.279320E-02        -1.963005E-08        +1.428873E-09
7.272781E-02        -1.947417E-08        +1.415075E-09
7.266248E-02        -1.931887E-08        +1.401337E-09
7.259720E-02        -1.916495E-08        +1.387766E-09
7.253199E-02        -1.901163E-08        +1.374299E-09
7.246683E-02        -1.885998E-08        +1.360959E-09
7.240173E-02        -1.870933E-08        +1.347790E-09
7.233669E-02        -1.855966E-08        +1.334691E-09
7.227171E-02        -1.841129E-08        +1.321652E-09
7.220679E-02        -1.826431E-08        +1.308814E-09
7.214193E-02        -1.811792E-08        +1.296116E-09
7.207712E-02        -1.797290E-08        +1.283446E-09
7.201237E-02        -1.782847E-08        +1.270907E-09
7.194768E-02        -1.768543E-08        +1.258508E-09
7.188305E-02        -1.754299E-08        +1.246169E-09
7.181848E-02        -1.740224E-08        +1.234001E-09
7.175396E-02        -1.726246E-08        +1.221931E-09
7.168950E-02        -1.712367E-08        +1.209961E-09
7.162510E-02        -1.698588E-08        +1.198092E-09
7.156076E-02        -1.684878E-08        +1.186323E-09
7.149648E-02        -1.671228E-08        +1.174655E-09
7.143225E-02        -1.657744E-08        +1.163085E-09
7.136808E-02        -1.644361E-08        +1.151616E-09
7.130397E-02        -1.631076E-08        +1.140277E-09
7.123992E-02        -1.617891E-08        +1.129078E-09
7.117592E-02        -1.604804E-08        +1.117908E-09
7.111198E-02        -1.591816E-08        +1.106869E-09
7.104810E-02        -1.578928E-08        +1.095970E-09
7.098428E-02        -1.566139E-08        +1.085101E-09
7.092051E-02        -1.553448E-08        +1.074331E-09
7.085680E-02        -1.540826E-08        +1.063662E-09
7.079315E-02        -1.528264E-08        +1.053122E-09
7.072956E-02        -1.515841E-08        +1.042724E-09
7.066602E-02        -1.503476E-08        +1.032354E-09
7.060254E-02        -1.491251E-08        +1.022085E-09
7.053911E-02        -1.479083E-08        +1.011914E-09
7.047575E-02        -1.467058E-08        +1.001837E-09
7.041244E-02        -1.455060E-08        +9.918404E-10
7.034919E-02        -1.443161E-08        +9.819483E-10
7.028599E-02        -1.431391E-08        +9.721423E-10
7.022285E-02        -1.419731E-08        +9.624226E-10
7.015977E-02        -1.408059E-08        +9.528005E-10
7.009674E-02        -1.396556E-08        +9.432643E-10
7.003377E-02        -1.385123E-08        +9.338117E-10
6.997086E-02        -1.373749E-08        +9.244495E-10
6.990801E-02        -1.362516E-08        +9.151748E-10
6.984521E-02        -1.351310E-08        +9.059822E-10
6.978246E-02        -1.340202E-08        +8.968786E-10
6.971978E-02        -1.329196E-08        +8.878610E-10
6.965715E-02        -1.318259E-08        +8.789185E-10
6.959457E-02        -1.307379E-08        +8.700620E-10
6.953205E-02        -1.296639E-08        +8.612861E-10
6.946959E-02        -1.285929E-08        +8.525907E-10
6.940719E-02        -1.275319E-08        +8.439788E-10
6.934484E-02        -1.264807E-08        +8.354502E-10
6.928254E-02        -1.254364E-08        +8.269936E-10
6.922031E-02        -1.243952E-08        +8.186190E-10
6.915812E-02        -1.233637E-08        +8.103222E-10
6.909600E-02        -1.223423E-08        +8.021043E-10
6.903393E-02        -1.213308E-08        +7.939585E-10
6.897191E-02        -1.203262E-08        +7.858891E-10
6.890996E-02        -1.193275E-08        +7.778945E-10
6.884805E-02        -1.183398E-08        +7.699778E-10
6.878621E-02        -1.173511E-08        +7.621370E-10
6.872441E-02        -1.163791E-08        +7.543631E-10
6.866268E-02        -1.154143E-08        +7.466722E-10
6.860100E-02        -1.144523E-08        +7.390435E-10
6.853937E-02        -1.134972E-08        +7.314871E-10
6.847780E-02        -1.125480E-08        +7.240054E-10
6.841629E-02        -1.116130E-08        +7.165901E-10
6.835483E-02        -1.106807E-08        +7.092512E-10
6.829342E-02        -1.097554E-08        +7.019787E-10
6.823207E-02        -1.088359E-08        +6.947698E-10
6.817078E-02        -1.079306E-08        +6.876314E-10
6.810954E-02        -1.070252E-08        +6.805624E-10
6.804836E-02        -1.061256E-08        +6.735610E-10
6.798723E-02        -1.052401E-08        +6.666220E-10
6.792615E-02        -1.043544E-08        +6.597524E-10
6.786514E-02        -1.034747E-08        +6.529486E-10
6.780417E-02        -1.026089E-08        +6.462020E-10
6.774326E-02        -1.017461E-08        +6.395271E-10
6.768241E-02        -1.008904E-08        +6.329087E-10
6.762161E-02        -1.000383E-08        +6.263597E-10
6.756086E-02        -9.919678E-09        +6.198744E-10
6.750017E-02        -9.836058E-09        +6.134455E-10
6.743953E-02        -9.753056E-09        +6.070803E-10
6.737895E-02        -9.670727E-09        +6.007715E-10
6.731842E-02        -9.589016E-09        +5.945293E-10
6.725795E-02        -9.507979E-09        +5.883448E-10
6.719753E-02        -9.427531E-09        +5.822156E-10
6.713717E-02        -9.347685E-09        +5.761511E-10
6.707686E-02        -9.268458E-09        +5.701392E-10
6.701660E-02        -9.189893E-09        +5.641868E-10
6.695640E-02        -9.111929E-09        +5.582950E-10
6.689625E-02        -9.034556E-09        +5.524598E-10
6.683616E-02        -8.957816E-09        +5.466782E-10
6.677612E-02        -8.881707E-09        +5.409532E-10
6.671613E-02        -8.806119E-09        +5.352808E-10
6.665620E-02        -8.731133E-09        +5.296660E-10
6.659632E-02        -8.656738E-09        +5.241037E-10
6.653650E-02        -8.582947E-09        +5.185991E-10
6.647672E-02        -8.509705E-09        +5.131433E-10
6.641701E-02        -8.437037E-09        +5.077389E-10
6.635734E-02        -8.364990E-09        +5.023862E-10
6.629773E-02        -8.293447E-09        +4.970912E-10
6.623818E-02        -8.222466E-09        +4.918467E-10
6.617867E-02        -8.152107E-09        +4.866510E-10
6.611923E-02        -8.082263E-09        +4.815067E-10
6.605983E-02        -8.012928E-09        +4.764113E-10
6.600049E-02        -7.944198E-09        +4.713664E-10
6.594120E-02        -7.876031E-09        +4.663713E-10
6.588196E-02        -7.808356E-09        +4.614229E-10
6.582278E-02        -7.741214E-09        +4.565209E-10
6.576365E-02        -7.674636E-09        +4.516729E-10
6.570457E-02        -7.608551E-09        +4.468675E-10
6.564555E-02        -7.542970E-09        +4.421126E-10
6.558658E-02        -7.477911E-09        +4.374046E-10
6.552766E-02        -7.413415E-09        +4.327393E-10
6.546880E-02        -7.349425E-09        +4.281244E-10
6.540999E-02        -7.285928E-09        +4.235565E-10
6.535123E-02        -7.222924E-09        +4.190283E-10
6.529252E-02        -7.160415E-09        +4.145428E-10
6.523387E-02        -7.098409E-09        +4.101050E-10
6.517527E-02        -7.036897E-09        +4.057098E-10
6.511672E-02        -6.975879E-09        +4.013616E-10
6.505822E-02        -6.915356E-09        +3.970531E-10
6.499978E-02        -6.855309E-09        +3.927852E-10
6.494139E-02        -6.795713E-09        +3.885600E-10
6.488305E-02        -6.736654E-09        +3.843817E-10
6.482477E-02        -6.678029E-09        +3.802440E-10
6.476653E-02        -6.619888E-09        +3.761453E-10
6.470835E-02        -6.562223E-09        +3.720872E-10
6.465022E-02        -6.504981E-09        +3.680690E-10
6.459215E-02        -6.448215E-09        +3.640912E-10
6.453412E-02        -6.391864E-09        +3.601527E-10
6.447615E-02        -6.336018E-09        +3.562546E-10
6.441823E-02        -6.280637E-09        +3.523964E-10
6.436036E-02        -6.225681E-09        +3.485752E-10
6.430255E-02        -6.171201E-09        +3.447903E-10
6.424478E-02        -6.117107E-09        +3.410488E-10
6.418707E-02        -6.063447E-09        +3.373407E-10
6.412941E-02        -6.010254E-09        +3.336696E-10
6.407180E-02        -5.957456E-09        +3.300342E-10
6.401425E-02        -5.905092E-09        +3.264435E-10
6.395674E-02        -5.853187E-09        +3.228820E-10
6.389929E-02        -5.801686E-09        +3.193540E-10
6.384189E-02        -5.750581E-09        +3.158658E-10
6.378454E-02        -5.699902E-09        +3.124147E-10
6.372724E-02        -5.649661E-09        +3.089935E-10
6.366999E-02        -5.599774E-09        +3.056050E-10
6.361279E-02        -5.550325E-09        +3.022565E-10
6.355565E-02        -5.501240E-09        +2.989427E-10
6.349856E-02        -5.452622E-09        +2.956546E-10
6.344151E-02        -5.404364E-09        +2.924058E-10
6.338452E-02        -5.356468E-09        +2.891947E-10
6.332758E-02        -5.309012E-09        +2.860106E-10
6.327070E-02        -5.261890E-09        +2.828556E-10
6.321386E-02        -5.215185E-09        +2.797414E-10
6.315707E-02        -5.168919E-09        +2.766500E-10
6.310034E-02        -5.122987E-09        +2.735919E-10
6.304365E-02        -5.077417E-09        +2.705704E-10
6.298702E-02        -5.032179E-09        +2.675765E-10
6.293044E-02        -4.987339E-09        +2.646082E-10
6.287391E-02        -4.942897E-09        +2.616771E-10
6.281743E-02        -4.898823E-09        +2.587759E-10
6.276100E-02        -4.855075E-09        +2.559046E-10
6.270462E-02        -4.811725E-09        +2.530605E-10
6.264829E-02        -4.768744E-09        +2.502420E-10
6.259201E-02        -4.726061E-09        +2.474579E-10
6.253578E-02        -4.683732E-09        +2.446993E-10
6.247961E-02        -4.641824E-09        +2.419755E-10
6.242348E-02        -4.600162E-09        +2.392741E-10
6.236740E-02        -4.558899E-09        +2.365998E-10
6.231138E-02        -4.518012E-09        +2.339516E-10
6.225540E-02        -4.477416E-09        +2.313373E-10
6.219948E-02        -4.437154E-09        +2.287462E-10
6.214360E-02        -4.397255E-09        +2.261847E-10
6.208778E-02        -4.357660E-09        +2.236508E-10
6.203201E-02        -4.318393E-09        +2.211397E-10
6.197628E-02        -4.279488E-09        +2.186553E-10
6.192061E-02        -4.240888E-09        +2.161942E-10
6.186498E-02        -4.202581E-09        +2.137598E-10
6.180941E-02        -4.164606E-09        +2.113486E-10
6.175388E-02        -4.126967E-09        +2.089671E-10
6.169841E-02        -4.089590E-09        +2.066131E-10
6.164298E-02        -4.052576E-09        +2.042787E-10
6.158761E-02        -4.015868E-09        +2.019676E-10
6.153228E-02        -3.979452E-09        +1.996832E-10
6.147701E-02        -3.943341E-09        +1.974221E-10
6.142178E-02        -3.907522E-09        +1.951877E-10
6.136661E-02        -3.872009E-09        +1.929738E-10
6.131148E-02        -3.836788E-09        +1.907823E-10
6.125640E-02        -3.801866E-09        +1.886152E-10
6.120138E-02        -3.767249E-09        +1.864669E-10
6.114640E-02        -3.732925E-09        +1.843498E-10
6.109147E-02        -3.698901E-09        +1.822484E-10
6.103659E-02        -3.665175E-09        +1.801713E-10
6.098176E-02        -3.631720E-09        +1.781099E-10
6.092698E-02        -3.598493E-09        +1.760786E-10
6.087225E-02        -3.565564E-09        +1.740716E-10
6.081756E-02        -3.532930E-09        +1.720771E-10
6.076293E-02        -3.500600E-09        +1.701058E-10
6.070835E-02        -3.468542E-09        +1.681589E-10
6.065381E-02        -3.436705E-09        +1.662273E-10
6.059932E-02        -3.405167E-09        +1.643230E-10
6.054489E-02        -3.373907E-09        +1.624362E-10
6.049050E-02        -3.342869E-09        +1.605647E-10
6.043616E-02        -3.312130E-09        +1.587204E-10
6.038187E-02        -3.281662E-09        +1.568934E-10
6.032763E-02        -3.251422E-09        +1.550820E-10
6.027343E-02        -3.221449E-09        +1.532948E-10
6.021929E-02        -3.191708E-09        +1.515234E-10
6.016519E-02        -3.162262E-09        +1.497762E-10
6.011115E-02        -3.133093E-09        +1.480422E-10
6.005715E-02        -3.104118E-09        +1.463279E-10
6.000320E-02        -3.075371E-09        +1.446336E-10
5.994929E-02        -3.046890E-09        +1.429563E-10
5.989544E-02        -3.018643E-09        +1.412949E-10
5.984164E-02        -2.990667E-09        +1.396580E-10
5.978788E-02        -2.962914E-09        +1.380336E-10
5.973417E-02        -2.935433E-09        +1.364265E-10
5.968051E-02        -2.908153E-09        +1.348350E-10
5.962690E-02        -2.881100E-09        +1.332680E-10
5.957334E-02        -2.854319E-09        +1.317138E-10
5.951982E-02        -2.827733E-09        +1.301765E-10
5.946635E-02        -2.801375E-09        +1.286522E-10
5.941293E-02        -2.775289E-09        +1.271478E-10
5.935956E-02        -2.749404E-09        +1.256608E-10
5.930624E-02        -2.723718E-09        +1.241866E-10
5.925296E-02        -2.698256E-09        +1.227321E-10
5.919973E-02        -2.673038E-09        +1.212950E-10
5.914655E-02        -2.647976E-09        +1.198679E-10
5.909342E-02        -2.623187E-09        +1.184564E-10
5.904034E-02        -2.598625E-09        +1.170666E-10
5.898730E-02        -2.574304E-09        +1.156850E-10
5.893431E-02        -2.550111E-09        +1.143251E-10
5.888137E-02        -2.526146E-09        +1.129735E-10
5.882847E-02        -2.502421E-09        +1.116435E-10
5.877563E-02        -2.478857E-09        +1.103193E-10
5.872283E-02        -2.455561E-09        +1.090149E-10
5.867008E-02        -2.432437E-09        +1.077278E-10
5.861737E-02        -2.409465E-09        +1.064506E-10
5.856472E-02        -2.386770E-09        +1.051864E-10
5.851211E-02        -2.364243E-09        +1.039392E-10
5.845954E-02        -2.341868E-09        +1.027047E-10
5.840703E-02        -2.319771E-09        +1.014876E-10
5.835456E-02        -2.297841E-09        +1.002805E-10
5.830214E-02        -2.276068E-09        +9.908500E-11
5.824977E-02        -2.254540E-09        +9.790477E-11
5.819744E-02        -2.233136E-09        +9.673710E-11
5.814516E-02        -2.211932E-09        +9.558205E-11
5.809293E-02        -2.190929E-09        +9.444051E-11
5.804074E-02        -2.170123E-09        +9.331109E-11
5.798860E-02        -2.149518E-09        +9.219447E-11
5.793651E-02        -2.129085E-09        +9.109018E-11
5.788447E-02        -2.108781E-09        +8.999841E-11
5.783247E-02        -2.088673E-09        +8.891804E-11
5.778051E-02        -2.068763E-09        +8.785026E-11
5.772861E-02        -2.049029E-09        +8.679476E-11
5.767675E-02        -2.029447E-09        +8.575084E-11
5.762494E-02        -2.010111E-09        +8.471826E-11
5.757317E-02        -1.990873E-09        +8.369755E-11
5.752145E-02        -1.971789E-09        +8.268835E-11
5.746978E-02        -1.952952E-09        +8.169005E-11
5.741816E-02        -1.934215E-09        +8.070399E-11
5.736658E-02        -1.915631E-09        +7.972808E-11
5.731504E-02        -1.897288E-09        +7.876305E-11
5.726356E-02        -1.879051E-09        +7.780927E-11
5.721212E-02        -1.860965E-09        +7.686610E-11
5.716072E-02        -1.843094E-09        +7.593309E-11
5.710937E-02        -1.825307E-09        +7.501115E-11
5.705807E-02        -1.807765E-09        +7.410000E-11
5.700681E-02        -1.790349E-09        +7.319875E-11
5.695560E-02        -1.773106E-09        +7.230756E-11
5.690444E-02        -1.755963E-09        +7.142643E-11
5.685332E-02        -1.738946E-09        +7.055521E-11
5.680225E-02        -1.722130E-09        +6.969405E-11
5.675122E-02        -1.705484E-09        +6.884279E-11
5.670024E-02        -1.688966E-09        +6.800132E-11
5.664931E-02        -1.672622E-09        +6.716920E-11
5.659842E-02        -1.656402E-09        +6.634670E-11
5.654758E-02        -1.640357E-09        +6.553355E-11
5.649678E-02        -1.624409E-09        +6.472975E-11
5.644603E-02        -1.608590E-09        +6.393457E-11
5.639532E-02        -1.592968E-09        +6.314903E-11
5.634466E-02        -1.577520E-09        +6.237256E-11
5.629404E-02        -1.562170E-09        +6.160473E-11
5.624347E-02        -1.546921E-09        +6.084551E-11
5.619295E-02        -1.531800E-09        +6.009554E-11
5.614247E-02        -1.516851E-09        +5.935330E-11
5.609204E-02        -1.502029E-09        +5.862059E-11
5.604165E-02        -1.487378E-09        +5.789580E-11
5.599131E-02        -1.472828E-09        +5.717935E-11
5.594101E-02        -1.458404E-09        +5.647155E-11
5.589075E-02        -1.444150E-09        +5.577167E-11
5.584055E-02        -1.430001E-09        +5.508000E-11
5.579038E-02        -1.415947E-09        +5.439613E-11
5.574027E-02        -1.402023E-09        +5.372018E-11
5.569020E-02        -1.388271E-09        +5.305170E-11
5.564017E-02        -1.374618E-09        +5.239162E-11
5.559019E-02        -1.361092E-09        +5.173887E-11
5.554025E-02        -1.347711E-09        +5.109379E-11
5.549035E-02        -1.334382E-09        +5.045591E-11
5.544051E-02        -1.321230E-09        +4.982595E-11
5.539070E-02        -1.308200E-09        +4.920281E-11
5.534095E-02        -1.295321E-09        +4.858713E-11
5.529123E-02        -1.282491E-09        +4.797899E-11
5.524156E-02        -1.269835E-09        +4.737765E-11
5.519194E-02        -1.257281E-09        +4.678291E-11
5.514236E-02        -1.244825E-09        +4.619584E-11
5.509282E-02        -1.232467E-09        +4.561545E-11
5.504333E-02        -1.220238E-09        +4.504140E-11
5.499389E-02        -1.208156E-09        +4.447440E-11
5.494448E-02        -1.196124E-09        +4.391424E-11
5.489513E-02        -1.184268E-09        +4.336099E-11
5.484581E-02        -1.172509E-09        +4.281357E-11
5.479655E-02        -1.160854E-09        +4.227260E-11
5.474732E-02        -1.149294E-09        +4.173820E-11
5.469814E-02        -1.137836E-09        +4.121013E-11
5.464900E-02        -1.126477E-09        +4.068847E-11
5.459991E-02        -1.115219E-09        +4.017242E-11
5.455086E-02        -1.104059E-09        +3.966305E-11
5.450186E-02        -1.093001E-09        +3.915974E-11
5.445290E-02        -1.082068E-09        +3.866213E-11
5.440398E-02        -1.071281E-09        +3.817000E-11
5.435511E-02        -1.060521E-09        +3.768440E-11
5.430628E-02        -1.049861E-09        +3.720403E-11
5.425750E-02        -1.039328E-09        +3.672972E-11
5.420876E-02        -1.028941E-09        +3.626110E-11
5.416006E-02        -1.018580E-09        +3.579772E-11
5.411141E-02        -1.008319E-09        +3.534039E-11
5.406280E-02        -9.981662E-10        +3.488849E-11
5.401424E-02        -9.881280E-10        +3.444118E-11
5.396571E-02        -9.781648E-10        +3.399975E-11
5.391724E-02        -9.683022E-10        +3.356392E-11
5.386880E-02        -9.585265E-10        +3.313252E-11
5.382041E-02        -9.488447E-10        +3.270690E-11
5.377206E-02        -9.392566E-10        +3.228625E-11
5.372376E-02        -9.297524E-10        +3.187065E-11
5.367550E-02        -9.203399E-10        +3.146003E-11
5.362728E-02        -9.110213E-10        +3.105437E-11
5.357910E-02        -9.017819E-10        +3.065369E-11
5.353097E-02        -8.926289E-10        +3.025807E-11
5.348289E-02        -8.835717E-10        +2.986723E-11
5.343484E-02        -8.745946E-10        +2.948054E-11
5.338684E-02        -8.657032E-10        +2.909892E-11
5.333888E-02        -8.568890E-10        +2.872200E-11
5.329097E-02        -8.481680E-10        +2.834913E-11
5.324309E-02        -8.395198E-10        +2.798070E-11
5.319527E-02        -8.309618E-10        +2.761760E-11
5.314748E-02        -8.224814E-10        +2.725793E-11
5.309974E-02        -8.140821E-10        +2.690331E-11
5.305204E-02        -8.057621E-10        +2.655313E-11
5.300438E-02        -7.975214E-10        +2.620647E-11
5.295676E-02        -7.893602E-10        +2.586452E-11
5.290919E-02        -7.812773E-10        +2.552662E-11
5.286166E-02        -7.732666E-10        +2.519297E-11
5.281418E-02        -7.653343E-10        +2.486384E-11
5.276673E-02        -7.574723E-10        +2.453788E-11
5.271933E-02        -7.496915E-10        +2.421624E-11
5.267197E-02        -7.419875E-10        +2.389905E-11
5.262466E-02        -7.343545E-10        +2.358518E-11
5.257738E-02        -7.267920E-10        +2.327522E-11
5.253015E-02        -7.193054E-10        +2.296904E-11
5.248296E-02        -7.118835E-10        +2.266638E-11
5.243582E-02        -7.045401E-10        +2.236824E-11
5.238871E-02        -6.972646E-10        +2.207328E-11
5.234165E-02        -6.900601E-10        +2.178211E-11
5.229463E-02        -6.829252E-10        +2.149418E-11
5.224765E-02        -6.758573E-10        +2.120998E-11
5.220072E-02        -6.688556E-10        +2.092909E-11
5.215383E-02        -6.619283E-10        +2.065192E-11
5.210698E-02        -6.550605E-10        +2.037800E-11
5.206017E-02        -6.482575E-10        +2.010780E-11
5.201340E-02        -6.415289E-10        +1.984085E-11
5.196668E-02        -6.348614E-10        +1.957743E-11
5.191999E-02        -6.282547E-10        +1.931646E-11
5.187335E-02        -6.217164E-10        +1.905954E-11
5.182676E-02        -6.152391E-10        +1.880613E-11
5.178020E-02        -6.088226E-10        +1.855518E-11
5.173368E-02        -6.024706E-10        +1.830770E-11
5.168721E-02        -5.961749E-10        +1.806279E-11
5.164078E-02        -5.899462E-10        +1.782160E-11
5.159439E-02        -5.837772E-10        +1.758315E-11
5.154804E-02        -5.776679E-10        +1.734721E-11
5.150173E-02        -5.716183E-10        +1.711499E-11
5.145547E-02        -5.656297E-10        +1.688556E-11
5.140925E-02        -5.596981E-10        +1.665864E-11
5.136306E-02        -5.538203E-10        +1.643515E-11
5.131692E-02        -5.480082E-10        +1.621395E-11
5.127083E-02        -5.422471E-10        +1.599580E-11
5.122477E-02        -5.365397E-10        +1.578032E-11
5.117875E-02        -5.308969E-10        +1.556711E-11
5.113278E-02        -5.253050E-10        +1.535693E-11
5.108684E-02        -5.197643E-10        +1.514970E-11
5.104095E-02        -5.142820E-10        +1.494525E-11
5.099510E-02        -5.088494E-10        +1.474279E-11
5.094929E-02        -5.034692E-10        +1.454285E-11
5.090352E-02        -4.981463E-10        +1.434612E-11
5.085780E-02        -4.928768E-10        +1.415121E-11
5.081211E-02        -4.876608E-10        +1.395947E-11
5.076646E-02        -4.824899E-10        +1.376925E-11
5.072086E-02        -4.773747E-10        +1.358207E-11
5.067530E-02        -4.723045E-10        +1.339736E-11
5.062977E-02        -4.672904E-10        +1.321438E-11
5.058429E-02        -4.623247E-10        +1.303466E-11
5.053885E-02        -4.574040E-10        +1.285646E-11
5.049345E-02        -4.525379E-10        +1.268099E-11
5.044809E-02        -4.477143E-10        +1.250753E-11
5.040277E-02        -4.429406E-10        +1.233631E-11
5.035750E-02        -4.382177E-10        +1.216761E-11
5.031226E-02        -4.335412E-10        +1.200040E-11
5.026706E-02        -4.289070E-10        +1.183591E-11
5.022191E-02        -4.243212E-10        +1.167347E-11
5.017679E-02        -4.197769E-10        +1.151298E-11
5.013172E-02        -4.152834E-10        +1.135453E-11
5.008668E-02        -4.108363E-10        +1.119804E-11
5.004169E-02        -4.064300E-10        +1.104384E-11
4.999674E-02        -4.020662E-10        +1.089212E-11
4.995182E-02        -3.977488E-10        +1.074163E-11
4.990695E-02        -3.934723E-10        +1.059317E-11
4.986212E-02        -3.892383E-10        +1.044670E-11
4.981733E-02        -3.850515E-10        +1.030224E-11
4.977258E-02        -3.809048E-10        +1.015952E-11
4.972786E-02        -3.767970E-10        +1.001822E-11
4.968319E-02        -3.727301E-10        +9.879452E-12
4.963856E-02        -3.687057E-10        +9.742306E-12
4.959397E-02        -3.647261E-10        +9.606884E-12
4.954942E-02        -3.607791E-10        +9.473237E-12
4.950491E-02        -3.568745E-10        +9.341315E-12
4.946044E-02        -3.530147E-10        +9.211166E-12
4.941601E-02        -3.491875E-10        +9.082718E-12
4.937161E-02        -3.453994E-10        +8.955915E-12
4.932726E-02        -3.416522E-10        +8.830767E-12
4.928295E-02        -3.379423E-10        +8.707293E-12
4.923868E-02        -3.342649E-10        +8.585419E-12
4.919445E-02        -3.306276E-10        +8.465145E-12
4.915026E-02        -3.270302E-10        +8.346472E-12
4.910610E-02        -3.234694E-10        +8.229372E-12
4.906199E-02        -3.199420E-10        +8.113849E-12
4.901792E-02        -3.164520E-10        +7.999777E-12
4.897388E-02        -3.129938E-10        +7.887229E-12
4.892989E-02        -3.095764E-10        +7.776159E-12
4.888594E-02        -3.061963E-10        +7.666612E-12
4.884202E-02        -3.028456E-10        +7.558419E-12
4.879815E-02        -2.995256E-10        +7.451774E-12
4.875431E-02        -2.962399E-10        +7.346457E-12
4.871051E-02        -2.929967E-10        +7.242591E-12
4.866675E-02        -2.897785E-10        +7.140052E-12
4.862304E-02        -2.865985E-10        +7.038937E-12
4.857936E-02        -2.834479E-10        +6.939149E-12
4.853572E-02        -2.803272E-10        +6.840614E-12
4.849212E-02        -2.772391E-10        +6.743455E-12
4.844856E-02        -2.741885E-10        +6.647597E-12
4.840503E-02        -2.711673E-10        +6.553020E-12
4.836155E-02        -2.681767E-10        +6.459740E-12
4.831811E-02        -2.652137E-10        +6.367688E-12
4.827470E-02        -2.622776E-10        +6.276865E-12
4.823134E-02        -2.593846E-10        +6.187216E-12
4.818801E-02        -2.565136E-10        +6.098823E-12
4.814472E-02        -2.536725E-10        +6.011606E-12
4.810147E-02        -2.508590E-10        +5.925517E-12
4.805826E-02        -2.480706E-10        +5.840630E-12
4.801509E-02        -2.453198E-10        +5.756920E-12
4.797196E-02        -2.425964E-10        +5.674311E-12
4.792886E-02        -2.398975E-10        +5.592786E-12
4.788581E-02        -2.372343E-10        +5.512382E-12
4.784279E-02        -2.345930E-10        +5.433062E-12
4.779981E-02        -2.319792E-10        +5.354818E-12
4.775687E-02        -2.293880E-10        +5.277603E-12
4.771397E-02        -2.268269E-10        +5.201464E-12
4.767111E-02        -2.242959E-10        +5.126353E-12
4.762829E-02        -2.217924E-10        +5.052319E-12
4.758550E-02        -2.193109E-10        +4.979245E-12
4.754276E-02        -2.168575E-10        +4.907141E-12
4.750005E-02        -2.144261E-10        +4.836072E-12
4.745738E-02        -2.120223E-10        +4.765931E-12
4.741475E-02        -2.096411E-10        +4.696767E-12
4.737215E-02        -2.072894E-10        +4.628515E-12
4.732960E-02        -2.049658E-10        +4.561256E-12
4.728708E-02        -2.026617E-10        +4.494884E-12
4.724460E-02        -2.003803E-10        +4.429415E-12
4.720216E-02        -1.981263E-10        +4.364848E-12
4.715976E-02        -1.958925E-10        +4.301159E-12
4.711739E-02        -1.936808E-10        +4.238308E-12
4.707507E-02        -1.914971E-10        +4.176424E-12
4.703278E-02        -1.893330E-10        +4.115328E-12
4.699053E-02        -1.871915E-10        +4.055060E-12
4.694832E-02        -1.850775E-10        +3.995670E-12
4.690614E-02        -1.829832E-10        +3.937068E-12
4.686401E-02        -1.809094E-10        +3.879283E-12
4.682191E-02        -1.788578E-10        +3.822287E-12
4.677985E-02        -1.768312E-10        +3.766069E-12
4.673782E-02        -1.748192E-10        +3.710591E-12
4.669584E-02        -1.728353E-10        +3.655978E-12
4.665389E-02        -1.708710E-10        +3.602080E-12
4.661198E-02        -1.689268E-10        +3.548960E-12
4.657011E-02        -1.670027E-10        +3.496543E-12
4.652827E-02        -1.650983E-10        +3.444816E-12
4.648648E-02        -1.632144E-10        +3.393830E-12
4.644472E-02        -1.613501E-10        +3.343609E-12
4.640299E-02        -1.595080E-10        +3.294079E-12
4.636131E-02        -1.576914E-10        +3.245238E-12
4.631966E-02        -1.558870E-10        +3.197014E-12
4.627805E-02        -1.541027E-10        +3.149493E-12
4.623648E-02        -1.523360E-10        +3.102675E-12
4.619495E-02        -1.505843E-10        +3.056534E-12
4.615345E-02        -1.488599E-10        +3.010985E-12
4.611199E-02        -1.471531E-10        +2.966064E-12
4.607057E-02        -1.454588E-10        +2.921821E-12
4.602918E-02        -1.437843E-10        +2.878170E-12
4.598783E-02        -1.421298E-10        +2.835147E-12
4.594652E-02        -1.404955E-10        +2.792777E-12
4.590524E-02        -1.388783E-10        +2.750924E-12
4.586401E-02        -1.372742E-10        +2.709684E-12
4.582281E-02        -1.356898E-10        +2.669037E-12
4.578164E-02        -1.341226E-10        +2.628959E-12
4.574052E-02        -1.325683E-10        +2.589442E-12
4.569943E-02        -1.310338E-10        +2.550545E-12
4.565837E-02        -1.295191E-10        +2.512090E-12
4.561736E-02        -1.280223E-10        +2.474248E-12
4.557638E-02        -1.265352E-10        +2.436974E-12
4.553544E-02        -1.250633E-10        +2.400203E-12
4.549453E-02        -1.236161E-10        +2.363926E-12
4.545366E-02        -1.221790E-10        +2.328176E-12
4.541283E-02        -1.207545E-10        +2.292980E-12
4.537204E-02        -1.193501E-10        +2.258236E-12
4.533128E-02        -1.179630E-10        +2.224037E-12
4.529056E-02        -1.165860E-10        +2.190265E-12
4.524987E-02        -1.152212E-10        +2.156987E-12
4.520922E-02        -1.138766E-10        +2.124213E-12
4.516861E-02        -1.125496E-10        +2.091916E-12
4.512804E-02        -1.112326E-10        +2.060047E-12
4.508750E-02        -1.099280E-10        +2.028673E-12
4.504699E-02        -1.086431E-10        +1.997769E-12
4.500653E-02        -1.073737E-10        +1.967275E-12
4.496610E-02        -1.061091E-10        +1.937201E-12
4.492570E-02        -1.048642E-10        +1.907598E-12
4.488535E-02        -1.036373E-10        +1.878404E-12
4.484502E-02        -1.024199E-10        +1.849599E-12
4.480474E-02        -1.012128E-10        +1.821228E-12
4.476449E-02        -1.000181E-10        +1.793304E-12
4.472428E-02        -9.884125E-11        +1.765731E-12
4.468410E-02        -9.767570E-11        +1.738629E-12
4.464396E-02        -9.652326E-11        +1.711906E-12
4.460386E-02        -9.538368E-11        +1.685509E-12
4.456379E-02        -9.425617E-11        +1.659509E-12
4.452376E-02        -9.314151E-11        +1.633911E-12
4.448376E-02        -9.203893E-11        +1.608709E-12
4.444380E-02        -9.094921E-11        +1.583885E-12
4.440387E-02        -8.987107E-11        +1.559382E-12
4.436399E-02        -8.880480E-11        +1.535263E-12
4.432413E-02        -8.775062E-11        +1.511458E-12
4.428432E-02        -8.670804E-11        +1.488038E-12
4.424454E-02        -8.567706E-11        +1.464939E-12
4.420479E-02        -8.465717E-11        +1.442212E-12
4.416508E-02        -8.364915E-11        +1.419787E-12
4.412541E-02        -8.265247E-11        +1.397665E-12
4.408577E-02        -8.166715E-11        +1.375863E-12
4.404616E-02        -8.069193E-11        +1.354435E-12
4.400660E-02        -7.972807E-11        +1.333314E-12
4.396706E-02        -7.877482E-11        +1.312485E-12
4.392757E-02        -7.783291E-11        +1.291963E-12
4.388811E-02        -7.690137E-11        +1.271763E-12
4.384868E-02        -7.597944E-11        +1.251911E-12
4.380929E-02        -7.506888E-11        +1.232286E-12
4.376994E-02        -7.416790E-11        +1.212963E-12
4.373062E-02        -7.327756E-11        +1.193913E-12
4.369133E-02        -7.239684E-11        +1.175109E-12
4.365209E-02        -7.152594E-11        +1.156663E-12
4.361287E-02        -7.066521E-11        +1.138435E-12
4.357369E-02        -6.981382E-11        +1.120508E-12
4.353455E-02        -6.897228E-11        +1.102860E-12
4.349544E-02        -6.813988E-11        +1.085433E-12
4.345637E-02        -6.731733E-11        +1.068309E-12
4.341733E-02        -6.650391E-11        +1.051458E-12
4.337833E-02        -6.570035E-11        +1.034809E-12
4.333936E-02        -6.490544E-11        +1.018382E-12
4.330043E-02        -6.411911E-11        +1.002255E-12
4.326153E-02        -6.334219E-11        +9.863936E-13
4.322267E-02        -6.257385E-11        +9.707393E-13
4.318384E-02        -6.181468E-11        +9.553103E-13
4.314505E-02        -6.106334E-11        +9.401260E-13
4.310629E-02        -6.032141E-11        +9.251621E-13
4.306757E-02        -5.958758E-11        +9.104278E-13
4.302888E-02        -5.886190E-11        +8.959116E-13
4.299023E-02        -5.814506E-11        +8.816149E-13
4.295161E-02        -5.743614E-11        +8.675288E-13
4.291302E-02        -5.673513E-11        +8.536587E-13
4.287448E-02        -5.604239E-11        +8.400039E-13
4.283596E-02        -5.535739E-11        +8.265515E-13
4.279748E-02        -5.468048E-11        +8.133034E-13
4.275903E-02        -5.401124E-11        +8.002589E-13
4.272062E-02        -5.334934E-11        +7.874086E-13
4.268225E-02        -5.269553E-11        +7.747576E-13
4.264390E-02        -5.204923E-11        +7.622943E-13
4.260560E-02        -5.141018E-11        +7.500312E-13
4.256732E-02        -5.077814E-11        +7.379434E-13
4.252909E-02        -5.015410E-11        +7.260429E-13
4.249088E-02        -4.953683E-11        +7.143255E-13
4.245271E-02        -4.892665E-11        +7.027899E-13
4.241457E-02        -4.832340E-11        +6.914281E-13
4.237647E-02        -4.772724E-11        +6.802352E-13
4.233841E-02        -4.713816E-11        +6.692267E-13
4.230037E-02        -4.655586E-11        +6.583741E-13
4.226237E-02        -4.598041E-11        +6.476880E-13
4.222441E-02        -4.541128E-11        +6.371762E-13
4.218648E-02        -4.484909E-11        +6.268181E-13
4.214858E-02        -4.429359E-11        +6.166240E-13
4.211072E-02        -4.374442E-11        +6.065839E-13
4.207289E-02        -4.320195E-11        +5.967003E-13
4.203509E-02        -4.266542E-11        +5.869657E-13
4.199733E-02        -4.213498E-11        +5.773826E-13
4.195961E-02        -4.161061E-11        +5.679510E-13
4.192191E-02        -4.109229E-11        +5.586635E-13
4.188425E-02        -4.058082E-11        +5.495199E-13
4.184663E-02        -4.007518E-11        +5.405230E-13
4.180904E-02        -3.957473E-11        +5.316575E-13
4.177148E-02        -3.908023E-11        +5.229311E-13
4.173396E-02        -3.859205E-11        +5.143462E-13
4.169647E-02        -3.811010E-11        +5.058955E-13
4.165901E-02        -3.763258E-11        +4.975689E-13
4.162159E-02        -3.716113E-11        +4.893788E-13
4.158420E-02        -3.669540E-11        +4.813103E-13
4.154684E-02        -3.623487E-11        +4.733710E-13
4.150952E-02        -3.578017E-11        +4.655583E-13
4.147223E-02        -3.533067E-11        +4.578596E-13
4.143497E-02        -3.488664E-11        +4.502878E-13
4.139775E-02        -3.444717E-11        +4.428373E-13
4.136056E-02        -3.401342E-11        +4.355037E-13
4.132341E-02        -3.358498E-11        +4.282814E-13
4.128629E-02        -3.316202E-11        +4.211707E-13
4.124920E-02        -3.274326E-11        +4.141771E-13
4.121215E-02        -3.232958E-11        +4.072922E-13
4.117512E-02        -3.192074E-11        +4.005097E-13
4.113814E-02        -3.151709E-11        +3.938455E-13
4.110118E-02        -3.111806E-11        +3.872788E-13
4.106426E-02        -3.072357E-11        +3.808157E-13
4.102737E-02        -3.033433E-11        +3.744573E-13
4.099051E-02        -2.994877E-11        +3.681931E-13
4.095369E-02        -2.956881E-11        +3.620377E-13
4.091690E-02        -2.919305E-11        +3.559794E-13
4.088015E-02        -2.882212E-11        +3.500146E-13
4.084342E-02        -2.845506E-11        +3.441452E-13
4.080673E-02        -2.809231E-11        +3.383670E-13
4.077008E-02        -2.773439E-11        +3.326799E-13
4.073345E-02        -2.738033E-11        +3.270831E-13
4.069686E-02        -2.703059E-11        +3.215826E-13
4.066030E-02        -2.668557E-11        +3.161641E-13
4.062378E-02        -2.634439E-11        +3.108342E-13
4.058728E-02        -2.600656E-11        +3.055849E-13
4.055082E-02        -2.567356E-11        +3.004241E-13
4.051439E-02        -2.534453E-11        +2.953454E-13
4.047800E-02        -2.501957E-11        +2.903529E-13
4.044164E-02        -2.469858E-11        +2.854348E-13
4.040531E-02        -2.438133E-11        +2.806015E-13
4.036901E-02        -2.406753E-11        +2.758403E-13
4.033275E-02        -2.375832E-11        +2.711577E-13
4.029652E-02        -2.345232E-11        +2.665470E-13
4.026032E-02        -2.315006E-11        +2.620137E-13
4.022415E-02        -2.285102E-11        +2.575524E-13
4.018802E-02        -2.255603E-11        +2.531673E-13
4.015192E-02        -2.226479E-11        +2.488466E-13
4.011585E-02        -2.197677E-11        +2.446009E-13
4.007981E-02        -2.169272E-11        +2.404196E-13
4.004380E-02        -2.141219E-11        +2.363133E-13
4.000783E-02        -2.113418E-11        +2.322679E-13
3.997189E-02        -2.086016E-11        +2.282869E-13
3.993599E-02        -2.058996E-11        +2.243797E-13
3.990011E-02        -2.032266E-11        +2.205259E-13
3.986427E-02        -2.005842E-11        +2.167405E-13
3.982846E-02        -1.979740E-11        +2.130149E-13
3.979268E-02        -1.953989E-11        +2.093491E-13
3.975693E-02        -1.928484E-11        +2.057430E-13
3.972122E-02        -1.903361E-11        +2.021977E-13
3.968554E-02        -1.878536E-11        +1.987122E-13
3.964989E-02        -1.854009E-11        +1.952841E-13
3.961427E-02        -1.829781E-11        +1.919082E-13
3.957868E-02        -1.805852E-11        +1.885897E-13
3.954313E-02        -1.782228E-11        +1.853244E-13
3.950760E-02        -1.758873E-11        +1.821155E-13
3.947211E-02        -1.735769E-11        +1.789575E-13
3.943666E-02        -1.713024E-11        +1.758524E-13
3.940123E-02        -1.690495E-11        +1.728016E-13
3.936583E-02        -1.668265E-11        +1.697931E-13
3.933047E-02        -1.646339E-11        +1.668375E-13
3.929514E-02        -1.624713E-11        +1.639371E-13
3.925984E-02        -1.603362E-11        +1.610789E-13
3.922457E-02        -1.582210E-11        +1.582682E-13
3.918934E-02        -1.561309E-11        +1.555005E-13
3.915413E-02        -1.540731E-11        +1.527819E-13
3.911896E-02        -1.520328E-11        +1.501116E-13
3.908382E-02        -1.500278E-11        +1.474834E-13
3.904871E-02        -1.480427E-11        +1.449029E-13
3.901363E-02        -1.460798E-11        +1.423622E-13
3.897858E-02        -1.441445E-11        +1.398614E-13
3.894357E-02        -1.422319E-11        +1.374035E-13
3.890859E-02        -1.403470E-11        +1.349909E-13
3.887363E-02        -1.384815E-11        +1.326121E-13
3.883871E-02        -1.366387E-11        +1.302793E-13
3.880382E-02        -1.348235E-11        +1.279786E-13
3.876897E-02        -1.330288E-11        +1.257209E-13
3.873414E-02        -1.312534E-11        +1.235055E-13
3.869934E-02        -1.295003E-11        +1.213169E-13
3.866458E-02        -1.277754E-11        +1.191742E-13
3.862985E-02        -1.260703E-11        +1.170638E-13
3.859514E-02        -1.243848E-11        +1.149904E-13
3.856047E-02        -1.227196E-11        +1.129498E-13
3.852583E-02        -1.210767E-11        +1.109468E-13
3.849123E-02        -1.194596E-11        +1.089743E-13
3.845665E-02        -1.178543E-11        +1.070335E-13
3.842210E-02        -1.162712E-11        +1.051303E-13
3.838759E-02        -1.147139E-11        +1.032577E-13
3.835310E-02        -1.131684E-11        +1.014144E-13
3.831865E-02        -1.116456E-11        +9.960318E-14
3.828423E-02        -1.101482E-11        +9.782662E-14
3.824984E-02        -1.086630E-11        +9.607770E-14
3.821548E-02        -1.071978E-11        +9.435850E-14
3.818115E-02        -1.057525E-11        +9.266848E-14
3.814685E-02        -1.043249E-11        +9.100773E-14
3.811258E-02        -1.029119E-11        +8.937439E-14
3.807834E-02        -1.015242E-11        +8.776956E-14
3.804414E-02        -1.001490E-11        +8.619238E-14
3.800996E-02        -9.879209E-12        +8.464224E-14
3.797582E-02        -9.745332E-12        +8.311852E-14
3.794170E-02        -9.613113E-12        +8.162032E-14
3.790762E-02        -9.482608E-12        +8.014852E-14
3.787356E-02        -9.353707E-12        +7.870182E-14
3.783954E-02        -9.226573E-12        +7.727973E-14
3.780555E-02        -9.100982E-12        +7.588239E-14
3.777159E-02        -8.977066E-12        +7.450902E-14
3.773766E-02        -8.854747E-12        +7.315939E-14
3.770376E-02        -8.734003E-12        +7.183297E-14
3.766989E-02        -8.614781E-12        +7.052984E-14
3.763605E-02        -8.497110E-12        +6.924815E-14
3.760224E-02        -8.380884E-12        +6.798922E-14
3.756846E-02        -8.266233E-12        +6.675226E-14
3.753471E-02        -8.153059E-12        +6.553707E-14
3.750099E-02        -8.041305E-12        +6.434264E-14
3.746731E-02        -7.931061E-12        +6.316876E-14
3.743365E-02        -7.822205E-12        +6.201530E-14
3.740002E-02        -7.714803E-12        +6.088183E-14
3.736642E-02        -7.608723E-12        +5.976836E-14
3.733286E-02        -7.504073E-12        +5.867474E-14
3.729932E-02        -7.400768E-12        +5.759925E-14
3.726581E-02        -7.298763E-12        +5.654330E-14
3.723234E-02        -7.198111E-12        +5.550565E-14
3.719889E-02        -7.098805E-12        +5.448569E-14
3.716548E-02        -7.000805E-12        +5.348403E-14
3.713209E-02        -6.903999E-12        +5.249984E-14
3.709873E-02        -6.808492E-12        +5.153265E-14
3.706541E-02        -6.714291E-12        +5.058274E-14
3.703211E-02        -6.621262E-12        +4.964955E-14
3.699884E-02        -6.529433E-12        +4.873291E-14
3.696561E-02        -6.438831E-12        +4.783199E-14
3.693240E-02        -6.349403E-12        +4.694735E-14
3.689922E-02        -6.261174E-12        +4.607772E-14
3.686608E-02        -6.174150E-12        +4.522357E-14
3.683296E-02        -6.088200E-12        +4.438495E-14
3.679987E-02        -6.003372E-12        +4.356110E-14
3.676681E-02        -5.919701E-12        +4.275149E-14
3.673378E-02        -5.837075E-12        +4.195665E-14
3.670079E-02        -5.755629E-12        +4.117584E-14
3.666782E-02        -5.675182E-12        +4.040824E-14
3.663488E-02        -5.595812E-12        +3.965520E-14
3.660197E-02        -5.517467E-12        +3.891516E-14
3.656909E-02        -5.440199E-12        +3.818814E-14
3.653624E-02        -5.363932E-12        +3.747412E-14
3.650342E-02        -5.288689E-12        +3.677288E-14
3.647062E-02        -5.214479E-12        +3.608367E-14
3.643786E-02        -5.141215E-12        +3.540745E-14
3.640513E-02        -5.068930E-12        +3.474325E-14
3.637243E-02        -4.997568E-12        +3.409105E-14
3.633975E-02        -4.927163E-12        +3.345044E-14
3.630711E-02        -4.857703E-12        +3.282125E-14
3.627449E-02        -4.789201E-12        +3.220345E-14
3.624191E-02        -4.721621E-12        +3.159628E-14
3.620935E-02        -4.654922E-12        +3.100050E-14
3.617682E-02        -4.589102E-12        +3.041495E-14
3.614432E-02        -4.524128E-12        +2.984042E-14
3.611186E-02        -4.460130E-12        +2.927663E-14
3.607942E-02        -4.396914E-12        +2.872212E-14
3.604700E-02        -4.334503E-12        +2.817823E-14
3.601462E-02        -4.272990E-12        +2.764430E-14
3.598227E-02        -4.212279E-12        +2.711961E-14
3.594995E-02        -4.152391E-12        +2.660470E-14
3.591765E-02        -4.093343E-12        +2.609865E-14
3.588539E-02        -4.035036E-12        +2.560200E-14
3.585315E-02        -3.977513E-12        +2.511476E-14
3.582094E-02        -3.920791E-12        +2.463575E-14
3.578876E-02        -3.864849E-12        +2.416577E-14
3.575662E-02        -3.809649E-12        +2.370471E-14
3.572449E-02        -3.755193E-12        +2.325139E-14
3.569240E-02        -3.701457E-12        +2.280645E-14
3.566034E-02        -3.648444E-12        +2.237007E-14
3.562831E-02        -3.596211E-12        +2.194116E-14
3.559630E-02        -3.544641E-12        +2.152068E-14
3.556432E-02        -3.493718E-12        +2.110744E-14
3.553238E-02        -3.443568E-12        +2.070212E-14
3.550046E-02        -3.394048E-12        +2.030391E-14
3.546857E-02        -3.345264E-12        +1.991349E-14
3.543670E-02        -3.297033E-12        +1.952997E-14
3.540487E-02        -3.249575E-12        +1.915336E-14
3.537307E-02        -3.202719E-12        +1.878321E-14
3.534129E-02        -3.156472E-12        +1.842073E-14
3.530954E-02        -3.110905E-12        +1.806506E-14
3.527782E-02        -3.065940E-12        +1.771540E-14
3.524613E-02        -3.021577E-12        +1.737197E-14
3.521447E-02        -2.977838E-12        +1.703534E-14
3.518284E-02        -2.934757E-12        +1.670495E-14
3.515123E-02        -2.892187E-12        +1.638102E-14
3.511965E-02        -2.850219E-12        +1.606233E-14
3.508810E-02        -2.808830E-12        +1.574966E-14
3.505658E-02        -2.767966E-12        +1.544301E-14
3.502509E-02        -2.727704E-12        +1.514236E-14
3.499363E-02        -2.688022E-12        +1.484752E-14
3.496219E-02        -2.648851E-12        +1.455759E-14
3.493079E-02        -2.610273E-12        +1.427300E-14
3.489941E-02        -2.572185E-12        +1.399410E-14
3.486806E-02        -2.534599E-12        +1.372022E-14
3.483673E-02        -2.497524E-12        +1.345127E-14
3.480544E-02        -2.461042E-12        +1.318743E-14
3.477417E-02        -2.425029E-12        +1.292851E-14
3.474294E-02        -2.389472E-12        +1.267469E-14
3.471173E-02        -2.354463E-12        +1.242580E-14
3.468054E-02        -2.319888E-12        +1.218163E-14
3.464939E-02        -2.285883E-12        +1.194177E-14
3.461826E-02        -2.252291E-12        +1.170663E-14
3.458717E-02        -2.219190E-12        +1.147558E-14
3.455610E-02        -2.186502E-12        +1.124869E-14
3.452505E-02        -2.154284E-12        +1.102653E-14
3.449404E-02        -2.122500E-12        +1.080844E-14
3.446305E-02        -2.091187E-12        +1.059431E-14
3.443209E-02        -2.060297E-12        +1.038440E-14
3.440116E-02        -2.029888E-12        +1.017908E-14
3.437026E-02        -1.999880E-12        +9.976940E-15
3.433938E-02        -1.970265E-12        +9.778594E-15
3.430854E-02        -1.941084E-12        +9.584261E-15
3.427772E-02        -1.912351E-12        +9.393556E-15
3.424692E-02        -1.883933E-12        +9.206404E-15
3.421616E-02        -1.855948E-12        +9.022905E-15
3.418542E-02        -1.828413E-12        +8.842859E-15
3.415471E-02        -1.801201E-12        +8.666306E-15
3.412403E-02        -1.774392E-12        +8.493144E-15
3.409338E-02        -1.747984E-12        +8.323273E-15
3.406275E-02        -1.721949E-12        +8.156581E-15
3.403215E-02        -1.696237E-12        +7.993160E-15
3.400158E-02        -1.670927E-12        +7.832851E-15
3.397104E-02        -1.645997E-12        +7.675632E-15
3.394052E-02        -1.621361E-12        +7.521375E-15
3.391003E-02        -1.597049E-12        +7.370109E-15
3.387957E-02        -1.573139E-12        +7.221756E-15
3.384913E-02        -1.549602E-12        +7.076245E-15
3.381873E-02        -1.526374E-12        +6.933593E-15
3.378835E-02        -1.503440E-12        +6.793685E-15
3.375799E-02        -1.480823E-12        +6.656444E-15
3.372767E-02        -1.458593E-12        +6.521938E-15
3.369737E-02        -1.436658E-12        +6.389977E-15
3.366710E-02        -1.415025E-12        +6.260550E-15
3.363686E-02        -1.393694E-12        +6.133691E-15
3.360664E-02        -1.372658E-12        +6.009224E-15
3.357645E-02        -1.351924E-12        +5.887224E-15
3.354629E-02        -1.331492E-12        +5.767558E-15
3.351615E-02        -1.311354E-12        +5.650241E-15
3.348604E-02        -1.291519E-12        +5.535215E-15
3.345596E-02        -1.271986E-12        +5.422399E-15
3.342591E-02        -1.252733E-12        +5.311794E-15
3.339588E-02        -1.233697E-12        +5.203363E-15
3.336588E-02        -1.214963E-12        +5.097100E-15
3.333591E-02        -1.196509E-12        +4.992868E-15
3.330596E-02        -1.178294E-12        +4.890691E-15
3.327604E-02        -1.160416E-12        +4.790502E-15
3.324615E-02        -1.142705E-12        +4.692245E-15
3.321629E-02        -1.125331E-12        +4.595976E-15
3.318645E-02        -1.108117E-12        +4.501585E-15
3.315663E-02        -1.091256E-12        +4.409051E-15
3.312685E-02        -1.074603E-12        +4.318357E-15
3.309709E-02        -1.058146E-12        +4.229422E-15
3.306736E-02        -1.041913E-12        +4.142217E-15
3.303765E-02        -1.025975E-12        +4.056771E-15
3.300798E-02        -1.010304E-12        +3.973063E-15
3.297832E-02        -9.947685E-13        +3.890965E-15
3.294870E-02        -9.794991E-13        +3.810446E-15
3.291910E-02        -9.644484E-13        +3.731588E-15
3.288953E-02        -9.496252E-13        +3.654296E-15
3.285998E-02        -9.350107E-13        +3.578430E-15
3.283047E-02        -9.206207E-13        +3.504175E-15
3.280097E-02        -9.064305E-13        +3.431380E-15
3.277151E-02        -8.924510E-13        +3.360075E-15
3.274207E-02        -8.786820E-13        +3.290096E-15
3.271266E-02        -8.651068E-13        +3.221604E-15
3.268327E-02        -8.517285E-13        +3.154455E-15
3.265391E-02        -8.385519E-13        +3.088577E-15
3.262458E-02        -8.255747E-13        +3.024144E-15
3.259527E-02        -8.127826E-13        +2.960917E-15
3.256599E-02        -8.001742E-13        +2.898978E-15
3.253673E-02        -7.877509E-13        +2.838246E-15
3.250751E-02        -7.755155E-13        +2.778799E-15
3.247830E-02        -7.634612E-13        +2.720462E-15
3.244913E-02        -7.515903E-13        +2.663389E-15
3.241998E-02        -7.398870E-13        +2.607367E-15
3.239086E-02        -7.283551E-13        +2.552588E-15
3.236176E-02        -7.169928E-13        +2.498818E-15
3.233269E-02        -7.058078E-13        +2.446156E-15
3.230364E-02        -6.947805E-13        +2.394561E-15
3.227462E-02        -6.839167E-13        +2.343995E-15
3.224563E-02        -6.732201E-13        +2.294514E-15
3.221666E-02        -6.626756E-13        +2.246001E-15
3.218772E-02        -6.522961E-13        +2.198437E-15
3.215881E-02        -6.420622E-13        +2.151938E-15
3.212992E-02        -6.319862E-13        +2.106328E-15
3.210106E-02        -6.220673E-13        +2.061624E-15
3.207222E-02        -6.122864E-13        +2.017812E-15
3.204341E-02        -6.026489E-13        +1.974905E-15
3.201462E-02        -5.931595E-13        +1.932890E-15
3.198586E-02        -5.838172E-13        +1.891759E-15
3.195713E-02        -5.746084E-13        +1.851435E-15
3.192842E-02        -5.655376E-13        +1.811923E-15
3.189974E-02        -5.566061E-13        +1.773275E-15
3.187109E-02        -5.478079E-13        +1.735353E-15
3.184245E-02        -5.391428E-13        +1.698210E-15
3.181385E-02        -5.306099E-13        +1.661886E-15
3.178527E-02        -5.221974E-13        +1.626312E-15
3.175672E-02        -5.139161E-13        +1.591386E-15
3.172819E-02        -5.057611E-13        +1.557231E-15
3.169969E-02        -4.977273E-13        +1.523782E-15
3.167121E-02        -4.898140E-13        +1.491026E-15
3.164276E-02        -4.820277E-13        +1.458954E-15
3.161434E-02        -4.743547E-13        +1.427508E-15
3.158594E-02        -4.667981E-13        +1.396756E-15
3.155756E-02        -4.593500E-13        +1.366656E-15
3.152921E-02        -4.520152E-13        +1.337102E-15
3.150089E-02        -4.447994E-13        +1.308232E-15
3.147259E-02        -4.376902E-13        +1.279936E-15
3.144432E-02        -4.306841E-13        +1.252186E-15
3.141607E-02        -4.237867E-13        +1.225089E-15
3.138785E-02        -4.169984E-13        +1.198517E-15
3.135966E-02        -4.103132E-13        +1.172528E-15
3.133149E-02        -4.037325E-13        +1.147034E-15
3.130334E-02        -3.972427E-13        +1.122056E-15
3.127522E-02        -3.908560E-13        +1.097662E-15
3.124712E-02        -3.845720E-13        +1.073742E-15
3.121905E-02        -3.783752E-13        +1.050268E-15
3.119101E-02        -3.722832E-13        +1.027377E-15
3.116299E-02        -3.662741E-13        +1.004962E-15
3.113500E-02        -3.603641E-13        +9.829765E-16
3.110703E-02        -3.545429E-13        +9.614623E-16
3.107908E-02        -3.488107E-13        +9.404021E-16
3.105116E-02        -3.431694E-13        +9.197915E-16
3.102327E-02        -3.376171E-13        +8.996144E-16
3.099540E-02        -3.321458E-13        +8.798594E-16
3.096756E-02        -3.267613E-13        +8.605198E-16
3.093974E-02        -3.214521E-13        +8.415926E-16
3.091195E-02        -3.162375E-13        +8.230666E-16
3.088418E-02        -3.110941E-13        +8.049273E-16
3.085643E-02        -3.060298E-13        +7.871706E-16
3.082871E-02        -3.010464E-13        +7.697872E-16
3.080102E-02        -2.961439E-13        +7.527769E-16
3.077335E-02        -2.913185E-13        +7.361314E-16
3.074571E-02        -2.865639E-13        +7.198448E-16
3.071809E-02        -2.818806E-13        +7.038953E-16
3.069049E-02        -2.772723E-13        +6.882831E-16
3.066292E-02        -2.727290E-13        +6.730096E-16
3.063538E-02        -2.682665E-13        +6.580610E-16
3.060786E-02        -2.638771E-13        +6.434357E-16
3.058036E-02        -2.595431E-13        +6.291157E-16
3.055289E-02        -2.552858E-13        +6.151006E-16
3.052545E-02        -2.510914E-13        +6.013939E-16
3.049802E-02        -2.469627E-13        +5.879700E-16
3.047063E-02        -2.428983E-13        +5.748434E-16
3.044326E-02        -2.389012E-13        +5.620005E-16
3.041591E-02        -2.349633E-13        +5.494254E-16
3.038858E-02        -2.310869E-13        +5.371182E-16
3.036129E-02        -2.272786E-13        +5.250858E-16
3.033401E-02        -2.235203E-13        +5.133071E-16
3.030676E-02        -2.198227E-13        +5.017866E-16
3.027954E-02        -2.161859E-13        +4.905103E-16
3.025234E-02        -2.126084E-13        +4.794802E-16
3.022516E-02        -2.090883E-13        +4.686882E-16
3.019801E-02        -2.056210E-13        +4.581343E-16
3.017088E-02        -2.022111E-13        +4.478008E-16
3.014378E-02        -1.988518E-13        +4.376973E-16
3.011670E-02        -1.955441E-13        +4.278101E-16
3.008965E-02        -1.922930E-13        +4.181369E-16
3.006262E-02        -1.890853E-13        +4.086781E-16
3.003561E-02        -1.859352E-13        +3.994199E-16
3.000863E-02        -1.828357E-13        +3.903695E-16
2.998167E-02        -1.797837E-13        +3.815097E-16
2.995474E-02        -1.767764E-13        +3.728497E-16
2.992783E-02        -1.738246E-13        +3.643763E-16
2.990094E-02        -1.709143E-13        +3.560837E-16
2.987408E-02        -1.680547E-13        +3.479788E-16
2.984725E-02        -1.652416E-13        +3.400476E-16
2.982044E-02        -1.624642E-13        +3.322931E-16
2.979365E-02        -1.597423E-13        +3.247074E-16
2.976688E-02        -1.570599E-13        +3.172885E-16
2.974014E-02        -1.544182E-13        +3.100313E-16
2.971343E-02        -1.518170E-13        +3.029357E-16
2.968674E-02        -1.492575E-13        +2.959989E-16
2.966007E-02        -1.467455E-13        +2.892170E-16
2.963342E-02        -1.442712E-13        +2.825762E-16
2.960680E-02        -1.418314E-13        +2.760849E-16
2.958021E-02        -1.394382E-13        +2.697370E-16
2.955363E-02        -1.370777E-13        +2.635317E-16
2.952709E-02        -1.347647E-13        +2.574622E-16
2.950056E-02        -1.324804E-13        +2.515275E-16
2.947406E-02        -1.302306E-13        +2.457242E-16
2.944758E-02        -1.280266E-13        +2.400500E-16
2.942113E-02        -1.258530E-13        +2.345051E-16
2.939470E-02        -1.237111E-13        +2.290794E-16
2.936829E-02        -1.216089E-13        +2.237730E-16
2.934191E-02        -1.195433E-13        +2.185878E-16
2.931555E-02        -1.175013E-13        +2.135198E-16
2.928922E-02        -1.154998E-13        +2.085630E-16
2.926291E-02        -1.135340E-13        +2.037155E-16
2.923662E-02        -1.115919E-13        +1.989773E-16
2.921036E-02        -1.096883E-13        +1.943483E-16
2.918412E-02        -1.078144E-13        +1.898205E-16
2.915790E-02        -1.059703E-13        +1.853982E-16
2.913171E-02        -1.041546E-13        +1.810689E-16
2.910554E-02        -1.023627E-13        +1.768391E-16
2.907939E-02        -1.006085E-13        +1.727066E-16
2.905327E-02        -9.888396E-14        +1.686652E-16
2.902717E-02        -9.718539E-14        +1.647132E-16
2.900110E-02        -9.551443E-14        +1.608522E-16
2.897504E-02        -9.387021E-14        +1.570792E-16
2.894901E-02        -9.225281E-14        +1.533952E-16
2.892301E-02        -9.066342E-14        +1.497921E-16
2.889703E-02        -8.909960E-14        +1.462685E-16
2.887107E-02        -8.756079E-14        +1.428244E-16
2.884513E-02        -8.604758E-14        +1.394579E-16
2.881922E-02        -8.455975E-14        +1.361642E-16
2.879333E-02        -8.309654E-14        +1.329502E-16
2.876747E-02        -8.165750E-14        +1.298129E-16
2.874162E-02        -8.024112E-14        +1.267380E-16
2.871581E-02        -7.885006E-14        +1.237431E-16
2.869001E-02        -7.748048E-14        +1.208147E-16
2.866424E-02        -7.613426E-14        +1.179490E-16
2.863849E-02        -7.481047E-14        +1.151510E-16
2.861276E-02        -7.350792E-14        +1.124127E-16
2.858706E-02        -7.222811E-14        +1.097370E-16
2.856138E-02        -7.096855E-14        +1.071290E-16
2.853572E-02        -6.973043E-14        +1.045788E-16
2.851009E-02        -6.851285E-14        +1.020831E-16
2.848448E-02        -6.731591E-14        +9.965262E-17
2.845889E-02        -6.613864E-14        +9.727100E-17
2.843332E-02        -6.498043E-14        +9.494613E-17
2.840778E-02        -6.384234E-14        +9.267490E-17
2.838226E-02        -6.272311E-14        +9.045619E-17
2.835676E-02        -6.162256E-14        +8.828884E-17
2.833129E-02        -6.054051E-14        +8.617189E-17
2.830584E-02        -5.947694E-14        +8.410348E-17
2.828041E-02        -5.843044E-14        +8.208264E-17
2.825501E-02        -5.740204E-14        +8.010916E-17
2.822963E-02        -5.639071E-14        +7.818125E-17
2.820427E-02        -5.539687E-14        +7.629792E-17
2.817893E-02        -5.441912E-14        +7.445819E-17
2.815362E-02        -5.345845E-14        +7.266159E-17
2.812833E-02        -5.251368E-14        +7.090616E-17
2.810306E-02        -5.158460E-14        +6.919277E-17
2.807781E-02        -5.067082E-14        +6.751820E-17
2.805259E-02        -4.977371E-14        +6.588310E-17
2.802739E-02        -4.889089E-14        +6.428643E-17
2.800221E-02        -4.802360E-14        +6.272659E-17
2.797706E-02        -4.717074E-14        +6.120381E-17
2.795193E-02        -4.633260E-14        +5.971605E-17
2.792682E-02        -4.550837E-14        +5.826374E-17
2.790173E-02        -4.469805E-14        +5.684529E-17
2.787666E-02        -4.390146E-14        +5.546031E-17
2.785162E-02        -4.311830E-14        +5.410773E-17
2.782660E-02        -4.234887E-14        +5.278682E-17
2.780161E-02        -4.159266E-14        +5.149730E-17
2.777663E-02        -4.084907E-14        +5.023793E-17
2.775168E-02        -4.011851E-14        +4.900875E-17
2.772675E-02        -3.940008E-14        +4.780824E-17
2.770184E-02        -3.869418E-14        +4.663563E-17
2.767696E-02        -3.799989E-14        +4.549136E-17
2.765209E-02        -3.731805E-14        +4.437413E-17
2.762725E-02        -3.664804E-14        +4.328326E-17
2.760244E-02        -3.598882E-14        +4.221851E-17
2.757764E-02        -3.534168E-14        +4.117842E-17
2.755287E-02        -3.470513E-14        +4.016407E-17
2.752812E-02        -3.408013E-14        +3.917281E-17
2.750339E-02        -3.346527E-14        +3.820547E-17
2.747868E-02        -3.286116E-14        +3.726165E-17
2.745400E-02        -3.226742E-14        +3.634012E-17
2.742933E-02        -3.168421E-14        +3.544014E-17
2.740469E-02        -3.111118E-14        +3.456206E-17
2.738007E-02        -3.054791E-14        +3.370429E-17
2.735548E-02        -2.999400E-14        +3.286839E-17
2.733090E-02        -2.944983E-14        +3.205190E-17
2.730635E-02        -2.891563E-14        +3.125466E-17
2.728182E-02        -2.839039E-14        +3.047636E-17
2.725732E-02        -2.787432E-14        +2.971730E-17
2.723283E-02        -2.736699E-14        +2.897667E-17
2.720837E-02        -2.686863E-14        +2.825408E-17
2.718392E-02        -2.637842E-14        +2.754815E-17
2.715950E-02        -2.589779E-14        +2.685945E-17
2.713511E-02        -2.542469E-14        +2.618778E-17
2.711073E-02        -2.496018E-14        +2.553177E-17
2.708638E-02        -2.450381E-14        +2.489179E-17
2.706205E-02        -2.405541E-14        +2.426694E-17
2.703773E-02        -2.361479E-14        +2.365760E-17
2.701345E-02        -2.318231E-14        +2.306352E-17
2.698918E-02        -2.275680E-14        +2.248315E-17
2.696493E-02        -2.233908E-14        +2.191693E-17
2.694071E-02        -2.192849E-14        +2.136533E-17
2.691651E-02        -2.152507E-14        +2.082606E-17
2.689233E-02        -2.112923E-14        +2.030056E-17
2.686817E-02        -2.073974E-14        +1.978784E-17
2.684404E-02        -2.035801E-14        +1.928747E-17
2.681992E-02        -1.998209E-14        +1.879948E-17
2.679583E-02        -1.961267E-14        +1.832285E-17
2.677176E-02        -1.925086E-14        +1.785818E-17
2.674771E-02        -1.889501E-14        +1.740529E-17
2.672368E-02        -1.854514E-14        +1.696337E-17
2.669968E-02        -1.820139E-14        +1.653241E-17
2.667569E-02        -1.786367E-14        +1.611143E-17
2.665173E-02        -1.753268E-14        +1.570141E-17
2.662779E-02        -1.720686E-14        +1.530116E-17
2.660387E-02        -1.688702E-14        +1.491027E-17
2.657997E-02        -1.657297E-14        +1.452998E-17
2.655609E-02        -1.626409E-14        +1.415866E-17
2.653223E-02        -1.596119E-14        +1.379632E-17
2.650840E-02        -1.566402E-14        +1.344311E-17
2.648459E-02        -1.537121E-14        +1.309868E-17
2.646079E-02        -1.508407E-14        +1.276229E-17
2.643702E-02        -1.480222E-14        +1.243482E-17
2.641328E-02        -1.452609E-14        +1.211547E-17
2.638955E-02        -1.425402E-14        +1.180396E-17
2.636584E-02        -1.398694E-14        +1.150025E-17
2.634216E-02        -1.372477E-14        +1.120384E-17
2.631849E-02        -1.346665E-14        +1.091509E-17
2.629485E-02        -1.321363E-14        +1.063346E-17
2.627123E-02        -1.296541E-14        +1.035880E-17
2.624763E-02        -1.272137E-14        +1.009108E-17
2.622405E-02        -1.248212E-14        +9.830021E-18
2.620049E-02        -1.224686E-14        +9.575493E-18
2.617696E-02        -1.201588E-14        +9.327358E-18
2.615344E-02        -1.178941E-14        +9.085349E-18
2.612995E-02        -1.156640E-14        +8.849448E-18
2.610648E-02        -1.134800E-14        +8.619559E-18
2.608302E-02        -1.113288E-14        +8.395262E-18
2.605959E-02        -1.092246E-14        +8.176714E-18
2.603618E-02        -1.071522E-14        +7.963636E-18
2.601279E-02        -1.051197E-14        +7.755929E-18
2.598943E-02        -1.031261E-14        +7.553562E-18
2.596608E-02        -1.011640E-14        +7.356180E-18
2.594275E-02        -9.924271E-15        +7.163790E-18
2.591945E-02        -9.735475E-15        +6.976399E-18
2.589617E-02        -9.550133E-15        +6.793617E-18
2.587290E-02        -9.368022E-15        +6.615431E-18
2.584966E-02        -9.189364E-15        +6.441877E-18
2.582644E-02        -9.013980E-15        +6.272696E-18
2.580324E-02        -8.841770E-15        +6.107809E-18
2.578006E-02        -8.672671E-15        +5.947159E-18
2.575690E-02        -8.506730E-15        +5.790503E-18
2.573376E-02        -8.343782E-15        +5.637842E-18
2.571065E-02        -8.183880E-15        +5.489202E-18
2.568755E-02        -8.026821E-15        +5.344255E-18
2.566447E-02        -7.872720E-15        +5.202942E-18
2.564142E-02        -7.721480E-15        +5.065410E-18
2.561839E-02        -7.573016E-15        +4.931290E-18
2.559537E-02        -7.427202E-15        +4.800590E-18
2.557238E-02        -7.284209E-15        +4.673305E-18
2.554941E-02        -7.143793E-15        +4.549235E-18
2.552646E-02        -7.005909E-15        +4.428422E-18
2.550353E-02        -6.870665E-15        +4.310688E-18
2.548062E-02        -6.737854E-15        +4.195949E-18
2.545773E-02        -6.607585E-15        +4.084189E-18
2.543486E-02        -6.479648E-15        +3.975307E-18
2.541201E-02        -6.354153E-15        +3.869205E-18
2.538918E-02        -6.230892E-15        +3.765818E-18
2.536637E-02        -6.109992E-15        +3.665174E-18
2.534359E-02        -5.991359E-15        +3.567107E-18
2.532082E-02        -5.874935E-15        +3.471621E-18
2.529807E-02        -5.760627E-15        +3.378489E-18
2.527535E-02        -5.648530E-15        +3.287940E-18
2.525264E-02        -5.538417E-15        +3.199649E-18
2.522996E-02        -5.430496E-15        +3.113677E-18
2.520729E-02        -5.324462E-15        +3.029865E-18
2.518465E-02        -5.220536E-15        +2.948288E-18
2.516202E-02        -5.118462E-15        +2.868856E-18
2.513942E-02        -5.018332E-15        +2.791521E-18
2.511684E-02        -4.920081E-15        +2.716121E-18
2.509428E-02        -4.823647E-15        +2.642782E-18
2.507173E-02        -4.729032E-15        +2.571310E-18
2.504921E-02        -4.636195E-15        +2.501751E-18
2.502671E-02        -4.545201E-15        +2.433990E-18
2.500423E-02        -4.455825E-15        +2.368010E-18
2.498176E-02        -4.368108E-15        +2.303700E-18
2.495932E-02        -4.282111E-15        +2.241119E-18
2.493690E-02        -4.197713E-15        +2.180218E-18
2.491450E-02        -4.114914E-15        +2.120898E-18
2.489212E-02        -4.033697E-15        +2.063114E-18
2.486976E-02        -3.953996E-15        +2.006956E-18
2.484742E-02        -3.875859E-15        +1.952153E-18
2.482510E-02        -3.799139E-15        +1.898894E-18
2.480280E-02        -3.723918E-15        +1.846971E-18
2.478052E-02        -3.650161E-15        +1.796494E-18
2.475825E-02        -3.577689E-15        +1.747230E-18
2.473601E-02        -3.506650E-15        +1.699371E-18
2.471379E-02        -3.436993E-15        +1.652793E-18
2.469159E-02        -3.368635E-15        +1.607415E-18
2.466941E-02        -3.301577E-15        +1.563237E-18
2.464725E-02        -3.235819E-15        +1.520259E-18
2.462511E-02        -3.171343E-15        +1.478462E-18
2.460299E-02        -3.108067E-15        +1.437747E-18
2.458089E-02        -3.045991E-15        +1.398051E-18
2.455881E-02        -2.985115E-15        +1.359454E-18
2.453674E-02        -2.925413E-15        +1.321922E-18
2.451470E-02        -2.866902E-15        +1.285408E-18
2.449268E-02        -2.809426E-15        +1.249875E-18
2.447068E-02        -2.753134E-15        +1.215243E-18
2.444870E-02        -2.697923E-15        +1.181529E-18
2.442673E-02        -2.643706E-15        +1.148764E-18
2.440479E-02        -2.590596E-15        +1.116832E-18
2.438287E-02        -2.538487E-15        +1.085800E-18
2.436096E-02        -2.487355E-15        +1.055637E-18
2.433908E-02        -2.437246E-15        +1.026270E-18
2.431722E-02        -2.388120E-15        +9.976310E-19
2.429537E-02        -2.339890E-15        +9.698185E-19
2.427355E-02        -2.292665E-15        +9.427570E-19
2.425174E-02        -2.246319E-15        +9.164119E-19
2.422995E-02        -2.200874E-15        +8.907839E-19
2.420819E-02        -2.156333E-15        +8.658624E-19
2.418644E-02        -2.112590E-15        +8.416000E-19
2.416472E-02        -2.069767E-15        +8.180135E-19
2.414301E-02        -2.027790E-15        +7.950547E-19
2.412132E-02        -1.986549E-15        +7.727230E-19
2.409965E-02        -1.946192E-15        +7.510000E-19
2.407800E-02        -1.906617E-15        +7.298721E-19
2.405637E-02        -1.867762E-15        +7.093147E-19
2.403476E-02        -1.829707E-15        +6.893242E-19
2.401317E-02        -1.792418E-15        +6.698805E-19
2.399160E-02        -1.755765E-15        +6.509654E-19
2.397005E-02        -1.719895E-15        +6.325690E-19
2.394852E-02        -1.684726E-15        +6.146793E-19
2.392700E-02        -1.650241E-15        +5.972702E-19
2.390551E-02        -1.616474E-15        +5.803479E-19
2.388403E-02        -1.583374E-15        +5.638865E-19
2.386258E-02        -1.550891E-15        +5.478877E-19
2.384114E-02        -1.519011E-15        +5.323139E-19
2.381972E-02        -1.487815E-15        +5.171771E-19
2.379833E-02        -1.457234E-15        +5.024658E-19
2.377695E-02        -1.427240E-15        +4.881546E-19
2.375559E-02        -1.397846E-15        +4.742339E-19
2.373425E-02        -1.369037E-15        +4.607019E-19
2.371293E-02        -1.340745E-15        +4.475468E-19
2.369163E-02        -1.313055E-15        +4.347522E-19
2.367034E-02        -1.285936E-15        +4.223086E-19
2.364908E-02        -1.259347E-15        +4.102130E-19
2.362784E-02        -1.233325E-15        +3.984625E-19
2.360661E-02        -1.207726E-15        +3.870270E-19
2.358540E-02        -1.182711E-15        +3.759103E-19
2.356422E-02        -1.158192E-15        +3.651092E-19
2.354305E-02        -1.134079E-15        +3.546099E-19
2.352190E-02        -1.110485E-15        +3.444011E-19
2.350077E-02        -1.087439E-15        +3.344792E-19
2.347966E-02        -1.064747E-15        +3.248294E-19
2.345857E-02        -1.042621E-15        +3.154565E-19
2.343749E-02        -1.020885E-15        +3.063398E-19
2.341644E-02        -9.995661E-16        +2.974842E-19
2.339540E-02        -9.786681E-16        +2.888666E-19
2.337439E-02        -9.582092E-16        +2.805017E-19
2.335339E-02        -9.381598E-16        +2.723715E-19
2.333241E-02        -9.185180E-16        +2.644700E-19
2.331145E-02        -8.992672E-16        +2.567889E-19
2.329051E-02        -8.804057E-16        +2.493264E-19
2.326959E-02        -8.619251E-16        +2.420725E-19
2.324868E-02        -8.438151E-16        +2.350174E-19
2.322780E-02        -8.260812E-16        +2.281725E-19
2.320693E-02        -8.086916E-16        +2.215147E-19
2.318609E-02        -7.916677E-16        +2.150487E-19
2.316526E-02        -7.749783E-16        +2.087599E-19
2.314445E-02        -7.586348E-16        +2.026515E-19
2.312366E-02        -7.426139E-16        +1.967217E-19
2.310289E-02        -7.269239E-16        +1.909605E-19
2.308213E-02        -7.115522E-16        +1.853569E-19
2.306140E-02        -6.964923E-16        +1.799164E-19
2.304068E-02        -6.817409E-16        +1.746318E-19
2.301998E-02        -6.672823E-16        +1.694958E-19
2.299930E-02        -6.531246E-16        +1.645019E-19
2.297864E-02        -6.392627E-16        +1.596567E-19
2.295800E-02        -6.256734E-16        +1.549517E-19
2.293738E-02        -6.123649E-16        +1.503835E-19
2.291677E-02        -5.993291E-16        +1.459369E-19
2.289619E-02        -5.865688E-16        +1.416275E-19
2.287562E-02        -5.740615E-16        +1.374315E-19
2.285507E-02        -5.618068E-16        +1.333689E-19
2.283454E-02        -5.498112E-16        +1.294100E-19
2.281402E-02        -5.380574E-16        +1.255696E-19
2.279353E-02        -5.265435E-16        +1.218478E-19
2.277305E-02        -5.152715E-16        +1.182245E-19
2.275260E-02        -5.042357E-16        +1.147049E-19
2.273216E-02        -4.934237E-16        +1.112921E-19
2.271174E-02        -4.828324E-16        +1.079779E-19
2.269134E-02        -4.724620E-16        +1.047556E-19
2.267095E-02        -4.623056E-16        +1.016296E-19
2.265059E-02        -4.523633E-16        +9.859228E-20
2.263024E-02        -4.426186E-16        +9.564381E-20
2.260991E-02        -4.330813E-16        +9.278125E-20
2.258960E-02        -4.237364E-16        +9.000240E-20
2.256931E-02        -4.145906E-16        +8.730425E-20
2.254903E-02        -4.056312E-16        +8.468302E-20
2.252877E-02        -3.968608E-16        +8.213935E-20
2.250854E-02        -3.882755E-16        +7.967095E-20
2.248832E-02        -3.798666E-16        +7.727401E-20
2.246812E-02        -3.716367E-16        +7.494710E-20
2.244793E-02        -3.635719E-16        +7.268776E-20
2.242777E-02        -3.556751E-16        +7.049538E-20
2.240762E-02        -3.479501E-16        +6.836611E-20
2.238749E-02        -3.403791E-16        +6.630036E-20
2.236738E-02        -3.329755E-16        +6.429480E-20
2.234729E-02        -3.257225E-16        +6.234889E-20
2.232721E-02        -3.186166E-16        +6.045905E-20
2.230715E-02        -3.116614E-16        +5.862505E-20
2.228712E-02        -3.048603E-16        +5.684612E-20
2.226709E-02        -2.981997E-16        +5.511892E-20
2.224709E-02        -2.916748E-16        +5.344275E-20
2.222711E-02        -2.852905E-16        +5.181655E-20
2.220714E-02        -2.790419E-16        +5.023819E-20
2.218719E-02        -2.729240E-16        +4.870600E-20
2.216726E-02        -2.669350E-16        +4.721978E-20
2.214735E-02        -2.610682E-16        +4.577820E-20
2.212745E-02        -2.553275E-16        +4.437805E-20
2.210757E-02        -2.497090E-16        +4.301989E-20
2.208771E-02        -2.442162E-16        +4.170253E-20
2.206787E-02        -2.388289E-16        +4.042430E-20
2.204805E-02        -2.335688E-16        +3.918469E-20
2.202824E-02        -2.284149E-16        +3.798076E-20
2.200845E-02        -2.233633E-16        +3.681363E-20
2.198868E-02        -2.184223E-16        +3.568146E-20
2.196893E-02        -2.135918E-16        +3.458324E-20
2.194920E-02        -2.088684E-16        +3.351795E-20
2.192948E-02        -2.042348E-16        +3.248407E-20
2.190978E-02        -1.997018E-16        +3.148115E-20
2.189010E-02        -1.952692E-16        +3.050833E-20
2.187043E-02        -1.909333E-16        +2.956480E-20
2.185079E-02        -1.866900E-16        +2.864986E-20
2.183116E-02        -1.825351E-16        +2.776238E-20
2.181155E-02        -1.784690E-16        +2.690183E-20
2.179195E-02        -1.744846E-16        +2.606680E-20
2.177238E-02        -1.705978E-16        +2.525727E-20
2.175282E-02        -1.667827E-16        +2.447227E-20
2.173328E-02        -1.630565E-16        +2.371118E-20
2.171375E-02        -1.594088E-16        +2.297265E-20
2.169425E-02        -1.558434E-16        +2.225657E-20
2.167476E-02        -1.523550E-16        +2.156205E-20
2.165529E-02        -1.489370E-16        +2.088862E-20
2.163584E-02        -1.455910E-16        +2.023610E-20
2.161640E-02        -1.423221E-16        +1.960316E-20
2.159698E-02        -1.391237E-16        +1.898930E-20
2.157758E-02        -1.359957E-16        +1.839436E-20
2.155820E-02        -1.329364E-16        +1.781748E-20
2.153883E-02        -1.299375E-16        +1.725822E-20
2.151948E-02        -1.270075E-16        +1.671604E-20
2.150015E-02        -1.241394E-16        +1.619059E-20
2.148084E-02        -1.213384E-16        +1.568054E-20
2.146154E-02        -1.185897E-16        +1.518697E-20
2.144226E-02        -1.159097E-16        +1.470830E-20
2.142300E-02        -1.132884E-16        +1.424385E-20
2.140375E-02        -1.107177E-16        +1.379407E-20
2.138453E-02        -1.082071E-16        +1.335841E-20
2.136532E-02        -1.057471E-16        +1.293558E-20
2.134612E-02        -1.033446E-16        +1.252559E-20
2.132695E-02        -1.009948E-16        +1.212871E-20
2.130779E-02        -9.869952E-17        +1.174368E-20
2.128865E-02        -9.645201E-17        +1.137070E-20
2.126953E-02        -9.425432E-17        +1.100961E-20
2.125042E-02        -9.210313E-17        +1.065937E-20
2.123133E-02        -9.000060E-17        +1.032003E-20
2.121226E-02        -8.794370E-17        +9.990915E-21
2.119320E-02        -8.593238E-17        +9.672514E-21
2.117416E-02        -8.396469E-17        +9.363696E-21
2.115514E-02        -8.204181E-17        +9.064574E-21
2.113614E-02        -8.016119E-17        +8.774827E-21
2.111715E-02        -7.832155E-17        +8.493939E-21
2.109818E-02        -7.652236E-17        +8.221845E-21
2.107923E-02        -7.476410E-17        +7.958258E-21
2.106029E-02        -7.304403E-17        +7.702825E-21
2.104137E-02        -7.136223E-17        +7.455400E-21
2.102247E-02        -6.971837E-17        +7.215762E-21
2.100359E-02        -6.811075E-17        +6.983643E-21
2.098472E-02        -6.653836E-17        +6.758772E-21
2.096587E-02        -6.500123E-17        +6.540919E-21
2.094703E-02        -6.349837E-17        +6.329840E-21
2.092822E-02        -6.203022E-17        +6.125487E-21
2.090942E-02        -6.059351E-17        +5.927525E-21
2.089063E-02        -5.918829E-17        +5.735743E-21
2.087187E-02        -5.781588E-17        +5.550092E-21
2.085312E-02        -5.647379E-17        +5.370307E-21
2.083439E-02        -5.516191E-17        +5.196134E-21
2.081567E-02        -5.387940E-17        +5.027398E-21
2.079697E-02        -5.262579E-17        +4.864126E-21
2.077829E-02        -5.139970E-17        +4.705964E-21
2.075962E-02        -5.020169E-17        +4.552729E-21
2.074097E-02        -4.903005E-17        +4.404405E-21
2.072234E-02        -4.788544E-17        +4.260857E-21
2.070373E-02        -4.676685E-17        +4.121831E-21
2.068513E-02        -4.567286E-17        +3.987222E-21
2.066655E-02        -4.460389E-17        +3.856904E-21
2.064798E-02        -4.355855E-17        +3.730639E-21
2.062943E-02        -4.253723E-17        +3.608465E-21
2.061090E-02        -4.153909E-17        +3.490195E-21
2.059239E-02        -4.056395E-17        +3.375729E-21
2.057389E-02        -3.961046E-17        +3.264889E-21
2.055541E-02        -3.867898E-17        +3.157568E-21
2.053694E-02        -3.776817E-17        +3.053694E-21
2.051849E-02        -3.687837E-17        +2.953190E-21
2.050006E-02        -3.600873E-17        +2.855837E-21
2.048164E-02        -3.515862E-17        +2.761685E-21
2.046325E-02        -3.432828E-17        +2.670516E-21
2.044486E-02        -3.351687E-17        +2.582250E-21
2.042650E-02        -3.272405E-17        +2.496914E-21
2.040815E-02        -3.194895E-17        +2.414248E-21
2.038981E-02        -3.119142E-17        +2.334238E-21
2.037150E-02        -3.045160E-17        +2.256870E-21
2.035320E-02        -2.972920E-17        +2.181974E-21
2.033491E-02        -2.902255E-17        +2.109520E-21
2.031665E-02        -2.833241E-17        +2.039418E-21
2.029840E-02        -2.765802E-17        +1.971575E-21
2.028016E-02        -2.699925E-17        +1.905893E-21
2.026194E-02        -2.635560E-17        +1.842325E-21
2.024374E-02        -2.572692E-17        +1.780869E-21
2.022556E-02        -2.511252E-17        +1.721475E-21
2.020739E-02        -2.451258E-17        +1.663893E-21
2.018924E-02        -2.392608E-17        +1.608290E-21
2.017110E-02        -2.335390E-17        +1.554452E-21
2.015298E-02        -2.279399E-17        +1.502340E-21
2.013488E-02        -2.224735E-17        +1.452007E-21
2.011679E-02        -2.171405E-17        +1.403256E-21
2.009872E-02        -2.119217E-17        +1.356099E-21
2.008066E-02        -2.068280E-17        +1.310442E-21
2.006262E-02        -2.018485E-17        +1.266364E-21
2.004460E-02        -1.969952E-17        +1.223693E-21
2.002659E-02        -1.922435E-17        +1.182409E-21
2.000860E-02        -1.876096E-17        +1.142517E-21
1.999063E-02        -1.830783E-17        +1.103933E-21
1.997267E-02        -1.786553E-17        +1.066620E-21
1.995473E-02        -1.743402E-17        +1.030515E-21
1.993680E-02        -1.701167E-17        +9.956007E-22
1.991890E-02        -1.660033E-17        +9.619105E-22
1.990100E-02        -1.619778E-17        +9.292702E-22
1.988312E-02        -1.580516E-17        +8.977125E-22
1.986526E-02        -1.542146E-17        +8.672069E-22
1.984742E-02        -1.504616E-17        +8.377211E-22
1.982959E-02        -1.468042E-17        +8.092005E-22
1.981178E-02        -1.432292E-17        +7.816311E-22
1.979398E-02        -1.397413E-17        +7.549693E-22
1.977620E-02        -1.363342E-17        +7.292054E-22
1.975843E-02        -1.330061E-17        +7.042816E-22
1.974068E-02        -1.297586E-17        +6.801988E-22
1.972295E-02        -1.265903E-17        +6.569264E-22
1.970523E-02        -1.234925E-17        +6.344215E-22
1.968753E-02        -1.204739E-17        +6.126686E-22
1.966984E-02        -1.175227E-17        +5.916369E-22
1.965217E-02        -1.146353E-17        +5.713223E-22
1.963452E-02        -1.118254E-17        +5.516822E-22
1.961688E-02        -1.090761E-17        +5.327008E-22
1.959926E-02        -1.063959E-17        +5.143605E-22
1.958165E-02        -1.037764E-17        +4.966296E-22
1.956406E-02        -1.012252E-17        +4.794929E-22
1.954649E-02        -9.873032E-18        +4.629452E-22
1.952893E-02        -9.629461E-18        +4.469489E-22
1.951139E-02        -9.391884E-18        +4.314931E-22
1.949386E-02        -9.159813E-18        +4.165507E-22
1.947635E-02        -8.933298E-18        +4.021187E-22
1.945885E-02        -8.712194E-18        +3.881690E-22
1.944137E-02        -8.496481E-18        +3.746926E-22
1.942391E-02        -8.285850E-18        +3.616831E-22
1.940646E-02        -8.080319E-18        +3.491009E-22
1.938903E-02        -7.879790E-18        +3.369570E-22
1.937161E-02        -7.683911E-18        +3.252175E-22
1.935421E-02        -7.492850E-18        +3.138794E-22
1.933682E-02        -7.306312E-18        +3.029246E-22
1.931945E-02        -7.124304E-18        +2.923425E-22
1.930209E-02        -6.946624E-18        +2.821240E-22
1.928475E-02        -6.773274E-18        +2.722550E-22
1.926743E-02        -6.604151E-18        +2.627184E-22
1.925012E-02        -6.439057E-18        +2.535071E-22
1.923283E-02        -6.278005E-18        +2.446166E-22
1.921555E-02        -6.120855E-18        +2.360302E-22
1.919829E-02        -5.967461E-18        +2.277359E-22
1.918105E-02        -5.817873E-18        +2.197305E-22
1.916381E-02        -5.671752E-18        +2.119881E-22
1.914660E-02        -5.529338E-18        +2.045205E-22
1.912940E-02        -5.390363E-18        +1.973090E-22
1.911222E-02        -5.254792E-18        +1.903478E-22
1.909505E-02        -5.122392E-18        +1.836227E-22
1.907789E-02        -4.993238E-18        +1.771257E-22
1.906076E-02        -4.867375E-18        +1.708609E-22
1.904363E-02        -4.744470E-18        +1.648022E-22
1.902653E-02        -4.624599E-18        +1.589654E-22
1.900943E-02        -4.507660E-18        +1.533219E-22
1.899236E-02        -4.393550E-18        +1.478747E-22
1.897530E-02        -4.282288E-18        +1.426227E-22
1.895825E-02        -4.173762E-18        +1.375475E-22
1.894122E-02        -4.067865E-18        +1.326452E-22
1.892420E-02        -3.964521E-18        +1.279184E-22
1.890720E-02        -3.863720E-18        +1.233530E-22
1.889022E-02        -3.765516E-18        +1.189487E-22
1.887325E-02        -3.669666E-18        +1.147015E-22
1.885630E-02        -3.576156E-18        +1.106023E-22
1.883936E-02        -3.484987E-18        +1.066350E-22
1.882243E-02        -3.395991E-18        +1.028144E-22
1.880553E-02        -3.309271E-18        +9.913236E-23
1.878863E-02        -3.224659E-18        +9.557230E-23
1.877175E-02        -3.142171E-18        +9.213922E-23
1.875489E-02        -3.061776E-18        +8.882663E-23
1.873804E-02        -2.983271E-18        +8.562942E-23
1.872121E-02        -2.906773E-18        +8.254550E-23
1.870439E-02        -2.832152E-18        +7.956903E-23
1.868759E-02        -2.759422E-18        +7.669794E-23
1.867080E-02        -2.688400E-18        +7.392754E-23
1.865403E-02        -2.619268E-18        +7.125616E-23
1.863727E-02        -2.551801E-18        +6.867769E-23
1.862053E-02        -2.485983E-18        +6.619134E-23
1.860380E-02        -2.421900E-18        +6.379181E-23
1.858709E-02        -2.359351E-18        +6.147766E-23
1.857040E-02        -2.298404E-18        +5.924654E-23
1.855371E-02        -2.238903E-18        +5.709229E-23
1.853705E-02        -2.180954E-18        +5.501719E-23
1.852039E-02        -2.124440E-18        +5.301310E-23
1.850376E-02        -2.069375E-18        +5.108234E-23
1.848713E-02        -2.015661E-18        +4.921856E-23
1.847053E-02        -1.963381E-18        +4.742298E-23
1.845393E-02        -1.912339E-18        +4.568966E-23
1.843736E-02        -1.862557E-18        +4.402028E-23
1.842079E-02        -1.814031E-18        +4.240828E-23
1.840425E-02        -1.766819E-18        +4.085541E-23
1.838771E-02        -1.720694E-18        +3.935686E-23
1.837120E-02        -1.675867E-18        +3.791335E-23
1.835469E-02        -1.632029E-18        +3.652041E-23
1.833820E-02        -1.589375E-18        +3.517832E-23
1.832173E-02        -1.547749E-18        +3.388378E-23
1.830527E-02        -1.507211E-18        +3.263642E-23
1.828883E-02        -1.467755E-18        +3.143413E-23
1.827240E-02        -1.429218E-18        +3.027434E-23
1.825599E-02        -1.391762E-18        +2.915675E-23
1.823959E-02        -1.355196E-18        +2.807953E-23
1.822320E-02        -1.319519E-18        +2.704071E-23
1.820683E-02        -1.284769E-18        +2.603923E-23
1.819047E-02        -1.250964E-18        +2.507418E-23
1.817413E-02        -1.217915E-18        +2.414429E-23
1.815781E-02        -1.185832E-18        +2.324853E-23
1.814150E-02        -1.154468E-18        +2.238520E-23
1.812520E-02        -1.123981E-18        +2.155263E-23
1.810892E-02        -1.094289E-18        +2.075104E-23
1.809265E-02        -1.065304E-18        +1.997807E-23
1.807640E-02        -1.037098E-18        +1.923320E-23
1.806016E-02        -1.009522E-18        +1.851511E-23
1.804394E-02        -9.827820E-19        +1.782396E-23
1.802773E-02        -9.566712E-19        +1.715762E-23
1.801153E-02        -9.312304E-19        +1.651580E-23
1.799535E-02        -9.064553E-19        +1.589719E-23
1.797919E-02        -8.823252E-19        +1.530164E-23
1.796303E-02        -8.587937E-19        +1.472741E-23
1.794690E-02        -8.358986E-19        +1.417473E-23
1.793078E-02        -8.135784E-19        +1.364259E-23
1.791467E-02        -7.918390E-19        +1.312930E-23
1.789858E-02        -7.706725E-19        +1.263503E-23
1.788250E-02        -7.500415E-19        +1.215863E-23
1.786643E-02        -7.299493E-19        +1.169996E-23
1.785038E-02        -7.103755E-19        +1.125844E-23
1.783435E-02        -6.913238E-19        +1.083378E-23
1.781833E-02        -6.727567E-19        +1.042400E-23
1.780232E-02        -6.546732E-19        +1.002914E-23
1.778633E-02        -6.370715E-19        +9.649435E-24
1.777035E-02        -6.199150E-19        +9.283570E-24
1.775439E-02        -6.032145E-19        +8.931372E-24
1.773844E-02        -5.869535E-19        +8.592203E-24
1.772250E-02        -5.711011E-19        +8.265560E-24
1.770658E-02        -5.556801E-19        +7.951090E-24
1.769068E-02        -5.406643E-19        +7.648452E-24
1.767479E-02        -5.260413E-19        +7.356984E-24
1.765891E-02        -5.117930E-19        +7.076351E-24
1.764304E-02        -4.979125E-19        +6.806034E-24
1.762720E-02        -4.844212E-19        +6.546176E-24
1.761136E-02        -4.712663E-19        +6.295671E-24
1.759554E-02        -4.584577E-19        +6.054699E-24
1.757973E-02        -4.459914E-19        +5.822708E-24
1.756394E-02        -4.338510E-19        +5.599456E-24
1.754816E-02        -4.220345E-19        +5.384502E-24
1.753240E-02        -4.105323E-19        +5.177695E-24
1.751665E-02        -3.993341E-19        +4.978674E-24
1.750091E-02        -3.884244E-19        +4.787060E-24
1.748519E-02        -3.778145E-19        +4.602688E-24
1.746949E-02        -3.674797E-19        +4.425335E-24
1.745379E-02        -3.574143E-19        +4.254497E-24
1.743811E-02        -3.476228E-19        +4.090195E-24
1.742245E-02        -3.381004E-19        +3.932195E-24
1.740680E-02        -3.288170E-19        +3.780037E-24
1.739116E-02        -3.197811E-19        +3.633626E-24
1.737554E-02        -3.109958E-19        +3.492897E-24
1.735993E-02        -3.024382E-19        +3.357346E-24
1.734434E-02        -2.941123E-19        +3.227088E-24
1.732875E-02        -2.860005E-19        +3.101600E-24
1.731319E-02        -2.781227E-19        +2.981026E-24
1.729764E-02        -2.704441E-19        +2.865060E-24
1.728210E-02        -2.629721E-19        +2.753379E-24
1.726657E-02        -2.556983E-19        +2.646014E-24
1.725106E-02        -2.486245E-19        +2.542705E-24
1.723556E-02        -2.417317E-19        +2.443414E-24
1.722008E-02        -2.350374E-19        +2.347861E-24
1.720461E-02        -2.285127E-19        +2.255968E-24
1.718916E-02        -2.221691E-19        +2.167682E-24
1.717372E-02        -2.159938E-19        +2.082743E-24
1.715829E-02        -2.099856E-19        +2.000984E-24
1.714287E-02        -2.041360E-19        +1.922378E-24
1.712747E-02        -1.984487E-19        +1.846803E-24
1.711209E-02        -1.929221E-19        +1.774214E-24
1.709672E-02        -1.875428E-19        +1.704320E-24
1.708136E-02        -1.823020E-19        +1.637180E-24
1.706601E-02        -1.772015E-19        +1.572597E-24
1.705068E-02        -1.722488E-19        +1.510454E-24
1.703537E-02        -1.674208E-19        +1.450820E-24
1.702006E-02        -1.627271E-19        +1.393491E-24
1.700477E-02        -1.581639E-19        +1.338300E-24
1.698950E-02        -1.537239E-19        +1.285301E-24
1.697424E-02        -1.494100E-19        +1.234304E-24
1.695899E-02        -1.452065E-19        +1.185365E-24
1.694375E-02        -1.411205E-19        +1.138288E-24
1.692853E-02        -1.371463E-19        +1.092958E-24
1.691333E-02        -1.332822E-19        +1.049517E-24
1.689813E-02        -1.295161E-19        +1.007724E-24
1.688295E-02        -1.258601E-19        +9.675453E-25
1.686779E-02        -1.223056E-19        +9.289542E-25
1.685263E-02        -1.188466E-19        +8.918407E-25
1.683749E-02        -1.154804E-19        +8.561961E-25
1.682237E-02        -1.122128E-19        +8.219659E-25
1.680726E-02        -1.090272E-19        +7.890601E-25
1.679216E-02        -1.059380E-19        +7.574323E-25
1.677707E-02        -1.029282E-19        +7.270478E-25
1.676200E-02        -1.000002E-19        +6.978621E-25
1.674695E-02        -9.715664E-20        +6.698395E-25
1.673190E-02        -9.438930E-20        +6.428878E-25
1.671687E-02        -9.169973E-20        +6.170122E-25
1.670185E-02        -8.908340E-20        +5.921538E-25
1.668685E-02        -8.654091E-20        +5.682817E-25
1.667186E-02        -8.406853E-20        +5.453482E-25
1.665688E-02        -8.166432E-20        +5.233155E-25
1.664192E-02        -7.932786E-20        +5.021665E-25
1.662697E-02        -7.705571E-20        +4.818485E-25
1.661203E-02        -7.484664E-20        +4.623318E-25
1.659711E-02        -7.269953E-20        +4.435979E-25
1.658220E-02        -7.061250E-20        +4.255970E-25
1.656731E-02        -6.858409E-20        +4.083207E-25
1.655242E-02        -6.660987E-20        +3.917237E-25
1.653755E-02        -6.469240E-20        +3.757900E-25
1.652270E-02        -6.283020E-20        +3.604917E-25
1.650786E-02        -6.101856E-20        +3.458055E-25
1.649303E-02        -5.925736E-20        +3.317031E-25
1.647821E-02        -5.754551E-20        +3.181637E-25
1.646341E-02        -5.588228E-20        +3.051674E-25
1.644862E-02        -5.426554E-20        +2.926855E-25
1.643384E-02        -5.269418E-20        +2.806996E-25
1.641908E-02        -5.116738E-20        +2.692049E-25
1.640433E-02        -4.968311E-20        +2.581663E-25
1.638959E-02        -4.824038E-20        +2.475712E-25
1.637487E-02        -4.683916E-20        +2.374008E-25
1.636016E-02        -4.547736E-20        +2.276441E-25
1.634546E-02        -4.415326E-20        +2.182753E-25
1.633078E-02        -4.286763E-20        +2.092952E-25
1.631611E-02        -4.161844E-20        +2.006645E-25
1.630145E-02        -4.040398E-20        +1.923879E-25
1.628681E-02        -3.922481E-20        +1.844436E-25
1.627218E-02        -3.807837E-20        +1.768175E-25
1.625756E-02        -3.696441E-20        +1.695058E-25
1.624296E-02        -3.588210E-20        +1.624873E-25
1.622837E-02        -3.483127E-20        +1.557559E-25
1.621379E-02        -3.381009E-20        +1.493004E-25
1.619922E-02        -3.281756E-20        +1.431022E-25
1.618467E-02        -3.185350E-20        +1.371556E-25
1.617013E-02        -3.091710E-20        +1.314477E-25
1.615561E-02        -3.000800E-20        +1.259810E-25
1.614109E-02        -2.912395E-20        +1.207369E-25
1.612659E-02        -2.826533E-20        +1.157039E-25
1.611211E-02        -2.743197E-20        +1.108745E-25
1.609763E-02        -2.662186E-20        +1.062468E-25
1.608317E-02        -2.583588E-20        +1.018021E-25
1.606872E-02        -2.507174E-20        +9.754134E-26
1.605429E-02        -2.432996E-20        +9.345834E-26
1.603987E-02        -2.360975E-20        +8.954161E-26
1.602546E-02        -2.290952E-20        +8.578514E-26
1.601106E-02        -2.222989E-20        +8.218228E-26
1.599668E-02        -2.156958E-20        +7.873007E-26
1.598231E-02        -2.092827E-20        +7.541859E-26
1.596795E-02        -2.030643E-20        +7.224354E-26
1.595361E-02        -1.970190E-20        +6.920032E-26
1.593928E-02        -1.911437E-20        +6.628191E-26
1.592496E-02        -1.854458E-20        +6.348411E-26
1.591065E-02        -1.799142E-20        +6.080127E-26
1.589636E-02        -1.745367E-20        +5.823107E-26
1.588208E-02        -1.693181E-20        +5.576680E-26
1.586781E-02        -1.642558E-20        +5.340454E-26
1.585356E-02        -1.593373E-20        +5.114175E-26
1.583932E-02        -1.545652E-20        +4.897194E-26
1.582509E-02        -1.499234E-20        +4.689145E-26
1.581087E-02        -1.454207E-20        +4.489791E-26
1.579667E-02        -1.410577E-20        +4.298810E-26
1.578248E-02        -1.368138E-20        +4.115823E-26
1.576830E-02        -1.326903E-20        +3.940376E-26
1.575414E-02        -1.286977E-20        +3.772361E-26
1.573998E-02        -1.248201E-20        +3.611186E-26
1.572584E-02        -1.210546E-20        +3.456929E-26
1.571172E-02        -1.174009E-20        +3.309133E-26
1.569760E-02        -1.138527E-20        +3.167454E-26
1.568350E-02        -1.104063E-20        +3.031734E-26
1.566941E-02        -1.070605E-20        +2.901736E-26
1.565534E-02        -1.038239E-20        +2.777202E-26
1.564127E-02        -1.006741E-20        +2.657905E-26
1.562722E-02        -9.761573E-21        +2.543644E-26
1.561319E-02        -9.465205E-21        +2.434226E-26
1.559916E-02        -9.177345E-21        +2.329370E-26
1.558515E-02        -8.898195E-21        +2.228955E-26
1.557115E-02        -8.627252E-21        +2.132795E-26
1.555716E-02        -8.364247E-21        +2.040691E-26
1.554318E-02        -8.109046E-21        +1.952446E-26
1.552922E-02        -7.861478E-21        +1.867947E-26
1.551527E-02        -7.621311E-21        +1.787092E-26
1.550133E-02        -7.388189E-21        +1.709624E-26
1.548741E-02        -7.162161E-21        +1.635556E-26
1.547349E-02        -6.942695E-21        +1.564510E-26
1.545959E-02        -6.729835E-21        +1.496502E-26
1.544571E-02        -6.523458E-21        +1.431490E-26
1.543183E-02        -6.323070E-21        +1.369119E-26
1.541797E-02        -6.128763E-21        +1.309469E-26
1.540412E-02        -5.940208E-21        +1.252395E-26
1.539028E-02        -5.757295E-21        +1.197772E-26
1.537646E-02        -5.579965E-21        +1.145403E-26
1.536264E-02        -5.407839E-21        +1.095350E-26
1.534884E-02        -5.240909E-21        +1.047424E-26
1.533505E-02        -5.079010E-21        +1.001567E-26
1.532128E-02        -4.921999E-21        +9.576553E-27
1.530752E-02        -4.769731E-21        +9.156504E-27
1.529376E-02        -4.621916E-21        +8.754188E-27
1.528003E-02        -4.478762E-21        +8.369686E-27
1.526630E-02        -4.339780E-21        +8.001434E-27
1.525259E-02        -4.205134E-21        +7.649218E-27
1.523888E-02        -4.074371E-21        +7.311992E-27
1.522519E-02        -3.947656E-21        +6.989482E-27
1.521152E-02        -3.824809E-21        +6.681077E-27
1.519785E-02        -3.705626E-21        +6.385808E-27
1.518420E-02        -3.590110E-21        +6.103453E-27
1.517056E-02        -3.478136E-21        +5.833358E-27
1.515693E-02        -3.369457E-21        +5.574868E-27
1.514332E-02        -3.264212E-21        +5.327767E-27
1.512971E-02        -3.162060E-21        +5.091272E-27
1.511612E-02        -3.063054E-21        +4.865160E-27
1.510254E-02        -2.967032E-21        +4.648860E-27
1.508898E-02        -2.874037E-21        +4.442126E-27
1.507542E-02        -2.783759E-21        +4.244244E-27
1.506188E-02        -2.696320E-21        +4.055049E-27
1.504835E-02        -2.611553E-21        +3.874172E-27
1.503483E-02        -2.529373E-21        +3.701202E-27
1.502132E-02        -2.449743E-21        +3.535695E-27
1.500783E-02        -2.372484E-21        +3.377619E-27
1.499435E-02        -2.297686E-21        +3.226402E-27
1.498088E-02        -2.225164E-21        +3.081896E-27
1.496742E-02        -2.154818E-21        +2.943644E-27
1.495398E-02        -2.086624E-21        +2.811545E-27
1.494054E-02        -2.020558E-21        +2.685191E-27
1.492712E-02        -1.956605E-21        +2.564474E-27
1.491371E-02        -1.894543E-21        +2.449025E-27
1.490031E-02        -1.834371E-21        +2.338722E-27
1.488693E-02        -1.776121E-21        +2.233343E-27
1.487356E-02        -1.719661E-21        +2.132546E-27
1.486020E-02        -1.664980E-21        +2.036282E-27
1.484685E-02        -1.611978E-21        +1.944191E-27
1.483351E-02        -1.560581E-21        +1.856174E-27
1.482018E-02        -1.510839E-21        +1.772121E-27
1.480687E-02        -1.462552E-21        +1.691880E-27
1.479357E-02        -1.415845E-21        +1.615114E-27
1.478028E-02        -1.370618E-21        +1.541736E-27
1.476700E-02        -1.326773E-21        +1.471711E-27
1.475374E-02        -1.284253E-21        +1.404813E-27
1.474048E-02        -1.243008E-21        +1.340832E-27
1.472724E-02        -1.203163E-21        +1.279690E-27
1.471401E-02        -1.164525E-21        +1.221326E-27
1.470079E-02        -1.127157E-21        +1.165617E-27
1.468759E-02        -1.090911E-21        +1.112353E-27
1.467439E-02        -1.055744E-21        +1.061516E-27
1.466121E-02        -1.021773E-21        +1.012985E-27
1.464804E-02        -9.887883E-22        +9.665441E-28
1.463488E-02        -9.568707E-22        +9.222293E-28
1.462174E-02        -9.259783E-22        +8.799393E-28
1.460860E-02        -8.960335E-22        +8.395192E-28
1.459548E-02        -8.670446E-22        +8.009365E-28
1.458237E-02        -8.389689E-22        +7.640967E-28
1.456927E-02        -8.117832E-22        +7.289131E-28
1.455618E-02        -7.854426E-22        +6.953164E-28
1.454310E-02        -7.599352E-22        +6.632371E-28
1.453004E-02        -7.352510E-22        +6.326289E-28
1.451699E-02        -7.113495E-22        +6.033996E-28
1.450395E-02        -6.882008E-22        +5.754975E-28
1.449092E-02        -6.657779E-22        +5.488555E-28
1.447790E-02        -6.440685E-22        +5.234229E-28
1.446489E-02        -6.230453E-22        +4.991427E-28
1.445190E-02        -6.027104E-22        +4.759890E-28
1.443892E-02        -5.830114E-22        +4.538780E-28
1.442595E-02        -5.639383E-22        +4.327778E-28
1.441299E-02        -5.454780E-22        +4.126400E-28
1.440004E-02        -5.275955E-22        +3.934238E-28
1.438710E-02        -5.102885E-22        +3.750806E-28
1.437418E-02        -4.935488E-22        +3.575853E-28
1.436127E-02        -4.773356E-22        +3.408926E-28
1.434837E-02        -4.616401E-22        +3.249626E-28
1.433548E-02        -4.464566E-22        +3.097582E-28
1.432260E-02        -4.317438E-22        +2.952560E-28
1.430973E-02        -4.175145E-22        +2.814111E-28
1.429688E-02        -4.037443E-22        +2.682200E-28
1.428404E-02        -3.904185E-22        +2.556334E-28
1.427120E-02        -3.775023E-22        +2.436134E-28
1.425838E-02        -3.650210E-22        +2.321579E-28
1.424558E-02        -3.529464E-22        +2.212369E-28
1.423278E-02        -3.412496E-22        +2.108137E-28
1.421999E-02        -3.299305E-22        +2.008747E-28
1.420722E-02        -3.189863E-22        +1.913921E-28
1.419446E-02        -3.083907E-22        +1.823545E-28
1.418170E-02        -2.981346E-22        +1.737280E-28
1.416897E-02        -2.882296E-22        +1.655188E-28
1.415624E-02        -2.786267E-22        +1.576734E-28
1.414352E-02        -2.693405E-22        +1.502024E-28
1.413081E-02        -2.603534E-22        +1.430707E-28
1.411812E-02        -2.516698E-22        +1.362813E-28
1.410544E-02        -2.432640E-22        +1.298086E-28
1.409277E-02        -2.351271E-22        +1.236339E-28
1.408011E-02        -2.272581E-22        +1.177473E-28
1.406746E-02        -2.196470E-22        +1.121377E-28
1.405482E-02        -2.122841E-22        +1.067863E-28
1.404220E-02        -2.051648E-22        +1.016884E-28
1.402958E-02        -1.982692E-22        +9.683204E-29
1.401698E-02        -1.916071E-22        +9.220328E-29
1.400439E-02        -1.851630E-22        +8.779164E-29
1.399181E-02        -1.789282E-22        +8.358642E-29
1.397924E-02        -1.729015E-22        +7.957870E-29
1.396668E-02        -1.670731E-22        +7.575954E-29
1.395413E-02        -1.614330E-22        +7.212010E-29
1.394160E-02        -1.559778E-22        +6.865503E-29
1.392907E-02        -1.507055E-22        +6.535020E-29
1.391656E-02        -1.456068E-22        +6.220458E-29
1.390406E-02        -1.406764E-22        +5.920687E-29
1.389157E-02        -1.359054E-22        +5.635102E-29
1.387909E-02        -1.312940E-22        +5.363018E-29
1.386662E-02        -1.268398E-22        +5.103839E-29
1.385417E-02        -1.225298E-22        +4.857151E-29
1.384172E-02        -1.183636E-22        +4.621896E-29
1.382929E-02        -1.143315E-22        +4.398044E-29
1.381686E-02        -1.104347E-22        +4.184714E-29
1.380445E-02        -1.066706E-22        +3.981600E-29
1.379205E-02        -1.030346E-22        +3.788206E-29
1.377966E-02        -9.951535E-23        +3.604034E-29
1.376728E-02        -9.611334E-23        +3.428612E-29
1.375492E-02        -9.282732E-23        +3.261749E-29
1.374256E-02        -8.964877E-23        +3.102701E-29
1.373021E-02        -8.657565E-23        +2.951285E-29
1.371788E-02        -8.360735E-23        +2.807164E-29
1.370556E-02        -8.073826E-23        +2.670055E-29
1.369325E-02        -7.796465E-23        +2.539421E-29
1.368094E-02        -7.528216E-23        +2.415028E-29
1.366865E-02        -7.269142E-23        +2.296692E-29
1.365638E-02        -7.019000E-23        +2.184113E-29
1.364411E-02        -6.777008E-23        +2.076885E-29
1.363185E-02        -6.543164E-23        +1.974750E-29
1.361961E-02        -6.317352E-23        +1.877729E-29
1.360737E-02        -6.098916E-23        +1.785222E-29
1.359515E-02        -5.888014E-23        +1.697335E-29
1.358293E-02        -5.684094E-23        +1.613572E-29
1.357073E-02        -5.487200E-23        +1.534024E-29
1.355854E-02        -5.296966E-23        +1.458257E-29
1.354636E-02        -5.113182E-23        +1.386161E-29
1.353419E-02        -4.935560E-23        +1.317548E-29
1.352204E-02        -4.764053E-23        +1.252348E-29
1.350989E-02        -4.598269E-23        +1.190201E-29
1.349775E-02        -4.438140E-23        +1.131204E-29
1.348563E-02        -4.283517E-23        +1.075050E-29
1.347351E-02        -4.134033E-23        +1.021619E-29
1.346141E-02        -3.989749E-23        +9.707857E-30
1.344932E-02        -3.850418E-23        +9.224686E-30
1.343723E-02        -3.715654E-23        +8.764761E-30
1.342516E-02        -3.585580E-23        +8.327673E-30
1.341310E-02        -3.459986E-23        +7.912025E-30
1.340105E-02        -3.338748E-23        +7.516734E-30
1.338902E-02        -3.221687E-23        +7.141119E-30
1.337699E-02        -3.108508E-23        +6.783662E-30
1.336497E-02        -2.999212E-23        +6.443785E-30
1.335297E-02        -2.893775E-23        +6.120866E-30
1.334097E-02        -2.791832E-23        +5.813580E-30
1.332899E-02        -2.693466E-23        +5.521734E-30
1.331701E-02        -2.598479E-23        +5.244053E-30
1.330505E-02        -2.506765E-23        +4.980304E-30
1.329310E-02        -2.418232E-23        +4.729564E-30
1.328116E-02        -2.332770E-23        +4.491236E-30
1.326923E-02        -2.250202E-23        +4.264712E-30
1.325731E-02        -2.170517E-23        +4.049340E-30
1.324540E-02        -2.093606E-23        +3.844764E-30
1.323350E-02        -2.019290E-23        +3.650244E-30
1.322161E-02        -1.947570E-23        +3.465447E-30
1.320973E-02        -1.878413E-23        +3.289808E-30
1.319787E-02        -1.811620E-23        +3.123134E-30
1.318601E-02        -1.747144E-23        +2.964565E-30
1.317417E-02        -1.684919E-23        +2.813995E-30
1.316233E-02        -1.624827E-23        +2.670925E-30
1.315051E-02        -1.566870E-23        +2.535031E-30
1.313869E-02        -1.510852E-23        +2.405798E-30
1.312689E-02        -1.456788E-23        +2.283221E-30
1.311510E-02        -1.404699E-23        +2.166790E-30
1.310332E-02        -1.354406E-23        +2.056128E-30
1.309155E-02        -1.305899E-23        +1.951027E-30
1.307979E-02        -1.259079E-23        +1.851196E-30
1.306804E-02        -1.213856E-23        +1.756428E-30
1.305630E-02        -1.170231E-23        +1.666433E-30
1.304457E-02        -1.128182E-23        +1.581000E-30
1.303285E-02        -1.087542E-23        +1.499842E-30
1.302114E-02        -1.048378E-23        +1.422760E-30
1.300945E-02        -1.010562E-23        +1.349614E-30
1.299776E-02        -9.741375E-24        +1.280092E-30
1.298608E-02        -9.389443E-24        +1.214147E-30
1.297442E-02        -9.050245E-24        +1.151620E-30
1.296276E-02        -8.722790E-24        +1.092137E-30
1.295112E-02        -8.407153E-24        +1.035772E-30
1.293948E-02        -8.102393E-24        +9.821797E-31
1.292786E-02        -7.808647E-24        +9.313728E-31
1.291625E-02        -7.525327E-24        +8.831490E-31
1.290464E-02        -7.251748E-24        +8.373493E-31
1.289305E-02        -6.988228E-24        +7.939228E-31
1.288147E-02        -6.733973E-24        +7.527038E-31
1.286990E-02        -6.488771E-24        +7.135983E-31
1.285834E-02        -6.252315E-24        +6.764820E-31
1.284678E-02        -6.024033E-24        +6.412423E-31
1.283524E-02        -5.804110E-24        +6.078325E-31
1.282371E-02        -5.592035E-24        +5.761327E-31
1.281219E-02        -5.387452E-24        +5.460618E-31
1.280069E-02        -5.190478E-24        +5.175566E-31
1.278919E-02        -5.000301E-24        +4.904953E-31
1.277770E-02        -4.816909E-24        +4.648180E-31
1.276622E-02        -4.640169E-24        +4.404714E-31
1.275475E-02        -4.469704E-24        +4.173769E-31
1.274329E-02        -4.305325E-24        +3.954677E-31
1.273185E-02        -4.147047E-24        +3.747174E-31
1.272041E-02        -3.994316E-24        +3.550139E-31
1.270898E-02        -3.847140E-24        +3.363339E-31
1.269756E-02        -3.705163E-24        +3.186185E-31
1.268616E-02        -3.568481E-24        +3.018332E-31
1.267476E-02        -3.436645E-24        +2.859075E-31
1.266338E-02        -3.309607E-24        +2.708205E-31
1.265200E-02        -3.187046E-24        +2.565058E-31
1.264063E-02        -3.068963E-24        +2.429370E-31
1.262928E-02        -2.955258E-24        +2.300852E-31
1.261793E-02        -2.845541E-24        +2.178888E-31
1.260660E-02        -2.739907E-24        +2.063394E-31
1.259528E-02        -2.638145E-24        +1.953950E-31
1.258396E-02        -2.539983E-24        +1.850088E-31
1.257266E-02        -2.445483E-24        +1.751782E-31
1.256136E-02        -2.354300E-24        +1.658547E-31
1.255008E-02        -2.266563E-24        +1.570192E-31
1.253880E-02        -2.181860E-24        +1.486506E-31
1.252754E-02        -2.100408E-24        +1.407192E-31
1.251629E-02        -2.021932E-24        +1.332132E-31
1.250504E-02        -1.946186E-24        +1.260895E-31
1.249381E-02        -1.873307E-24        +1.193489E-31
1.248259E-02        -1.803193E-24        +1.129568E-31
1.247137E-02        -1.735508E-24        +1.068982E-31
1.246017E-02        -1.670292E-24        +1.011713E-31
1.244898E-02        -1.607553E-24        +9.573970E-32
1.243779E-02        -1.547059E-24        +9.059341E-32
1.242662E-02        -1.488898E-24        +8.572317E-32
1.241546E-02        -1.432824E-24        +8.111048E-32
1.240430E-02        -1.378712E-24        +7.673923E-32
1.239316E-02        -1.326727E-24        +7.260269E-32
1.238203E-02        -1.276640E-24        +6.868584E-32
1.237091E-02        -1.228431E-24        +6.497761E-32
1.235979E-02        -1.181891E-24        +6.146313E-32
1.234869E-02        -1.137171E-24        +5.813873E-32
1.233760E-02        -1.094061E-24        +5.499128E-32
1.232651E-02        -1.052582E-24        +5.200917E-32
1.231544E-02        -1.012563E-24        +4.918880E-32
1.230438E-02        -9.741403E-25        +4.651860E-32
1.229332E-02        -9.370808E-25        +4.398926E-32
1.228228E-02        -9.014227E-25        +4.159747E-32
1.227125E-02        -8.671055E-25        +3.933387E-32
1.226022E-02        -8.340262E-25        +3.718968E-32
1.224921E-02        -8.022195E-25        +3.516270E-32
1.223821E-02        -7.715902E-25        +3.324414E-32
1.222721E-02        -7.420877E-25        +3.142729E-32
1.221623E-02        -7.137090E-25        +2.970955E-32
1.220525E-02        -6.863711E-25        +2.808281E-32
1.219429E-02        -6.600839E-25        +2.654511E-32
1.218334E-02        -6.347821E-25        +2.509075E-32
1.217239E-02        -6.104049E-25        +2.371290E-32
1.216146E-02        -5.869667E-25        +2.241168E-32
1.215053E-02        -5.643937E-25        +2.117911E-32
1.213962E-02        -5.426872E-25        +2.001514E-32
1.212871E-02        -5.217704E-25        +1.891283E-32
1.211782E-02        -5.016696E-25        +1.787110E-32
1.210693E-02        -4.823157E-25        +1.688435E-32
1.209605E-02        -4.636817E-25        +1.595225E-32
1.208519E-02        -4.457727E-25        +1.507167E-32
1.207433E-02        -4.285335E-25        +1.423800E-32
1.206349E-02        -4.119570E-25        +1.344998E-32
1.205265E-02        -3.959856E-25        +1.270495E-32
1.204182E-02        -3.806307E-25        +1.200064E-32
1.203100E-02        -3.658555E-25        +1.133427E-32
1.202020E-02        -3.516597E-25        +1.070518E-32
1.200940E-02        -3.379809E-25        +1.010951E-32
1.199861E-02        -3.248307E-25        +9.547329E-33
1.198783E-02        -3.121868E-25        +9.015640E-33
1.197706E-02        -3.000144E-25        +8.513108E-33
1.196630E-02        -2.883184E-25        +8.038150E-33
1.195555E-02        -2.770616E-25        +7.589354E-33
1.194481E-02        -2.662342E-25        +7.165239E-33
1.193408E-02        -2.558251E-25        +6.764502E-33
1.192336E-02        -2.458142E-25        +6.385853E-33
1.191265E-02        -2.361835E-25        +6.028101E-33
1.190195E-02        -2.269301E-25        +5.690133E-33
1.189126E-02        -2.180258E-25        +5.370779E-33
1.188058E-02        -2.094616E-25        +5.069128E-33
1.186991E-02        -2.012347E-25        +4.784189E-33
1.185924E-02        -1.933105E-25        +4.514815E-33
1.184859E-02        -1.857020E-25        +4.260611E-33
1.183795E-02        -1.783836E-25        +4.020446E-33
1.182731E-02        -1.713468E-25        +3.793493E-33
1.181669E-02        -1.645868E-25        +3.579386E-33
1.180607E-02        -1.580877E-25        +3.377021E-33
1.179547E-02        -1.518360E-25        +3.186089E-33
1.178487E-02        -1.458266E-25        +3.005626E-33
1.177428E-02        -1.400477E-25        +2.835229E-33
1.176371E-02        -1.345023E-25        +2.674531E-33
1.175314E-02        -1.291628E-25        +2.522648E-33
1.174258E-02        -1.240407E-25        +2.379316E-33
1.173203E-02        -1.191089E-25        +2.243963E-33
1.172149E-02        -1.143674E-25        +2.116267E-33
1.171096E-02        -1.098151E-25        +1.995728E-33
1.170044E-02        -1.054420E-25        +1.881874E-33
1.168993E-02        -1.012385E-25        +1.774486E-33
1.167943E-02        -9.719768E-26        +1.673162E-33
1.166894E-02        -9.331555E-26        +1.577521E-33
1.165846E-02        -8.958666E-26        +1.487333E-33
1.164798E-02        -8.599924E-26        +1.402059E-33
1.163752E-02        -8.255681E-26        +1.321740E-33
1.162707E-02        -7.924988E-26        +1.245982E-33
1.161662E-02        -7.606954E-26        +1.174358E-33
1.160619E-02        -7.301697E-26        +1.106964E-33
1.159576E-02        -7.008219E-26        +1.043288E-33
1.158534E-02        -6.726316E-26        +9.831688E-34
1.157494E-02        -6.455761E-26        +9.265560E-34
1.156454E-02        -6.195702E-26        +8.731214E-34
1.155415E-02        -5.945843E-26        +8.227161E-34
1.154377E-02        -5.705951E-26        +7.751878E-34
1.153340E-02        -5.475536E-26        +7.303677E-34
1.152304E-02        -5.254205E-26        +6.881055E-34
1.151269E-02        -5.041656E-26        +6.482528E-34
1.150235E-02        -4.837580E-26        +6.106802E-34
1.149201E-02        -4.641408E-26        +5.752310E-34
1.148169E-02        -4.453288E-26        +5.418303E-34
1.147138E-02        -4.272566E-26        +5.103568E-34
1.146107E-02        -4.098946E-26        +4.806481E-34
1.145078E-02        -3.932373E-26        +4.526795E-34
1.144049E-02        -3.772242E-26        +4.262954E-34
1.143021E-02        -3.618587E-26        +4.014183E-34
1.141994E-02        -3.471036E-26        +3.779838E-34
1.140969E-02        -3.329595E-26        +3.559155E-34
1.139944E-02        -3.193613E-26        +3.351001E-34
1.138920E-02        -3.063113E-26        +3.154894E-34
1.137896E-02        -2.937692E-26        +2.969958E-34
1.136874E-02        -2.817476E-26        +2.795860E-34
1.135853E-02        -2.702056E-26        +2.631822E-34
1.134833E-02        -2.591314E-26        +2.477324E-34
1.133813E-02        -2.484874E-26        +2.331563E-34
1.132795E-02        -2.382907E-26        +2.194485E-34
1.131777E-02        -2.284859E-26        +2.065158E-34
1.130760E-02        -2.190883E-26        +1.943407E-34
1.129745E-02        -2.100703E-26        +1.828921E-34
1.128730E-02        -2.014123E-26        +1.720902E-34
1.127716E-02        -1.931031E-26        +1.619165E-34
1.126703E-02        -1.851255E-26        +1.523398E-34
1.125691E-02        -1.774848E-26        +1.433209E-34
1.124679E-02        -1.701375E-26        +1.348226E-34
1.123669E-02        -1.630971E-26        +1.268385E-34
1.122660E-02        -1.563452E-26        +1.193130E-34
1.121651E-02        -1.498574E-26        +1.122190E-34
1.120644E-02        -1.436445E-26        +1.055500E-34
1.119637E-02        -1.376752E-26        +9.926773E-35
1.118631E-02        -1.319465E-26        +9.335421E-35
1.117626E-02        -1.264574E-26        +8.778844E-35
1.116622E-02        -1.211970E-26        +8.255042E-35
1.115619E-02        -1.161471E-26        +7.762116E-35
1.114617E-02        -1.113057E-26        +7.298268E-35
1.113616E-02        -1.066556E-26        +6.861801E-35
1.112615E-02        -1.021994E-26        +6.450719E-35
1.111616E-02        -9.792601E-27        +6.064347E-35
1.110617E-02        -9.382601E-27        +5.700504E-35
1.109620E-02        -8.989873E-27        +5.358532E-35
1.108623E-02        -8.612935E-27        +5.036529E-35
1.107627E-02        -8.251565E-27        +4.733580E-35
1.106632E-02        -7.904995E-27        +4.448742E-35
1.105638E-02        -7.572803E-27        +4.180747E-35
1.104645E-02        -7.254376E-27        +3.928700E-35
1.103652E-02        -6.948737E-27        +3.691536E-35
1.102661E-02        -6.656078E-27        +3.468668E-35
1.101670E-02        -6.375224E-27        +3.258922E-35
1.100681E-02        -6.106330E-27        +3.061844E-35
1.099692E-02        -5.848346E-27        +2.876416E-35
1.098704E-02        -5.601058E-27        +2.702056E-35
1.097717E-02        -5.364052E-27        +2.538151E-35
1.096731E-02        -5.136852E-27        +2.384018E-35
1.095746E-02        -4.919220E-27        +2.239152E-35
1.094761E-02        -4.710381E-27        +2.102908E-35
1.093778E-02        -4.510520E-27        +1.974969E-35
1.092795E-02        -4.318682E-27        +1.854582E-35
1.091814E-02        -4.135200E-27        +1.741579E-35
1.090833E-02        -3.959134E-27        +1.635246E-35
1.089853E-02        -3.790454E-27        +1.535382E-35
1.088874E-02        -3.628785E-27        +1.441502E-35
1.087896E-02        -3.473989E-27        +1.353305E-35
1.086918E-02        -3.325449E-27        +1.270397E-35
1.085942E-02        -3.183351E-27        +1.192555E-35
1.084967E-02        -3.047238E-27        +1.119400E-35
1.083992E-02        -2.916694E-27        +1.050649E-35
1.083018E-02        -2.791733E-27        +9.860504E-36
1.082045E-02        -2.671971E-27        +9.253878E-36
1.081073E-02        -2.557215E-27        +8.684138E-36
1.080102E-02        -2.447355E-27        +8.149154E-36
1.079132E-02        -2.342179E-27        +7.646660E-36
1.078162E-02        -2.241302E-27        +7.174364E-36
1.077194E-02        -2.144814E-27        +6.731348E-36
1.076226E-02        -2.052249E-27        +6.314985E-36
1.075259E-02        -1.963752E-27        +5.924054E-36
1.074294E-02        -1.878963E-27        +5.557422E-36
1.073328E-02        -1.797687E-27        +5.212575E-36
1.072364E-02        -1.719906E-27        +4.889218E-36
1.071401E-02        -1.645507E-27        +4.585685E-36
1.070439E-02        -1.574215E-27        +4.300780E-36
1.069477E-02        -1.505942E-27        +4.033126E-36
1.068516E-02        -1.440572E-27        +3.781929E-36
1.067556E-02        -1.377994E-27        +3.546193E-36
1.066597E-02        -1.318025E-27        +3.325001E-36
1.065639E-02        -1.260655E-27        +3.117384E-36
1.064682E-02        -1.205782E-27        +2.922700E-36
1.063725E-02        -1.153245E-27        +2.739797E-36
1.062770E-02        -1.102960E-27        +2.568433E-36
1.061815E-02        -1.054729E-27        +2.407463E-36
1.060861E-02        -1.008603E-27        +2.256467E-36
1.059908E-02        -9.645265E-28        +2.114841E-36
1.058956E-02        -9.223115E-28        +1.981989E-36
1.058005E-02        -8.819066E-28        +1.857409E-36
1.057055E-02        -8.432501E-28        +1.740598E-36
1.056105E-02        -8.062316E-28        +1.630949E-36
1.055156E-02        -7.708046E-28        +1.528168E-36
1.054208E-02        -7.369082E-28        +1.431688E-36
1.053261E-02        -7.044818E-28        +1.341288E-36
1.052315E-02        -6.734648E-28        +1.256564E-36
1.051370E-02        -6.437957E-28        +1.177125E-36
1.050425E-02        -6.153772E-28        +1.102582E-36
1.049482E-02        -5.882272E-28        +1.032717E-36
1.048539E-02        -5.622283E-28        +9.672340E-37
1.047597E-02        -5.373596E-28        +9.058336E-37
1.046656E-02        -5.135721E-28        +8.482918E-37
1.045716E-02        -4.908320E-28        +7.943679E-37
1.044776E-02        -4.690504E-28        +7.437808E-37
1.043838E-02        -4.482508E-28        +6.964358E-37
1.042900E-02        -4.283382E-28        +6.520230E-37
1.041963E-02        -4.092884E-28        +6.104139E-37
1.041027E-02        -3.910866E-28        +5.714371E-37
1.040092E-02        -3.736750E-28        +5.349222E-37
1.039158E-02        -3.570241E-28        +5.007108E-37
1.038224E-02        -3.410944E-28        +4.686369E-37
1.037292E-02        -3.258731E-28        +4.386218E-37
1.036360E-02        -3.113137E-28        +4.104875E-37
1.035429E-02        -2.973869E-28        +3.841305E-37
1.034499E-02        -2.840872E-28        +3.594575E-37
1.033569E-02        -2.713461E-28        +3.363261E-37
1.032641E-02        -2.591882E-28        +3.146936E-37
1.031713E-02        -2.475569E-28        +2.944068E-37
1.030787E-02        -2.364479E-28        +2.754456E-37
1.029861E-02        -2.258179E-28        +2.576708E-37
1.028935E-02        -2.156555E-28        +2.410148E-37
1.028011E-02        -2.059460E-28        +2.254355E-37
1.027088E-02        -1.966744E-28        +2.108612E-37
1.026165E-02        -1.877954E-28        +1.971998E-37
1.025243E-02        -1.793239E-28        +1.844163E-37
1.024322E-02        -1.712149E-28        +1.724518E-37
1.023402E-02        -1.634757E-28        +1.612633E-37
1.022483E-02        -1.560851E-28        +1.507840E-37
1.021564E-02        -1.490080E-28        +1.409714E-37
1.020646E-02        -1.422517E-28        +1.317885E-37
1.019730E-02        -1.358111E-28        +1.232125E-37
1.018814E-02        -1.296437E-28        +1.151767E-37
1.017898E-02        -1.237411E-28        +1.076602E-37
1.016984E-02        -1.181151E-28        +1.006309E-37
1.016070E-02        -1.127417E-28        +9.404563E-38
1.015158E-02        -1.076058E-28        +8.789685E-38
1.014246E-02        -1.027028E-28        +8.214024E-38
1.013335E-02        -9.801214E-29        +7.675670E-38
1.012424E-02        -9.353223E-29        +7.171694E-38
1.011515E-02        -8.925839E-29        +6.701066E-38
1.010606E-02        -8.517299E-29        +6.260473E-38
1.009698E-02        -8.127183E-29        +5.848621E-38
1.008791E-02        -7.754687E-29        +5.463604E-38
1.007885E-02        -7.399085E-29        +5.103638E-38
1.006980E-02        -7.059493E-29        +4.767278E-38
1.006075E-02        -6.734944E-29        +4.452425E-38
1.005171E-02        -6.425121E-29        +4.158233E-38
1.004268E-02        -6.129406E-29        +3.883298E-38
1.003366E-02        -5.847100E-29        +3.626324E-38
1.002465E-02        -5.577602E-29        +3.386202E-38
1.001564E-02        -5.320112E-29        +3.161590E-38
1.000665E-02        -5.074525E-29        +2.951979E-38
9.997657E-03        -4.839889E-29        +2.755847E-38
9.988676E-03        -4.616008E-29        +2.572720E-38
9.979703E-03        -4.402208E-29        +2.401542E-38
9.970738E-03        -4.198249E-29        +2.241690E-38
9.961781E-03        -4.003472E-29        +2.092287E-38
9.952833E-03        -3.817673E-29        +1.952741E-38
9.943892E-03        -3.640320E-29        +1.822338E-38
9.934959E-03        -3.471033E-29        +1.700586E-38
9.926034E-03        -3.309430E-29        +1.586884E-38
9.917118E-03        -3.155311E-29        +1.480662E-38
9.908209E-03        -3.008242E-29        +1.381487E-38
9.899308E-03        -2.867856E-29        +1.288872E-38
9.890415E-03        -2.733939E-29        +1.202333E-38
9.881531E-03        -2.606127E-29        +1.121570E-38
9.872654E-03        -2.484261E-29        +1.046173E-38
9.863785E-03        -2.367895E-29        +9.758216E-39
9.854924E-03        -2.256990E-29        +9.101092E-39
9.846072E-03        -2.151096E-29        +8.487712E-39
9.837227E-03        -2.050159E-29        +7.915147E-39
9.828390E-03        -1.953814E-29        +7.380776E-39
9.819561E-03        -1.861953E-29        +6.882024E-39
9.810740E-03        -1.774369E-29        +6.416598E-39
9.801927E-03        -1.690777E-29        +5.982299E-39
9.793121E-03        -1.611069E-29        +5.576913E-39
9.784324E-03        -1.535139E-29        +5.198733E-39
9.775535E-03        -1.462609E-29        +4.845919E-39
9.766753E-03        -1.393464E-29        +4.516742E-39
9.757979E-03        -1.327596E-29        +4.209659E-39
9.749214E-03        -1.264736E-29        +3.923294E-39
9.740456E-03        -1.204846E-29        +3.656104E-39
9.731706E-03        -1.147664E-29        +3.406915E-39
9.722964E-03        -1.093251E-29        +3.174450E-39
9.714229E-03        -1.041246E-29        +2.957677E-39
9.705503E-03        -9.917857E-30        +2.755553E-39
9.696784E-03        -9.445950E-30        +2.567046E-39
9.688074E-03        -8.996131E-30        +2.391376E-39
9.679371E-03        -8.567382E-30        +2.227450E-39
9.670675E-03        -8.158632E-30        +2.074731E-39
9.661988E-03        -7.769158E-30        +1.932294E-39
9.653309E-03        -7.397928E-30        +1.799596E-39
9.644637E-03        -7.044100E-30        +1.675846E-39
9.635973E-03        -6.706927E-30        +1.560545E-39
9.627317E-03        -6.385690E-30        +1.453015E-39
9.618668E-03        -6.079479E-30        +1.352838E-39
9.610028E-03        -5.787755E-30        +1.259535E-39
9.601395E-03        -5.509759E-30        +1.172584E-39
9.592770E-03        -5.244923E-30        +1.091513E-39
9.584153E-03        -4.992639E-30        +1.016010E-39
9.575543E-03        -4.752202E-30        +9.456474E-40
9.566941E-03        -4.523220E-30        +8.801196E-40
9.558347E-03        -4.305012E-30        +8.190798E-40
9.549761E-03        -4.097180E-30        +7.622208E-40
9.541182E-03        -3.899277E-30        +7.092655E-40
9.532611E-03        -3.710664E-30        +6.599436E-40
9.524048E-03        -3.531112E-30        +6.140147E-40
9.515492E-03        -3.360029E-30        +5.712368E-40
9.506944E-03        -3.197207E-30        +5.314138E-40
9.498404E-03        -3.042068E-30        +4.943290E-40
9.489871E-03        -2.894294E-30        +4.598070E-40
9.481346E-03        -2.753602E-30        +4.276649E-40
9.472829E-03        -2.619685E-30        +3.977510E-40
9.464320E-03        -2.492150E-30        +3.698982E-40
9.455818E-03        -2.370689E-30        +3.439733E-40
9.447323E-03        -2.255090E-30        +3.198468E-40
9.438837E-03        -2.145001E-30        +2.973949E-40
9.430358E-03        -2.040273E-30        +2.764944E-40
9.421886E-03        -1.940523E-30        +2.570535E-40
9.413422E-03        -1.845562E-30        +2.389575E-40
9.404966E-03        -1.755183E-30        +2.221247E-40
9.396517E-03        -1.669090E-30        +2.064563E-40
9.388076E-03        -1.587186E-30        +1.918911E-40
9.379643E-03        -1.509270E-30        +1.783327E-40
9.371217E-03        -1.435127E-30        +1.657282E-40
9.362799E-03        -1.364487E-30        +1.540083E-40
9.354388E-03        -1.297327E-30        +1.430953E-40
9.345985E-03        -1.233449E-30        +1.329577E-40
9.337589E-03        -1.172573E-30        +1.235257E-40
9.329201E-03        -1.114771E-30        +1.147512E-40
9.320820E-03        -1.059665E-30        +1.065935E-40
9.312447E-03        -1.007256E-30        +9.901636E-41
9.304082E-03        -9.574448E-31        +9.196821E-41
9.295724E-03        -9.100327E-31        +8.541592E-41
9.287373E-03        -8.649205E-31        +7.932406E-41
9.279030E-03        -8.220136E-31        +7.366319E-41
9.270695E-03        -7.812102E-31        +6.840157E-41
9.262367E-03        -7.423883E-31        +6.351077E-41
9.254046E-03        -7.054669E-31        +5.896588E-41
9.245733E-03        -6.703519E-31        +5.474266E-41
9.237428E-03        -6.369624E-31        +5.081913E-41
9.229130E-03        -6.052049E-31        +4.717383E-41
9.220839E-03        -5.750007E-31        +4.378609E-41
9.212556E-03        -5.462832E-31        +4.063933E-41
9.204280E-03        -5.189784E-31        +3.771623E-41
9.196011E-03        -4.930086E-31        +3.500091E-41
9.187751E-03        -4.683277E-31        +3.247914E-41
9.179497E-03        -4.448497E-31        +3.013692E-41
9.171251E-03        -4.225389E-31        +2.796114E-41
9.163012E-03        -4.013320E-31        +2.594139E-41
9.154781E-03        -3.811644E-31        +2.406598E-41
9.146557E-03        -3.620008E-31        +2.232390E-41
9.138341E-03        -3.437770E-31        +2.070722E-41
9.130132E-03        -3.264672E-31        +1.920588E-41
9.121930E-03        -3.100045E-31        +1.781197E-41
9.113735E-03        -2.943590E-31        +1.651851E-41
9.105548E-03        -2.795004E-31        +1.531858E-41
9.097369E-03        -2.653715E-31        +1.420430E-41
9.089196E-03        -2.519473E-31        +1.316956E-41
9.081031E-03        -2.391922E-31        +1.221040E-41
9.072874E-03        -2.270751E-31        +1.131995E-41
9.064724E-03        -2.155560E-31        +1.049322E-41
9.056581E-03        -2.046143E-31        +9.726695E-42
9.048445E-03        -1.942201E-31        +9.015378E-42
9.040316E-03        -1.843434E-31        +8.355564E-42
9.032195E-03        -1.749568E-31        +7.743474E-42
9.024082E-03        -1.660488E-31        +7.175803E-42
9.015975E-03        -1.575874E-31        +6.649232E-42
9.007876E-03        -1.495459E-31        +6.160917E-42
8.999784E-03        -1.419121E-31        +5.708094E-42
8.991699E-03        -1.346573E-31        +5.288104E-42
8.983622E-03        -1.277717E-31        +4.898781E-42
8.975552E-03        -1.212338E-31        +4.537712E-42
8.967489E-03        -1.150156E-31        +4.202998E-42
8.959433E-03        -1.091159E-31        +3.892742E-42
8.951385E-03        -1.035159E-31        +3.605110E-42
8.943344E-03        -9.820220E-32        +3.338550E-42
8.935310E-03        -9.315363E-32        +3.091399E-42
8.927283E-03        -8.836008E-32        +2.862437E-42
8.919264E-03        -8.381008E-32        +2.650214E-42
8.911251E-03        -7.948965E-32        +2.453490E-42
8.903246E-03        -7.538895E-32        +2.271303E-42
8.895248E-03        -7.149725E-32        +2.102450E-42
8.887257E-03        -6.780199E-32        +1.946031E-42
8.879274E-03        -6.429625E-32        +1.801158E-42
8.871298E-03        -6.096793E-32        +1.666847E-42
8.863328E-03        -5.780946E-32        +1.542548E-42
8.855366E-03        -5.481183E-32        +1.427328E-42
8.847411E-03        -5.196753E-32        +1.320665E-42
8.839464E-03        -4.926817E-32        +1.221964E-42
8.831523E-03        -4.670774E-32        +1.130509E-42
8.823589E-03        -4.427700E-32        +1.045734E-42
8.815663E-03        -4.197198E-32        +9.673656E-43
8.807744E-03        -3.978457E-32        +8.947686E-43
8.799832E-03        -3.770965E-32        +8.275546E-43
8.791927E-03        -3.574042E-32        +7.653438E-43
8.784029E-03        -3.387282E-32        +7.077592E-43
8.776138E-03        -3.210180E-32        +6.544618E-43
8.768254E-03        -3.042149E-32        +6.051251E-43
8.760377E-03        -2.882790E-32        +5.594699E-43
8.752508E-03        -2.731709E-32        +5.172323E-43
8.744645E-03        -2.588300E-32        +4.781436E-43
8.736790E-03        -2.452461E-32        +4.419846E-43
8.728942E-03        -2.323513E-32        +4.085311E-43
8.721100E-03        -2.201314E-32        +3.775719E-43
8.713266E-03        -2.085411E-32        +3.489437E-43
8.705439E-03        -1.975493E-32        +3.224560E-43
8.697618E-03        -1.871334E-32        +2.979636E-43
8.689805E-03        -1.772569E-32        +2.753064E-43
8.681999E-03        -1.678889E-32        +2.543597E-43
8.674200E-03        -1.590096E-32        +2.349856E-43
8.666408E-03        -1.505982E-32        +2.170741E-43
8.658622E-03        -1.426239E-32        +2.005140E-43
8.650844E-03        -1.350598E-32        +1.852087E-43
8.643073E-03        -1.278945E-32        +1.710488E-43
8.635309E-03        -1.211072E-32        +1.579636E-43
8.627552E-03        -1.146692E-32        +1.458731E-43
8.619801E-03        -1.085691E-32        +1.346966E-43
8.612058E-03        -1.027888E-32        +1.243677E-43
8.604322E-03        -9.731154E-33        +1.148242E-43
8.596592E-03        -9.212162E-33        +1.059972E-43
8.588870E-03        -8.720540E-33        +9.785035E-44
8.581154E-03        -8.254676E-33        +9.032052E-44
8.573446E-03        -7.813389E-33        +8.336403E-44
8.565744E-03        -7.395271E-33        +7.693799E-44
8.558049E-03        -6.999187E-33        +7.100166E-44
8.550361E-03        -6.624031E-33        +6.551828E-44
8.542681E-03        -6.268666E-33        +6.045548E-44
8.535007E-03        -5.932093E-33        +5.577920E-44
8.527339E-03        -5.613319E-33        +5.146062E-44
8.519679E-03        -5.311434E-33        +4.747307E-44
8.512026E-03        -5.025506E-33        +4.379108E-44
8.504379E-03        -4.754789E-33        +4.039135E-44
8.496740E-03        -4.498459E-33        +3.725381E-44
8.489107E-03        -4.255662E-33        +3.435765E-44
8.481481E-03        -4.025818E-33        +3.168353E-44
8.473862E-03        -3.808147E-33        +2.921551E-44
8.466250E-03        -3.602135E-33        +2.693851E-44
8.458644E-03        -3.407063E-33        +2.483646E-44
8.451046E-03        -3.222394E-33        +2.289689E-44
8.443454E-03        -3.047662E-33        +2.110655E-44
8.435869E-03        -2.882202E-33        +1.945637E-44
8.428291E-03        -2.725527E-33        +1.793273E-44
8.420720E-03        -2.577324E-33        +1.652749E-44
8.413155E-03        -2.437074E-33        +1.523068E-44
8.405598E-03        -2.304321E-33        +1.403549E-44
8.398047E-03        -2.178640E-33        +1.293274E-44
8.390503E-03        -2.059826E-33        +1.191564E-44
8.382965E-03        -1.947288E-33        +1.097802E-44
8.375435E-03        -1.840848E-33        +1.011323E-44
8.367911E-03        -1.740173E-33        +9.316003E-45
8.360394E-03        -1.644889E-33        +8.580912E-45
8.352884E-03        -1.554783E-33        +7.903263E-45
8.345380E-03        -1.469461E-33        +7.278503E-45
8.337884E-03        -1.388829E-33        +6.702795E-45
8.330393E-03        -1.312472E-33        +6.171956E-45
8.322910E-03        -1.240316E-33        +5.682898E-45
8.315434E-03        -1.172137E-33        +5.232174E-45
8.307964E-03        -1.107546E-33        +4.816835E-45
8.300500E-03        -1.046442E-33        +4.434102E-45
8.293044E-03        -9.887324E-34        +4.081495E-45
8.285594E-03        -9.341289E-34        +3.756620E-45
8.278151E-03        -8.825067E-34        +3.457343E-45
8.270715E-03        -8.336884E-34        +3.181755E-45
8.263285E-03        -7.875360E-34        +2.927845E-45
8.255862E-03        -7.438976E-34        +2.694044E-45
8.248446E-03        -7.026437E-34        +2.478672E-45
8.241036E-03        -6.636477E-34        +2.280392E-45
8.233633E-03        -6.267775E-34        +2.097755E-45
8.226236E-03        -5.919275E-34        +1.929631E-45
8.218847E-03        -5.589971E-34        +1.774876E-45
8.211464E-03        -5.278676E-34        +1.632441E-45
8.204087E-03        -4.984403E-34        +1.501247E-45
8.196717E-03        -4.706296E-34        +1.380506E-45
8.189354E-03        -4.443550E-34        +1.269335E-45
8.181997E-03        -4.195234E-34        +1.167108E-45
8.174647E-03        -3.960590E-34        +1.073044E-45
8.167304E-03        -3.738909E-34        +9.864344E-46
8.159967E-03        -3.529381E-34        +9.067635E-46
8.152637E-03        -3.331516E-34        +8.334672E-46
8.145313E-03        -3.144507E-34        +7.660370E-46
8.137996E-03        -2.967878E-34        +7.040061E-46
8.130686E-03        -2.801117E-34        +6.469546E-46
8.123382E-03        -2.643514E-34        +5.944770E-46
8.116084E-03        -2.494582E-34        +5.462065E-46
8.108794E-03        -2.354043E-34        +5.018269E-46
8.101509E-03        -2.221251E-34        +4.610119E-46
8.094232E-03        -2.095862E-34        +4.234985E-46
8.086960E-03        -1.977423E-34        +3.889934E-46
8.079696E-03        -1.865591E-34        +3.572730E-46
8.072438E-03        -1.760021E-34        +3.281178E-46
8.065186E-03        -1.660237E-34        +3.013192E-46
8.057941E-03        -1.566137E-34        +2.766831E-46
8.050702E-03        -1.477308E-34        +2.540457E-46
8.043470E-03        -1.393379E-34        +2.332417E-46
8.036245E-03        -1.314226E-34        +2.141304E-46
8.029026E-03        -1.239373E-34        +1.965614E-46
8.021813E-03        -1.168882E-34        +1.804244E-46
8.014607E-03        -1.102200E-34        +1.656023E-46
8.007407E-03        -1.039389E-34        +1.519836E-46
8.000214E-03        -9.800293E-35        +1.394714E-46
7.993027E-03        -9.240420E-35        +1.279832E-46
7.985847E-03        -8.712001E-35        +1.174314E-46
7.978673E-03        -8.213447E-35        +1.077356E-46
7.971506E-03        -7.743039E-35        +9.883841E-47
7.964345E-03        -7.299123E-35        +9.066748E-47
7.957191E-03        -6.880353E-35        +8.316692E-47
7.950042E-03        -6.485142E-35        +7.627831E-47
7.942901E-03        -6.112526E-35        +6.995743E-47
7.935766E-03        -5.760835E-35        +6.415390E-47
7.928637E-03        -5.429157E-35        +5.882775E-47
7.921514E-03        -5.116306E-35        +5.393846E-47
7.914398E-03        -4.821315E-35        +4.945270E-47
7.907289E-03        -4.543007E-35        +4.533660E-47
7.900185E-03        -4.280586E-35        +4.155918E-47
7.893089E-03        -4.033083E-35        +3.809421E-47
7.885998E-03        -3.799688E-35        +3.491519E-47
7.878914E-03        -3.579665E-35        +3.199835E-47
7.871836E-03        -3.372103E-35        +2.932327E-47
7.864765E-03        -3.176514E-35        +2.687031E-47
7.857700E-03        -2.992082E-35        +2.461946E-47
7.850641E-03        -2.818209E-35        +2.255653E-47
7.843589E-03        -2.654318E-35        +2.066406E-47
7.836543E-03        -2.499791E-35        +1.892885E-47
7.829503E-03        -2.354131E-35        +1.733881E-47
7.822470E-03        -2.216857E-35        +1.588036E-47
7.815443E-03        -2.087454E-35        +1.454330E-47
7.808422E-03        -1.965524E-35        +1.331770E-47
7.801407E-03        -1.850662E-35        +1.219463E-47
7.794399E-03        -1.742391E-35        +1.116614E-47
7.787397E-03        -1.640303E-35        +1.022235E-47
7.780402E-03        -1.544199E-35        +9.358610E-48
7.773413E-03        -1.453579E-35        +8.566739E-48
7.766430E-03        -1.368240E-35        +7.841324E-48
7.759453E-03        -1.287876E-35        +7.176624E-48
7.752483E-03        -1.212109E-35        +6.567838E-48
7.745518E-03        -1.140719E-35        +6.010127E-48
7.738560E-03        -1.073520E-35        +5.499460E-48
7.731609E-03        -1.010220E-35        +5.031757E-48
7.724663E-03        -9.506518E-36        +4.603398E-48
7.717724E-03        -8.945027E-36        +4.211222E-48
7.710791E-03        -8.416306E-36        +3.852091E-48
7.703864E-03        -7.918289E-36        +3.523318E-48
7.696944E-03        -7.449525E-36        +3.222448E-48
7.690030E-03        -7.008065E-36        +2.946956E-48
7.683122E-03        -6.592411E-36        +2.694756E-48
7.676220E-03        -6.201067E-36        +2.463955E-48
7.669324E-03        -5.832555E-36        +2.252760E-48
7.662435E-03        -5.485806E-36        +2.059510E-48
7.655551E-03        -5.159247E-36        +1.882662E-48
7.648674E-03        -4.851965E-36        +1.720957E-48
7.641803E-03        -4.562718E-36        +1.572897E-48
7.634938E-03        -4.290423E-36        +1.437476E-48
7.628080E-03        -4.034297E-36        +1.313625E-48
7.621227E-03        -3.793092E-36        +1.200397E-48
7.614381E-03        -3.566176E-36        +1.096752E-48
7.607541E-03        -3.352707E-36        +1.002058E-48
7.600707E-03        -3.151798E-36        +9.154195E-49
7.593879E-03        -2.962755E-36        +8.362069E-49
7.587058E-03        -2.784993E-36        +7.637945E-49
7.580242E-03        -2.617671E-36        +6.975924E-49
7.573433E-03        -2.460244E-36        +6.370747E-49
7.566629E-03        -2.312168E-36        +5.817550E-49
7.559832E-03        -2.172975E-36        +5.312023E-49
7.553041E-03        -2.041959E-36        +4.850090E-49
7.546256E-03        -1.918726E-36        +4.427884E-49
7.539477E-03        -1.802956E-36        +4.042112E-49
7.532704E-03        -1.693970E-36        +3.689596E-49
7.525937E-03        -1.591467E-36        +3.367549E-49
7.519177E-03        -1.495158E-36        +3.073422E-49
7.512422E-03        -1.404609E-36        +2.804740E-49
7.505674E-03        -1.319366E-36        +2.559390E-49
7.498931E-03        -1.239291E-36        +2.335218E-49
7.492195E-03        -1.164017E-36        +2.130587E-49
7.485464E-03        -1.093306E-36        +1.943653E-49
7.478740E-03        -1.026708E-36        +1.772976E-49
7.472022E-03        -9.642278E-37        +1.617138E-49
7.465310E-03        -9.054588E-37        +1.474935E-49
7.458603E-03        -8.502206E-37        +1.345062E-49
7.451903E-03        -7.983110E-37        +1.226561E-49
7.445209E-03        -7.495319E-37        +1.118414E-49
7.438521E-03        -7.036937E-37        +1.019727E-49
7.431839E-03        -6.606180E-37        +9.296715E-50
7.425163E-03        -6.201534E-37        +8.474837E-50
7.418492E-03        -5.821174E-37        +7.724849E-50
7.411828E-03        -5.463999E-37        +7.040798E-50
7.405170E-03        -5.128456E-37        +6.416790E-50
7.398518E-03        -4.813164E-37        +5.847556E-50
7.391872E-03        -4.517105E-37        +5.328406E-50
7.385231E-03        -4.238867E-37        +4.854806E-50
7.378597E-03        -3.977710E-37        +4.423094E-50
7.371969E-03        -3.732319E-37        +4.029334E-50
7.365346E-03        -3.501942E-37        +3.670370E-50
7.358730E-03        -3.285563E-37        +3.343128E-50
7.352120E-03        -3.082356E-37        +3.044768E-50
7.345515E-03        -2.891668E-37        +2.772759E-50
7.338917E-03        -2.712491E-37        +2.524893E-50
7.332324E-03        -2.544352E-37        +2.298999E-50
7.325737E-03        -2.386487E-37        +2.093125E-50
7.319156E-03        -2.238296E-37        +1.905485E-50
7.312581E-03        -2.099179E-37        +1.734573E-50
7.306012E-03        -1.968546E-37        +1.578808E-50
7.299449E-03        -1.845991E-37        +1.436980E-50
7.292892E-03        -1.731009E-37        +1.307708E-50
7.286341E-03        -1.623015E-37        +1.189990E-50
7.279795E-03        -1.521688E-37        +1.082809E-50
7.273256E-03        -1.426660E-37        +9.851708E-51
7.266722E-03        -1.337496E-37        +8.962627E-51
7.260194E-03        -1.253729E-37        +8.153049E-51
7.253672E-03        -1.175241E-37        +7.415993E-51
7.247156E-03        -1.101546E-37        +6.744988E-51
7.240646E-03        -1.032438E-37        +6.134244E-51
7.234142E-03        -9.676197E-38        +5.578292E-51
7.227643E-03        -9.068109E-38        +5.072263E-51
7.221150E-03        -8.497644E-38        +4.611675E-51
7.214663E-03        -7.962696E-38        +4.192631E-51
7.208182E-03        -7.461063E-38        +3.811344E-51
7.201707E-03        -6.990560E-38        +3.464432E-51
7.195238E-03        -6.549386E-38        +3.148892E-51
7.188774E-03        -6.135677E-38        +2.861707E-51
7.182316E-03        -5.747720E-38        +2.600531E-51
7.175864E-03        -5.384099E-38        +2.363060E-51
7.169418E-03        -5.043131E-38        +2.147017E-51
7.162978E-03        -4.723509E-38        +1.950599E-51
7.156543E-03        -4.423800E-38        +1.771988E-51
7.150114E-03        -4.142945E-38        +1.609613E-51
7.143691E-03        -3.879655E-38        +1.461896E-51
7.137274E-03        -3.632929E-38        +1.327722E-51
7.130862E-03        -3.401727E-38        +1.205689E-51
7.124457E-03        -3.185032E-38        +1.094832E-51
7.118057E-03        -2.981972E-38        +9.940620E-52
7.111662E-03        -2.791655E-38        +9.024758E-52
7.105274E-03        -2.613344E-38        +8.192741E-52
7.098891E-03        -2.446282E-38        +7.436728E-52
7.092514E-03        -2.289797E-38        +6.749875E-52
7.086143E-03        -2.143191E-38        +6.125906E-52
7.079777E-03        -2.005844E-38        +5.559144E-52
7.073417E-03        -1.877178E-38        +5.044405E-52
7.067063E-03        -1.756604E-38        +4.576905E-52
7.060715E-03        -1.643804E-38        +4.152360E-52
7.054372E-03        -1.538080E-38        +3.766907E-52
7.048035E-03        -1.439135E-38        +3.416846E-52
7.041703E-03        -1.346371E-38        +3.099117E-52
7.035378E-03        -1.259605E-38        +2.810646E-52
7.029058E-03        -1.178317E-38        +2.548837E-52
7.022743E-03        -1.102208E-38        +2.311207E-52
7.016435E-03        -1.030998E-38        +2.095542E-52
7.010132E-03        -9.642913E-39        +1.899782E-52
7.003835E-03        -9.018655E-39        +1.722257E-52
6.997543E-03        -8.434230E-39        +1.561148E-52
6.991257E-03        -7.887238E-39        +1.414899E-52
6.984977E-03        -7.375281E-39        +1.282303E-52
6.978702E-03        -6.896091E-39        +1.162045E-52
6.972433E-03        -6.447742E-39        +1.052954E-52
6.966169E-03        -6.028081E-39        +9.540322E-53
6.959911E-03        -5.635473E-39        +8.643139E-53
6.953659E-03        -5.268122E-39        +7.829782E-53
6.947413E-03        -4.924432E-39        +7.092283E-53
6.941172E-03        -4.602943E-39        +6.423645E-53
6.934936E-03        -4.302077E-39        +5.817422E-53
6.928707E-03        -4.020722E-39        +5.268110E-53
6.922482E-03        -3.757454E-39        +4.770075E-53
6.916264E-03        -3.511299E-39        +4.318874E-53
6.910051E-03        -3.281076E-39        +3.909968E-53
6.903843E-03        -3.065697E-39        +3.539390E-53
6.897642E-03        -2.864329E-39        +3.203760E-53
6.891445E-03        -2.675980E-39        +2.899630E-53
6.885255E-03        -2.499940E-39        +2.624164E-53
6.879070E-03        -2.335353E-39        +2.374669E-53
6.872890E-03        -2.181423E-39        +2.148574E-53
6.866716E-03        -2.037485E-39        +1.943914E-53
6.860547E-03        -1.903004E-39        +1.758568E-53
6.854385E-03        -1.777237E-39        +1.590801E-53
6.848227E-03        -1.659712E-39        +1.438930E-53
6.842075E-03        -1.549785E-39        +1.301418E-53
6.835929E-03        -1.447142E-39        +1.176872E-53
6.829788E-03        -1.351175E-39        +1.064174E-53
6.823653E-03        -1.261503E-39        +9.622509E-54
6.817523E-03        -1.177801E-39        +8.699565E-54
6.811399E-03        -1.099498E-39        +7.864570E-54
6.805280E-03        -1.026371E-39        +7.109018E-54
6.799167E-03        -9.579920E-40        +6.425470E-54
6.793059E-03        -8.941450E-40        +5.807129E-54
6.786956E-03        -8.345026E-40        +5.247738E-54
6.780860E-03        -7.787952E-40        +4.741890E-54
6.774768E-03        -7.267556E-40        +4.284350E-54
6.768682E-03        -6.781616E-40        +3.870692E-54
6.762602E-03        -6.327744E-40        +3.496627E-54
6.756527E-03        -5.903954E-40        +3.158403E-54
6.750458E-03        -5.508134E-40        +2.852597E-54
6.744393E-03        -5.138461E-40        +2.576212E-54
6.738335E-03        -4.793421E-40        +2.326404E-54
6.732282E-03        -4.471294E-40        +2.100590E-54
6.726234E-03        -4.170496E-40        +1.896487E-54
6.720192E-03        -3.889770E-40        +1.712130E-54
6.714155E-03        -3.627588E-40        +1.545501E-54
6.708123E-03        -3.382941E-40        +1.395001E-54
6.702097E-03        -3.154582E-40        +1.258972E-54
6.696077E-03        -2.941506E-40        +1.136203E-54
6.690062E-03        -2.742675E-40        +1.025283E-54
6.684052E-03        -2.557008E-40        +9.250613E-55
6.678047E-03        -2.383891E-40        +8.345698E-55
6.672048E-03        -2.222271E-40        +7.528677E-55
6.666055E-03        -2.071536E-40        +6.791148E-55
6.660067E-03        -1.930869E-40        +6.125218E-55
6.654084E-03        -1.799668E-40        +5.524027E-55
6.648106E-03        -1.677238E-40        +4.981401E-55
6.642134E-03        -1.563008E-40        +4.491657E-55
6.636167E-03        -1.456546E-40        +4.049716E-55
6.630206E-03        -1.357183E-40        +3.650878E-55
6.624250E-03        -1.264594E-40        +3.291075E-55
6.618299E-03        -1.178189E-40        +2.966342E-55
6.612354E-03        -1.097675E-40        +2.673528E-55
6.606414E-03        -1.022548E-40        +2.409306E-55
6.600479E-03        -9.525421E-41        +2.171074E-55
6.594550E-03        -8.872541E-41        +1.956099E-55
6.588626E-03        -8.263919E-41        +1.762336E-55
6.582708E-03        -7.696662E-41        +1.587627E-55
6.576794E-03        -7.167791E-41        +1.430026E-55
6.570886E-03        -6.674806E-41        +1.287993E-55
6.564983E-03        -6.215411E-41        +1.160002E-55
6.559086E-03        -5.787203E-41        +1.044586E-55
6.553194E-03        -5.388203E-41        +9.405456E-56
6.547307E-03        -5.016420E-41        +8.467967E-56
6.541425E-03        -4.669960E-41        +7.623326E-56
6.535549E-03        -4.347094E-41        +6.862220E-56
6.529678E-03        -4.046358E-41        +6.176619E-56
6.523812E-03        -3.766166E-41        +5.558872E-56
6.517952E-03        -3.505257E-41        +5.002497E-56
6.512097E-03        -3.262100E-41        +4.501407E-56
6.506247E-03        -3.035690E-41        +4.050037E-56
6.500402E-03        -2.824741E-41        +3.643604E-56
6.494563E-03        -2.628379E-41        +3.277689E-56
6.488729E-03        -2.445384E-41        +2.948239E-56
6.482900E-03        -2.275052E-41        +2.651665E-56
6.477076E-03        -2.116485E-41        +2.384593E-56
6.471258E-03        -1.968815E-41        +2.144361E-56
6.465444E-03        -1.831295E-41        +1.928012E-56
6.459636E-03        -1.703369E-41        +1.733418E-56
6.453834E-03        -1.584238E-41        +1.558287E-56
6.448036E-03        -1.473270E-41        +1.400665E-56
6.442244E-03        -1.370094E-41        +1.258912E-56
6.436456E-03        -1.273985E-41        +1.131389E-56
6.430674E-03        -1.184575E-41        +1.016740E-56
6.424898E-03        -1.101362E-41        +9.135618E-57
6.419126E-03        -1.023919E-41        +8.207792E-57
6.413360E-03        -9.518662E-42        +7.373600E-57
6.407598E-03        -8.848179E-42        +6.623484E-57
6.401842E-03        -8.224494E-42        +5.949143E-57
6.396092E-03        -7.644391E-42        +5.342976E-57
6.390346E-03        -7.104587E-42        +4.798089E-57
6.384605E-03        -6.602491E-42        +4.308232E-57
6.378870E-03        -6.135590E-42        +3.868185E-57
6.373140E-03        -5.701302E-42        +3.472687E-57
6.367415E-03        -5.297339E-42        +3.117350E-57
6.361695E-03        -4.921706E-42        +2.797998E-57
6.355980E-03        -4.572410E-42        +2.511141E-57
6.350270E-03        -4.247653E-42        +2.253494E-57
6.344566E-03        -3.945697E-42        +2.022195E-57
6.338866E-03        -3.664939E-42        +1.814291E-57
6.333172E-03        -3.403981E-42        +1.627747E-57
6.327483E-03        -3.161381E-42        +1.460144E-57
6.321799E-03        -2.935936E-42        +1.309687E-57
6.316120E-03        -2.726354E-42        +1.174677E-57
6.310446E-03        -2.531539E-42        +1.053426E-57
6.304777E-03        -2.350493E-42        +9.445876E-58
6.299113E-03        -2.182221E-42        +8.469247E-58
6.293455E-03        -2.025945E-42        +7.592967E-58
6.287801E-03        -1.880622E-42        +6.806560E-58
6.282153E-03        -1.745699E-42        +6.101136E-58
6.276509E-03        -1.620331E-42        +5.468173E-58
6.270871E-03        -1.503866E-42        +4.900423E-58
6.265238E-03        -1.395682E-42        +4.391191E-58
6.259610E-03        -1.295182E-42        +3.934497E-58
6.253987E-03        -1.201866E-42        +3.524960E-58
6.248369E-03        -1.115232E-42        +3.157793E-58
6.242756E-03        -1.034689E-42        +2.828516E-58
6.237148E-03        -9.599518E-43        +2.533336E-58
6.231545E-03        -8.905439E-43        +2.268672E-58
6.225947E-03        -8.260960E-43        +2.031526E-58
6.220354E-03        -7.662590E-43        +1.819009E-58
6.214766E-03        -7.107132E-43        +1.628529E-58
6.209183E-03        -6.591497E-43        +1.457797E-58
6.203605E-03        -6.112888E-43        +1.304911E-58
6.198033E-03        -5.668691E-43        +1.167908E-58
6.192465E-03        -5.256349E-43        +1.045236E-58
6.186902E-03        -4.873655E-43        +9.352915E-59
6.181344E-03        -4.518603E-43        +8.368549E-59
6.175791E-03        -4.189009E-43        +7.486908E-59
6.170244E-03        -3.883322E-43        +6.697654E-59
6.164701E-03        -3.599639E-43        +5.990926E-59
6.159163E-03        -3.336516E-43        +5.358204E-59
6.153630E-03        -3.092360E-43        +4.791901E-59
6.148102E-03        -2.865873E-43        +4.284943E-59
6.142579E-03        -2.655854E-43        +3.831242E-59
6.137061E-03        -2.461010E-43        +3.425218E-59
6.131548E-03        -2.280338E-43        +3.061976E-59
6.126040E-03        -2.112747E-43        +2.736936E-59
6.120537E-03        -1.957428E-43        +2.446203E-59
6.115039E-03        -1.813293E-43        +2.186088E-59
6.109546E-03        -1.679737E-43        +1.953403E-59
6.104057E-03        -1.555844E-43        +1.745317E-59
6.098574E-03        -1.441056E-43        +1.559309E-59
6.093095E-03        -1.334635E-43        +1.392921E-59
6.087622E-03        -1.236018E-43        +1.244217E-59
6.082153E-03        -1.144573E-43        +1.111247E-59
6.076690E-03        -1.059832E-43        +9.923754E-60
6.071231E-03        -9.812668E-44        +8.861302E-60
6.065777E-03        -9.084821E-44        +7.911783E-60
6.060328E-03        -8.410393E-44        +7.063416E-60
6.054884E-03        -7.785585E-44        +6.305330E-60
6.049445E-03        -7.206702E-44        +5.628045E-60
6.044010E-03        -6.670258E-44        +5.022877E-60
6.038581E-03        -6.173450E-44        +4.482461E-60
6.033156E-03        -5.713199E-44        +3.999621E-60
6.027737E-03        -5.286977E-44        +3.568634E-60
6.022322E-03        -4.892133E-44        +3.183568E-60
6.016912E-03        -4.526545E-44        +2.839904E-60
6.011507E-03        -4.187921E-44        +2.533053E-60
6.006107E-03        -3.874458E-44        +2.259031E-60
6.000711E-03        -3.584110E-44        +2.014493E-60
5.995321E-03        -3.315382E-44        +1.796241E-60
5.989935E-03        -3.066481E-44        +1.601496E-60
5.984554E-03        -2.836154E-44        +1.427708E-60
5.979178E-03        -2.622906E-44        +1.272677E-60
5.973807E-03        -2.425536E-44        +1.134310E-60
5.968441E-03        -2.242848E-44        +1.010909E-60
5.963079E-03        -2.073807E-44        +9.008089E-61
5.957722E-03        -1.917353E-44        +8.026343E-61
5.952370E-03        -1.772584E-44        +7.150878E-61
5.947023E-03        -1.638604E-44        +6.370215E-61
5.941681E-03        -1.514710E-44        +5.674268E-61
5.936344E-03        -1.400100E-44        +5.053852E-61
5.931011E-03        -1.293963E-44        +4.500689E-61
5.925683E-03        -1.195819E-44        +4.007705E-61
5.920360E-03        -1.105161E-44        +3.568315E-61
5.915041E-03        -1.021183E-44        +3.176754E-61
5.909728E-03        -9.435528E-45        +2.827881E-61
5.904419E-03        -8.717617E-45        +2.517067E-61
5.899115E-03        -8.053846E-45        +2.240188E-61
5.893816E-03        -7.440024E-45        +1.993550E-61
5.888521E-03        -6.872539E-45        +1.773915E-61
5.883231E-03        -6.347820E-45        +1.578240E-61
5.877946E-03        -5.862860E-45        +1.404026E-61
5.872666E-03        -5.414561E-45        +1.248972E-61
5.867391E-03        -5.000126E-45        +1.110886E-61
5.862120E-03        -4.617083E-45        +9.879173E-62
5.856854E-03        -4.263114E-45        +8.785040E-62
5.851593E-03        -3.936018E-45        +7.811285E-62
5.846336E-03        -3.633741E-45        +6.944666E-62
5.841084E-03        -3.354445E-45        +6.173585E-62
5.835837E-03        -3.096431E-45        +5.487461E-62
5.830595E-03        -2.858096E-45        +4.877196E-62
5.825357E-03        -2.637805E-45        +4.334300E-62
5.820124E-03        -2.434398E-45        +3.851312E-62
5.814896E-03        -2.246480E-45        +3.421926E-62
5.809672E-03        -2.072915E-45        +3.039988E-62
5.804453E-03        -1.912642E-45        +2.700481E-62
5.799239E-03        -1.764657E-45        +2.398611E-62
5.794029E-03        -1.627940E-45        +2.130137E-62
5.788824E-03        -1.501813E-45        +1.891617E-62
5.783624E-03        -1.385282E-45        +1.679653E-62
5.778429E-03        -1.277741E-45        +1.491250E-62
5.773238E-03        -1.178378E-45        +1.323781E-62
5.768052E-03        -1.086806E-45        +1.175080E-62
5.762870E-03        -1.002213E-45        +1.042929E-62
5.757693E-03        -9.240890E-46        +9.255479E-63
5.752521E-03        -8.520399E-46        +8.212871E-63
5.747353E-03        -7.855346E-46        +7.286902E-63
5.742190E-03        -7.241767E-46        +6.464596E-63
5.737032E-03        -6.675661E-46        +5.734649E-63
5.731878E-03        -6.153324E-46        +5.086356E-63
5.726729E-03        -5.671470E-46        +4.510964E-63
5.721585E-03        -5.227090E-46        +4.000277E-63
5.716445E-03        -4.817013E-46        +3.547013E-63
5.711310E-03        -4.438917E-46        +3.144685E-63
5.706179E-03        -4.090042E-46        +2.787722E-63
5.701054E-03        -3.768515E-46        +2.471069E-63
5.695932E-03        -3.471858E-46        +2.190052E-63
5.690815E-03        -3.198393E-46        +1.940897E-63
5.685703E-03        -2.946221E-46        +1.719809E-63
5.680596E-03        -2.713740E-46        +1.523786E-63
5.675493E-03        -2.499406E-46        +1.349898E-63
5.670394E-03        -2.301829E-46        +1.195756E-63
5.665301E-03        -2.119784E-46        +1.059122E-63
5.660211E-03        -1.951964E-46        +9.379876E-64
5.655127E-03        -1.797274E-46        +8.306306E-64
5.650047E-03        -1.654749E-46        +7.354681E-64
5.644971E-03        -1.523395E-46        +6.511266E-64
5.639900E-03        -1.402341E-46        +5.763956E-64
5.634834E-03        -1.290882E-46        +5.101946E-64
5.629772E-03        -1.188102E-46        +4.515429E-64
5.624714E-03        -1.093500E-46        +3.995842E-64
5.619662E-03        -1.006317E-46        +3.535790E-64
5.614613E-03        -9.260477E-47        +3.128213E-64
5.609570E-03        -8.521138E-47        +2.767463E-64
5.604531E-03        -7.840142E-47        +2.447902E-64
5.599496E-03        -7.213014E-47        +2.165046E-64
5.594466E-03        -6.635682E-47        +1.914759E-64
5.589440E-03        -6.103942E-47        +1.693102E-64
5.584419E-03        -5.614501E-47        +1.497021E-64
5.579403E-03        -5.163955E-47        +1.323419E-64
5.574391E-03        -4.749217E-47        +1.169864E-64
5.569383E-03        -4.367402E-47        +1.033966E-64
5.564380E-03        -4.015990E-47        +9.138257E-65
5.559381E-03        -3.692515E-47        +8.075125E-65
5.554387E-03        -3.394942E-47        +7.135000E-65
5.549398E-03        -3.121167E-47        +6.303675E-65
5.544413E-03        -2.869140E-47        +5.568506E-65
5.539432E-03        -2.637366E-47        +4.918537E-65
5.534456E-03        -2.424096E-47        +4.343917E-65
5.529484E-03        -2.227887E-47        +3.836040E-65
5.524517E-03        -2.047382E-47        +3.387126E-65
5.519554E-03        -1.881345E-47        +2.990488E-65
5.514596E-03        -1.728710E-47        +2.639921E-65
5.509642E-03        -1.588347E-47        +2.330258E-65
5.504693E-03        -1.459285E-47        +2.056671E-65
5.499748E-03        -1.340503E-47        +1.815009E-65
5.494807E-03        -1.231398E-47        +1.601489E-65
5.489871E-03        -1.130999E-47        +1.412956E-65
5.484939E-03        -1.038782E-47        +1.246476E-65
5.480012E-03        -9.539976E-48        +1.099487E-65
5.475089E-03        -8.760591E-48        +9.697587E-66
5.470171E-03        -8.044326E-48        +8.552329E-66
5.465257E-03        -7.386039E-48        +7.541278E-66
5.460348E-03        -6.781167E-48        +6.649160E-66
5.455442E-03        -6.225181E-48        +5.861758E-66
5.450542E-03        -5.714526E-48        +5.167170E-66
5.445645E-03        -5.245286E-48        +4.554181E-66
5.440754E-03        -4.814256E-48        +4.013676E-66
5.435866E-03        -4.418270E-48        +3.536734E-66
5.430983E-03        -4.054601E-48        +3.116176E-66
5.426104E-03        -3.720478E-48        +2.745321E-66
5.421230E-03        -3.413766E-48        +2.418350E-66
5.416360E-03        -3.132008E-48        +2.130002E-66
5.411494E-03        -2.873307E-48        +1.875890E-66
5.406633E-03        -2.635721E-48        +1.651871E-66
5.401776E-03        -2.417698E-48        +1.454403E-66
5.396924E-03        -2.217485E-48        +1.280525E-66
5.392075E-03        -2.033703E-48        +1.127178E-66
5.387232E-03        -1.864970E-48        +9.921364E-67
5.382392E-03        -1.710176E-48        +8.731489E-67
5.377557E-03        -1.568093E-48        +7.683603E-67
5.372726E-03        -1.437690E-48        +6.760598E-67
5.367900E-03        -1.317994E-48        +5.947875E-67
5.363078E-03        -1.208181E-48        +5.232173E-67
5.358260E-03        -1.107453E-48        +4.602125E-67
5.353447E-03        -1.015032E-48        +4.047469E-67
5.348638E-03        -9.303062E-49        +3.559195E-67
5.343833E-03        -8.525500E-49        +3.129523E-67
5.339032E-03        -7.812246E-49        +2.751276E-67
5.334236E-03        -7.158146E-49        +2.418631E-67
5.329444E-03        -6.558360E-49        +2.125822E-67
5.324657E-03        -6.008315E-49        +1.868311E-67
5.319874E-03        -5.504092E-49        +1.641845E-67
5.315095E-03        -5.041705E-49        +1.442636E-67
5.310320E-03        -4.617764E-49        +1.267393E-67
5.305550E-03        -4.229156E-49        +1.113351E-67
5.300784E-03        -3.872998E-49        +9.779303E-68
5.296022E-03        -3.546499E-49        +8.588555E-68
5.291264E-03        -3.247265E-49        +7.541915E-68
5.286511E-03        -2.973057E-49        +6.622203E-68
5.281762E-03        -2.721817E-49        +5.813828E-68
5.277018E-03        -2.491695E-49        +5.103758E-68
5.272277E-03        -2.280701E-49        +4.479625E-68
5.267541E-03        -2.087526E-49        +3.931517E-68
5.262809E-03        -1.910530E-49        +3.450017E-68
5.258081E-03        -1.748316E-49        +3.027043E-68
5.253358E-03        -1.599818E-49        +2.655684E-68
5.248639E-03        -1.463901E-49        +2.329660E-68
5.243924E-03        -1.339270E-49        +2.043383E-68
5.239213E-03        -1.225227E-49        +1.792065E-68
5.234507E-03        -1.120796E-49        +1.571458E-68
5.229804E-03        -1.025233E-49        +1.377874E-68
5.225106E-03        -9.377009E-50        +1.208004E-68
5.220413E-03        -8.575970E-50        +1.058939E-68
5.215723E-03        -7.842486E-50        +9.281215E-69
5.211038E-03        -7.171381E-50        +8.134116E-69
5.206357E-03        -6.557107E-50        +7.127744E-69
5.201680E-03        -5.994976E-50        +6.245229E-69
5.197007E-03        -5.480497E-50        +5.471203E-69
5.192338E-03        -5.009878E-50        +4.792588E-69
5.187674E-03        -4.579314E-50        +4.197721E-69
5.183014E-03        -4.185409E-50        +3.676169E-69
5.178358E-03        -3.825070E-50        +3.219149E-69
5.173706E-03        -3.495402E-50        +2.818475E-69
5.169058E-03        -3.194009E-50        +2.467457E-69
5.164415E-03        -2.918354E-50        +2.159868E-69
5.159776E-03        -2.666273E-50        +1.890436E-69
5.155141E-03        -2.435672E-50        +1.654370E-69
5.150510E-03        -2.224952E-50        +1.447578E-69
5.145883E-03        -2.032218E-50        +1.266565E-69
5.141260E-03        -1.856071E-50        +1.108034E-69
5.136642E-03        -1.695048E-50        +9.691784E-70
5.132027E-03        -1.547880E-50        +8.476407E-70
5.127417E-03        -1.413334E-50        +7.412669E-70
5.122811E-03        -1.290478E-50        +6.481617E-70
5.118209E-03        -1.178115E-50        +5.666775E-70
5.113611E-03        -1.075444E-50        +4.953762E-70
5.109018E-03        -9.817177E-51        +4.330118E-70
5.104428E-03        -8.960355E-51        +3.784288E-70
5.099843E-03        -8.177862E-51        +3.307023E-70
5.095262E-03        -7.463012E-51        +2.889607E-70
5.090685E-03        -6.810116E-51        +2.524552E-70
5.086111E-03        -6.213657E-51        +2.205201E-70
5.081543E-03        -5.669215E-51        +1.926156E-70
5.076978E-03        -5.172021E-51        +1.682226E-70
5.072417E-03        -4.717907E-51        +1.468981E-70
5.067860E-03        -4.303375E-51        +1.282525E-70
5.063308E-03        -3.925008E-51        +1.119693E-70
5.058759E-03        -3.579545E-51        +9.773865E-71
5.054215E-03        -3.264338E-51        +8.530806E-71
5.049675E-03        -2.976515E-51        +7.444847E-71
5.045139E-03        -2.713976E-51        +6.496309E-71
5.040606E-03        -2.474274E-51        +5.667737E-71
5.036078E-03        -2.255618E-51        +4.944410E-71
5.031554E-03        -2.056052E-51        +4.312843E-71
5.027034E-03        -1.873980E-51        +3.761544E-71
5.022519E-03        -1.708037E-51        +3.280320E-71
5.018007E-03        -1.556550E-51        +2.860266E-71
5.013499E-03        -1.418361E-51        +2.493698E-71
5.008995E-03        -1.292368E-51        +2.173822E-71
5.004496E-03        -1.177498E-51        +1.894796E-71
5.000000E-03        -1.072700E-51        +1.651300E-71
