# Source: NUDEC_BSM v2 (https://github.com/MiguelEA/nudec_BSM/tree/v2)
# Escudero, Jackson, Laine, Sandner, arXiv:2511.04747 (2025)
# me = 0.51099895 MeV, alpha = 1/137.035999084
# T (MeV)           dP_int/dT (e^4) [MeV^3]
4.000000E+01        -3.661800E+00
3.996407E+01        -3.651402E+00
3.992817E+01        -3.641003E+00
3.989230E+01        -3.630603E+00
3.985646E+01        -3.620303E+00
3.982066E+01        -3.609905E+00
3.978489E+01        -3.599707E+00
3.974915E+01        -3.589408E+00
3.971344E+01        -3.579208E+00
3.967777E+01        -3.569010E+00
3.964212E+01        -3.558809E+00
3.960651E+01        -3.548711E+00
3.957093E+01        -3.538611E+00
3.953539E+01        -3.528514E+00
3.949987E+01        -3.518514E+00
3.946439E+01        -3.508416E+00
3.942894E+01        -3.498517E+00
3.939352E+01        -3.488518E+00
3.935813E+01        -3.478618E+00
3.932277E+01        -3.468718E+00
3.928745E+01        -3.458821E+00
3.925215E+01        -3.448919E+00
3.921689E+01        -3.439120E+00
3.918166E+01        -3.429321E+00
3.914647E+01        -3.419524E+00
3.911130E+01        -3.409824E+00
3.907617E+01        -3.400126E+00
3.904106E+01        -3.390425E+00
3.900599E+01        -3.380726E+00
3.897095E+01        -3.371127E+00
3.893595E+01        -3.361530E+00
3.890097E+01        -3.351930E+00
3.886602E+01        -3.342430E+00
3.883111E+01        -3.332932E+00
3.879623E+01        -3.323433E+00
3.876138E+01        -3.313935E+00
3.872656E+01        -3.304535E+00
3.869177E+01        -3.295136E+00
3.865701E+01        -3.285736E+00
3.862228E+01        -3.276336E+00
3.858759E+01        -3.267038E+00
3.855292E+01        -3.257737E+00
3.851829E+01        -3.248439E+00
3.848369E+01        -3.239140E+00
3.844912E+01        -3.229941E+00
3.841458E+01        -3.220741E+00
3.838007E+01        -3.211542E+00
3.834559E+01        -3.202442E+00
3.831115E+01        -3.193344E+00
3.827673E+01        -3.184244E+00
3.824235E+01        -3.175146E+00
3.820799E+01        -3.166145E+00
3.817367E+01        -3.157047E+00
3.813938E+01        -3.148147E+00
3.810512E+01        -3.139149E+00
3.807089E+01        -3.130150E+00
3.803669E+01        -3.121250E+00
3.800252E+01        -3.112351E+00
3.796838E+01        -3.103551E+00
3.793427E+01        -3.094652E+00
3.790020E+01        -3.085854E+00
3.786615E+01        -3.077054E+00
3.783213E+01        -3.068254E+00
3.779815E+01        -3.059555E+00
3.776419E+01        -3.050855E+00
3.773027E+01        -3.042157E+00
3.769638E+01        -3.033458E+00
3.766251E+01        -3.024857E+00
3.762868E+01        -3.016258E+00
3.759488E+01        -3.007660E+00
3.756111E+01        -2.999061E+00
3.752736E+01        -2.990559E+00
3.749365E+01        -2.981961E+00
3.745997E+01        -2.973561E+00
3.742632E+01        -2.965063E+00
3.739270E+01        -2.956564E+00
3.735911E+01        -2.948164E+00
3.732555E+01        -2.939765E+00
3.729202E+01        -2.931366E+00
3.725852E+01        -2.923066E+00
3.722505E+01        -2.914667E+00
3.719161E+01        -2.906367E+00
3.715820E+01        -2.898167E+00
3.712482E+01        -2.889869E+00
3.709147E+01        -2.881669E+00
3.705815E+01        -2.873371E+00
3.702486E+01        -2.865270E+00
3.699160E+01        -2.857071E+00
3.695837E+01        -2.848971E+00
3.692517E+01        -2.840773E+00
3.689200E+01        -2.832772E+00
3.685886E+01        -2.824674E+00
3.682575E+01        -2.816575E+00
3.679267E+01        -2.808575E+00
3.675961E+01        -2.800574E+00
3.672659E+01        -2.792575E+00
3.669360E+01        -2.784676E+00
3.666064E+01        -2.776678E+00
3.662771E+01        -2.768778E+00
3.659480E+01        -2.760878E+00
3.656193E+01        -2.752979E+00
3.652908E+01        -2.745178E+00
3.649627E+01        -2.737380E+00
3.646348E+01        -2.729579E+00
3.643073E+01        -2.721781E+00
3.639800E+01        -2.713981E+00
3.636531E+01        -2.706283E+00
3.633264E+01        -2.698583E+00
3.630000E+01        -2.690883E+00
3.626739E+01        -2.683184E+00
3.623481E+01        -2.675583E+00
3.620226E+01        -2.667984E+00
3.616974E+01        -2.660385E+00
3.613725E+01        -2.652786E+00
3.610479E+01        -2.645188E+00
3.607235E+01        -2.637686E+00
3.603995E+01        -2.630187E+00
3.600757E+01        -2.622687E+00
3.597523E+01        -2.615189E+00
3.594291E+01        -2.607689E+00
3.591062E+01        -2.600289E+00
3.587836E+01        -2.592889E+00
3.584613E+01        -2.585490E+00
3.581393E+01        -2.578091E+00
3.578176E+01        -2.570791E+00
3.574961E+01        -2.563391E+00
3.571750E+01        -2.556092E+00
3.568541E+01        -2.548890E+00
3.565336E+01        -2.541594E+00
3.562133E+01        -2.534294E+00
3.558933E+01        -2.527093E+00
3.555736E+01        -2.519894E+00
3.552542E+01        -2.512695E+00
3.549351E+01        -2.505595E+00
3.546162E+01        -2.498396E+00
3.542977E+01        -2.491297E+00
3.539794E+01        -2.484197E+00
3.536614E+01        -2.477097E+00
3.533437E+01        -2.470097E+00
3.530263E+01        -2.462999E+00
3.527092E+01        -2.455999E+00
3.523923E+01        -2.448998E+00
3.520758E+01        -2.442000E+00
3.517595E+01        -2.435099E+00
3.514435E+01        -2.428101E+00
3.511278E+01        -2.421200E+00
3.508124E+01        -2.414302E+00
3.504972E+01        -2.407401E+00
3.501824E+01        -2.400503E+00
3.498678E+01        -2.393702E+00
3.495535E+01        -2.386902E+00
3.492395E+01        -2.380103E+00
3.489258E+01        -2.373304E+00
3.486123E+01        -2.366504E+00
3.482991E+01        -2.359802E+00
3.479863E+01        -2.353006E+00
3.476737E+01        -2.346305E+00
3.473613E+01        -2.339604E+00
3.470493E+01        -2.333004E+00
3.467375E+01        -2.326306E+00
3.464261E+01        -2.319706E+00
3.461149E+01        -2.313107E+00
3.458039E+01        -2.306506E+00
3.454933E+01        -2.299908E+00
3.451829E+01        -2.293307E+00
3.448729E+01        -2.286808E+00
3.445630E+01        -2.280307E+00
3.442535E+01        -2.273808E+00
3.439443E+01        -2.267310E+00
3.436353E+01        -2.260810E+00
3.433266E+01        -2.254409E+00
3.430182E+01        -2.247911E+00
3.427101E+01        -2.241511E+00
3.424022E+01        -2.235111E+00
3.420946E+01        -2.228809E+00
3.417873E+01        -2.222412E+00
3.414803E+01        -2.216111E+00
3.411735E+01        -2.209713E+00
3.408670E+01        -2.203411E+00
3.405608E+01        -2.197210E+00
3.402549E+01        -2.190914E+00
3.399492E+01        -2.184711E+00
3.396438E+01        -2.178413E+00
3.393387E+01        -2.172212E+00
3.390339E+01        -2.166014E+00
3.387293E+01        -2.159814E+00
3.384251E+01        -2.153714E+00
3.381210E+01        -2.147515E+00
3.378173E+01        -2.141414E+00
3.375138E+01        -2.135314E+00
3.372106E+01        -2.129215E+00
3.369077E+01        -2.123116E+00
3.366051E+01        -2.117115E+00
3.363027E+01        -2.111018E+00
3.360006E+01        -2.105016E+00
3.356988E+01        -2.099018E+00
3.353972E+01        -2.093018E+00
3.350959E+01        -2.087116E+00
3.347949E+01        -2.081119E+00
3.344941E+01        -2.075217E+00
3.341936E+01        -2.069317E+00
3.338934E+01        -2.063418E+00
3.335935E+01        -2.057519E+00
3.332938E+01        -2.051619E+00
3.329944E+01        -2.045818E+00
3.326953E+01        -2.039921E+00
3.323964E+01        -2.034119E+00
3.320978E+01        -2.028319E+00
3.317995E+01        -2.022521E+00
3.315014E+01        -2.016720E+00
3.312036E+01        -2.011019E+00
3.309061E+01        -2.005222E+00
3.306089E+01        -1.999522E+00
3.303119E+01        -1.993822E+00
3.300151E+01        -1.988121E+00
3.297187E+01        -1.982521E+00
3.294225E+01        -1.976823E+00
3.291266E+01        -1.971222E+00
3.288309E+01        -1.965524E+00
3.285355E+01        -1.959922E+00
3.282404E+01        -1.954421E+00
3.279455E+01        -1.948823E+00
3.276509E+01        -1.943224E+00
3.273566E+01        -1.937723E+00
3.270625E+01        -1.932125E+00
3.267687E+01        -1.926623E+00
3.264752E+01        -1.921125E+00
3.261819E+01        -1.915723E+00
3.258889E+01        -1.910226E+00
3.255961E+01        -1.904725E+00
3.253036E+01        -1.899323E+00
3.250114E+01        -1.893924E+00
3.247195E+01        -1.888526E+00
3.244278E+01        -1.883127E+00
3.241363E+01        -1.877726E+00
3.238451E+01        -1.872424E+00
3.235542E+01        -1.867027E+00
3.232636E+01        -1.861726E+00
3.229732E+01        -1.856426E+00
3.226830E+01        -1.851126E+00
3.223932E+01        -1.845828E+00
3.221036E+01        -1.840528E+00
3.218142E+01        -1.835326E+00
3.215251E+01        -1.830028E+00
3.212363E+01        -1.824827E+00
3.209477E+01        -1.819627E+00
3.206594E+01        -1.814428E+00
3.203713E+01        -1.809227E+00
3.200836E+01        -1.804127E+00
3.197960E+01        -1.798929E+00
3.195087E+01        -1.793827E+00
3.192217E+01        -1.788727E+00
3.189350E+01        -1.783629E+00
3.186485E+01        -1.778530E+00
3.183622E+01        -1.773429E+00
3.180762E+01        -1.768427E+00
3.177905E+01        -1.763331E+00
3.175050E+01        -1.758328E+00
3.172198E+01        -1.753232E+00
3.169348E+01        -1.748326E+00
3.166501E+01        -1.743330E+00
3.163657E+01        -1.738331E+00
3.160815E+01        -1.733331E+00
3.157975E+01        -1.728428E+00
3.155138E+01        -1.723431E+00
3.152304E+01        -1.718529E+00
3.149472E+01        -1.713630E+00
3.146643E+01        -1.708730E+00
3.143816E+01        -1.703928E+00
3.140992E+01        -1.699031E+00
3.138171E+01        -1.694133E+00
3.135352E+01        -1.689331E+00
3.132535E+01        -1.684530E+00
3.129721E+01        -1.679731E+00
3.126910E+01        -1.674932E+00
3.124101E+01        -1.670132E+00
3.121294E+01        -1.665332E+00
3.118490E+01        -1.660629E+00
3.115689E+01        -1.655833E+00
3.112890E+01        -1.651131E+00
3.110094E+01        -1.646432E+00
3.107300E+01        -1.641732E+00
3.104509E+01        -1.637033E+00
3.101720E+01        -1.632333E+00
3.098933E+01        -1.627730E+00
3.096150E+01        -1.623035E+00
3.093368E+01        -1.618431E+00
3.090589E+01        -1.613831E+00
3.087813E+01        -1.609232E+00
3.085039E+01        -1.604632E+00
3.082268E+01        -1.600033E+00
3.079499E+01        -1.595434E+00
3.076733E+01        -1.590932E+00
3.073969E+01        -1.586335E+00
3.071207E+01        -1.581831E+00
3.068448E+01        -1.577332E+00
3.065692E+01        -1.572833E+00
3.062938E+01        -1.568333E+00
3.060187E+01        -1.563835E+00
3.057438E+01        -1.559432E+00
3.054691E+01        -1.554935E+00
3.051947E+01        -1.550532E+00
3.049205E+01        -1.546035E+00
3.046466E+01        -1.541633E+00
3.043730E+01        -1.537234E+00
3.040995E+01        -1.532834E+00
3.038264E+01        -1.528532E+00
3.035534E+01        -1.524135E+00
3.032807E+01        -1.519735E+00
3.030083E+01        -1.515433E+00
3.027361E+01        -1.511133E+00
3.024641E+01        -1.506833E+00
3.021924E+01        -1.502533E+00
3.019210E+01        -1.498235E+00
3.016497E+01        -1.493934E+00
3.013788E+01        -1.489636E+00
3.011080E+01        -1.485432E+00
3.008375E+01        -1.481135E+00
3.005673E+01        -1.476933E+00
3.002973E+01        -1.472734E+00
3.000275E+01        -1.468534E+00
2.997580E+01        -1.464334E+00
2.994887E+01        -1.460134E+00
2.992197E+01        -1.455935E+00
2.989509E+01        -1.451833E+00
2.986824E+01        -1.447637E+00
2.984140E+01        -1.443533E+00
2.981460E+01        -1.439434E+00
2.978781E+01        -1.435334E+00
2.976106E+01        -1.431235E+00
2.973432E+01        -1.427135E+00
2.970761E+01        -1.423036E+00
2.968092E+01        -1.418935E+00
2.965426E+01        -1.414933E+00
2.962762E+01        -1.410837E+00
2.960101E+01        -1.406834E+00
2.957442E+01        -1.402835E+00
2.954785E+01        -1.398835E+00
2.952130E+01        -1.394834E+00
2.949479E+01        -1.390836E+00
2.946829E+01        -1.386836E+00
2.944182E+01        -1.382933E+00
2.941537E+01        -1.378937E+00
2.938895E+01        -1.375034E+00
2.936255E+01        -1.371135E+00
2.933617E+01        -1.367235E+00
2.930982E+01        -1.363335E+00
2.928349E+01        -1.359436E+00
2.925718E+01        -1.355536E+00
2.923090E+01        -1.351636E+00
2.920464E+01        -1.347736E+00
2.917840E+01        -1.343933E+00
2.915219E+01        -1.340037E+00
2.912600E+01        -1.336233E+00
2.909984E+01        -1.332434E+00
2.907370E+01        -1.328635E+00
2.904758E+01        -1.324835E+00
2.902149E+01        -1.321036E+00
2.899542E+01        -1.317333E+00
2.896937E+01        -1.313536E+00
2.894335E+01        -1.309737E+00
2.891735E+01        -1.306034E+00
2.889137E+01        -1.302334E+00
2.886542E+01        -1.298538E+00
2.883949E+01        -1.294835E+00
2.881358E+01        -1.291135E+00
2.878770E+01        -1.287436E+00
2.876183E+01        -1.283831E+00
2.873600E+01        -1.280136E+00
2.871018E+01        -1.276436E+00
2.868439E+01        -1.272833E+00
2.865863E+01        -1.269234E+00
2.863288E+01        -1.265537E+00
2.860716E+01        -1.261934E+00
2.858146E+01        -1.258334E+00
2.855579E+01        -1.254735E+00
2.853013E+01        -1.251135E+00
2.850450E+01        -1.247631E+00
2.847890E+01        -1.244036E+00
2.845332E+01        -1.240437E+00
2.842776E+01        -1.236933E+00
2.840222E+01        -1.233433E+00
2.837670E+01        -1.229837E+00
2.835121E+01        -1.226333E+00
2.832574E+01        -1.222834E+00
2.830030E+01        -1.219335E+00
2.827488E+01        -1.215835E+00
2.824948E+01        -1.212432E+00
2.822410E+01        -1.208936E+00
2.819875E+01        -1.205437E+00
2.817341E+01        -1.202032E+00
2.814811E+01        -1.198633E+00
2.812282E+01        -1.195137E+00
2.809756E+01        -1.191734E+00
2.807232E+01        -1.188334E+00
2.804710E+01        -1.184934E+00
2.802190E+01        -1.181534E+00
2.799673E+01        -1.178231E+00
2.797158E+01        -1.174835E+00
2.794645E+01        -1.171435E+00
2.792135E+01        -1.168132E+00
2.789627E+01        -1.164833E+00
2.787121E+01        -1.161437E+00
2.784617E+01        -1.158133E+00
2.782116E+01        -1.154834E+00
2.779616E+01        -1.151533E+00
2.777119E+01        -1.148233E+00
2.774625E+01        -1.144935E+00
2.772132E+01        -1.141730E+00
2.769642E+01        -1.138435E+00
2.767154E+01        -1.135135E+00
2.764668E+01        -1.131931E+00
2.762184E+01        -1.128731E+00
2.759703E+01        -1.125436E+00
2.757224E+01        -1.122232E+00
2.754747E+01        -1.119032E+00
2.752273E+01        -1.115833E+00
2.749800E+01        -1.112633E+00
2.747330E+01        -1.109434E+00
2.744862E+01        -1.106330E+00
2.742396E+01        -1.103134E+00
2.739933E+01        -1.100031E+00
2.737471E+01        -1.096834E+00
2.735012E+01        -1.093731E+00
2.732555E+01        -1.090535E+00
2.730101E+01        -1.087432E+00
2.727648E+01        -1.084332E+00
2.725198E+01        -1.081232E+00
2.722750E+01        -1.078133E+00
2.720304E+01        -1.075129E+00
2.717860E+01        -1.072033E+00
2.715419E+01        -1.068934E+00
2.712979E+01        -1.065929E+00
2.710542E+01        -1.062834E+00
2.708107E+01        -1.059830E+00
2.705675E+01        -1.056831E+00
2.703244E+01        -1.053735E+00
2.700816E+01        -1.050731E+00
2.698390E+01        -1.047732E+00
2.695966E+01        -1.044732E+00
2.693544E+01        -1.041732E+00
2.691124E+01        -1.038828E+00
2.688707E+01        -1.035833E+00
2.686291E+01        -1.032832E+00
2.683878E+01        -1.029928E+00
2.681467E+01        -1.026933E+00
2.679058E+01        -1.024029E+00
2.676652E+01        -1.021130E+00
2.674247E+01        -1.018134E+00
2.671845E+01        -1.015230E+00
2.669445E+01        -1.012331E+00
2.667047E+01        -1.009431E+00
2.664651E+01        -1.006626E+00
2.662257E+01        -1.003731E+00
2.659866E+01        -1.000832E+00
2.657476E+01        -9.979696E-01
2.655089E+01        -9.951198E-01
2.652704E+01        -9.922702E-01
2.650321E+01        -9.894300E-01
2.647940E+01        -9.865996E-01
2.645561E+01        -9.837790E-01
2.643185E+01        -9.809695E-01
2.640810E+01        -9.781686E-01
2.638438E+01        -9.753692E-01
2.636068E+01        -9.725792E-01
2.633700E+01        -9.697991E-01
2.631334E+01        -9.670288E-01
2.628970E+01        -9.642588E-01
2.626609E+01        -9.614993E-01
2.624249E+01        -9.587486E-01
2.621892E+01        -9.560089E-01
2.619536E+01        -9.532778E-01
2.617183E+01        -9.505483E-01
2.614832E+01        -9.478377E-01
2.612483E+01        -9.451184E-01
2.610136E+01        -9.424175E-01
2.607792E+01        -9.397282E-01
2.605449E+01        -9.370380E-01
2.603109E+01        -9.343584E-01
2.600770E+01        -9.316875E-01
2.598434E+01        -9.290181E-01
2.596100E+01        -9.263677E-01
2.593768E+01        -9.237181E-01
2.591438E+01        -9.210779E-01
2.589110E+01        -9.184380E-01
2.586784E+01        -9.158076E-01
2.584460E+01        -9.131967E-01
2.582138E+01        -9.105770E-01
2.579819E+01        -9.079770E-01
2.577501E+01        -9.053766E-01
2.575186E+01        -9.027869E-01
2.572873E+01        -9.002070E-01
2.570561E+01        -8.976359E-01
2.568252E+01        -8.950664E-01
2.565945E+01        -8.925063E-01
2.563640E+01        -8.899561E-01
2.561337E+01        -8.874063E-01
2.559036E+01        -8.848659E-01
2.556737E+01        -8.823355E-01
2.554441E+01        -8.798161E-01
2.552146E+01        -8.772960E-01
2.549853E+01        -8.747853E-01
2.547563E+01        -8.722857E-01
2.545274E+01        -8.697949E-01
2.542988E+01        -8.673057E-01
2.540703E+01        -8.648248E-01
2.538421E+01        -8.623454E-01
2.536141E+01        -8.598850E-01
2.533862E+01        -8.574244E-01
2.531586E+01        -8.549649E-01
2.529312E+01        -8.525243E-01
2.527040E+01        -8.500847E-01
2.524770E+01        -8.476545E-01
2.522502E+01        -8.452248E-01
2.520236E+01        -8.428045E-01
2.517972E+01        -8.403942E-01
2.515710E+01        -8.379938E-01
2.513450E+01        -8.355940E-01
2.511192E+01        -8.332036E-01
2.508936E+01        -8.308231E-01
2.506682E+01        -8.284432E-01
2.504431E+01        -8.260737E-01
2.502181E+01        -8.237132E-01
2.499933E+01        -8.213532E-01
2.497687E+01        -8.190026E-01
2.495444E+01        -8.166631E-01
2.493202E+01        -8.143230E-01
2.490962E+01        -8.119923E-01
2.488725E+01        -8.096727E-01
2.486489E+01        -8.073526E-01
2.484255E+01        -8.050420E-01
2.482024E+01        -8.027423E-01
2.479794E+01        -8.004422E-01
2.477566E+01        -7.981515E-01
2.475341E+01        -7.958719E-01
2.473117E+01        -7.935917E-01
2.470895E+01        -7.913211E-01
2.468676E+01        -7.890614E-01
2.466458E+01        -7.868013E-01
2.464242E+01        -7.845506E-01
2.462029E+01        -7.823015E-01
2.459817E+01        -7.800609E-01
2.457607E+01        -7.778303E-01
2.455400E+01        -7.756012E-01
2.453194E+01        -7.733806E-01
2.450990E+01        -7.711700E-01
2.448789E+01        -7.689705E-01
2.446589E+01        -7.667610E-01
2.444391E+01        -7.645699E-01
2.442195E+01        -7.623800E-01
2.440001E+01        -7.601995E-01
2.437809E+01        -7.580291E-01
2.435619E+01        -7.558592E-01
2.433431E+01        -7.536894E-01
2.431245E+01        -7.515385E-01
2.429061E+01        -7.493793E-01
2.426879E+01        -7.472385E-01
2.424699E+01        -7.450988E-01
2.422521E+01        -7.429686E-01
2.420345E+01        -7.408390E-01
2.418171E+01        -7.387189E-01
2.415998E+01        -7.366078E-01
2.413828E+01        -7.344983E-01
2.411660E+01        -7.323984E-01
2.409493E+01        -7.302980E-01
2.407329E+01        -7.282081E-01
2.405166E+01        -7.261273E-01
2.403006E+01        -7.240481E-01
2.400847E+01        -7.219774E-01
2.398690E+01        -7.199074E-01
2.396535E+01        -7.178468E-01
2.394383E+01        -7.157878E-01
2.392232E+01        -7.137374E-01
2.390083E+01        -7.116970E-01
2.387936E+01        -7.096572E-01
2.385791E+01        -7.076270E-01
2.383647E+01        -7.056058E-01
2.381506E+01        -7.035863E-01
2.379367E+01        -7.015668E-01
2.377229E+01        -6.995653E-01
2.375094E+01        -6.975566E-01
2.372960E+01        -6.955652E-01
2.370829E+01        -6.935761E-01
2.368699E+01        -6.915860E-01
2.366571E+01        -6.896055E-01
2.364445E+01        -6.876350E-01
2.362321E+01        -6.856652E-01
2.360199E+01        -6.836955E-01
2.358079E+01        -6.817448E-01
2.355960E+01        -6.797943E-01
2.353844E+01        -6.778449E-01
2.351730E+01        -6.759049E-01
2.349617E+01        -6.739648E-01
2.347506E+01        -6.720341E-01
2.345397E+01        -6.701135E-01
2.343291E+01        -6.681945E-01
2.341186E+01        -6.662841E-01
2.339082E+01        -6.643735E-01
2.336981E+01        -6.624733E-01
2.334882E+01        -6.605738E-01
2.332784E+01        -6.586829E-01
2.330689E+01        -6.567936E-01
2.328595E+01        -6.549130E-01
2.326503E+01        -6.530424E-01
2.324413E+01        -6.511725E-01
2.322325E+01        -6.493027E-01
2.320239E+01        -6.474425E-01
2.318155E+01        -6.455923E-01
2.316072E+01        -6.437420E-01
2.313992E+01        -6.419021E-01
2.311913E+01        -6.400620E-01
2.309836E+01        -6.382314E-01
2.307761E+01        -6.364016E-01
2.305688E+01        -6.345812E-01
2.303617E+01        -6.327616E-01
2.301548E+01        -6.309515E-01
2.299480E+01        -6.291413E-01
2.297414E+01        -6.273406E-01
2.295351E+01        -6.255414E-01
2.293289E+01        -6.237510E-01
2.291229E+01        -6.219706E-01
2.289170E+01        -6.201901E-01
2.287114E+01        -6.184106E-01
2.285059E+01        -6.166398E-01
2.283007E+01        -6.148706E-01
2.280956E+01        -6.131100E-01
2.278907E+01        -6.113596E-01
2.276860E+01        -6.096099E-01
2.274814E+01        -6.078595E-01
2.272771E+01        -6.061195E-01
2.270729E+01        -6.043794E-01
2.268689E+01        -6.026488E-01
2.266651E+01        -6.009190E-01
2.264615E+01        -5.991987E-01
2.262581E+01        -5.974885E-01
2.260548E+01        -5.957782E-01
2.258518E+01        -5.940690E-01
2.256489E+01        -5.923684E-01
2.254462E+01        -5.906686E-01
2.252436E+01        -5.889775E-01
2.250413E+01        -5.872880E-01
2.248391E+01        -5.856072E-01
2.246372E+01        -5.839280E-01
2.244354E+01        -5.822575E-01
2.242338E+01        -5.805877E-01
2.240323E+01        -5.789267E-01
2.238311E+01        -5.772673E-01
2.236300E+01        -5.756166E-01
2.234291E+01        -5.739667E-01
2.232284E+01        -5.723169E-01
2.230279E+01        -5.706767E-01
2.228275E+01        -5.690458E-01
2.226274E+01        -5.674165E-01
2.224274E+01        -5.657866E-01
2.222276E+01        -5.641662E-01
2.220279E+01        -5.625551E-01
2.218285E+01        -5.609364E-01
2.216292E+01        -5.593350E-01
2.214301E+01        -5.577351E-01
2.212312E+01        -5.561354E-01
2.210325E+01        -5.545451E-01
2.208339E+01        -5.529550E-01
2.206355E+01        -5.513649E-01
2.204373E+01        -5.497844E-01
2.202393E+01        -5.482141E-01
2.200415E+01        -5.466446E-01
2.198438E+01        -5.450745E-01
2.196463E+01        -5.435139E-01
2.194490E+01        -5.419542E-01
2.192519E+01        -5.404039E-01
2.190549E+01        -5.388538E-01
2.188581E+01        -5.373131E-01
2.186615E+01        -5.357733E-01
2.184651E+01        -5.342336E-01
2.182688E+01        -5.327027E-01
2.180728E+01        -5.311735E-01
2.178769E+01        -5.296529E-01
2.176811E+01        -5.281325E-01
2.174856E+01        -5.266223E-01
2.172902E+01        -5.251122E-01
2.170950E+01        -5.236117E-01
2.169000E+01        -5.221120E-01
2.167052E+01        -5.206125E-01
2.165105E+01        -5.191217E-01
2.163160E+01        -5.176318E-01
2.161217E+01        -5.161514E-01
2.159275E+01        -5.146712E-01
2.157336E+01        -5.131918E-01
2.155398E+01        -5.117213E-01
2.153461E+01        -5.102602E-01
2.151527E+01        -5.087914E-01
2.149594E+01        -5.073399E-01
2.147663E+01        -5.058808E-01
2.145734E+01        -5.044305E-01
2.143806E+01        -5.029896E-01
2.141881E+01        -5.015503E-01
2.139956E+01        -5.001098E-01
2.138034E+01        -4.986702E-01
2.136113E+01        -4.972487E-01
2.134195E+01        -4.958202E-01
2.132277E+01        -4.943990E-01
2.130362E+01        -4.929795E-01
2.128448E+01        -4.915687E-01
2.126536E+01        -4.901589E-01
2.124626E+01        -4.887493E-01
2.122717E+01        -4.873484E-01
2.120810E+01        -4.859577E-01
2.118905E+01        -4.845587E-01
2.117002E+01        -4.831685E-01
2.115100E+01        -4.817877E-01
2.113200E+01        -4.804078E-01
2.111302E+01        -4.790282E-01
2.109405E+01        -4.776574E-01
2.107510E+01        -4.762874E-01
2.105617E+01        -4.749177E-01
2.103725E+01        -4.735568E-01
2.101836E+01        -4.721975E-01
2.099948E+01        -4.708470E-01
2.098061E+01        -4.694967E-01
2.096176E+01        -4.681560E-01
2.094293E+01        -4.668068E-01
2.092412E+01        -4.654665E-01
2.090532E+01        -4.641356E-01
2.088654E+01        -4.628057E-01
2.086778E+01        -4.614761E-01
2.084904E+01        -4.601559E-01
2.083031E+01        -4.588360E-01
2.081159E+01        -4.575248E-01
2.079290E+01        -4.562061E-01
2.077422E+01        -4.549046E-01
2.075556E+01        -4.535956E-01
2.073691E+01        -4.522947E-01
2.071829E+01        -4.509954E-01
2.069967E+01        -4.497042E-01
2.068108E+01        -4.484147E-01
2.066250E+01        -4.471339E-01
2.064394E+01        -4.458449E-01
2.062539E+01        -4.445732E-01
2.060687E+01        -4.432946E-01
2.058835E+01        -4.420234E-01
2.056986E+01        -4.407539E-01
2.055138E+01        -4.394931E-01
2.053292E+01        -4.382334E-01
2.051447E+01        -4.369732E-01
2.049605E+01        -4.357231E-01
2.047763E+01        -4.344727E-01
2.045924E+01        -4.332232E-01
2.044086E+01        -4.319825E-01
2.042250E+01        -4.307428E-01
2.040415E+01        -4.295119E-01
2.038582E+01        -4.282727E-01
2.036751E+01        -4.270515E-01
2.034921E+01        -4.258222E-01
2.033093E+01        -4.246015E-01
2.031267E+01        -4.233819E-01
2.029442E+01        -4.221711E-01
2.027619E+01        -4.209612E-01
2.025798E+01        -4.197517E-01
2.023978E+01        -4.185509E-01
2.022160E+01        -4.173511E-01
2.020343E+01        -4.161509E-01
2.018528E+01        -4.149602E-01
2.016715E+01        -4.137705E-01
2.014903E+01        -4.125804E-01
2.013093E+01        -4.113998E-01
2.011285E+01        -4.102202E-01
2.009478E+01        -4.090401E-01
2.007673E+01        -4.078696E-01
2.005870E+01        -4.067000E-01
2.004068E+01        -4.055301E-01
2.002267E+01        -4.043690E-01
2.000469E+01        -4.032095E-01
1.998672E+01        -4.020497E-01
1.996876E+01        -4.008987E-01
1.995082E+01        -3.997487E-01
1.993290E+01        -3.985989E-01
1.991500E+01        -3.974586E-01
1.989711E+01        -3.963188E-01
1.987923E+01        -3.951785E-01
1.986137E+01        -3.940477E-01
1.984353E+01        -3.929179E-01
1.982571E+01        -3.917884E-01
1.980790E+01        -3.906677E-01
1.979010E+01        -3.895382E-01
1.977232E+01        -3.884266E-01
1.975456E+01        -3.873076E-01
1.973682E+01        -3.861973E-01
1.971909E+01        -3.850874E-01
1.970137E+01        -3.839864E-01
1.968368E+01        -3.828870E-01
1.966599E+01        -3.817866E-01
1.964833E+01        -3.806871E-01
1.963068E+01        -3.795964E-01
1.961304E+01        -3.785062E-01
1.959542E+01        -3.774254E-01
1.957782E+01        -3.763365E-01
1.956023E+01        -3.752557E-01
1.954266E+01        -3.741850E-01
1.952511E+01        -3.731063E-01
1.950757E+01        -3.720356E-01
1.949004E+01        -3.709745E-01
1.947253E+01        -3.699053E-01
1.945504E+01        -3.688448E-01
1.943757E+01        -3.677853E-01
1.942010E+01        -3.667341E-01
1.940266E+01        -3.656753E-01
1.938523E+01        -3.646338E-01
1.936782E+01        -3.635849E-01
1.935042E+01        -3.625441E-01
1.933303E+01        -3.614946E-01
1.931567E+01        -3.604635E-01
1.929832E+01        -3.594245E-01
1.928098E+01        -3.583936E-01
1.926366E+01        -3.573637E-01
1.924635E+01        -3.563427E-01
1.922906E+01        -3.553228E-01
1.921179E+01        -3.543031E-01
1.919453E+01        -3.532831E-01
1.917729E+01        -3.522725E-01
1.916006E+01        -3.512533E-01
1.914285E+01        -3.502519E-01
1.912565E+01        -3.492426E-01
1.910847E+01        -3.482419E-01
1.909131E+01        -3.472423E-01
1.907416E+01        -3.462424E-01
1.905702E+01        -3.452514E-01
1.903990E+01        -3.442614E-01
1.902280E+01        -3.432717E-01
1.900571E+01        -3.422818E-01
1.898864E+01        -3.413012E-01
1.897158E+01        -3.403212E-01
1.895454E+01        -3.393414E-01
1.893751E+01        -3.383705E-01
1.892050E+01        -3.374007E-01
1.890350E+01        -3.364306E-01
1.888652E+01        -3.354700E-01
1.886956E+01        -3.345012E-01
1.885260E+01        -3.335400E-01
1.883567E+01        -3.325804E-01
1.881875E+01        -3.316297E-01
1.880184E+01        -3.306795E-01
1.878495E+01        -3.297296E-01
1.876808E+01        -3.287800E-01
1.875122E+01        -3.278392E-01
1.873437E+01        -3.268990E-01
1.871755E+01        -3.259596E-01
1.870073E+01        -3.250194E-01
1.868393E+01        -3.240886E-01
1.866715E+01        -3.231589E-01
1.865038E+01        -3.222289E-01
1.863362E+01        -3.213078E-01
1.861689E+01        -3.203884E-01
1.860016E+01        -3.194590E-01
1.858345E+01        -3.185474E-01
1.856676E+01        -3.176285E-01
1.855008E+01        -3.167177E-01
1.853342E+01        -3.158080E-01
1.851677E+01        -3.149072E-01
1.850013E+01        -3.139978E-01
1.848351E+01        -3.130969E-01
1.846691E+01        -3.121973E-01
1.845032E+01        -3.112973E-01
1.843375E+01        -3.104068E-01
1.841719E+01        -3.095168E-01
1.840064E+01        -3.086266E-01
1.838411E+01        -3.077458E-01
1.836760E+01        -3.068570E-01
1.835110E+01        -3.059762E-01
1.833461E+01        -3.050960E-01
1.831814E+01        -3.042162E-01
1.830169E+01        -3.033457E-01
1.828525E+01        -3.024758E-01
1.826882E+01        -3.016057E-01
1.825241E+01        -3.007449E-01
1.823601E+01        -2.998757E-01
1.821963E+01        -2.990150E-01
1.820327E+01        -2.981555E-01
1.818691E+01        -2.973043E-01
1.817058E+01        -2.964456E-01
1.815425E+01        -2.955945E-01
1.813794E+01        -2.947445E-01
1.812165E+01        -2.939039E-01
1.810537E+01        -2.930548E-01
1.808911E+01        -2.922142E-01
1.807286E+01        -2.913743E-01
1.805662E+01        -2.905341E-01
1.804040E+01        -2.897033E-01
1.802420E+01        -2.888737E-01
1.800800E+01        -2.880434E-01
1.799183E+01        -2.872138E-01
1.797567E+01        -2.863931E-01
1.795952E+01        -2.855640E-01
1.794338E+01        -2.847428E-01
1.792727E+01        -2.839325E-01
1.791116E+01        -2.831131E-01
1.789507E+01        -2.823023E-01
1.787900E+01        -2.814927E-01
1.786294E+01        -2.806828E-01
1.784689E+01        -2.798727E-01
1.783086E+01        -2.790720E-01
1.781484E+01        -2.782720E-01
1.779884E+01        -2.774722E-01
1.778285E+01        -2.766723E-01
1.776687E+01        -2.758721E-01
1.775091E+01        -2.750813E-01
1.773497E+01        -2.742916E-01
1.771903E+01        -2.735013E-01
1.770312E+01        -2.727208E-01
1.768721E+01        -2.719315E-01
1.767132E+01        -2.711506E-01
1.765545E+01        -2.703709E-01
1.763959E+01        -2.696000E-01
1.762374E+01        -2.688208E-01
1.760791E+01        -2.680501E-01
1.759210E+01        -2.672805E-01
1.757629E+01        -2.665103E-01
1.756050E+01        -2.657494E-01
1.754473E+01        -2.649806E-01
1.752897E+01        -2.642198E-01
1.751322E+01        -2.634597E-01
1.749749E+01        -2.627090E-01
1.748177E+01        -2.619499E-01
1.746607E+01        -2.611993E-01
1.745038E+01        -2.604493E-01
1.743470E+01        -2.596992E-01
1.741904E+01        -2.589494E-01
1.740339E+01        -2.582084E-01
1.738776E+01        -2.574687E-01
1.737214E+01        -2.567287E-01
1.735653E+01        -2.559886E-01
1.734094E+01        -2.552488E-01
1.732536E+01        -2.545178E-01
1.730980E+01        -2.537880E-01
1.729425E+01        -2.530581E-01
1.727871E+01        -2.523280E-01
1.726319E+01        -2.516072E-01
1.724768E+01        -2.508872E-01
1.723219E+01        -2.501583E-01
1.721671E+01        -2.494465E-01
1.720124E+01        -2.487274E-01
1.718579E+01        -2.480075E-01
1.717035E+01        -2.472966E-01
1.715493E+01        -2.465869E-01
1.713952E+01        -2.458770E-01
1.712412E+01        -2.451669E-01
1.710874E+01        -2.444661E-01
1.709337E+01        -2.437662E-01
1.707801E+01        -2.430660E-01
1.706267E+01        -2.423661E-01
1.704735E+01        -2.416666E-01
1.703203E+01        -2.409754E-01
1.701673E+01        -2.402764E-01
1.700144E+01        -2.395854E-01
1.698617E+01        -2.388956E-01
1.697091E+01        -2.382147E-01
1.695567E+01        -2.375259E-01
1.694044E+01        -2.368451E-01
1.692522E+01        -2.361651E-01
1.691001E+01        -2.354849E-01
1.689482E+01        -2.348140E-01
1.687965E+01        -2.341353E-01
1.686448E+01        -2.334642E-01
1.684933E+01        -2.327942E-01
1.683420E+01        -2.321245E-01
1.681908E+01        -2.314547E-01
1.680397E+01        -2.307847E-01
1.678887E+01        -2.301236E-01
1.677379E+01        -2.294638E-01
1.675872E+01        -2.288037E-01
1.674367E+01        -2.281440E-01
1.672863E+01        -2.274841E-01
1.671360E+01        -2.268331E-01
1.669858E+01        -2.261829E-01
1.668358E+01        -2.255330E-01
1.666860E+01        -2.248834E-01
1.665362E+01        -2.242332E-01
1.663866E+01        -2.235923E-01
1.662372E+01        -2.229526E-01
1.660878E+01        -2.223124E-01
1.659386E+01        -2.216725E-01
1.657896E+01        -2.210328E-01
1.656406E+01        -2.203926E-01
1.654918E+01        -2.197617E-01
1.653432E+01        -2.191320E-01
1.651946E+01        -2.185018E-01
1.650462E+01        -2.178718E-01
1.648980E+01        -2.172421E-01
1.647498E+01        -2.166209E-01
1.646018E+01        -2.160010E-01
1.644540E+01        -2.153813E-01
1.643062E+01        -2.147521E-01
1.641587E+01        -2.141406E-01
1.640112E+01        -2.135215E-01
1.638639E+01        -2.129107E-01
1.637166E+01        -2.123004E-01
1.635696E+01        -2.116907E-01
1.634226E+01        -2.110805E-01
1.632758E+01        -2.104706E-01
1.631292E+01        -2.098609E-01
1.629826E+01        -2.092598E-01
1.628362E+01        -2.086599E-01
1.626899E+01        -2.080598E-01
1.625438E+01        -2.074601E-01
1.623978E+01        -2.068602E-01
1.622519E+01        -2.062692E-01
1.621061E+01        -2.056791E-01
1.619605E+01        -2.050802E-01
1.618150E+01        -2.044893E-01
1.616697E+01        -2.039086E-01
1.615244E+01        -2.033193E-01
1.613793E+01        -2.027294E-01
1.612344E+01        -2.021487E-01
1.610895E+01        -2.015685E-01
1.609448E+01        -2.009886E-01
1.608002E+01        -2.004086E-01
1.606558E+01        -1.998379E-01
1.605115E+01        -1.992590E-01
1.603673E+01        -1.986880E-01
1.602232E+01        -1.981179E-01
1.600793E+01        -1.975481E-01
1.599355E+01        -1.969782E-01
1.597918E+01        -1.964081E-01
1.596483E+01        -1.958473E-01
1.595048E+01        -1.952780E-01
1.593616E+01        -1.947174E-01
1.592184E+01        -1.941573E-01
1.590754E+01        -1.935975E-01
1.589325E+01        -1.930465E-01
1.587897E+01        -1.924875E-01
1.586471E+01        -1.919367E-01
1.585045E+01        -1.913774E-01
1.583622E+01        -1.908268E-01
1.582199E+01        -1.902857E-01
1.580778E+01        -1.897369E-01
1.579358E+01        -1.891869E-01
1.577939E+01        -1.886459E-01
1.576521E+01        -1.880968E-01
1.575105E+01        -1.875559E-01
1.573690E+01        -1.870159E-01
1.572277E+01        -1.864852E-01
1.570864E+01        -1.859460E-01
1.569453E+01        -1.854061E-01
1.568043E+01        -1.848751E-01
1.566635E+01        -1.843454E-01
1.565227E+01        -1.838152E-01
1.563821E+01        -1.832852E-01
1.562416E+01        -1.827552E-01
1.561013E+01        -1.822344E-01
1.559611E+01        -1.817056E-01
1.558210E+01        -1.811847E-01
1.556810E+01        -1.806646E-01
1.555411E+01        -1.801445E-01
1.554014E+01        -1.796246E-01
1.552618E+01        -1.791047E-01
1.551223E+01        -1.785936E-01
1.549830E+01        -1.780749E-01
1.548438E+01        -1.775640E-01
1.547047E+01        -1.770540E-01
1.545657E+01        -1.765440E-01
1.544268E+01        -1.760338E-01
1.542881E+01        -1.755240E-01
1.541495E+01        -1.750230E-01
1.540110E+01        -1.745229E-01
1.538727E+01        -1.740142E-01
1.537345E+01        -1.735133E-01
1.535964E+01        -1.730133E-01
1.534584E+01        -1.725223E-01
1.533205E+01        -1.720232E-01
1.531828E+01        -1.715234E-01
1.530452E+01        -1.710324E-01
1.529077E+01        -1.705424E-01
1.527703E+01        -1.700523E-01
1.526331E+01        -1.695624E-01
1.524960E+01        -1.690725E-01
1.523590E+01        -1.685825E-01
1.522221E+01        -1.681014E-01
1.520854E+01        -1.676127E-01
1.519488E+01        -1.671317E-01
1.518123E+01        -1.666518E-01
1.516759E+01        -1.661717E-01
1.515396E+01        -1.656916E-01
1.514035E+01        -1.652207E-01
1.512675E+01        -1.647418E-01
1.511316E+01        -1.642708E-01
1.509959E+01        -1.637921E-01
1.508602E+01        -1.633209E-01
1.507247E+01        -1.628510E-01
1.505893E+01        -1.623810E-01
1.504540E+01        -1.619199E-01
1.503189E+01        -1.614512E-01
1.501838E+01        -1.609811E-01
1.500489E+01        -1.605201E-01
1.499141E+01        -1.600601E-01
1.497795E+01        -1.596004E-01
1.496449E+01        -1.591402E-01
1.495105E+01        -1.586804E-01
1.493762E+01        -1.582204E-01
1.492420E+01        -1.577693E-01
1.491079E+01        -1.573104E-01
1.489740E+01        -1.568595E-01
1.488401E+01        -1.564093E-01
1.487064E+01        -1.559593E-01
1.485729E+01        -1.555097E-01
1.484394E+01        -1.550596E-01
1.483060E+01        -1.546184E-01
1.481728E+01        -1.541696E-01
1.480397E+01        -1.537286E-01
1.479067E+01        -1.532797E-01
1.477739E+01        -1.528388E-01
1.476411E+01        -1.523987E-01
1.475085E+01        -1.519588E-01
1.473760E+01        -1.515189E-01
1.472436E+01        -1.510878E-01
1.471113E+01        -1.506489E-01
1.469792E+01        -1.502180E-01
1.468471E+01        -1.497878E-01
1.467152E+01        -1.493490E-01
1.465834E+01        -1.489268E-01
1.464517E+01        -1.484979E-01
1.463202E+01        -1.480681E-01
1.461887E+01        -1.476380E-01
1.460574E+01        -1.472170E-01
1.459262E+01        -1.467882E-01
1.457951E+01        -1.463670E-01
1.456641E+01        -1.459470E-01
1.455333E+01        -1.455272E-01
1.454026E+01        -1.451074E-01
1.452719E+01        -1.446871E-01
1.451414E+01        -1.442672E-01
1.450111E+01        -1.438564E-01
1.448808E+01        -1.434374E-01
1.447506E+01        -1.430262E-01
1.446206E+01        -1.426163E-01
1.444907E+01        -1.422064E-01
1.443609E+01        -1.417964E-01
1.442312E+01        -1.413864E-01
1.441017E+01        -1.409767E-01
1.439722E+01        -1.405754E-01
1.438429E+01        -1.401667E-01
1.437137E+01        -1.397656E-01
1.435846E+01        -1.393657E-01
1.434556E+01        -1.389568E-01
1.433267E+01        -1.385556E-01
1.431980E+01        -1.381558E-01
1.430693E+01        -1.377645E-01
1.429408E+01        -1.373658E-01
1.428124E+01        -1.369658E-01
1.426841E+01        -1.365747E-01
1.425559E+01        -1.361847E-01
1.424279E+01        -1.357860E-01
1.422999E+01        -1.353947E-01
1.421721E+01        -1.350049E-01
1.420444E+01        -1.346150E-01
1.419168E+01        -1.342250E-01
1.417893E+01        -1.338438E-01
1.416619E+01        -1.334550E-01
1.415347E+01        -1.330740E-01
1.414075E+01        -1.326939E-01
1.412805E+01        -1.323052E-01
1.411536E+01        -1.319241E-01
1.410268E+01        -1.315441E-01
1.409001E+01        -1.311641E-01
1.407735E+01        -1.307841E-01
1.406470E+01        -1.304128E-01
1.405207E+01        -1.300342E-01
1.403945E+01        -1.296631E-01
1.402684E+01        -1.292844E-01
1.401423E+01        -1.289130E-01
1.400165E+01        -1.285433E-01
1.398907E+01        -1.281733E-01
1.397650E+01        -1.278032E-01
1.396395E+01        -1.274334E-01
1.395140E+01        -1.270633E-01
1.393887E+01        -1.267022E-01
1.392635E+01        -1.263335E-01
1.391384E+01        -1.259723E-01
1.390134E+01        -1.256123E-01
1.388885E+01        -1.252435E-01
1.387637E+01        -1.248822E-01
1.386391E+01        -1.245224E-01
1.385145E+01        -1.241623E-01
1.383901E+01        -1.238112E-01
1.382658E+01        -1.234525E-01
1.381416E+01        -1.230926E-01
1.380175E+01        -1.227414E-01
1.378935E+01        -1.223826E-01
1.377696E+01        -1.220313E-01
1.376459E+01        -1.216816E-01
1.375222E+01        -1.213314E-01
1.373987E+01        -1.209816E-01
1.372753E+01        -1.206317E-01
1.371519E+01        -1.202815E-01
1.370287E+01        -1.199404E-01
1.369056E+01        -1.195916E-01
1.367827E+01        -1.192507E-01
1.366598E+01        -1.189018E-01
1.365370E+01        -1.185605E-01
1.364144E+01        -1.182207E-01
1.362918E+01        -1.178806E-01
1.361694E+01        -1.175407E-01
1.360471E+01        -1.172008E-01
1.359249E+01        -1.168609E-01
1.358028E+01        -1.165209E-01
1.356808E+01        -1.161898E-01
1.355589E+01        -1.158510E-01
1.354371E+01        -1.155197E-01
1.353154E+01        -1.151809E-01
1.351939E+01        -1.148498E-01
1.350724E+01        -1.145197E-01
1.349511E+01        -1.141899E-01
1.348299E+01        -1.138600E-01
1.347087E+01        -1.135298E-01
1.345877E+01        -1.132086E-01
1.344668E+01        -1.128799E-01
1.343460E+01        -1.125499E-01
1.342254E+01        -1.122290E-01
1.341048E+01        -1.119089E-01
1.339843E+01        -1.115801E-01
1.338639E+01        -1.112588E-01
1.337437E+01        -1.109390E-01
1.336236E+01        -1.106191E-01
1.335035E+01        -1.102990E-01
1.333836E+01        -1.099791E-01
1.332638E+01        -1.096680E-01
1.331441E+01        -1.093492E-01
1.330244E+01        -1.090290E-01
1.329050E+01        -1.087181E-01
1.327856E+01        -1.084081E-01
1.326663E+01        -1.080893E-01
1.325471E+01        -1.077780E-01
1.324280E+01        -1.074680E-01
1.323091E+01        -1.071582E-01
1.321902E+01        -1.068481E-01
1.320715E+01        -1.065383E-01
1.319528E+01        -1.062369E-01
1.318343E+01        -1.059283E-01
1.317159E+01        -1.056184E-01
1.315975E+01        -1.053170E-01
1.314793E+01        -1.050170E-01
1.313612E+01        -1.047083E-01
1.312432E+01        -1.044071E-01
1.311253E+01        -1.041072E-01
1.310075E+01        -1.038072E-01
1.308898E+01        -1.035072E-01
1.307723E+01        -1.032074E-01
1.306548E+01        -1.029074E-01
1.305374E+01        -1.026161E-01
1.304201E+01        -1.023173E-01
1.303030E+01        -1.020262E-01
1.301859E+01        -1.017273E-01
1.300690E+01        -1.014362E-01
1.299521E+01        -1.011461E-01
1.298354E+01        -1.008475E-01
1.297188E+01        -1.005564E-01
1.296022E+01        -1.002662E-01
1.294858E+01        -9.997981E-02
1.293695E+01        -9.969126E-02
1.292533E+01        -9.940407E-02
1.291372E+01        -9.911713E-02
1.290212E+01        -9.883105E-02
1.289053E+01        -9.854595E-02
1.287895E+01        -9.826098E-02
1.286738E+01        -9.797774E-02
1.285582E+01        -9.769474E-02
1.284427E+01        -9.741261E-02
1.283273E+01        -9.713146E-02
1.282120E+01        -9.685131E-02
1.280969E+01        -9.657152E-02
1.279818E+01        -9.629323E-02
1.278668E+01        -9.601518E-02
1.277520E+01        -9.573824E-02
1.276372E+01        -9.546117E-02
1.275225E+01        -9.518585E-02
1.274080E+01        -9.491101E-02
1.272935E+01        -9.463679E-02
1.271792E+01        -9.436381E-02
1.270649E+01        -9.409159E-02
1.269508E+01        -9.381972E-02
1.268367E+01        -9.354935E-02
1.267228E+01        -9.327947E-02
1.266090E+01        -9.300959E-02
1.264952E+01        -9.274121E-02
1.263816E+01        -9.247331E-02
1.262681E+01        -9.220628E-02
1.261546E+01        -9.194001E-02
1.260413E+01        -9.167497E-02
1.259281E+01        -9.141006E-02
1.258150E+01        -9.114601E-02
1.257019E+01        -9.088272E-02
1.255890E+01        -9.062067E-02
1.254762E+01        -9.035961E-02
1.253635E+01        -9.009868E-02
1.252509E+01        -8.983861E-02
1.251384E+01        -8.957867E-02
1.250259E+01        -8.932024E-02
1.249136E+01        -8.906229E-02
1.248014E+01        -8.880522E-02
1.246893E+01        -8.854827E-02
1.245773E+01        -8.829306E-02
1.244654E+01        -8.803811E-02
1.243536E+01        -8.778402E-02
1.242419E+01        -8.753007E-02
1.241303E+01        -8.727785E-02
1.240188E+01        -8.702590E-02
1.239073E+01        -8.677371E-02
1.237960E+01        -8.652350E-02
1.236848E+01        -8.627354E-02
1.235737E+01        -8.602445E-02
1.234627E+01        -8.577637E-02
1.233518E+01        -8.552841E-02
1.232410E+01        -8.528132E-02
1.231303E+01        -8.503524E-02
1.230197E+01        -8.478928E-02
1.229092E+01        -8.454420E-02
1.227988E+01        -8.430012E-02
1.226884E+01        -8.405682E-02
1.225782E+01        -8.381387E-02
1.224681E+01        -8.357179E-02
1.223581E+01        -8.333072E-02
1.222482E+01        -8.308978E-02
1.221384E+01        -8.284971E-02
1.220286E+01        -8.261043E-02
1.219190E+01        -8.237149E-02
1.218095E+01        -8.213430E-02
1.217001E+01        -8.189651E-02
1.215908E+01        -8.166032E-02
1.214815E+01        -8.142419E-02
1.213724E+01        -8.118914E-02
1.212634E+01        -8.095423E-02
1.211544E+01        -8.072084E-02
1.210456E+01        -8.048794E-02
1.209369E+01        -8.025504E-02
1.208282E+01        -8.002280E-02
1.207197E+01        -7.979178E-02
1.206112E+01        -7.956156E-02
1.205029E+01        -7.933168E-02
1.203946E+01        -7.910246E-02
1.202865E+01        -7.887360E-02
1.201784E+01        -7.864626E-02
1.200705E+01        -7.841854E-02
1.199626E+01        -7.819221E-02
1.198549E+01        -7.796637E-02
1.197472E+01        -7.774119E-02
1.196396E+01        -7.751615E-02
1.195321E+01        -7.729198E-02
1.194248E+01        -7.706903E-02
1.193175E+01        -7.684602E-02
1.192103E+01        -7.662387E-02
1.191032E+01        -7.640274E-02
1.189962E+01        -7.618174E-02
1.188893E+01        -7.596162E-02
1.187825E+01        -7.574251E-02
1.186758E+01        -7.552354E-02
1.185692E+01        -7.530544E-02
1.184627E+01        -7.508749E-02
1.183563E+01        -7.487041E-02
1.182500E+01        -7.465434E-02
1.181437E+01        -7.443821E-02
1.180376E+01        -7.422316E-02
1.179316E+01        -7.400912E-02
1.178256E+01        -7.379502E-02
1.177198E+01        -7.358199E-02
1.176140E+01        -7.336891E-02
1.175084E+01        -7.315691E-02
1.174028E+01        -7.294571E-02
1.172974E+01        -7.273486E-02
1.171920E+01        -7.252469E-02
1.170867E+01        -7.231466E-02
1.169815E+01        -7.210550E-02
1.168764E+01        -7.189736E-02
1.167714E+01        -7.168937E-02
1.166665E+01        -7.148225E-02
1.165617E+01        -7.127527E-02
1.164570E+01        -7.106918E-02
1.163524E+01        -7.086409E-02
1.162479E+01        -7.065915E-02
1.161435E+01        -7.045509E-02
1.160391E+01        -7.025098E-02
1.159349E+01        -7.004794E-02
1.158308E+01        -6.984591E-02
1.157267E+01        -6.964384E-02
1.156227E+01        -6.944264E-02
1.155189E+01        -6.924179E-02
1.154151E+01        -6.904162E-02
1.153114E+01        -6.884246E-02
1.152078E+01        -6.864259E-02
1.151043E+01        -6.844432E-02
1.150009E+01        -6.824634E-02
1.148976E+01        -6.804924E-02
1.147944E+01        -6.785228E-02
1.146913E+01        -6.765621E-02
1.145883E+01        -6.746114E-02
1.144853E+01        -6.726604E-02
1.143825E+01        -6.707114E-02
1.142797E+01        -6.687693E-02
1.141771E+01        -6.668392E-02
1.140745E+01        -6.649088E-02
1.139720E+01        -6.629871E-02
1.138697E+01        -6.610689E-02
1.137674E+01        -6.591575E-02
1.136652E+01        -6.572563E-02
1.135631E+01        -6.553566E-02
1.134610E+01        -6.534552E-02
1.133591E+01        -6.515645E-02
1.132573E+01        -6.496838E-02
1.131555E+01        -6.478029E-02
1.130539E+01        -6.459326E-02
1.129523E+01        -6.440621E-02
1.128509E+01        -6.422021E-02
1.127495E+01        -6.403418E-02
1.126482E+01        -6.384903E-02
1.125470E+01        -6.366404E-02
1.124459E+01        -6.347992E-02
1.123449E+01        -6.329682E-02
1.122440E+01        -6.311388E-02
1.121432E+01        -6.293095E-02
1.120424E+01        -6.274872E-02
1.119418E+01        -6.256768E-02
1.118412E+01        -6.238663E-02
1.117407E+01        -6.220559E-02
1.116404E+01        -6.202646E-02
1.115401E+01        -6.184660E-02
1.114399E+01        -6.166748E-02
1.113398E+01        -6.148937E-02
1.112397E+01        -6.131124E-02
1.111398E+01        -6.113417E-02
1.110400E+01        -6.095725E-02
1.109402E+01        -6.078104E-02
1.108406E+01        -6.060516E-02
1.107410E+01        -6.042998E-02
1.106415E+01        -6.025496E-02
1.105421E+01        -6.008082E-02
1.104428E+01        -5.990684E-02
1.103436E+01        -5.973374E-02
1.102445E+01        -5.956080E-02
1.101455E+01        -5.938873E-02
1.100465E+01        -5.921665E-02
1.099477E+01        -5.904562E-02
1.098489E+01        -5.887459E-02
1.097502E+01        -5.870442E-02
1.096516E+01        -5.853442E-02
1.095531E+01        -5.836444E-02
1.094547E+01        -5.819620E-02
1.093564E+01        -5.802740E-02
1.092581E+01        -5.785916E-02
1.091600E+01        -5.769212E-02
1.090619E+01        -5.752507E-02
1.089640E+01        -5.735906E-02
1.088661E+01        -5.719305E-02
1.087683E+01        -5.702706E-02
1.086706E+01        -5.686195E-02
1.085729E+01        -5.669768E-02
1.084754E+01        -5.653376E-02
1.083780E+01        -5.636985E-02
1.082806E+01        -5.620665E-02
1.081833E+01        -5.604447E-02
1.080862E+01        -5.588177E-02
1.079891E+01        -5.572049E-02
1.078921E+01        -5.555952E-02
1.077951E+01        -5.539840E-02
1.076983E+01        -5.523747E-02
1.076016E+01        -5.507828E-02
1.075049E+01        -5.491837E-02
1.074083E+01        -5.475920E-02
1.073118E+01        -5.460105E-02
1.072154E+01        -5.444306E-02
1.071191E+01        -5.428510E-02
1.070229E+01        -5.412801E-02
1.069268E+01        -5.397195E-02
1.068307E+01        -5.381589E-02
1.067347E+01        -5.365985E-02
1.066389E+01        -5.350400E-02
1.065431E+01        -5.334971E-02
1.064473E+01        -5.319473E-02
1.063517E+01        -5.304064E-02
1.062562E+01        -5.288756E-02
1.061607E+01        -5.273450E-02
1.060654E+01        -5.258162E-02
1.059701E+01        -5.242946E-02
1.058749E+01        -5.227747E-02
1.057798E+01        -5.212635E-02
1.056848E+01        -5.197540E-02
1.055898E+01        -5.182517E-02
1.054950E+01        -5.167442E-02
1.054002E+01        -5.152508E-02
1.053055E+01        -5.137607E-02
1.052109E+01        -5.122708E-02
1.051164E+01        -5.107897E-02
1.050220E+01        -5.093103E-02
1.049276E+01        -5.078380E-02
1.048334E+01        -5.063691E-02
1.047392E+01        -5.048988E-02
1.046451E+01        -5.034373E-02
1.045511E+01        -5.019775E-02
1.044572E+01        -5.005265E-02
1.043634E+01        -4.990772E-02
1.042696E+01        -4.976266E-02
1.041759E+01        -4.961847E-02
1.040824E+01        -4.947546E-02
1.039889E+01        -4.933163E-02
1.038954E+01        -4.918921E-02
1.038021E+01        -4.904642E-02
1.037089E+01        -4.890436E-02
1.036157E+01        -4.876317E-02
1.035226E+01        -4.862130E-02
1.034296E+01        -4.848101E-02
1.033367E+01        -4.834019E-02
1.032439E+01        -4.820010E-02
1.031511E+01        -4.806088E-02
1.030585E+01        -4.792199E-02
1.029659E+01        -4.778297E-02
1.028734E+01        -4.764398E-02
1.027810E+01        -4.750586E-02
1.026887E+01        -4.736877E-02
1.025964E+01        -4.723170E-02
1.025042E+01        -4.709466E-02
1.024122E+01        -4.695864E-02
1.023202E+01        -4.682265E-02
1.022283E+01        -4.668669E-02
1.021364E+01        -4.655146E-02
1.020447E+01        -4.641654E-02
1.019530E+01        -4.628236E-02
1.018614E+01        -4.614835E-02
1.017699E+01        -4.601437E-02
1.016785E+01        -4.588126E-02
1.015871E+01        -4.574819E-02
1.014959E+01        -4.561528E-02
1.014047E+01        -4.548311E-02
1.013136E+01        -4.535111E-02
1.012226E+01        -4.521999E-02
1.011317E+01        -4.508905E-02
1.010408E+01        -4.495799E-02
1.009501E+01        -4.482794E-02
1.008594E+01        -4.469793E-02
1.007688E+01        -4.456880E-02
1.006783E+01        -4.443984E-02
1.005878E+01        -4.431077E-02
1.004975E+01        -4.418271E-02
1.004072E+01        -4.405470E-02
1.003170E+01        -4.392671E-02
1.002269E+01        -4.379959E-02
1.001368E+01        -4.367251E-02
1.000469E+01        -4.354644E-02
9.995700E+00        -4.341957E-02
9.986721E+00        -4.329428E-02
9.977749E+00        -4.316844E-02
9.968786E+00        -4.304330E-02
9.959831E+00        -4.291831E-02
9.950884E+00        -4.279417E-02
9.941945E+00        -4.267019E-02
9.933014E+00        -4.254620E-02
9.924091E+00        -4.242306E-02
9.915176E+00        -4.230007E-02
9.906269E+00        -4.217792E-02
9.897370E+00        -4.205509E-02
9.888479E+00        -4.193379E-02
9.879596E+00        -4.181196E-02
9.870721E+00        -4.169082E-02
9.861854E+00        -4.156983E-02
9.852995E+00        -4.144969E-02
9.844144E+00        -4.132885E-02
9.835301E+00        -4.120956E-02
9.826466E+00        -4.108973E-02
9.817638E+00        -4.097057E-02
9.808819E+00        -4.085243E-02
9.800008E+00        -4.073361E-02
9.791204E+00        -4.061546E-02
9.782408E+00        -4.049746E-02
9.773621E+00        -4.038033E-02
9.764841E+00        -4.026334E-02
9.756069E+00        -4.014635E-02
9.747305E+00        -4.003020E-02
9.738549E+00        -3.991422E-02
9.729801E+00        -3.979823E-02
9.721060E+00        -3.968308E-02
9.712327E+00        -3.956808E-02
9.703603E+00        -3.945310E-02
9.694886E+00        -3.933896E-02
9.686177E+00        -3.922497E-02
9.677476E+00        -3.911098E-02
9.668782E+00        -3.899783E-02
9.660096E+00        -3.888484E-02
9.651419E+00        -3.877186E-02
9.642749E+00        -3.865971E-02
9.634086E+00        -3.854771E-02
9.625432E+00        -3.843573E-02
9.616785E+00        -3.832374E-02
9.608146E+00        -3.821259E-02
9.599515E+00        -3.810244E-02
9.590892E+00        -3.799162E-02
9.582276E+00        -3.788147E-02
9.573668E+00        -3.777148E-02
9.565068E+00        -3.766149E-02
9.556476E+00        -3.755235E-02
9.547891E+00        -3.744420E-02
9.539314E+00        -3.733537E-02
9.530745E+00        -3.722722E-02
9.522183E+00        -3.711923E-02
9.513629E+00        -3.701124E-02
9.505083E+00        -3.690409E-02
9.496544E+00        -3.679710E-02
9.488013E+00        -3.669011E-02
9.479490E+00        -3.658396E-02
9.470974E+00        -3.647797E-02
9.462467E+00        -3.637199E-02
9.453966E+00        -3.626599E-02
9.445474E+00        -3.616085E-02
9.436989E+00        -3.605586E-02
9.428511E+00        -3.595170E-02
9.420041E+00        -3.584771E-02
9.411579E+00        -3.574372E-02
9.403125E+00        -3.563974E-02
9.394678E+00        -3.553659E-02
9.386238E+00        -3.543275E-02
9.377807E+00        -3.533045E-02
9.369382E+00        -3.522761E-02
9.360966E+00        -3.512547E-02
9.352556E+00        -3.502347E-02
9.344155E+00        -3.492232E-02
9.335761E+00        -3.482049E-02
9.327374E+00        -3.471934E-02
9.318996E+00        -3.461920E-02
9.310624E+00        -3.451836E-02
9.302260E+00        -3.441821E-02
9.293904E+00        -3.431822E-02
9.285555E+00        -3.421907E-02
9.277214E+00        -3.411924E-02
9.268880E+00        -3.402093E-02
9.260553E+00        -3.392209E-02
9.252235E+00        -3.382311E-02
9.243923E+00        -3.372495E-02
9.235619E+00        -3.362696E-02
9.227323E+00        -3.352982E-02
9.219034E+00        -3.343283E-02
9.210752E+00        -3.333583E-02
9.202478E+00        -3.323884E-02
9.194211E+00        -3.314185E-02
9.185952E+00        -3.304570E-02
9.177700E+00        -3.294971E-02
9.169455E+00        -3.285455E-02
9.161218E+00        -3.275956E-02
9.152989E+00        -3.266374E-02
9.144766E+00        -3.256941E-02
9.136551E+00        -3.247458E-02
9.128344E+00        -3.238044E-02
9.120144E+00        -3.228645E-02
9.111951E+00        -3.219245E-02
9.103766E+00        -3.209930E-02
9.095588E+00        -3.200631E-02
9.087417E+00        -3.191332E-02
9.079254E+00        -3.182033E-02
9.071097E+00        -3.172817E-02
9.062949E+00        -3.163618E-02
9.054807E+00        -3.154418E-02
9.046673E+00        -3.145303E-02
9.038547E+00        -3.136121E-02
9.030427E+00        -3.127005E-02
9.022315E+00        -3.117906E-02
9.014210E+00        -3.108890E-02
9.006112E+00        -3.099891E-02
8.998022E+00        -3.090892E-02
8.989939E+00        -3.081893E-02
8.981863E+00        -3.072977E-02
8.973795E+00        -3.063995E-02
8.965733E+00        -3.055162E-02
8.957679E+00        -3.046280E-02
8.949632E+00        -3.037380E-02
8.941593E+00        -3.028565E-02
8.933560E+00        -3.019766E-02
8.925535E+00        -3.011050E-02
8.917517E+00        -3.002267E-02
8.909507E+00        -2.993552E-02
8.901503E+00        -2.984853E-02
8.893507E+00        -2.976154E-02
8.885518E+00        -2.967538E-02
8.877536E+00        -2.958939E-02
8.869561E+00        -2.950340E-02
8.861593E+00        -2.941740E-02
8.853633E+00        -2.933225E-02
8.845679E+00        -2.924725E-02
8.837733E+00        -2.916226E-02
8.829794E+00        -2.907727E-02
8.821862E+00        -2.899311E-02
8.813937E+00        -2.890912E-02
8.806019E+00        -2.882512E-02
8.798109E+00        -2.874114E-02
8.790205E+00        -2.865797E-02
8.782309E+00        -2.857415E-02
8.774420E+00        -2.849100E-02
8.766537E+00        -2.840883E-02
8.758662E+00        -2.832601E-02
8.750794E+00        -2.824385E-02
8.742933E+00        -2.816185E-02
8.735079E+00        -2.807986E-02
8.727233E+00        -2.799871E-02
8.719393E+00        -2.791689E-02
8.711560E+00        -2.783572E-02
8.703734E+00        -2.775473E-02
8.695916E+00        -2.767457E-02
8.688104E+00        -2.759375E-02
8.680299E+00        -2.751358E-02
8.672502E+00        -2.743360E-02
8.664711E+00        -2.735443E-02
8.656927E+00        -2.727461E-02
8.649151E+00        -2.719545E-02
8.641381E+00        -2.711645E-02
8.633618E+00        -2.703746E-02
8.625862E+00        -2.695929E-02
8.618114E+00        -2.688048E-02
8.610372E+00        -2.680231E-02
8.602637E+00        -2.672432E-02
8.594909E+00        -2.664716E-02
8.587188E+00        -2.656933E-02
8.579474E+00        -2.649217E-02
8.571767E+00        -2.641518E-02
8.564067E+00        -2.633902E-02
8.556374E+00        -2.626220E-02
8.548687E+00        -2.618603E-02
8.541008E+00        -2.611004E-02
8.533336E+00        -2.603405E-02
8.525670E+00        -2.595806E-02
8.518011E+00        -2.588289E-02
8.510359E+00        -2.580790E-02
8.502714E+00        -2.573290E-02
8.495076E+00        -2.565791E-02
8.487445E+00        -2.558292E-02
8.479821E+00        -2.550876E-02
8.472203E+00        -2.543476E-02
8.464592E+00        -2.536077E-02
8.456988E+00        -2.528678E-02
8.449391E+00        -2.521361E-02
8.441801E+00        -2.514062E-02
8.434218E+00        -2.506763E-02
8.426641E+00        -2.499463E-02
8.419071E+00        -2.492164E-02
8.411508E+00        -2.484947E-02
8.403952E+00        -2.477666E-02
8.396403E+00        -2.470449E-02
8.388860E+00        -2.463332E-02
8.381324E+00        -2.456150E-02
8.373795E+00        -2.449034E-02
8.366273E+00        -2.441852E-02
8.358757E+00        -2.434735E-02
8.351248E+00        -2.427718E-02
8.343746E+00        -2.420636E-02
8.336251E+00        -2.413620E-02
8.328763E+00        -2.406621E-02
8.321281E+00        -2.399622E-02
8.313806E+00        -2.392623E-02
8.306337E+00        -2.385623E-02
8.298875E+00        -2.378706E-02
8.291420E+00        -2.371806E-02
8.283972E+00        -2.364907E-02
8.276530E+00        -2.358008E-02
8.269095E+00        -2.351191E-02
8.261667E+00        -2.344309E-02
8.254246E+00        -2.337493E-02
8.246831E+00        -2.330694E-02
8.239422E+00        -2.323976E-02
8.232021E+00        -2.317195E-02
8.224626E+00        -2.310395E-02
8.217238E+00        -2.303679E-02
8.209856E+00        -2.296979E-02
8.202481E+00        -2.290362E-02
8.195112E+00        -2.283680E-02
8.187751E+00        -2.277064E-02
8.180395E+00        -2.270381E-02
8.173047E+00        -2.263765E-02
8.165705E+00        -2.257248E-02
8.158370E+00        -2.250667E-02
8.151041E+00        -2.244149E-02
8.143719E+00        -2.237568E-02
8.136403E+00        -2.231051E-02
8.129094E+00        -2.224551E-02
8.121791E+00        -2.218134E-02
8.114495E+00        -2.211652E-02
8.107206E+00        -2.205235E-02
8.099923E+00        -2.198836E-02
8.092647E+00        -2.192437E-02
8.085377E+00        -2.186037E-02
8.078114E+00        -2.179638E-02
8.070857E+00        -2.173320E-02
8.063607E+00        -2.167021E-02
8.056363E+00        -2.160722E-02
8.049126E+00        -2.154422E-02
8.041896E+00        -2.148124E-02
8.034671E+00        -2.141906E-02
8.027454E+00        -2.135625E-02
8.020243E+00        -2.129408E-02
8.013038E+00        -2.123290E-02
8.005840E+00        -2.117109E-02
7.998648E+00        -2.110909E-02
7.991462E+00        -2.104791E-02
7.984284E+00        -2.098693E-02
7.977111E+00        -2.092511E-02
7.969945E+00        -2.086476E-02
7.962786E+00        -2.080394E-02
7.955633E+00        -2.074295E-02
7.948486E+00        -2.068278E-02
7.941346E+00        -2.062278E-02
7.934212E+00        -2.056279E-02
7.927084E+00        -2.050279E-02
7.919963E+00        -2.044280E-02
7.912849E+00        -2.038363E-02
7.905741E+00        -2.032463E-02
7.898639E+00        -2.026564E-02
7.891543E+00        -2.020664E-02
7.884454E+00        -2.014765E-02
7.877371E+00        -2.008865E-02
7.870295E+00        -2.003048E-02
7.863225E+00        -1.997167E-02
7.856161E+00        -1.991349E-02
7.849104E+00        -1.985550E-02
7.842053E+00        -1.979750E-02
7.835008E+00        -1.974032E-02
7.827970E+00        -1.968251E-02
7.820938E+00        -1.962534E-02
7.813912E+00        -1.956834E-02
7.806893E+00        -1.951135E-02
7.799880E+00        -1.945436E-02
7.792873E+00        -1.939818E-02
7.785873E+00        -1.934137E-02
7.778879E+00        -1.928519E-02
7.771891E+00        -1.922920E-02
7.764909E+00        -1.917320E-02
7.757934E+00        -1.911721E-02
7.750965E+00        -1.906122E-02
7.744002E+00        -1.900604E-02
7.737045E+00        -1.895104E-02
7.730095E+00        -1.889523E-02
7.723151E+00        -1.884087E-02
7.716213E+00        -1.878606E-02
7.709282E+00        -1.873107E-02
7.702356E+00        -1.867607E-02
7.695437E+00        -1.862189E-02
7.688524E+00        -1.856790E-02
7.681617E+00        -1.851390E-02
7.674717E+00        -1.845991E-02
7.667823E+00        -1.840592E-02
7.660934E+00        -1.835273E-02
7.654052E+00        -1.829892E-02
7.647177E+00        -1.824575E-02
7.640307E+00        -1.819275E-02
7.633444E+00        -1.813976E-02
7.626586E+00        -1.808676E-02
7.619735E+00        -1.803376E-02
7.612890E+00        -1.798158E-02
7.606052E+00        -1.792960E-02
7.599219E+00        -1.787678E-02
7.592393E+00        -1.782461E-02
7.585572E+00        -1.777261E-02
7.578758E+00        -1.772143E-02
7.571950E+00        -1.766962E-02
7.565148E+00        -1.761844E-02
7.558352E+00        -1.756663E-02
7.551562E+00        -1.751545E-02
7.544778E+00        -1.746445E-02
7.538001E+00        -1.741346E-02
7.531229E+00        -1.736328E-02
7.524464E+00        -1.731247E-02
7.517705E+00        -1.726229E-02
7.510951E+00        -1.721148E-02
7.504204E+00        -1.716130E-02
7.497463E+00        -1.711130E-02
7.490728E+00        -1.706131E-02
7.483999E+00        -1.701213E-02
7.477276E+00        -1.696232E-02
7.470559E+00        -1.691314E-02
7.463848E+00        -1.686333E-02
7.457143E+00        -1.681415E-02
7.450444E+00        -1.676515E-02
7.443751E+00        -1.671697E-02
7.437064E+00        -1.666816E-02
7.430384E+00        -1.661917E-02
7.423709E+00        -1.657099E-02
7.417040E+00        -1.652299E-02
7.410377E+00        -1.647418E-02
7.403720E+00        -1.642600E-02
7.397069E+00        -1.637881E-02
7.390424E+00        -1.633101E-02
7.383786E+00        -1.628302E-02
7.377153E+00        -1.623583E-02
7.370526E+00        -1.618803E-02
7.363904E+00        -1.614084E-02
7.357289E+00        -1.609384E-02
7.350680E+00        -1.604766E-02
7.344077E+00        -1.600085E-02
7.337480E+00        -1.595386E-02
7.330888E+00        -1.590767E-02
7.324303E+00        -1.586087E-02
7.317723E+00        -1.581468E-02
7.311150E+00        -1.576869E-02
7.304582E+00        -1.572269E-02
7.298020E+00        -1.567670E-02
7.291464E+00        -1.563070E-02
7.284914E+00        -1.558552E-02
7.278370E+00        -1.554052E-02
7.271832E+00        -1.549472E-02
7.265299E+00        -1.544953E-02
7.258773E+00        -1.540454E-02
7.252252E+00        -1.535954E-02
7.245737E+00        -1.531454E-02
7.239228E+00        -1.527036E-02
7.232725E+00        -1.522555E-02
7.226228E+00        -1.518137E-02
7.219737E+00        -1.513738E-02
7.213251E+00        -1.509338E-02
7.206771E+00        -1.504938E-02
7.200297E+00        -1.500538E-02
7.193829E+00        -1.496139E-02
7.187367E+00        -1.491740E-02
7.180910E+00        -1.487421E-02
7.174459E+00        -1.483121E-02
7.168015E+00        -1.478741E-02
7.161575E+00        -1.474422E-02
7.155142E+00        -1.470122E-02
7.148714E+00        -1.465823E-02
7.142293E+00        -1.461604E-02
7.135877E+00        -1.457324E-02
7.129466E+00        -1.453105E-02
7.123062E+00        -1.448825E-02
7.116663E+00        -1.444606E-02
7.110270E+00        -1.440406E-02
7.103883E+00        -1.436207E-02
7.097501E+00        -1.432007E-02
7.091125E+00        -1.427807E-02
7.084755E+00        -1.423608E-02
7.078391E+00        -1.419489E-02
7.072032E+00        -1.415389E-02
7.065679E+00        -1.411209E-02
7.059332E+00        -1.407090E-02
7.052991E+00        -1.402991E-02
7.046655E+00        -1.398891E-02
7.040325E+00        -1.394792E-02
7.034000E+00        -1.390772E-02
7.027682E+00        -1.386693E-02
7.021369E+00        -1.382674E-02
7.015061E+00        -1.378593E-02
7.008759E+00        -1.374574E-02
7.002463E+00        -1.370574E-02
6.996173E+00        -1.366575E-02
6.989888E+00        -1.362575E-02
6.983609E+00        -1.358657E-02
6.977336E+00        -1.354677E-02
6.971068E+00        -1.350677E-02
6.964805E+00        -1.346757E-02
6.958549E+00        -1.342858E-02
6.952298E+00        -1.338959E-02
6.946053E+00        -1.335059E-02
6.939813E+00        -1.331159E-02
6.933579E+00        -1.327260E-02
6.927350E+00        -1.323360E-02
6.921127E+00        -1.319460E-02
6.914910E+00        -1.315641E-02
6.908698E+00        -1.311842E-02
6.902492E+00        -1.307962E-02
6.896291E+00        -1.304142E-02
6.890096E+00        -1.300343E-02
6.883907E+00        -1.296543E-02
6.877723E+00        -1.292744E-02
6.871544E+00        -1.289024E-02
6.865372E+00        -1.285245E-02
6.859204E+00        -1.281445E-02
6.853043E+00        -1.277726E-02
6.846886E+00        -1.274026E-02
6.840736E+00        -1.270326E-02
6.834591E+00        -1.266546E-02
6.828451E+00        -1.262907E-02
6.822317E+00        -1.259227E-02
6.816188E+00        -1.255528E-02
6.810065E+00        -1.251828E-02
6.803948E+00        -1.248209E-02
6.797835E+00        -1.244529E-02
6.791729E+00        -1.240910E-02
6.785628E+00        -1.237310E-02
6.779532E+00        -1.233710E-02
6.773442E+00        -1.230111E-02
6.767357E+00        -1.226511E-02
6.761278E+00        -1.222911E-02
6.755204E+00        -1.219311E-02
6.749136E+00        -1.215792E-02
6.743073E+00        -1.212212E-02
6.737016E+00        -1.208693E-02
6.730964E+00        -1.205193E-02
6.724917E+00        -1.201613E-02
6.718876E+00        -1.198094E-02
6.712840E+00        -1.194594E-02
6.706810E+00        -1.191175E-02
6.700785E+00        -1.187695E-02
6.694766E+00        -1.184195E-02
6.688752E+00        -1.180776E-02
6.682743E+00        -1.177296E-02
6.676740E+00        -1.173876E-02
6.670742E+00        -1.170397E-02
6.664750E+00        -1.166977E-02
6.658763E+00        -1.163578E-02
6.652781E+00        -1.160178E-02
6.646805E+00        -1.156778E-02
6.640834E+00        -1.153379E-02
6.634868E+00        -1.150059E-02
6.628908E+00        -1.146679E-02
6.622953E+00        -1.143359E-02
6.617004E+00        -1.139980E-02
6.611060E+00        -1.136660E-02
6.605121E+00        -1.133361E-02
6.599187E+00        -1.130061E-02
6.593259E+00        -1.126761E-02
6.587336E+00        -1.123461E-02
6.581419E+00        -1.120162E-02
6.575507E+00        -1.116862E-02
6.569600E+00        -1.113643E-02
6.563698E+00        -1.110363E-02
6.557802E+00        -1.107143E-02
6.551911E+00        -1.103944E-02
6.546025E+00        -1.100664E-02
6.540145E+00        -1.097444E-02
6.534270E+00        -1.094245E-02
6.528400E+00        -1.091045E-02
6.522535E+00        -1.087845E-02
6.516676E+00        -1.084645E-02
6.510822E+00        -1.081526E-02
6.504973E+00        -1.078346E-02
6.499130E+00        -1.075226E-02
6.493291E+00        -1.072046E-02
6.487458E+00        -1.068927E-02
6.481630E+00        -1.065827E-02
6.475808E+00        -1.062727E-02
6.469991E+00        -1.059548E-02
6.464179E+00        -1.056508E-02
6.458372E+00        -1.053428E-02
6.452570E+00        -1.050329E-02
6.446774E+00        -1.047229E-02
6.440982E+00        -1.044209E-02
6.435196E+00        -1.041129E-02
6.429415E+00        -1.038109E-02
6.423640E+00        -1.035030E-02
6.417869E+00        -1.032010E-02
6.412104E+00        -1.029010E-02
6.406344E+00        -1.026011E-02
6.400589E+00        -1.023011E-02
6.394839E+00        -1.020011E-02
6.389095E+00        -1.017012E-02
6.383355E+00        -1.014012E-02
6.377621E+00        -1.011092E-02
6.371892E+00        -1.008113E-02
6.366168E+00        -1.005192E-02
6.360449E+00        -1.002213E-02
6.354735E+00        -9.993087E-03
6.349027E+00        -9.963974E-03
6.343323E+00        -9.934854E-03
6.337625E+00        -9.905758E-03
6.331932E+00        -9.876821E-03
6.326244E+00        -9.847924E-03
6.320561E+00        -9.819107E-03
6.314883E+00        -9.790388E-03
6.309210E+00        -9.761769E-03
6.303543E+00        -9.733255E-03
6.297880E+00        -9.704756E-03
6.292223E+00        -9.676420E-03
6.286570E+00        -9.648120E-03
6.280923E+00        -9.619904E-03
6.275281E+00        -9.591708E-03
6.269643E+00        -9.563665E-03
6.264011E+00        -9.535669E-03
6.258384E+00        -9.507830E-03
6.252762E+00        -9.480033E-03
6.247145E+00        -9.452236E-03
6.241533E+00        -9.424597E-03
6.235926E+00        -9.397078E-03
6.230325E+00        -9.369585E-03
6.224728E+00        -9.342166E-03
6.219136E+00        -9.314847E-03
6.213549E+00        -9.287549E-03
6.207968E+00        -9.260414E-03
6.202391E+00        -9.233315E-03
6.196819E+00        -9.206295E-03
6.191252E+00        -9.179376E-03
6.185691E+00        -9.152482E-03
6.180134E+00        -9.125742E-03
6.174582E+00        -9.099043E-03
6.169036E+00        -9.072428E-03
6.163494E+00        -9.045830E-03
6.157957E+00        -9.019390E-03
6.152425E+00        -8.992991E-03
6.146898E+00        -8.966672E-03
6.141377E+00        -8.940458E-03
6.135860E+00        -8.914260E-03
6.130348E+00        -8.888221E-03
6.124841E+00        -8.862224E-03
6.119339E+00        -8.836226E-03
6.113842E+00        -8.810388E-03
6.108349E+00        -8.784586E-03
6.102862E+00        -8.758869E-03
6.097380E+00        -8.733252E-03
6.091903E+00        -8.707656E-03
6.086430E+00        -8.682215E-03
6.080963E+00        -8.656820E-03
6.075500E+00        -8.631500E-03
6.070042E+00        -8.606201E-03
6.064589E+00        -8.580981E-03
6.059141E+00        -8.555863E-03
6.053698E+00        -8.530844E-03
6.048260E+00        -8.505847E-03
6.042827E+00        -8.480930E-03
6.037399E+00        -8.456113E-03
6.031975E+00        -8.431392E-03
6.026557E+00        -8.406698E-03
6.021143E+00        -8.382078E-03
6.015734E+00        -8.357559E-03
6.010330E+00        -8.333061E-03
6.004931E+00        -8.308644E-03
5.999536E+00        -8.284322E-03
5.994147E+00        -8.260105E-03
5.988762E+00        -8.235906E-03
5.983383E+00        -8.211791E-03
5.978008E+00        -8.187772E-03
5.972637E+00        -8.163771E-03
5.967272E+00        -8.139853E-03
5.961912E+00        -8.116037E-03
5.956556E+00        -8.092238E-03
5.951205E+00        -8.068518E-03
5.945859E+00        -8.044900E-03
5.940518E+00        -8.021382E-03
5.935181E+00        -7.997882E-03
5.929850E+00        -7.974466E-03
5.924523E+00        -7.951147E-03
5.919201E+00        -7.927850E-03
5.913883E+00        -7.904628E-03
5.908571E+00        -7.881432E-03
5.903263E+00        -7.858391E-03
5.897960E+00        -7.835315E-03
5.892662E+00        -7.812375E-03
5.887368E+00        -7.789475E-03
5.882080E+00        -7.766659E-03
5.876796E+00        -7.743940E-03
5.871516E+00        -7.721239E-03
5.866242E+00        -7.698622E-03
5.860972E+00        -7.676102E-03
5.855707E+00        -7.653604E-03
5.850447E+00        -7.631186E-03
5.845191E+00        -7.608865E-03
5.839941E+00        -7.586571E-03
5.834694E+00        -7.564269E-03
5.829453E+00        -7.542130E-03
5.824216E+00        -7.520031E-03
5.818984E+00        -7.498012E-03
5.813757E+00        -7.476015E-03
5.808534E+00        -7.454095E-03
5.803317E+00        -7.432279E-03
5.798103E+00        -7.410556E-03
5.792895E+00        -7.388782E-03
5.787691E+00        -7.367141E-03
5.782492E+00        -7.345544E-03
5.777297E+00        -7.324022E-03
5.772107E+00        -7.302602E-03
5.766922E+00        -7.281205E-03
5.761742E+00        -7.259809E-03
5.756566E+00        -7.238568E-03
5.751395E+00        -7.217371E-03
5.746228E+00        -7.196171E-03
5.741066E+00        -7.175130E-03
5.735909E+00        -7.154055E-03
5.730756E+00        -7.133112E-03
5.725608E+00        -7.112215E-03
5.720465E+00        -7.091318E-03
5.715326E+00        -7.070576E-03
5.710192E+00        -7.049801E-03
5.705062E+00        -7.029158E-03
5.699937E+00        -7.008560E-03
5.694817E+00        -6.988041E-03
5.689701E+00        -6.967542E-03
5.684590E+00        -6.947123E-03
5.679484E+00        -6.926728E-03
5.674382E+00        -6.906408E-03
5.669284E+00        -6.886186E-03
5.664191E+00        -6.865987E-03
5.659103E+00        -6.845868E-03
5.654019E+00        -6.825769E-03
5.648940E+00        -6.805749E-03
5.643866E+00        -6.785832E-03
5.638796E+00        -6.765934E-03
5.633730E+00        -6.746112E-03
5.628670E+00        -6.726317E-03
5.623613E+00        -6.706595E-03
5.618561E+00        -6.686896E-03
5.613514E+00        -6.667277E-03
5.608472E+00        -6.647760E-03
5.603433E+00        -6.628258E-03
5.598400E+00        -6.608841E-03
5.593371E+00        -6.589443E-03
5.588346E+00        -6.570122E-03
5.583326E+00        -6.550824E-03
5.578310E+00        -6.531603E-03
5.573299E+00        -6.512483E-03
5.568293E+00        -6.493387E-03
5.563291E+00        -6.474368E-03
5.558293E+00        -6.455368E-03
5.553300E+00        -6.436370E-03
5.548311E+00        -6.417527E-03
5.543327E+00        -6.398729E-03
5.538347E+00        -6.379930E-03
5.533372E+00        -6.361210E-03
5.528402E+00        -6.342515E-03
5.523435E+00        -6.323970E-03
5.518473E+00        -6.305393E-03
5.513516E+00        -6.286874E-03
5.508563E+00        -6.268453E-03
5.503615E+00        -6.250057E-03
5.498671E+00        -6.231737E-03
5.493731E+00        -6.213437E-03
5.488796E+00        -6.195217E-03
5.483866E+00        -6.177021E-03
5.478939E+00        -6.158898E-03
5.474017E+00        -6.140799E-03
5.469100E+00        -6.122780E-03
5.464187E+00        -6.104860E-03
5.459279E+00        -6.086964E-03
5.454374E+00        -6.069063E-03
5.449475E+00        -6.051245E-03
5.444579E+00        -6.033522E-03
5.439688E+00        -6.015824E-03
5.434802E+00        -5.998128E-03
5.429920E+00        -5.980508E-03
5.425042E+00        -5.962987E-03
5.420168E+00        -5.945486E-03
5.415299E+00        -5.928066E-03
5.410435E+00        -5.910670E-03
5.405574E+00        -5.893269E-03
5.400719E+00        -5.875952E-03
5.395867E+00        -5.858730E-03
5.391020E+00        -5.841532E-03
5.386177E+00        -5.824411E-03
5.381338E+00        -5.807311E-03
5.376504E+00        -5.790213E-03
5.371674E+00        -5.773192E-03
5.366849E+00        -5.756273E-03
5.362028E+00        -5.739375E-03
5.357211E+00        -5.722553E-03
5.352399E+00        -5.705757E-03
5.347591E+00        -5.688959E-03
5.342787E+00        -5.672238E-03
5.337987E+00        -5.655615E-03
5.333192E+00        -5.639018E-03
5.328401E+00        -5.622496E-03
5.323614E+00        -5.605997E-03
5.318832E+00        -5.589499E-03
5.314054E+00        -5.573079E-03
5.309281E+00        -5.556760E-03
5.304511E+00        -5.540382E-03
5.299746E+00        -5.524139E-03
5.294985E+00        -5.507940E-03
5.290229E+00        -5.491744E-03
5.285476E+00        -5.475621E-03
5.280728E+00        -5.459522E-03
5.275984E+00        -5.443501E-03
5.271245E+00        -5.427504E-03
5.266510E+00        -5.411584E-03
5.261779E+00        -5.395685E-03
5.257052E+00        -5.379786E-03
5.252329E+00        -5.364041E-03
5.247611E+00        -5.348266E-03
5.242897E+00        -5.332545E-03
5.238187E+00        -5.316846E-03
5.233482E+00        -5.301227E-03
5.228781E+00        -5.285707E-03
5.224083E+00        -5.270205E-03
5.219391E+00        -5.254710E-03
5.214702E+00        -5.239210E-03
5.210018E+00        -5.223868E-03
5.205337E+00        -5.208489E-03
5.200661E+00        -5.193168E-03
5.195989E+00        -5.177947E-03
5.191322E+00        -5.162750E-03
5.186658E+00        -5.147550E-03
5.181999E+00        -5.132430E-03
5.177344E+00        -5.117331E-03
5.172693E+00        -5.102310E-03
5.168046E+00        -5.087310E-03
5.163404E+00        -5.072391E-03
5.158765E+00        -5.057490E-03
5.154131E+00        -5.042593E-03
5.149501E+00        -5.027771E-03
5.144875E+00        -5.012972E-03
5.140254E+00        -4.998253E-03
5.135636E+00        -4.983554E-03
5.131023E+00        -4.968934E-03
5.126413E+00        -4.954333E-03
5.121808E+00        -4.939735E-03
5.117207E+00        -4.925213E-03
5.112610E+00        -4.910791E-03
5.108018E+00        -4.896318E-03
5.103429E+00        -4.881973E-03
5.098844E+00        -4.867595E-03
5.094264E+00        -4.853275E-03
5.089688E+00        -4.838977E-03
5.085116E+00        -4.824756E-03
5.080548E+00        -4.810635E-03
5.075984E+00        -4.796459E-03
5.071424E+00        -4.782337E-03
5.066868E+00        -4.768315E-03
5.062317E+00        -4.754318E-03
5.057769E+00        -4.740318E-03
5.053225E+00        -4.726395E-03
5.048686E+00        -4.712497E-03
5.044151E+00        -4.698600E-03
5.039620E+00        -4.684779E-03
5.035092E+00        -4.671055E-03
5.030569E+00        -4.657279E-03
5.026050E+00        -4.643558E-03
5.021535E+00        -4.629936E-03
5.017024E+00        -4.616337E-03
5.012517E+00        -4.602738E-03
5.008015E+00        -4.589219E-03
5.003516E+00        -4.575720E-03
4.999021E+00        -4.562220E-03
4.994530E+00        -4.548797E-03
4.990044E+00        -4.535478E-03
4.985561E+00        -4.522101E-03
4.981082E+00        -4.508778E-03
4.976608E+00        -4.495558E-03
4.972137E+00        -4.482358E-03
4.967671E+00        -4.469161E-03
4.963208E+00        -4.455961E-03
4.958750E+00        -4.442917E-03
4.954295E+00        -4.429840E-03
4.949845E+00        -4.416820E-03
4.945398E+00        -4.403820E-03
4.940956E+00        -4.390823E-03
4.936517E+00        -4.377900E-03
4.932083E+00        -4.365079E-03
4.927652E+00        -4.352202E-03
4.923225E+00        -4.339379E-03
4.918803E+00        -4.326659E-03
4.914384E+00        -4.313883E-03
4.909969E+00        -4.301160E-03
4.905559E+00        -4.288540E-03
4.901152E+00        -4.275940E-03
4.896749E+00        -4.263341E-03
4.892350E+00        -4.250818E-03
4.887955E+00        -4.238319E-03
4.883565E+00        -4.225823E-03
4.879178E+00        -4.213401E-03
4.874795E+00        -4.201002E-03
4.870415E+00        -4.188601E-03
4.866040E+00        -4.176279E-03
4.861669E+00        -4.163981E-03
4.857302E+00        -4.151760E-03
4.852938E+00        -4.139559E-03
4.848579E+00        -4.127362E-03
4.844223E+00        -4.115162E-03
4.839872E+00        -4.103041E-03
4.835524E+00        -4.091018E-03
4.831180E+00        -4.078942E-03
4.826840E+00        -4.066920E-03
4.822504E+00        -4.054998E-03
4.818172E+00        -4.043023E-03
4.813844E+00        -4.031101E-03
4.809519E+00        -4.019277E-03
4.805199E+00        -4.007479E-03
4.800882E+00        -3.995680E-03
4.796570E+00        -3.983883E-03
4.792261E+00        -3.972160E-03
4.787956E+00        -3.960461E-03
4.783655E+00        -3.948762E-03
4.779358E+00        -3.937140E-03
4.775064E+00        -3.925540E-03
4.770775E+00        -3.914019E-03
4.766489E+00        -3.902519E-03
4.762207E+00        -3.891020E-03
4.757929E+00        -3.879521E-03
4.753655E+00        -3.868099E-03
4.749385E+00        -3.856701E-03
4.745118E+00        -3.845377E-03
4.740856E+00        -3.834003E-03
4.736597E+00        -3.822756E-03
4.732342E+00        -3.811481E-03
4.728091E+00        -3.800259E-03
4.723844E+00        -3.789061E-03
4.719600E+00        -3.777860E-03
4.715360E+00        -3.766737E-03
4.711124E+00        -3.755638E-03
4.706892E+00        -3.744615E-03
4.702664E+00        -3.733541E-03
4.698440E+00        -3.722596E-03
4.694219E+00        -3.711620E-03
4.690002E+00        -3.700697E-03
4.685789E+00        -3.689798E-03
4.681580E+00        -3.678900E-03
4.677374E+00        -3.668076E-03
4.673172E+00        -3.657276E-03
4.668974E+00        -3.646477E-03
4.664780E+00        -3.635755E-03
4.660590E+00        -3.625057E-03
4.656403E+00        -3.614358E-03
4.652220E+00        -3.603659E-03
4.648041E+00        -3.593036E-03
4.643865E+00        -3.582512E-03
4.639694E+00        -3.571938E-03
4.635526E+00        -3.561415E-03
4.631362E+00        -3.550917E-03
4.627201E+00        -3.540416E-03
4.623045E+00        -3.529995E-03
4.618892E+00        -3.519596E-03
4.614742E+00        -3.509195E-03
4.610597E+00        -3.498873E-03
4.606455E+00        -3.488574E-03
4.602317E+00        -3.478275E-03
4.598183E+00        -3.468053E-03
4.594052E+00        -3.457777E-03
4.589925E+00        -3.447630E-03
4.585802E+00        -3.437455E-03
4.581683E+00        -3.427333E-03
4.577567E+00        -3.417234E-03
4.573455E+00        -3.407135E-03
4.569346E+00        -3.397111E-03
4.565242E+00        -3.387113E-03
4.561141E+00        -3.377115E-03
4.557043E+00        -3.367114E-03
4.552949E+00        -3.357190E-03
4.548860E+00        -3.347293E-03
4.544773E+00        -3.337393E-03
4.540691E+00        -3.327571E-03
4.536612E+00        -3.317772E-03
4.532536E+00        -3.307971E-03
4.528465E+00        -3.298250E-03
4.524397E+00        -3.288551E-03
4.520332E+00        -3.278850E-03
4.516272E+00        -3.269153E-03
4.512215E+00        -3.259529E-03
4.508161E+00        -3.249929E-03
4.504111E+00        -3.240329E-03
4.500065E+00        -3.230730E-03
4.496023E+00        -3.221208E-03
4.491984E+00        -3.211709E-03
4.487949E+00        -3.202286E-03
4.483917E+00        -3.192810E-03
4.479889E+00        -3.183387E-03
4.475865E+00        -3.173989E-03
4.471844E+00        -3.164589E-03
4.467827E+00        -3.155266E-03
4.463813E+00        -3.145966E-03
4.459804E+00        -3.136669E-03
4.455797E+00        -3.127444E-03
4.451794E+00        -3.118244E-03
4.447795E+00        -3.109045E-03
4.443800E+00        -3.099847E-03
4.439808E+00        -3.090724E-03
4.435820E+00        -3.081625E-03
4.431835E+00        -3.072526E-03
4.427854E+00        -3.063427E-03
4.423876E+00        -3.054403E-03
4.419902E+00        -3.045404E-03
4.415931E+00        -3.036403E-03
4.411965E+00        -3.027406E-03
4.408001E+00        -3.018481E-03
4.404041E+00        -3.009581E-03
4.400085E+00        -3.000683E-03
4.396133E+00        -2.991861E-03
4.392183E+00        -2.983060E-03
4.388238E+00        -2.974186E-03
4.384296E+00        -2.965438E-03
4.380357E+00        -2.956662E-03
4.376422E+00        -2.947939E-03
4.372491E+00        -2.939240E-03
4.368563E+00        -2.930541E-03
4.364639E+00        -2.921918E-03
4.360718E+00        -2.913318E-03
4.356801E+00        -2.904720E-03
4.352887E+00        -2.896120E-03
4.348977E+00        -2.887597E-03
4.345070E+00        -2.879022E-03
4.341167E+00        -2.870499E-03
4.337267E+00        -2.862074E-03
4.333371E+00        -2.853600E-03
4.329478E+00        -2.845176E-03
4.325589E+00        -2.836777E-03
4.321703E+00        -2.828453E-03
4.317821E+00        -2.820079E-03
4.313942E+00        -2.811755E-03
4.310067E+00        -2.803456E-03
4.306195E+00        -2.795156E-03
4.302327E+00        -2.786933E-03
4.298462E+00        -2.778658E-03
4.294600E+00        -2.770433E-03
4.290742E+00        -2.762309E-03
4.286888E+00        -2.754136E-03
4.283037E+00        -2.746012E-03
4.279189E+00        -2.737911E-03
4.275345E+00        -2.729812E-03
4.271505E+00        -2.721714E-03
4.267668E+00        -2.713691E-03
4.263834E+00        -2.705691E-03
4.260004E+00        -2.697692E-03
4.256177E+00        -2.689693E-03
4.252353E+00        -2.681767E-03
4.248533E+00        -2.673868E-03
4.244717E+00        -2.665970E-03
4.240904E+00        -2.658071E-03
4.237094E+00        -2.650171E-03
4.233288E+00        -2.642347E-03
4.229485E+00        -2.634548E-03
4.225686E+00        -2.626824E-03
4.221890E+00        -2.619050E-03
4.218097E+00        -2.611250E-03
4.214308E+00        -2.603526E-03
4.210522E+00        -2.595827E-03
4.206740E+00        -2.588203E-03
4.202961E+00        -2.580529E-03
4.199185E+00        -2.572904E-03
4.195413E+00        -2.565305E-03
4.191644E+00        -2.557780E-03
4.187879E+00        -2.550207E-03
4.184117E+00        -2.542683E-03
4.180358E+00        -2.535108E-03
4.176603E+00        -2.527659E-03
4.172851E+00        -2.520184E-03
4.169102E+00        -2.512684E-03
4.165357E+00        -2.505260E-03
4.161615E+00        -2.497861E-03
4.157877E+00        -2.490462E-03
4.154142E+00        -2.483138E-03
4.150410E+00        -2.475763E-03
4.146682E+00        -2.468440E-03
4.142957E+00        -2.461140E-03
4.139235E+00        -2.453915E-03
4.135517E+00        -2.446642E-03
4.131802E+00        -2.439417E-03
4.128090E+00        -2.432218E-03
4.124382E+00        -2.425019E-03
4.120677E+00        -2.417820E-03
4.116975E+00        -2.410694E-03
4.113277E+00        -2.403596E-03
4.109582E+00        -2.396497E-03
4.105890E+00        -2.389397E-03
4.102201E+00        -2.382296E-03
4.098516E+00        -2.375272E-03
4.094835E+00        -2.368199E-03
4.091156E+00        -2.361174E-03
4.087481E+00        -2.354249E-03
4.083809E+00        -2.347275E-03
4.080141E+00        -2.340351E-03
4.076475E+00        -2.333451E-03
4.072813E+00        -2.326551E-03
4.069155E+00        -2.319653E-03
4.065499E+00        -2.312753E-03
4.061847E+00        -2.305928E-03
4.058198E+00        -2.299129E-03
4.054553E+00        -2.292330E-03
4.050911E+00        -2.285531E-03
4.047272E+00        -2.278732E-03
4.043636E+00        -2.272007E-03
4.040003E+00        -2.265306E-03
4.036374E+00        -2.258607E-03
4.032748E+00        -2.251908E-03
4.029126E+00        -2.245210E-03
4.025506E+00        -2.238584E-03
4.021890E+00        -2.231985E-03
4.018277E+00        -2.225386E-03
4.014667E+00        -2.218786E-03
4.011061E+00        -2.212187E-03
4.007458E+00        -2.205663E-03
4.003858E+00        -2.199163E-03
4.000261E+00        -2.192663E-03
3.996668E+00        -2.186165E-03
3.993077E+00        -2.179664E-03
3.989490E+00        -2.173239E-03
3.985906E+00        -2.166765E-03
3.982326E+00        -2.160341E-03
3.978748E+00        -2.153941E-03
3.975174E+00        -2.147616E-03
3.971603E+00        -2.141242E-03
3.968036E+00        -2.134919E-03
3.964471E+00        -2.128619E-03
3.960910E+00        -2.122320E-03
3.957352E+00        -2.116021E-03
3.953797E+00        -2.109721E-03
3.950245E+00        -2.103496E-03
3.946696E+00        -2.097296E-03
3.943151E+00        -2.091097E-03
3.939609E+00        -2.084898E-03
3.936070E+00        -2.078698E-03
3.932534E+00        -2.072573E-03
3.929001E+00        -2.066399E-03
3.925472E+00        -2.060274E-03
3.921945E+00        -2.054174E-03
3.918422E+00        -2.048075E-03
3.914902E+00        -2.042050E-03
3.911385E+00        -2.035976E-03
3.907872E+00        -2.029952E-03
3.904361E+00        -2.023951E-03
3.900854E+00        -2.017952E-03
3.897350E+00        -2.011953E-03
3.893849E+00        -2.006028E-03
3.890351E+00        -2.000055E-03
3.886856E+00        -1.994129E-03
3.883364E+00        -1.988229E-03
3.879876E+00        -1.982330E-03
3.876391E+00        -1.976505E-03
3.872908E+00        -1.970631E-03
3.869429E+00        -1.964805E-03
3.865953E+00        -1.958932E-03
3.862480E+00        -1.953180E-03
3.859011E+00        -1.947408E-03
3.855544E+00        -1.941608E-03
3.852081E+00        -1.935883E-03
3.848620E+00        -1.930109E-03
3.845163E+00        -1.924384E-03
3.841709E+00        -1.918685E-03
3.838258E+00        -1.912986E-03
3.834810E+00        -1.907360E-03
3.831365E+00        -1.901686E-03
3.827923E+00        -1.896061E-03
3.824484E+00        -1.890461E-03
3.821049E+00        -1.884862E-03
3.817616E+00        -1.879262E-03
3.814187E+00        -1.873663E-03
3.810760E+00        -1.868136E-03
3.807337E+00        -1.862564E-03
3.803917E+00        -1.857038E-03
3.800500E+00        -1.851539E-03
3.797086E+00        -1.846040E-03
3.793675E+00        -1.840614E-03
3.790267E+00        -1.835141E-03
3.786862E+00        -1.829715E-03
3.783460E+00        -1.824241E-03
3.780062E+00        -1.818817E-03
3.776666E+00        -1.813491E-03
3.773273E+00        -1.808117E-03
3.769884E+00        -1.802718E-03
3.766497E+00        -1.797392E-03
3.763114E+00        -1.792093E-03
3.759733E+00        -1.786793E-03
3.756356E+00        -1.781494E-03
3.752981E+00        -1.776194E-03
3.749610E+00        -1.770895E-03
3.746242E+00        -1.765669E-03
3.742876E+00        -1.760395E-03
3.739514E+00        -1.755170E-03
3.736155E+00        -1.749971E-03
3.732798E+00        -1.744770E-03
3.729445E+00        -1.739571E-03
3.726095E+00        -1.734445E-03
3.722748E+00        -1.729346E-03
3.719404E+00        -1.724173E-03
3.716062E+00        -1.719046E-03
3.712724E+00        -1.713947E-03
3.709389E+00        -1.708848E-03
3.706057E+00        -1.703822E-03
3.702728E+00        -1.698750E-03
3.699401E+00        -1.693722E-03
3.696078E+00        -1.688723E-03
3.692758E+00        -1.683724E-03
3.689441E+00        -1.678725E-03
3.686126E+00        -1.673725E-03
3.682815E+00        -1.668725E-03
3.679507E+00        -1.663800E-03
3.676201E+00        -1.658826E-03
3.672899E+00        -1.653901E-03
3.669600E+00        -1.649002E-03
3.666303E+00        -1.644101E-03
3.663010E+00        -1.639203E-03
3.659719E+00        -1.634376E-03
3.656431E+00        -1.629502E-03
3.653147E+00        -1.624677E-03
3.649865E+00        -1.619877E-03
3.646586E+00        -1.615077E-03
3.643311E+00        -1.610279E-03
3.640038E+00        -1.605479E-03
3.636768E+00        -1.600753E-03
3.633501E+00        -1.595980E-03
3.630237E+00        -1.591254E-03
3.626976E+00        -1.586554E-03
3.623718E+00        -1.581782E-03
3.620462E+00        -1.577054E-03
3.617210E+00        -1.572429E-03
3.613961E+00        -1.567756E-03
3.610714E+00        -1.563129E-03
3.607471E+00        -1.558457E-03
3.604230E+00        -1.553831E-03
3.600992E+00        -1.549231E-03
3.597757E+00        -1.544631E-03
3.594525E+00        -1.540031E-03
3.591296E+00        -1.535432E-03
3.588070E+00        -1.530906E-03
3.584847E+00        -1.526333E-03
3.581627E+00        -1.521807E-03
3.578409E+00        -1.517307E-03
3.575195E+00        -1.512808E-03
3.571983E+00        -1.508308E-03
3.568774E+00        -1.503808E-03
3.565569E+00        -1.499310E-03
3.562365E+00        -1.494882E-03
3.559165E+00        -1.490483E-03
3.555968E+00        -1.486010E-03
3.552774E+00        -1.481584E-03
3.549582E+00        -1.477184E-03
3.546394E+00        -1.472786E-03
3.543208E+00        -1.468459E-03
3.540025E+00        -1.464086E-03
3.536845E+00        -1.459760E-03
3.533668E+00        -1.455387E-03
3.530493E+00        -1.451060E-03
3.527322E+00        -1.446761E-03
3.524153E+00        -1.442461E-03
3.520987E+00        -1.438161E-03
3.517824E+00        -1.433861E-03
3.514664E+00        -1.429635E-03
3.511507E+00        -1.425363E-03
3.508353E+00        -1.421137E-03
3.505201E+00        -1.416937E-03
3.502052E+00        -1.412737E-03
3.498906E+00        -1.408537E-03
3.495763E+00        -1.404338E-03
3.492623E+00        -1.400139E-03
3.489485E+00        -1.396011E-03
3.486351E+00        -1.391840E-03
3.483219E+00        -1.387713E-03
3.480090E+00        -1.383613E-03
3.476964E+00        -1.379514E-03
3.473840E+00        -1.375413E-03
3.470719E+00        -1.371313E-03
3.467602E+00        -1.367215E-03
3.464487E+00        -1.363115E-03
3.461374E+00        -1.359087E-03
3.458265E+00        -1.355088E-03
3.455158E+00        -1.351015E-03
3.452055E+00        -1.346990E-03
3.448954E+00        -1.342990E-03
3.445855E+00        -1.338990E-03
3.442760E+00        -1.334991E-03
3.439667E+00        -1.331063E-03
3.436577E+00        -1.327091E-03
3.433490E+00        -1.323164E-03
3.430406E+00        -1.319192E-03
3.427324E+00        -1.315265E-03
3.424245E+00        -1.311365E-03
3.421169E+00        -1.307465E-03
3.418096E+00        -1.303566E-03
3.415026E+00        -1.299667E-03
3.411958E+00        -1.295840E-03
3.408893E+00        -1.291968E-03
3.405830E+00        -1.288140E-03
3.402771E+00        -1.284341E-03
3.399714E+00        -1.280468E-03
3.396660E+00        -1.276641E-03
3.393609E+00        -1.272842E-03
3.390560E+00        -1.269115E-03
3.387515E+00        -1.265343E-03
3.384472E+00        -1.261544E-03
3.381431E+00        -1.257816E-03
3.378394E+00        -1.254044E-03
3.375359E+00        -1.250317E-03
3.372327E+00        -1.246618E-03
3.369297E+00        -1.242917E-03
3.366270E+00        -1.239217E-03
3.363247E+00        -1.235519E-03
3.360225E+00        -1.231818E-03
3.357207E+00        -1.228119E-03
3.354191E+00        -1.224492E-03
3.351178E+00        -1.220892E-03
3.348167E+00        -1.217220E-03
3.345160E+00        -1.213593E-03
3.342155E+00        -1.209994E-03
3.339152E+00        -1.206393E-03
3.336153E+00        -1.202794E-03
3.333156E+00        -1.199195E-03
3.330162E+00        -1.195668E-03
3.327170E+00        -1.192095E-03
3.324181E+00        -1.188568E-03
3.321195E+00        -1.184996E-03
3.318212E+00        -1.181469E-03
3.315231E+00        -1.177969E-03
3.312253E+00        -1.174470E-03
3.309277E+00        -1.170969E-03
3.306304E+00        -1.167469E-03
3.303334E+00        -1.163970E-03
3.300367E+00        -1.160543E-03
3.297402E+00        -1.157071E-03
3.294440E+00        -1.153644E-03
3.291480E+00        -1.150171E-03
3.288524E+00        -1.146745E-03
3.285570E+00        -1.143345E-03
3.282618E+00        -1.139945E-03
3.279669E+00        -1.136545E-03
3.276723E+00        -1.133145E-03
3.273780E+00        -1.129746E-03
3.270839E+00        -1.126419E-03
3.267900E+00        -1.123046E-03
3.264965E+00        -1.119719E-03
3.262032E+00        -1.116347E-03
3.259101E+00        -1.113019E-03
3.256174E+00        -1.109720E-03
3.253249E+00        -1.106421E-03
3.250326E+00        -1.103120E-03
3.247406E+00        -1.099821E-03
3.244489E+00        -1.096593E-03
3.241575E+00        -1.093322E-03
3.238663E+00        -1.090022E-03
3.235753E+00        -1.086794E-03
3.232847E+00        -1.083595E-03
3.229943E+00        -1.080324E-03
3.227041E+00        -1.077095E-03
3.224142E+00        -1.073896E-03
3.221246E+00        -1.070696E-03
3.218352E+00        -1.067496E-03
3.215461E+00        -1.064297E-03
3.212573E+00        -1.061169E-03
3.209687E+00        -1.057998E-03
3.206803E+00        -1.054797E-03
3.203923E+00        -1.051670E-03
3.201044E+00        -1.048570E-03
3.198169E+00        -1.045399E-03
3.195296E+00        -1.042271E-03
3.192426E+00        -1.039172E-03
3.189558E+00        -1.036072E-03
3.186693E+00        -1.032972E-03
3.183830E+00        -1.029944E-03
3.180970E+00        -1.026873E-03
3.178112E+00        -1.023772E-03
3.175257E+00        -1.020744E-03
3.172405E+00        -1.017673E-03
3.169555E+00        -1.014645E-03
3.166708E+00        -1.011646E-03
3.163863E+00        -1.008646E-03
3.161021E+00        -1.005646E-03
3.158181E+00        -1.002646E-03
3.155344E+00        -9.996322E-04
3.152510E+00        -9.966417E-04
3.149678E+00        -9.936691E-04
3.146848E+00        -9.906988E-04
3.144022E+00        -9.877443E-04
3.141197E+00        -9.848011E-04
3.138376E+00        -9.818622E-04
3.135556E+00        -9.789289E-04
3.132740E+00        -9.760143E-04
3.129925E+00        -9.730966E-04
3.127114E+00        -9.701919E-04
3.124305E+00        -9.672995E-04
3.121498E+00        -9.644165E-04
3.118694E+00        -9.615369E-04
3.115892E+00        -9.586639E-04
3.113093E+00        -9.558086E-04
3.110297E+00        -9.529523E-04
3.107503E+00        -9.501069E-04
3.104711E+00        -9.472739E-04
3.101922E+00        -9.444441E-04
3.099136E+00        -9.416293E-04
3.096352E+00        -9.388195E-04
3.093570E+00        -9.360165E-04
3.090791E+00        -9.332239E-04
3.088015E+00        -9.304347E-04
3.085241E+00        -9.276593E-04
3.082469E+00        -9.248891E-04
3.079700E+00        -9.221266E-04
3.076933E+00        -9.193735E-04
3.074169E+00        -9.166310E-04
3.071408E+00        -9.138918E-04
3.068649E+00        -9.111594E-04
3.065892E+00        -9.084435E-04
3.063138E+00        -9.057340E-04
3.060386E+00        -9.030239E-04
3.057637E+00        -9.003286E-04
3.054890E+00        -8.976386E-04
3.052146E+00        -8.949563E-04
3.049404E+00        -8.922835E-04
3.046665E+00        -8.896212E-04
3.043928E+00        -8.869685E-04
3.041194E+00        -8.843192E-04
3.038462E+00        -8.816765E-04
3.035732E+00        -8.790434E-04
3.033005E+00        -8.764137E-04
3.030281E+00        -8.737988E-04
3.027559E+00        -8.711892E-04
3.024839E+00        -8.685864E-04
3.022122E+00        -8.659869E-04
3.019407E+00        -8.634012E-04
3.016694E+00        -8.608209E-04
3.013984E+00        -8.582482E-04
3.011277E+00        -8.556861E-04
3.008572E+00        -8.531335E-04
3.005869E+00        -8.505834E-04
3.003169E+00        -8.480410E-04
3.000471E+00        -8.455011E-04
2.997776E+00        -8.429759E-04
2.995083E+00        -8.404561E-04
2.992392E+00        -8.379431E-04
2.989704E+00        -8.354405E-04
2.987018E+00        -8.329476E-04
2.984335E+00        -8.304581E-04
2.981654E+00        -8.279754E-04
2.978976E+00        -8.254961E-04
2.976300E+00        -8.230306E-04
2.973626E+00        -8.205705E-04
2.970955E+00        -8.181181E-04
2.968286E+00        -8.156754E-04
2.965620E+00        -8.132360E-04
2.962956E+00        -8.108034E-04
2.960294E+00        -8.083805E-04
2.957635E+00        -8.059610E-04
2.954978E+00        -8.035482E-04
2.952323E+00        -8.011451E-04
2.949671E+00        -7.987526E-04
2.947021E+00        -7.963626E-04
2.944374E+00        -7.939802E-04
2.941729E+00        -7.916075E-04
2.939086E+00        -7.892445E-04
2.936446E+00        -7.868850E-04
2.933808E+00        -7.845322E-04
2.931173E+00        -7.821828E-04
2.928540E+00        -7.798403E-04
2.925909E+00        -7.775074E-04
2.923281E+00        -7.751850E-04
2.920655E+00        -7.728653E-04
2.918031E+00        -7.705523E-04
2.915410E+00        -7.682499E-04
2.912791E+00        -7.659501E-04
2.910174E+00        -7.636571E-04
2.907560E+00        -7.613746E-04
2.904948E+00        -7.590948E-04
2.902338E+00        -7.568217E-04
2.899731E+00        -7.545592E-04
2.897126E+00        -7.522993E-04
2.894524E+00        -7.500471E-04
2.891923E+00        -7.478037E-04
2.889326E+00        -7.455647E-04
2.886730E+00        -7.433386E-04
2.884137E+00        -7.411119E-04
2.881546E+00        -7.388962E-04
2.878957E+00        -7.366860E-04
2.876371E+00        -7.344764E-04
2.873787E+00        -7.322807E-04
2.871206E+00        -7.300914E-04
2.868627E+00        -7.279018E-04
2.866050E+00        -7.257261E-04
2.863475E+00        -7.235490E-04
2.860903E+00        -7.213836E-04
2.858333E+00        -7.192238E-04
2.855765E+00        -7.170708E-04
2.853200E+00        -7.149284E-04
2.850637E+00        -7.127887E-04
2.848076E+00        -7.106487E-04
2.845517E+00        -7.085226E-04
2.842961E+00        -7.064030E-04
2.840407E+00        -7.042901E-04
2.837856E+00        -7.021808E-04
2.835306E+00        -7.000775E-04
2.832759E+00        -6.979777E-04
2.830215E+00        -6.958856E-04
2.827672E+00        -6.938024E-04
2.825132E+00        -6.917227E-04
2.822594E+00        -6.896498E-04
2.820059E+00        -6.875876E-04
2.817525E+00        -6.855272E-04
2.814994E+00        -6.834745E-04
2.812466E+00        -6.814253E-04
2.809939E+00        -6.793821E-04
2.807415E+00        -6.773496E-04
2.804893E+00        -6.753197E-04
2.802373E+00        -6.732967E-04
2.799856E+00        -6.712772E-04
2.797341E+00        -6.692646E-04
2.794828E+00        -6.672618E-04
2.792317E+00        -6.652617E-04
2.789809E+00        -6.632692E-04
2.787303E+00        -6.612795E-04
2.784799E+00        -6.593037E-04
2.782297E+00        -6.573266E-04
2.779798E+00        -6.553541E-04
2.777301E+00        -6.533915E-04
2.774806E+00        -6.514316E-04
2.772313E+00        -6.494785E-04
2.769823E+00        -6.475361E-04
2.767334E+00        -6.455956E-04
2.764848E+00        -6.436558E-04
2.762365E+00        -6.417306E-04
2.759883E+00        -6.398033E-04
2.757404E+00        -6.378878E-04
2.754927E+00        -6.359780E-04
2.752452E+00        -6.340680E-04
2.749980E+00        -6.321657E-04
2.747509E+00        -6.302724E-04
2.745041E+00        -6.283827E-04
2.742575E+00        -6.264998E-04
2.740112E+00        -6.246205E-04
2.737650E+00        -6.227473E-04
2.735191E+00        -6.208777E-04
2.732734E+00        -6.190150E-04
2.730279E+00        -6.171551E-04
2.727826E+00        -6.153090E-04
2.725376E+00        -6.134625E-04
2.722928E+00        -6.116199E-04
2.720481E+00        -6.097864E-04
2.718038E+00        -6.079572E-04
2.715596E+00        -6.061342E-04
2.713157E+00        -6.043147E-04
2.710719E+00        -6.025013E-04
2.708284E+00        -6.006986E-04
2.705851E+00        -5.988917E-04
2.703421E+00        -5.970964E-04
2.700992E+00        -5.953062E-04
2.698566E+00        -5.935167E-04
2.696142E+00        -5.917410E-04
2.693720E+00        -5.899641E-04
2.691300E+00        -5.881912E-04
2.688882E+00        -5.864281E-04
2.686467E+00        -5.846686E-04
2.684053E+00        -5.829153E-04
2.681642E+00        -5.811655E-04
2.679233E+00        -5.794157E-04
2.676826E+00        -5.776797E-04
2.674422E+00        -5.759433E-04
2.672019E+00        -5.742171E-04
2.669619E+00        -5.724905E-04
2.667221E+00        -5.707748E-04
2.664825E+00        -5.690650E-04
2.662431E+00        -5.673550E-04
2.660039E+00        -5.656520E-04
2.657650E+00        -5.639525E-04
2.655262E+00        -5.622593E-04
2.652877E+00        -5.605696E-04
2.650494E+00        -5.588869E-04
2.648113E+00        -5.572070E-04
2.645734E+00        -5.555341E-04
2.643357E+00        -5.538640E-04
2.640983E+00        -5.522016E-04
2.638610E+00        -5.505413E-04
2.636240E+00        -5.488887E-04
2.633872E+00        -5.472460E-04
2.631506E+00        -5.455992E-04
2.629142E+00        -5.439632E-04
2.626780E+00        -5.423263E-04
2.624420E+00        -5.406932E-04
2.622063E+00        -5.390707E-04
2.619707E+00        -5.374505E-04
2.617354E+00        -5.358379E-04
2.615003E+00        -5.342282E-04
2.612654E+00        -5.326254E-04
2.610307E+00        -5.310255E-04
2.607962E+00        -5.294256E-04
2.605619E+00        -5.278395E-04
2.603279E+00        -5.262532E-04
2.600940E+00        -5.246700E-04
2.598603E+00        -5.230968E-04
2.596269E+00        -5.215272E-04
2.593937E+00        -5.199575E-04
2.591607E+00        -5.183947E-04
2.589279E+00        -5.168349E-04
2.586953E+00        -5.152821E-04
2.584629E+00        -5.137321E-04
2.582307E+00        -5.121891E-04
2.579987E+00        -5.106491E-04
2.577670E+00        -5.091166E-04
2.575354E+00        -5.075865E-04
2.573040E+00        -5.060563E-04
2.570729E+00        -5.045337E-04
2.568420E+00        -5.030210E-04
2.566112E+00        -5.015037E-04
2.563807E+00        -4.999979E-04
2.561504E+00        -4.984981E-04
2.559203E+00        -4.969983E-04
2.556904E+00        -4.954984E-04
2.554607E+00        -4.940124E-04
2.552312E+00        -4.925255E-04
2.550020E+00        -4.910431E-04
2.547729E+00        -4.895700E-04
2.545440E+00        -4.880930E-04
2.543154E+00        -4.866274E-04
2.540869E+00        -4.851603E-04
2.538587E+00        -4.837047E-04
2.536306E+00        -4.822475E-04
2.534028E+00        -4.807948E-04
2.531751E+00        -4.793515E-04
2.529477E+00        -4.779119E-04
2.527205E+00        -4.764722E-04
2.524935E+00        -4.750394E-04
2.522666E+00        -4.736090E-04
2.520400E+00        -4.721862E-04
2.518136E+00        -4.707664E-04
2.515874E+00        -4.693466E-04
2.513614E+00        -4.679337E-04
2.511356E+00        -4.665238E-04
2.509100E+00        -4.651209E-04
2.506846E+00        -4.637210E-04
2.504594E+00        -4.623280E-04
2.502344E+00        -4.609381E-04
2.500096E+00        -4.595482E-04
2.497850E+00        -4.581652E-04
2.495607E+00        -4.567859E-04
2.493365E+00        -4.554128E-04
2.491125E+00        -4.540428E-04
2.488887E+00        -4.526729E-04
2.486651E+00        -4.513098E-04
2.484417E+00        -4.499498E-04
2.482186E+00        -4.485973E-04
2.479956E+00        -4.472473E-04
2.477728E+00        -4.458973E-04
2.475502E+00        -4.445543E-04
2.473279E+00        -4.432149E-04
2.471057E+00        -4.418818E-04
2.468837E+00        -4.405518E-04
2.466619E+00        -4.392287E-04
2.464403E+00        -4.379018E-04
2.462190E+00        -4.365862E-04
2.459978E+00        -4.352694E-04
2.457768E+00        -4.339563E-04
2.455560E+00        -4.326532E-04
2.453354E+00        -4.313464E-04
2.451150E+00        -4.300433E-04
2.448948E+00        -4.287503E-04
2.446748E+00        -4.274604E-04
2.444550E+00        -4.261705E-04
2.442354E+00        -4.248875E-04
2.440160E+00        -4.236076E-04
2.437968E+00        -4.223347E-04
2.435778E+00        -4.210580E-04
2.433590E+00        -4.197919E-04
2.431404E+00        -4.185252E-04
2.429220E+00        -4.172624E-04
2.427038E+00        -4.160095E-04
2.424858E+00        -4.147529E-04
2.422679E+00        -4.134995E-04
2.420503E+00        -4.122567E-04
2.418329E+00        -4.110170E-04
2.416156E+00        -4.097768E-04
2.413986E+00        -4.085372E-04
2.411817E+00        -4.073039E-04
2.409651E+00        -4.060812E-04
2.407486E+00        -4.048612E-04
2.405323E+00        -4.036342E-04
2.403162E+00        -4.024180E-04
2.401004E+00        -4.012085E-04
2.398847E+00        -3.999986E-04
2.396692E+00        -3.987886E-04
2.394539E+00        -3.975856E-04
2.392388E+00        -3.963858E-04
2.390239E+00        -3.951928E-04
2.388092E+00        -3.940030E-04
2.385946E+00        -3.928128E-04
2.383803E+00        -3.916299E-04
2.381662E+00        -3.904503E-04
2.379522E+00        -3.892701E-04
2.377384E+00        -3.880968E-04
2.375249E+00        -3.869273E-04
2.373115E+00        -3.857573E-04
2.370983E+00        -3.845942E-04
2.368853E+00        -3.834342E-04
2.366725E+00        -3.822743E-04
2.364599E+00        -3.811213E-04
2.362475E+00        -3.799715E-04
2.360353E+00        -3.788286E-04
2.358233E+00        -3.776821E-04
2.356114E+00        -3.765456E-04
2.353998E+00        -3.754091E-04
2.351883E+00        -3.742759E-04
2.349770E+00        -3.731459E-04
2.347659E+00        -3.720228E-04
2.345551E+00        -3.708965E-04
2.343443E+00        -3.697730E-04
2.341338E+00        -3.686600E-04
2.339235E+00        -3.675503E-04
2.337134E+00        -3.664406E-04
2.335034E+00        -3.653304E-04
2.332937E+00        -3.642277E-04
2.330841E+00        -3.631276E-04
2.328747E+00        -3.620345E-04
2.326655E+00        -3.609446E-04
2.324565E+00        -3.598547E-04
2.322477E+00        -3.587649E-04
2.320391E+00        -3.576820E-04
2.318306E+00        -3.566019E-04
2.316224E+00        -3.555223E-04
2.314143E+00        -3.544490E-04
2.312064E+00        -3.533791E-04
2.309987E+00        -3.523092E-04
2.307912E+00        -3.512461E-04
2.305839E+00        -3.501864E-04
2.303767E+00        -3.491261E-04
2.301698E+00        -3.480733E-04
2.299630E+00        -3.470233E-04
2.297564E+00        -3.459733E-04
2.295500E+00        -3.449302E-04
2.293438E+00        -3.438903E-04
2.291378E+00        -3.428505E-04
2.289320E+00        -3.418108E-04
2.287263E+00        -3.407775E-04
2.285208E+00        -3.397475E-04
2.283156E+00        -3.387248E-04
2.281105E+00        -3.376981E-04
2.279056E+00        -3.366751E-04
2.277008E+00        -3.356617E-04
2.274963E+00        -3.346520E-04
2.272919E+00        -3.336351E-04
2.270877E+00        -3.326287E-04
2.268837E+00        -3.316220E-04
2.266799E+00        -3.306190E-04
2.264763E+00        -3.296192E-04
2.262728E+00        -3.286259E-04
2.260696E+00        -3.276295E-04
2.258665E+00        -3.266363E-04
2.256636E+00        -3.256532E-04
2.254609E+00        -3.246666E-04
2.252583E+00        -3.236832E-04
2.250560E+00        -3.227103E-04
2.248538E+00        -3.217335E-04
2.246518E+00        -3.207603E-04
2.244500E+00        -3.197905E-04
2.242484E+00        -3.188207E-04
2.240469E+00        -3.178573E-04
2.238457E+00        -3.168977E-04
2.236446E+00        -3.159378E-04
2.234437E+00        -3.149847E-04
2.232430E+00        -3.140281E-04
2.230424E+00        -3.130747E-04
2.228421E+00        -3.121319E-04
2.226419E+00        -3.111919E-04
2.224419E+00        -3.102452E-04
2.222421E+00        -3.093090E-04
2.220424E+00        -3.083720E-04
2.218430E+00        -3.074392E-04
2.216437E+00        -3.065092E-04
2.214446E+00        -3.055793E-04
2.212456E+00        -3.046559E-04
2.210469E+00        -3.037362E-04
2.208483E+00        -3.028161E-04
2.206499E+00        -3.018962E-04
2.204517E+00        -3.009831E-04
2.202537E+00        -3.000734E-04
2.200558E+00        -2.991633E-04
2.198581E+00        -2.982601E-04
2.196606E+00        -2.973602E-04
2.194633E+00        -2.964604E-04
2.192662E+00        -2.955607E-04
2.190692E+00        -2.946674E-04
2.188724E+00        -2.937774E-04
2.186758E+00        -2.928876E-04
2.184793E+00        -2.919974E-04
2.182831E+00        -2.911146E-04
2.180870E+00        -2.902346E-04
2.178911E+00        -2.893547E-04
2.176953E+00        -2.884745E-04
2.174998E+00        -2.876017E-04
2.173044E+00        -2.867317E-04
2.171092E+00        -2.858618E-04
2.169142E+00        -2.849988E-04
2.167193E+00        -2.841319E-04
2.165246E+00        -2.832687E-04
2.163301E+00        -2.824156E-04
2.161358E+00        -2.815590E-04
2.159416E+00        -2.807057E-04
2.157476E+00        -2.798557E-04
2.155538E+00        -2.790058E-04
2.153602E+00        -2.781628E-04
2.151667E+00        -2.773227E-04
2.149734E+00        -2.764828E-04
2.147803E+00        -2.756429E-04
2.145874E+00        -2.748099E-04
2.143946E+00        -2.739731E-04
2.142020E+00        -2.731399E-04
2.140096E+00        -2.723168E-04
2.138174E+00        -2.714904E-04
2.136253E+00        -2.706671E-04
2.134334E+00        -2.698472E-04
2.132417E+00        -2.690274E-04
2.130501E+00        -2.682141E-04
2.128587E+00        -2.673973E-04
2.126675E+00        -2.665842E-04
2.124764E+00        -2.657808E-04
2.122856E+00        -2.649744E-04
2.120949E+00        -2.641713E-04
2.119044E+00        -2.633715E-04
2.117140E+00        -2.625714E-04
2.115238E+00        -2.617781E-04
2.113338E+00        -2.609815E-04
2.111439E+00        -2.601881E-04
2.109543E+00        -2.593985E-04
2.107648E+00        -2.586153E-04
2.105754E+00        -2.578284E-04
2.103863E+00        -2.570455E-04
2.101973E+00        -2.562655E-04
2.100085E+00        -2.554924E-04
2.098198E+00        -2.547156E-04
2.096313E+00        -2.539423E-04
2.094430E+00        -2.531724E-04
2.092549E+00        -2.524027E-04
2.090669E+00        -2.516394E-04
2.088791E+00        -2.508728E-04
2.086914E+00        -2.501093E-04
2.085040E+00        -2.493564E-04
2.083167E+00        -2.485998E-04
2.081295E+00        -2.478463E-04
2.079426E+00        -2.470899E-04
2.077558E+00        -2.463434E-04
2.075691E+00        -2.455965E-04
2.073827E+00        -2.448468E-04
2.071964E+00        -2.441036E-04
2.070102E+00        -2.433634E-04
2.068243E+00        -2.426237E-04
2.066385E+00        -2.418905E-04
2.064529E+00        -2.411539E-04
2.062674E+00        -2.404206E-04
2.060821E+00        -2.396906E-04
2.058970E+00        -2.389675E-04
2.057120E+00        -2.382407E-04
2.055272E+00        -2.375175E-04
2.053426E+00        -2.367976E-04
2.051581E+00        -2.360776E-04
2.049738E+00        -2.353576E-04
2.047897E+00        -2.346445E-04
2.046057E+00        -2.339345E-04
2.044219E+00        -2.332245E-04
2.042383E+00        -2.325147E-04
2.040548E+00        -2.318047E-04
2.038715E+00        -2.311015E-04
2.036884E+00        -2.304017E-04
2.035054E+00        -2.297017E-04
2.033226E+00        -2.290018E-04
2.031400E+00        -2.283087E-04
2.029575E+00        -2.276121E-04
2.027752E+00        -2.269189E-04
2.025930E+00        -2.262288E-04
2.024110E+00        -2.255455E-04
2.022292E+00        -2.248590E-04
2.020475E+00        -2.241756E-04
2.018660E+00        -2.234957E-04
2.016847E+00        -2.228159E-04
2.015035E+00        -2.221359E-04
2.013225E+00        -2.214627E-04
2.011416E+00        -2.207926E-04
2.009609E+00        -2.201226E-04
2.007804E+00        -2.194528E-04
2.006000E+00        -2.187827E-04
2.004198E+00        -2.181128E-04
2.002398E+00        -2.174497E-04
2.000599E+00        -2.167897E-04
1.998802E+00        -2.161298E-04
1.997007E+00        -2.154767E-04
1.995213E+00        -2.148201E-04
1.993420E+00        -2.141666E-04
1.991630E+00        -2.135169E-04
1.989840E+00        -2.128667E-04
1.988053E+00        -2.122169E-04
1.986267E+00        -2.115736E-04
1.984483E+00        -2.109271E-04
1.982700E+00        -2.102837E-04
1.980919E+00        -2.096505E-04
1.979139E+00        -2.090137E-04
1.977362E+00        -2.083741E-04
1.975585E+00        -2.077406E-04
1.973811E+00        -2.071109E-04
1.972037E+00        -2.064806E-04
1.970266E+00        -2.058509E-04
1.968496E+00        -2.052209E-04
1.966728E+00        -2.045977E-04
1.964961E+00        -2.039777E-04
1.963196E+00        -2.033578E-04
1.961432E+00        -2.027377E-04
1.959670E+00        -2.021178E-04
1.957910E+00        -2.015046E-04
1.956151E+00        -2.008946E-04
1.954394E+00        -2.002781E-04
1.952638E+00        -1.996714E-04
1.950884E+00        -1.990648E-04
1.949131E+00        -1.984547E-04
1.947381E+00        -1.978517E-04
1.945631E+00        -1.972516E-04
1.943883E+00        -1.966516E-04
1.942137E+00        -1.960517E-04
1.940393E+00        -1.954520E-04
1.938649E+00        -1.948584E-04
1.936908E+00        -1.942620E-04
1.935168E+00        -1.936686E-04
1.933430E+00        -1.930855E-04
1.931693E+00        -1.924988E-04
1.929957E+00        -1.919086E-04
1.928224E+00        -1.913256E-04
1.926492E+00        -1.907391E-04
1.924761E+00        -1.901622E-04
1.923032E+00        -1.895857E-04
1.921304E+00        -1.890056E-04
1.919579E+00        -1.884259E-04
1.917854E+00        -1.878524E-04
1.916131E+00        -1.872824E-04
1.914410E+00        -1.867126E-04
1.912690E+00        -1.861425E-04
1.910972E+00        -1.855727E-04
1.909255E+00        -1.850092E-04
1.907540E+00        -1.844427E-04
1.905827E+00        -1.838796E-04
1.904115E+00        -1.833196E-04
1.902404E+00        -1.827595E-04
1.900695E+00        -1.822062E-04
1.898988E+00        -1.816498E-04
1.897282E+00        -1.810964E-04
1.895578E+00        -1.805466E-04
1.893875E+00        -1.799966E-04
1.892173E+00        -1.794464E-04
1.890474E+00        -1.788967E-04
1.888775E+00        -1.783531E-04
1.887079E+00        -1.778068E-04
1.885384E+00        -1.772635E-04
1.883690E+00        -1.767235E-04
1.881998E+00        -1.761836E-04
1.880307E+00        -1.756501E-04
1.878618E+00        -1.751136E-04
1.876930E+00        -1.745801E-04
1.875244E+00        -1.740502E-04
1.873560E+00        -1.735204E-04
1.871877E+00        -1.729905E-04
1.870195E+00        -1.724604E-04
1.868515E+00        -1.719305E-04
1.866837E+00        -1.714073E-04
1.865160E+00        -1.708873E-04
1.863484E+00        -1.703672E-04
1.861810E+00        -1.698473E-04
1.860138E+00        -1.693275E-04
1.858467E+00        -1.688075E-04
1.856797E+00        -1.682940E-04
1.855129E+00        -1.677841E-04
1.853463E+00        -1.672677E-04
1.851798E+00        -1.667543E-04
1.850134E+00        -1.662508E-04
1.848472E+00        -1.657443E-04
1.846812E+00        -1.652345E-04
1.845153E+00        -1.647311E-04
1.843495E+00        -1.642310E-04
1.841839E+00        -1.637245E-04
1.840184E+00        -1.632276E-04
1.838531E+00        -1.627311E-04
1.836880E+00        -1.622313E-04
1.835230E+00        -1.617379E-04
1.833581E+00        -1.612413E-04
1.831934E+00        -1.607480E-04
1.830288E+00        -1.602579E-04
1.828644E+00        -1.597680E-04
1.827001E+00        -1.592780E-04
1.825360E+00        -1.587947E-04
1.823720E+00        -1.583081E-04
1.822082E+00        -1.578248E-04
1.820445E+00        -1.573447E-04
1.818810E+00        -1.568649E-04
1.817176E+00        -1.563849E-04
1.815544E+00        -1.559051E-04
1.813913E+00        -1.554317E-04
1.812283E+00        -1.549550E-04
1.810655E+00        -1.544816E-04
1.809029E+00        -1.540118E-04
1.807404E+00        -1.535419E-04
1.805780E+00        -1.530718E-04
1.804158E+00        -1.526019E-04
1.802537E+00        -1.521319E-04
1.800918E+00        -1.516685E-04
1.799300E+00        -1.512085E-04
1.797684E+00        -1.507421E-04
1.796069E+00        -1.502787E-04
1.794456E+00        -1.498188E-04
1.792844E+00        -1.493654E-04
1.791233E+00        -1.489088E-04
1.789624E+00        -1.484554E-04
1.788016E+00        -1.479988E-04
1.786410E+00        -1.475455E-04
1.784805E+00        -1.470954E-04
1.783202E+00        -1.466456E-04
1.781600E+00        -1.461956E-04
1.780000E+00        -1.457458E-04
1.778401E+00        -1.453023E-04
1.776803E+00        -1.448623E-04
1.775207E+00        -1.444158E-04
1.773612E+00        -1.439723E-04
1.772019E+00        -1.435324E-04
1.770427E+00        -1.430924E-04
1.768837E+00        -1.426526E-04
1.767248E+00        -1.422192E-04
1.765660E+00        -1.417891E-04
1.764074E+00        -1.413526E-04
1.762489E+00        -1.409191E-04
1.760906E+00        -1.404892E-04
1.759324E+00        -1.400592E-04
1.757744E+00        -1.396294E-04
1.756165E+00        -1.391994E-04
1.754587E+00        -1.387759E-04
1.753011E+00        -1.383495E-04
1.751436E+00        -1.379260E-04
1.749863E+00        -1.375061E-04
1.748291E+00        -1.370861E-04
1.746721E+00        -1.366663E-04
1.745151E+00        -1.362461E-04
1.743584E+00        -1.358263E-04
1.742017E+00        -1.354127E-04
1.740453E+00        -1.349965E-04
1.738889E+00        -1.345829E-04
1.737327E+00        -1.341729E-04
1.735766E+00        -1.337629E-04
1.734207E+00        -1.333530E-04
1.732649E+00        -1.329430E-04
1.731093E+00        -1.325332E-04
1.729538E+00        -1.321297E-04
1.727984E+00        -1.317232E-04
1.726432E+00        -1.313198E-04
1.724881E+00        -1.309198E-04
1.723331E+00        -1.305197E-04
1.721783E+00        -1.301198E-04
1.720237E+00        -1.297200E-04
1.718691E+00        -1.293199E-04
1.717147E+00        -1.289264E-04
1.715605E+00        -1.285301E-04
1.714064E+00        -1.281366E-04
1.712524E+00        -1.277466E-04
1.710986E+00        -1.273503E-04
1.709449E+00        -1.269633E-04
1.707913E+00        -1.265767E-04
1.706379E+00        -1.261868E-04
1.704846E+00        -1.257968E-04
1.703314E+00        -1.254133E-04
1.701784E+00        -1.250268E-04
1.700255E+00        -1.246433E-04
1.698728E+00        -1.242634E-04
1.697202E+00        -1.238835E-04
1.695677E+00        -1.235034E-04
1.694154E+00        -1.231235E-04
1.692632E+00        -1.227435E-04
1.691112E+00        -1.223702E-04
1.689593E+00        -1.219938E-04
1.688075E+00        -1.216202E-04
1.686558E+00        -1.212436E-04
1.685043E+00        -1.208702E-04
1.683530E+00        -1.205004E-04
1.682017E+00        -1.201303E-04
1.680506E+00        -1.197668E-04
1.678997E+00        -1.194005E-04
1.677488E+00        -1.190303E-04
1.675982E+00        -1.186671E-04
1.674476E+00        -1.183005E-04
1.672972E+00        -1.179371E-04
1.671469E+00        -1.175771E-04
1.669967E+00        -1.172170E-04
1.668467E+00        -1.168571E-04
1.666968E+00        -1.164971E-04
1.665471E+00        -1.161372E-04
1.663975E+00        -1.157837E-04
1.662480E+00        -1.154273E-04
1.660987E+00        -1.150739E-04
1.659495E+00        -1.147175E-04
1.658004E+00        -1.143639E-04
1.656514E+00        -1.140138E-04
1.655026E+00        -1.136638E-04
1.653540E+00        -1.133141E-04
1.652054E+00        -1.129704E-04
1.650570E+00        -1.126240E-04
1.649087E+00        -1.122740E-04
1.647606E+00        -1.119306E-04
1.646126E+00        -1.115906E-04
1.644647E+00        -1.112441E-04
1.643170E+00        -1.109007E-04
1.641694E+00        -1.105608E-04
1.640219E+00        -1.102207E-04
1.638745E+00        -1.098806E-04
1.637273E+00        -1.095472E-04
1.635803E+00        -1.092109E-04
1.634333E+00        -1.088708E-04
1.632865E+00        -1.085373E-04
1.631398E+00        -1.082073E-04
1.629933E+00        -1.078775E-04
1.628468E+00        -1.075409E-04
1.627006E+00        -1.072076E-04
1.625544E+00        -1.068775E-04
1.624084E+00        -1.065540E-04
1.622625E+00        -1.062276E-04
1.621167E+00        -1.058976E-04
1.619711E+00        -1.055741E-04
1.618256E+00        -1.052477E-04
1.616802E+00        -1.049241E-04
1.615350E+00        -1.046042E-04
1.613899E+00        -1.042843E-04
1.612449E+00        -1.039643E-04
1.611000E+00        -1.036442E-04
1.609553E+00        -1.033243E-04
1.608107E+00        -1.030043E-04
1.606663E+00        -1.026844E-04
1.605219E+00        -1.023707E-04
1.603777E+00        -1.020608E-04
1.602337E+00        -1.017445E-04
1.600897E+00        -1.014308E-04
1.599459E+00        -1.011209E-04
1.598022E+00        -1.008109E-04
1.596587E+00        -1.005010E-04
1.595153E+00        -1.001911E-04
1.593720E+00        -9.988049E-05
1.592288E+00        -9.957202E-05
1.590858E+00        -9.926577E-05
1.589428E+00        -9.896025E-05
1.588001E+00        -9.865545E-05
1.586574E+00        -9.835167E-05
1.585149E+00        -9.804939E-05
1.583725E+00        -9.774741E-05
1.582302E+00        -9.744602E-05
1.580881E+00        -9.714641E-05
1.579461E+00        -9.684747E-05
1.578042E+00        -9.654911E-05
1.576624E+00        -9.625169E-05
1.575208E+00        -9.595543E-05
1.573793E+00        -9.566011E-05
1.572379E+00        -9.536509E-05
1.570967E+00        -9.507150E-05
1.569555E+00        -9.477901E-05
1.568146E+00        -9.448723E-05
1.566737E+00        -9.419584E-05
1.565329E+00        -9.390539E-05
1.563923E+00        -9.361609E-05
1.562518E+00        -9.332774E-05
1.561115E+00        -9.304054E-05
1.559712E+00        -9.275408E-05
1.558311E+00        -9.246813E-05
1.556911E+00        -9.218341E-05
1.555513E+00        -9.189956E-05
1.554115E+00        -9.161609E-05
1.552719E+00        -9.133377E-05
1.551325E+00        -9.105261E-05
1.549931E+00        -9.077155E-05
1.548539E+00        -9.049192E-05
1.547148E+00        -9.021297E-05
1.545758E+00        -8.993460E-05
1.544369E+00        -8.965718E-05
1.542982E+00        -8.938091E-05
1.541596E+00        -8.910559E-05
1.540211E+00        -8.883059E-05
1.538827E+00        -8.855681E-05
1.537445E+00        -8.828391E-05
1.536064E+00        -8.801160E-05
1.534684E+00        -8.774024E-05
1.533305E+00        -8.746983E-05
1.531928E+00        -8.719993E-05
1.530552E+00        -8.693126E-05
1.529177E+00        -8.666328E-05
1.527803E+00        -8.639588E-05
1.526431E+00        -8.612899E-05
1.525059E+00        -8.586314E-05
1.523689E+00        -8.559816E-05
1.522321E+00        -8.533397E-05
1.520953E+00        -8.507054E-05
1.519587E+00        -8.480826E-05
1.518222E+00        -8.454694E-05
1.516858E+00        -8.428594E-05
1.515495E+00        -8.402553E-05
1.514134E+00        -8.376626E-05
1.512774E+00        -8.350796E-05
1.511415E+00        -8.325061E-05
1.510057E+00        -8.299358E-05
1.508701E+00        -8.273734E-05
1.507345E+00        -8.248187E-05
1.505991E+00        -8.222691E-05
1.504638E+00        -8.197318E-05
1.503287E+00        -8.172032E-05
1.501936E+00        -8.146787E-05
1.500587E+00        -8.121658E-05
1.499239E+00        -8.096560E-05
1.497892E+00        -8.071522E-05
1.496547E+00        -8.046599E-05
1.495202E+00        -8.021753E-05
1.493859E+00        -7.997022E-05
1.492517E+00        -7.972324E-05
1.491177E+00        -7.947704E-05
1.489837E+00        -7.923161E-05
1.488499E+00        -7.898670E-05
1.487161E+00        -7.874220E-05
1.485826E+00        -7.849903E-05
1.484491E+00        -7.825664E-05
1.483157E+00        -7.801458E-05
1.481825E+00        -7.777330E-05
1.480494E+00        -7.753299E-05
1.479164E+00        -7.729364E-05
1.477835E+00        -7.705462E-05
1.476507E+00        -7.681619E-05
1.475181E+00        -7.657892E-05
1.473856E+00        -7.634261E-05
1.472532E+00        -7.610663E-05
1.471209E+00        -7.587125E-05
1.469888E+00        -7.563701E-05
1.468567E+00        -7.540293E-05
1.467248E+00        -7.516963E-05
1.465930E+00        -7.493730E-05
1.464613E+00        -7.470593E-05
1.463297E+00        -7.447490E-05
1.461983E+00        -7.424464E-05
1.460669E+00        -7.401455E-05
1.459357E+00        -7.378586E-05
1.458046E+00        -7.355787E-05
1.456737E+00        -7.333003E-05
1.455428E+00        -7.310325E-05
1.454121E+00        -7.287735E-05
1.452814E+00        -7.265188E-05
1.451509E+00        -7.242691E-05
1.450205E+00        -7.220255E-05
1.448903E+00        -7.197933E-05
1.447601E+00        -7.175691E-05
1.446301E+00        -7.153500E-05
1.445001E+00        -7.131353E-05
1.443703E+00        -7.109256E-05
1.442406E+00        -7.087220E-05
1.441111E+00        -7.065297E-05
1.439816E+00        -7.043455E-05
1.438523E+00        -7.021664E-05
1.437230E+00        -6.999917E-05
1.435939E+00        -6.978221E-05
1.434649E+00        -6.956648E-05
1.433361E+00        -6.935100E-05
1.432073E+00        -6.913621E-05
1.430787E+00        -6.892231E-05
1.429501E+00        -6.870884E-05
1.428217E+00        -6.849589E-05
1.426934E+00        -6.828354E-05
1.425652E+00        -6.807216E-05
1.424372E+00        -6.786193E-05
1.423092E+00        -6.765187E-05
1.421814E+00        -6.744195E-05
1.420536E+00        -6.723248E-05
1.419260E+00        -6.702414E-05
1.417985E+00        -6.681679E-05
1.416712E+00        -6.660994E-05
1.415439E+00        -6.640353E-05
1.414167E+00        -6.619747E-05
1.412897E+00        -6.599281E-05
1.411628E+00        -6.578824E-05
1.410360E+00        -6.558453E-05
1.409093E+00        -6.538091E-05
1.407827E+00        -6.517816E-05
1.406562E+00        -6.497612E-05
1.405299E+00        -6.477486E-05
1.404036E+00        -6.457441E-05
1.402775E+00        -6.437385E-05
1.401515E+00        -6.417414E-05
1.400256E+00        -6.397516E-05
1.398998E+00        -6.377679E-05
1.397741E+00        -6.357940E-05
1.396486E+00        -6.338251E-05
1.395231E+00        -6.318545E-05
1.393978E+00        -6.298978E-05
1.392726E+00        -6.279484E-05
1.391475E+00        -6.259987E-05
1.390225E+00        -6.240552E-05
1.388976E+00        -6.221214E-05
1.387728E+00        -6.201912E-05
1.386481E+00        -6.182671E-05
1.385236E+00        -6.163480E-05
1.383991E+00        -6.144335E-05
1.382748E+00        -6.125304E-05
1.381506E+00        -6.106308E-05
1.380265E+00        -6.087310E-05
1.379025E+00        -6.068436E-05
1.377786E+00        -6.049572E-05
1.376549E+00        -6.030810E-05
1.375312E+00        -6.012105E-05
1.374077E+00        -5.993476E-05
1.372842E+00        -5.974869E-05
1.371609E+00        -5.956274E-05
1.370377E+00        -5.937803E-05
1.369146E+00        -5.919343E-05
1.367916E+00        -5.900969E-05
1.366687E+00        -5.882668E-05
1.365459E+00        -5.864365E-05
1.364233E+00        -5.846201E-05
1.363007E+00        -5.828033E-05
1.361783E+00        -5.809904E-05
1.360559E+00        -5.791858E-05
1.359337E+00        -5.773863E-05
1.358116E+00        -5.755929E-05
1.356896E+00        -5.738093E-05
1.355677E+00        -5.720294E-05
1.354459E+00        -5.702493E-05
1.353243E+00        -5.684768E-05
1.352027E+00        -5.667127E-05
1.350812E+00        -5.649522E-05
1.349599E+00        -5.631930E-05
1.348387E+00        -5.614462E-05
1.347175E+00        -5.596991E-05
1.345965E+00        -5.579558E-05
1.344756E+00        -5.562223E-05
1.343548E+00        -5.544925E-05
1.342341E+00        -5.527688E-05
1.341135E+00        -5.510550E-05
1.339931E+00        -5.493462E-05
1.338727E+00        -5.476360E-05
1.337524E+00        -5.459318E-05
1.336323E+00        -5.442327E-05
1.335122E+00        -5.425383E-05
1.333923E+00        -5.408552E-05
1.332725E+00        -5.391758E-05
1.331527E+00        -5.374948E-05
1.330331E+00        -5.358214E-05
1.329136E+00        -5.341578E-05
1.327942E+00        -5.324980E-05
1.326749E+00        -5.308380E-05
1.325558E+00        -5.291856E-05
1.324367E+00        -5.275416E-05
1.323177E+00        -5.259014E-05
1.321988E+00        -5.242673E-05
1.320801E+00        -5.226382E-05
1.319614E+00        -5.210077E-05
1.318429E+00        -5.193846E-05
1.317245E+00        -5.177715E-05
1.316061E+00        -5.161607E-05
1.314879E+00        -5.145512E-05
1.313698E+00        -5.129478E-05
1.312518E+00        -5.113543E-05
1.311339E+00        -5.097645E-05
1.310161E+00        -5.081747E-05
1.308984E+00        -5.065910E-05
1.307808E+00        -5.050172E-05
1.306633E+00        -5.034471E-05
1.305459E+00        -5.018769E-05
1.304287E+00        -5.003142E-05
1.303115E+00        -4.987539E-05
1.301944E+00        -4.971998E-05
1.300775E+00        -4.956507E-05
1.299606E+00        -4.941064E-05
1.298439E+00        -4.925671E-05
1.297272E+00        -4.910327E-05
1.296107E+00        -4.895033E-05
1.294943E+00        -4.879801E-05
1.293779E+00        -4.864592E-05
1.292617E+00        -4.849459E-05
1.291456E+00        -4.834363E-05
1.290296E+00        -4.819266E-05
1.289137E+00        -4.804230E-05
1.287979E+00        -4.789294E-05
1.286822E+00        -4.774396E-05
1.285666E+00        -4.759497E-05
1.284511E+00        -4.744660E-05
1.283357E+00        -4.729860E-05
1.282204E+00        -4.715121E-05
1.281052E+00        -4.700420E-05
1.279901E+00        -4.685781E-05
1.278752E+00        -4.671192E-05
1.277603E+00        -4.656590E-05
1.276455E+00        -4.642049E-05
1.275309E+00        -4.627621E-05
1.274163E+00        -4.613156E-05
1.273018E+00        -4.598776E-05
1.271875E+00        -4.584484E-05
1.270732E+00        -4.570180E-05
1.269591E+00        -4.555888E-05
1.268450E+00        -4.541645E-05
1.267311E+00        -4.527513E-05
1.266172E+00        -4.513408E-05
1.265035E+00        -4.499315E-05
1.263899E+00        -4.485283E-05
1.262763E+00        -4.471276E-05
1.261629E+00        -4.457344E-05
1.260495E+00        -4.443437E-05
1.259363E+00        -4.429542E-05
1.258232E+00        -4.415709E-05
1.257102E+00        -4.401914E-05
1.255972E+00        -4.388168E-05
1.254844E+00        -4.374473E-05
1.253717E+00        -4.360838E-05
1.252590E+00        -4.347230E-05
1.251465E+00        -4.333696E-05
1.250341E+00        -4.320138E-05
1.249218E+00        -4.306665E-05
1.248096E+00        -4.293207E-05
1.246974E+00        -4.279760E-05
1.245854E+00        -4.266425E-05
1.244735E+00        -4.253129E-05
1.243617E+00        -4.239832E-05
1.242500E+00        -4.226597E-05
1.241384E+00        -4.213400E-05
1.240268E+00        -4.200191E-05
1.239154E+00        -4.187056E-05
1.238041E+00        -4.174020E-05
1.236929E+00        -4.161023E-05
1.235818E+00        -4.148026E-05
1.234708E+00        -4.135029E-05
1.233599E+00        -4.122094E-05
1.232490E+00        -4.109185E-05
1.231383E+00        -4.096350E-05
1.230277E+00        -4.083553E-05
1.229172E+00        -4.070818E-05
1.228068E+00        -4.058121E-05
1.226965E+00        -4.045425E-05
1.225862E+00        -4.032778E-05
1.224761E+00        -4.020182E-05
1.223661E+00        -4.007585E-05
1.222562E+00        -3.995051E-05
1.221463E+00        -3.982543E-05
1.220366E+00        -3.970109E-05
1.219270E+00        -3.957713E-05
1.218175E+00        -3.945318E-05
1.217080E+00        -3.932972E-05
1.215987E+00        -3.920677E-05
1.214895E+00        -3.908443E-05
1.213803E+00        -3.896176E-05
1.212713E+00        -3.884004E-05
1.211623E+00        -3.871837E-05
1.210535E+00        -3.859704E-05
1.209448E+00        -3.847671E-05
1.208361E+00        -3.835667E-05
1.207276E+00        -3.823673E-05
1.206191E+00        -3.811669E-05
1.205108E+00        -3.799737E-05
1.204025E+00        -3.787834E-05
1.202943E+00        -3.775992E-05
1.201863E+00        -3.764200E-05
1.200783E+00        -3.752397E-05
1.199704E+00        -3.740656E-05
1.198627E+00        -3.728965E-05
1.197550E+00        -3.717263E-05
1.196474E+00        -3.705623E-05
1.195399E+00        -3.694022E-05
1.194326E+00        -3.682432E-05
1.193253E+00        -3.670893E-05
1.192181E+00        -3.659393E-05
1.191110E+00        -3.647955E-05
1.190040E+00        -3.636556E-05
1.188971E+00        -3.625158E-05
1.187903E+00        -3.613820E-05
1.186836E+00        -3.602462E-05
1.185769E+00        -3.591176E-05
1.184704E+00        -3.579918E-05
1.183640E+00        -3.568683E-05
1.182577E+00        -3.557548E-05
1.181514E+00        -3.546381E-05
1.180453E+00        -3.535247E-05
1.179393E+00        -3.524213E-05
1.178333E+00        -3.513148E-05
1.177275E+00        -3.502115E-05
1.176217E+00        -3.491172E-05
1.175160E+00        -3.480209E-05
1.174105E+00        -3.469338E-05
1.173050E+00        -3.458476E-05
1.171996E+00        -3.447635E-05
1.170943E+00        -3.436834E-05
1.169892E+00        -3.426044E-05
1.168841E+00        -3.415305E-05
1.167791E+00        -3.404606E-05
1.166742E+00        -3.393908E-05
1.165694E+00        -3.383271E-05
1.164646E+00        -3.372663E-05
1.163600E+00        -3.362067E-05
1.162555E+00        -3.351531E-05
1.161511E+00        -3.341036E-05
1.160467E+00        -3.330531E-05
1.159425E+00        -3.320097E-05
1.158383E+00        -3.309693E-05
1.157343E+00        -3.299300E-05
1.156303E+00        -3.288959E-05
1.155264E+00        -3.278596E-05
1.154226E+00        -3.268316E-05
1.153190E+00        -3.258065E-05
1.152154E+00        -3.247826E-05
1.151119E+00        -3.237627E-05
1.150085E+00        -3.227489E-05
1.149051E+00        -3.217321E-05
1.148019E+00        -3.207246E-05
1.146988E+00        -3.197189E-05
1.145958E+00        -3.187154E-05
1.144928E+00        -3.177149E-05
1.143900E+00        -3.167155E-05
1.142872E+00        -3.157213E-05
1.141845E+00        -3.147310E-05
1.140820E+00        -3.137419E-05
1.139795E+00        -3.127578E-05
1.138771E+00        -3.117778E-05
1.137748E+00        -3.107979E-05
1.136726E+00        -3.098180E-05
1.135705E+00        -3.088443E-05
1.134684E+00        -3.078737E-05
1.133665E+00        -3.069101E-05
1.132647E+00        -3.059445E-05
1.131629E+00        -3.049802E-05
1.130613E+00        -3.040268E-05
1.129597E+00        -3.030705E-05
1.128582E+00        -3.021164E-05
1.127569E+00        -3.011673E-05
1.126556E+00        -3.002233E-05
1.125544E+00        -2.992774E-05
1.124533E+00        -2.983336E-05
1.123522E+00        -2.973990E-05
1.122513E+00        -2.964633E-05
1.121505E+00        -2.955298E-05
1.120497E+00        -2.945994E-05
1.119491E+00        -2.936760E-05
1.118485E+00        -2.927558E-05
1.117480E+00        -2.918356E-05
1.116476E+00        -2.909156E-05
1.115473E+00        -2.900017E-05
1.114471E+00        -2.890858E-05
1.113470E+00        -2.881781E-05
1.112470E+00        -2.872723E-05
1.111471E+00        -2.863688E-05
1.110472E+00        -2.854684E-05
1.109475E+00        -2.845690E-05
1.108478E+00        -2.836748E-05
1.107482E+00        -2.827846E-05
1.106487E+00        -2.818946E-05
1.105493E+00        -2.810047E-05
1.104500E+00        -2.801208E-05
1.103508E+00        -2.792411E-05
1.102517E+00        -2.783615E-05
1.101526E+00        -2.774870E-05
1.100537E+00        -2.766116E-05
1.099548E+00        -2.757373E-05
1.098561E+00        -2.748681E-05
1.097574E+00        -2.740040E-05
1.096588E+00        -2.731441E-05
1.095603E+00        -2.722842E-05
1.094618E+00        -2.714236E-05
1.093635E+00        -2.705700E-05
1.092653E+00        -2.697204E-05
1.091671E+00        -2.688701E-05
1.090690E+00        -2.680199E-05
1.089711E+00        -2.671767E-05
1.088732E+00        -2.663367E-05
1.087754E+00        -2.654968E-05
1.086777E+00        -2.646630E-05
1.085800E+00        -2.638265E-05
1.084825E+00        -2.629929E-05
1.083850E+00        -2.621685E-05
1.082877E+00        -2.613432E-05
1.081904E+00        -2.605190E-05
1.080932E+00        -2.596990E-05
1.079961E+00        -2.588791E-05
1.078991E+00        -2.580653E-05
1.078022E+00        -2.572497E-05
1.077053E+00        -2.564412E-05
1.076086E+00        -2.556357E-05
1.075119E+00        -2.548255E-05
1.074153E+00        -2.540214E-05
1.073188E+00        -2.532215E-05
1.072224E+00        -2.524216E-05
1.071261E+00        -2.516278E-05
1.070299E+00        -2.508322E-05
1.069337E+00        -2.500378E-05
1.068377E+00        -2.492543E-05
1.067417E+00        -2.484682E-05
1.066458E+00        -2.476842E-05
1.065500E+00        -2.469043E-05
1.064543E+00        -2.461245E-05
1.063587E+00        -2.453508E-05
1.062631E+00        -2.445744E-05
1.061677E+00        -2.438009E-05
1.060723E+00        -2.430308E-05
1.059770E+00        -2.422667E-05
1.058818E+00        -2.415008E-05
1.057867E+00        -2.407370E-05
1.056917E+00        -2.399773E-05
1.055967E+00        -2.392229E-05
1.055019E+00        -2.384675E-05
1.054071E+00        -2.377133E-05
1.053124E+00        -2.369633E-05
1.052178E+00        -2.362134E-05
1.051233E+00        -2.354696E-05
1.050288E+00        -2.347291E-05
1.049345E+00        -2.339896E-05
1.048402E+00        -2.332494E-05
1.047460E+00        -2.325093E-05
1.046519E+00        -2.317753E-05
1.045579E+00        -2.310455E-05
1.044640E+00        -2.303157E-05
1.043702E+00        -2.295861E-05
1.042764E+00        -2.288618E-05
1.041827E+00        -2.281417E-05
1.040891E+00        -2.274217E-05
1.039956E+00        -2.267018E-05
1.039022E+00        -2.259820E-05
1.038089E+00        -2.252683E-05
1.037156E+00        -2.245580E-05
1.036225E+00        -2.238486E-05
1.035294E+00        -2.231386E-05
1.034364E+00        -2.224346E-05
1.033435E+00        -2.217348E-05
1.032506E+00        -2.210344E-05
1.031579E+00        -2.203349E-05
1.030652E+00        -2.196406E-05
1.029726E+00        -2.189446E-05
1.028801E+00        -2.182507E-05
1.027877E+00        -2.175609E-05
1.026954E+00        -2.168712E-05
1.026031E+00        -2.161869E-05
1.025109E+00        -2.155067E-05
1.024188E+00        -2.148207E-05
1.023268E+00        -2.141427E-05
1.022349E+00        -2.134670E-05
1.021431E+00        -2.127933E-05
1.020513E+00        -2.121171E-05
1.019597E+00        -2.114436E-05
1.018681E+00        -2.107796E-05
1.017766E+00        -2.101138E-05
1.016851E+00        -2.094493E-05
1.015938E+00        -2.087837E-05
1.015025E+00        -2.081194E-05
1.014113E+00        -2.074653E-05
1.013202E+00        -2.068094E-05
1.012292E+00        -2.061555E-05
1.011383E+00        -2.055059E-05
1.010474E+00        -2.048556E-05
1.009567E+00        -2.042062E-05
1.008660E+00        -2.035562E-05
1.007754E+00        -2.029122E-05
1.006848E+00        -2.022718E-05
1.005944E+00        -2.016322E-05
1.005040E+00        -2.009920E-05
1.004137E+00        -2.003519E-05
1.003235E+00        -1.997179E-05
1.002334E+00        -1.990882E-05
1.001434E+00        -1.984585E-05
1.000534E+00        -1.978283E-05
9.996352E-01        -1.971984E-05
9.987372E-01        -1.965743E-05
9.978401E-01        -1.959544E-05
9.969437E-01        -1.953345E-05
9.960481E-01        -1.947145E-05
9.951533E-01        -1.941004E-05
9.942594E-01        -1.934847E-05
9.933662E-01        -1.928706E-05
9.924739E-01        -1.922607E-05
9.915823E-01        -1.916507E-05
9.906916E-01        -1.910408E-05
9.898016E-01        -1.904367E-05
9.889124E-01        -1.898368E-05
9.880241E-01        -1.892310E-05
9.871365E-01        -1.886269E-05
9.862498E-01        -1.880329E-05
9.853638E-01        -1.874370E-05
9.844786E-01        -1.868429E-05
9.835943E-01        -1.862531E-05
9.827107E-01        -1.856631E-05
9.818279E-01        -1.850731E-05
9.809459E-01        -1.844832E-05
9.800647E-01        -1.838991E-05
9.791843E-01        -1.833192E-05
9.783047E-01        -1.827334E-05
9.774259E-01        -1.821552E-05
9.765478E-01        -1.815794E-05
9.756706E-01        -1.809994E-05
9.747941E-01        -1.804254E-05
9.739184E-01        -1.798554E-05
9.730436E-01        -1.792855E-05
9.721695E-01        -1.787156E-05
9.712961E-01        -1.781456E-05
9.704236E-01        -1.775815E-05
9.695519E-01        -1.770216E-05
9.686809E-01        -1.764616E-05
9.678107E-01        -1.759017E-05
9.669413E-01        -1.753417E-05
9.660727E-01        -1.747818E-05
9.652049E-01        -1.742277E-05
9.643378E-01        -1.736778E-05
9.634715E-01        -1.731278E-05
9.626060E-01        -1.725779E-05
9.617413E-01        -1.720279E-05
9.608773E-01        -1.714779E-05
9.600142E-01        -1.709339E-05
9.591518E-01        -1.703940E-05
9.582902E-01        -1.698540E-05
9.574293E-01        -1.693140E-05
9.565692E-01        -1.687741E-05
9.557099E-01        -1.682400E-05
9.548514E-01        -1.677042E-05
9.539936E-01        -1.671701E-05
9.531367E-01        -1.666402E-05
9.522804E-01        -1.661102E-05
9.514250E-01        -1.655803E-05
9.505703E-01        -1.650562E-05
9.497164E-01        -1.645304E-05
9.488633E-01        -1.640063E-05
9.480109E-01        -1.634863E-05
9.471593E-01        -1.629664E-05
9.463084E-01        -1.624523E-05
9.454583E-01        -1.619365E-05
9.446090E-01        -1.614165E-05
9.437605E-01        -1.609024E-05
9.429127E-01        -1.603925E-05
9.420656E-01        -1.598825E-05
9.412194E-01        -1.593726E-05
9.403738E-01        -1.588684E-05
9.395291E-01        -1.583627E-05
9.386851E-01        -1.578586E-05
9.378419E-01        -1.573586E-05
9.369994E-01        -1.568587E-05
9.361577E-01        -1.563587E-05
9.353167E-01        -1.558588E-05
9.344765E-01        -1.553646E-05
9.336370E-01        -1.548747E-05
9.327983E-01        -1.543789E-05
9.319604E-01        -1.538848E-05
9.311232E-01        -1.533948E-05
9.302867E-01        -1.529107E-05
9.294511E-01        -1.524250E-05
9.286161E-01        -1.519408E-05
9.277819E-01        -1.514550E-05
9.269485E-01        -1.509709E-05
9.261158E-01        -1.504909E-05
9.252838E-01        -1.500110E-05
9.244526E-01        -1.495368E-05
9.236222E-01        -1.490611E-05
9.227925E-01        -1.485869E-05
9.219635E-01        -1.481170E-05
9.211353E-01        -1.476412E-05
9.203078E-01        -1.471671E-05
9.194811E-01        -1.467029E-05
9.186551E-01        -1.462372E-05
9.178299E-01        -1.457672E-05
9.170054E-01        -1.453031E-05
9.161816E-01        -1.448431E-05
9.153586E-01        -1.443832E-05
9.145363E-01        -1.439232E-05
9.137148E-01        -1.434633E-05
9.128940E-01        -1.430033E-05
9.120739E-01        -1.425491E-05
9.112546E-01        -1.420992E-05
9.104360E-01        -1.416434E-05
9.096181E-01        -1.411893E-05
9.088010E-01        -1.407393E-05
9.079846E-01        -1.402952E-05
9.071690E-01        -1.398494E-05
9.063540E-01        -1.393994E-05
9.055398E-01        -1.389553E-05
9.047264E-01        -1.385153E-05
9.039136E-01        -1.380754E-05
9.031016E-01        -1.376354E-05
9.022904E-01        -1.371955E-05
9.014798E-01        -1.367555E-05
9.006700E-01        -1.363213E-05
8.998609E-01        -1.358856E-05
8.990526E-01        -1.354514E-05
8.982449E-01        -1.350214E-05
8.974380E-01        -1.345915E-05
8.966319E-01        -1.341616E-05
8.958264E-01        -1.337316E-05
8.950217E-01        -1.333074E-05
8.942176E-01        -1.328817E-05
8.934144E-01        -1.324575E-05
8.926118E-01        -1.320375E-05
8.918099E-01        -1.316176E-05
8.910088E-01        -1.311918E-05
8.902084E-01        -1.307734E-05
8.894087E-01        -1.303577E-05
8.886097E-01        -1.299435E-05
8.878115E-01        -1.295278E-05
8.870140E-01        -1.291136E-05
8.862171E-01        -1.287036E-05
8.854210E-01        -1.282937E-05
8.846257E-01        -1.278837E-05
8.838310E-01        -1.274738E-05
8.830370E-01        -1.270638E-05
8.822438E-01        -1.266596E-05
8.814512E-01        -1.262539E-05
8.806594E-01        -1.258497E-05
8.798683E-01        -1.254497E-05
8.790779E-01        -1.250498E-05
8.782882E-01        -1.246498E-05
8.774992E-01        -1.242498E-05
8.767110E-01        -1.238557E-05
8.759234E-01        -1.234599E-05
8.751365E-01        -1.230657E-05
8.743504E-01        -1.226758E-05
8.735650E-01        -1.222801E-05
8.727802E-01        -1.218858E-05
8.719962E-01        -1.215016E-05
8.712129E-01        -1.211159E-05
8.704302E-01        -1.207259E-05
8.696483E-01        -1.203417E-05
8.688671E-01        -1.199560E-05
8.680866E-01        -1.195718E-05
8.673068E-01        -1.191919E-05
8.665276E-01        -1.188119E-05
8.657492E-01        -1.184319E-05
8.649715E-01        -1.180520E-05
8.641945E-01        -1.176720E-05
8.634182E-01        -1.172978E-05
8.626425E-01        -1.169220E-05
8.618676E-01        -1.165478E-05
8.610934E-01        -1.161779E-05
8.603199E-01        -1.158079E-05
8.595470E-01        -1.154379E-05
8.587749E-01        -1.150680E-05
8.580034E-01        -1.146980E-05
8.572327E-01        -1.143281E-05
8.564626E-01        -1.139638E-05
8.556932E-01        -1.135981E-05
8.549245E-01        -1.132339E-05
8.541566E-01        -1.128740E-05
8.533893E-01        -1.125140E-05
8.526226E-01        -1.121540E-05
8.518567E-01        -1.117940E-05
8.510915E-01        -1.114341E-05
8.503269E-01        -1.110798E-05
8.495631E-01        -1.107242E-05
8.487999E-01        -1.103699E-05
8.480374E-01        -1.100199E-05
8.472756E-01        -1.096700E-05
8.465145E-01        -1.093143E-05
8.457540E-01        -1.089657E-05
8.449943E-01        -1.086201E-05
8.442352E-01        -1.082701E-05
8.434768E-01        -1.079201E-05
8.427191E-01        -1.075759E-05
8.419621E-01        -1.072302E-05
8.412057E-01        -1.068860E-05
8.404501E-01        -1.065460E-05
8.396951E-01        -1.062060E-05
8.389408E-01        -1.058661E-05
8.381871E-01        -1.055261E-05
8.374342E-01        -1.051861E-05
8.366819E-01        -1.048519E-05
8.359303E-01        -1.045162E-05
8.351794E-01        -1.041820E-05
8.344291E-01        -1.038463E-05
8.336795E-01        -1.035120E-05
8.329306E-01        -1.031820E-05
8.321824E-01        -1.028521E-05
8.314348E-01        -1.025221E-05
8.306879E-01        -1.021921E-05
8.299417E-01        -1.018679E-05
8.291962E-01        -1.015422E-05
8.284513E-01        -1.012122E-05
8.277071E-01        -1.008880E-05
8.269635E-01        -1.005680E-05
8.262206E-01        -1.002480E-05
8.254784E-01        -9.992519E-06
8.247369E-01        -9.960308E-06
8.239960E-01        -9.928367E-06
8.232558E-01        -9.896528E-06
8.225163E-01        -9.864789E-06
8.217774E-01        -9.833205E-06
8.210392E-01        -9.801709E-06
8.203016E-01        -9.770267E-06
8.195647E-01        -9.738927E-06
8.188285E-01        -9.707688E-06
8.180929E-01        -9.676546E-06
8.173580E-01        -9.645506E-06
8.166238E-01        -9.614568E-06
8.158902E-01        -9.583727E-06
8.151573E-01        -9.552988E-06
8.144250E-01        -9.522347E-06
8.136934E-01        -9.491807E-06
8.129624E-01        -9.461365E-06
8.122321E-01        -9.431024E-06
8.115025E-01        -9.400786E-06
8.107735E-01        -9.370588E-06
8.100452E-01        -9.340506E-06
8.093175E-01        -9.310564E-06
8.085905E-01        -9.280668E-06
8.078641E-01        -9.250883E-06
8.071384E-01        -9.221187E-06
8.064133E-01        -9.191602E-06
8.056889E-01        -9.162105E-06
8.049652E-01        -9.132724E-06
8.042420E-01        -9.103423E-06
8.035196E-01        -9.074185E-06
8.027978E-01        -9.045045E-06
8.020766E-01        -9.016003E-06
8.013561E-01        -8.987064E-06
8.006362E-01        -8.958222E-06
7.999170E-01        -8.929426E-06
7.991984E-01        -8.900741E-06
7.984805E-01        -8.872145E-06
7.977632E-01        -8.843660E-06
7.970465E-01        -8.815261E-06
7.963305E-01        -8.786977E-06
7.956152E-01        -8.758782E-06
7.949005E-01        -8.730641E-06
7.941864E-01        -8.702600E-06
7.934730E-01        -8.674604E-06
7.927602E-01        -8.646719E-06
7.920480E-01        -8.618976E-06
7.913365E-01        -8.591279E-06
7.906257E-01        -8.563641E-06
7.899154E-01        -8.536154E-06
7.892058E-01        -8.508700E-06
7.884969E-01        -8.481318E-06
7.877886E-01        -8.454077E-06
7.870809E-01        -8.426936E-06
7.863738E-01        -8.399836E-06
7.856674E-01        -8.372852E-06
7.849616E-01        -8.345954E-06
7.842565E-01        -8.319115E-06
7.835520E-01        -8.292374E-06
7.828481E-01        -8.265732E-06
7.821449E-01        -8.239136E-06
7.814422E-01        -8.212648E-06
7.807403E-01        -8.186254E-06
7.800389E-01        -8.159911E-06
7.793382E-01        -8.133671E-06
7.786381E-01        -8.107529E-06
7.779386E-01        -8.081431E-06
7.772398E-01        -8.055447E-06
7.765416E-01        -8.029550E-06
7.758440E-01        -8.003708E-06
7.751471E-01        -7.977968E-06
7.744507E-01        -7.952324E-06
7.737550E-01        -7.926727E-06
7.730600E-01        -7.901245E-06
7.723655E-01        -7.875845E-06
7.716717E-01        -7.850505E-06
7.709785E-01        -7.825208E-06
7.702859E-01        -7.800022E-06
7.695939E-01        -7.774923E-06
7.689026E-01        -7.749883E-06
7.682119E-01        -7.724942E-06
7.675218E-01        -7.700101E-06
7.668323E-01        -7.675358E-06
7.661434E-01        -7.650659E-06
7.654552E-01        -7.626019E-06
7.647676E-01        -7.601478E-06
7.640806E-01        -7.576981E-06
7.633942E-01        -7.552595E-06
7.627084E-01        -7.528296E-06
7.620233E-01        -7.504056E-06
7.613387E-01        -7.479857E-06
7.606548E-01        -7.455772E-06
7.599715E-01        -7.431774E-06
7.592888E-01        -7.407833E-06
7.586067E-01        -7.383990E-06
7.579253E-01        -7.360251E-06
7.572444E-01        -7.336552E-06
7.565642E-01        -7.312912E-06
7.558845E-01        -7.289312E-06
7.552055E-01        -7.265826E-06
7.545271E-01        -7.242429E-06
7.538493E-01        -7.219088E-06
7.531721E-01        -7.195846E-06
7.524955E-01        -7.172703E-06
7.518195E-01        -7.149605E-06
7.511442E-01        -7.126565E-06
7.504694E-01        -7.103566E-06
7.497952E-01        -7.080679E-06
7.491217E-01        -7.057883E-06
7.484487E-01        -7.035139E-06
7.477764E-01        -7.012443E-06
7.471046E-01        -6.989855E-06
7.464335E-01        -6.967358E-06
7.457630E-01        -6.944862E-06
7.450930E-01        -6.922473E-06
7.444237E-01        -6.900176E-06
7.437550E-01        -6.877935E-06
7.430869E-01        -6.855738E-06
7.424193E-01        -6.833649E-06
7.417524E-01        -6.811652E-06
7.410861E-01        -6.789656E-06
7.404203E-01        -6.767767E-06
7.397552E-01        -6.745970E-06
7.390907E-01        -6.724173E-06
7.384267E-01        -6.702485E-06
7.377634E-01        -6.680888E-06
7.371007E-01        -6.659347E-06
7.364385E-01        -6.637848E-06
7.357770E-01        -6.616463E-06
7.351160E-01        -6.595164E-06
7.344556E-01        -6.573865E-06
7.337959E-01        -6.552625E-06
7.331367E-01        -6.531482E-06
7.324781E-01        -6.510439E-06
7.318201E-01        -6.489441E-06
7.311627E-01        -6.468499E-06
7.305059E-01        -6.447601E-06
7.298496E-01        -6.426812E-06
7.291940E-01        -6.406115E-06
7.285390E-01        -6.385419E-06
7.278845E-01        -6.364775E-06
7.272306E-01        -6.344232E-06
7.265774E-01        -6.323792E-06
7.259247E-01        -6.303394E-06
7.252725E-01        -6.283048E-06
7.246210E-01        -6.262751E-06
7.239701E-01        -6.242510E-06
7.233197E-01        -6.222366E-06
7.226700E-01        -6.202270E-06
7.220208E-01        -6.182227E-06
7.213722E-01        -6.162284E-06
7.207242E-01        -6.142387E-06
7.200767E-01        -6.122542E-06
7.194299E-01        -6.102801E-06
7.187836E-01        -6.083102E-06
7.181379E-01        -6.063460E-06
7.174928E-01        -6.043917E-06
7.168482E-01        -6.024417E-06
7.162043E-01        -6.004921E-06
7.155609E-01        -5.985533E-06
7.149181E-01        -5.966235E-06
7.142759E-01        -5.946937E-06
7.136342E-01        -5.927693E-06
7.129932E-01        -5.908552E-06
7.123527E-01        -5.889454E-06
7.117128E-01        -5.870411E-06
7.110734E-01        -5.851467E-06
7.104346E-01        -5.832568E-06
7.097965E-01        -5.813728E-06
7.091588E-01        -5.794982E-06
7.085218E-01        -5.776286E-06
7.078853E-01        -5.757587E-06
7.072494E-01        -5.738944E-06
7.066141E-01        -5.720402E-06
7.059793E-01        -5.701958E-06
7.053451E-01        -5.683559E-06
7.047115E-01        -5.665162E-06
7.040784E-01        -5.646818E-06
7.034459E-01        -5.628574E-06
7.028140E-01        -5.610376E-06
7.021827E-01        -5.592235E-06
7.015519E-01        -5.574191E-06
7.009217E-01        -5.556193E-06
7.002920E-01        -5.538193E-06
6.996630E-01        -5.520308E-06
6.990344E-01        -5.502452E-06
6.984065E-01        -5.484666E-06
6.977791E-01        -5.466967E-06
6.971523E-01        -5.449269E-06
6.965260E-01        -5.431625E-06
6.959003E-01        -5.414082E-06
6.952752E-01        -5.396585E-06
6.946506E-01        -5.379141E-06
6.940266E-01        -5.361743E-06
6.934031E-01        -5.344398E-06
6.927802E-01        -5.327100E-06
6.921579E-01        -5.309858E-06
6.915361E-01        -5.292714E-06
6.909149E-01        -5.275616E-06
6.902942E-01        -5.258516E-06
6.896741E-01        -5.241473E-06
6.890546E-01        -5.224531E-06
6.884356E-01        -5.207632E-06
6.878172E-01        -5.190790E-06
6.871993E-01        -5.173991E-06
6.865820E-01        -5.157248E-06
6.859652E-01        -5.140548E-06
6.853490E-01        -5.123905E-06
6.847333E-01        -5.107361E-06
6.841182E-01        -5.090863E-06
6.835037E-01        -5.074366E-06
6.828897E-01        -5.057922E-06
6.822762E-01        -5.041577E-06
6.816633E-01        -5.025279E-06
6.810510E-01        -5.008982E-06
6.804392E-01        -4.992738E-06
6.798279E-01        -4.976593E-06
6.792172E-01        -4.960495E-06
6.786071E-01        -4.944452E-06
6.779975E-01        -4.928454E-06
6.773884E-01        -4.912509E-06
6.767799E-01        -4.896611E-06
6.761719E-01        -4.880766E-06
6.755645E-01        -4.864968E-06
6.749576E-01        -4.849169E-06
6.743513E-01        -4.833480E-06
6.737455E-01        -4.817827E-06
6.731403E-01        -4.802239E-06
6.725356E-01        -4.786685E-06
6.719315E-01        -4.771143E-06
6.713279E-01        -4.755699E-06
6.707248E-01        -4.740354E-06
6.701223E-01        -4.725002E-06
6.695203E-01        -4.709657E-06
6.689188E-01        -4.694412E-06
6.683179E-01        -4.679213E-06
6.677176E-01        -4.664071E-06
6.671178E-01        -4.648973E-06
6.665185E-01        -4.633929E-06
6.659197E-01        -4.618929E-06
6.653215E-01        -4.603930E-06
6.647239E-01        -4.588988E-06
6.641267E-01        -4.574142E-06
6.635301E-01        -4.559344E-06
6.629341E-01        -4.544547E-06
6.623385E-01        -4.529801E-06
6.617436E-01        -4.515159E-06
6.611491E-01        -4.500559E-06
6.605552E-01        -4.485961E-06
6.599618E-01        -4.471416E-06
6.593689E-01        -4.456917E-06
6.587766E-01        -4.442473E-06
6.581848E-01        -4.428074E-06
6.575936E-01        -4.413731E-06
6.570028E-01        -4.399431E-06
6.564126E-01        -4.385187E-06
6.558230E-01        -4.370990E-06
6.552338E-01        -4.356790E-06
6.546452E-01        -4.342646E-06
6.540572E-01        -4.328603E-06
6.534696E-01        -4.314603E-06
6.528826E-01        -4.300605E-06
6.522961E-01        -4.286661E-06
6.517101E-01        -4.272761E-06
6.511247E-01        -4.258918E-06
6.505398E-01        -4.245120E-06
6.499554E-01        -4.231321E-06
6.493715E-01        -4.217576E-06
6.487882E-01        -4.203932E-06
6.482054E-01        -4.190334E-06
6.476231E-01        -4.176735E-06
6.470413E-01        -4.163190E-06
6.464600E-01        -4.149690E-06
6.458793E-01        -4.136246E-06
6.452991E-01        -4.122848E-06
6.447194E-01        -4.109448E-06
6.441403E-01        -4.096105E-06
6.435616E-01        -4.082859E-06
6.429835E-01        -4.069607E-06
6.424059E-01        -4.056417E-06
6.418288E-01        -4.043264E-06
6.412523E-01        -4.030120E-06
6.406762E-01        -4.017075E-06
6.401007E-01        -4.004022E-06
6.395257E-01        -3.991032E-06
6.389512E-01        -3.978079E-06
6.383772E-01        -3.965188E-06
6.378037E-01        -3.952335E-06
6.372308E-01        -3.939491E-06
6.366583E-01        -3.926745E-06
6.360864E-01        -3.913993E-06
6.355150E-01        -3.901302E-06
6.349441E-01        -3.888649E-06
6.343737E-01        -3.876004E-06
6.338039E-01        -3.863461E-06
6.332345E-01        -3.850907E-06
6.326657E-01        -3.838417E-06
6.320973E-01        -3.825963E-06
6.315295E-01        -3.813518E-06
6.309622E-01        -3.801174E-06
6.303954E-01        -3.788875E-06
6.298291E-01        -3.776576E-06
6.292633E-01        -3.764331E-06
6.286980E-01        -3.752078E-06
6.281333E-01        -3.739888E-06
6.275690E-01        -3.727789E-06
6.270053E-01        -3.715691E-06
6.264420E-01        -3.703645E-06
6.258793E-01        -3.691647E-06
6.253170E-01        -3.679647E-06
6.247553E-01        -3.667703E-06
6.241941E-01        -3.655804E-06
6.236333E-01        -3.643904E-06
6.230731E-01        -3.632059E-06
6.225134E-01        -3.620261E-06
6.219542E-01        -3.608516E-06
6.213955E-01        -3.596817E-06
6.208373E-01        -3.585119E-06
6.202796E-01        -3.573474E-06
6.197224E-01        -3.561875E-06
6.191657E-01        -3.550330E-06
6.186094E-01        -3.538829E-06
6.180537E-01        -3.527331E-06
6.174985E-01        -3.515886E-06
6.169438E-01        -3.504487E-06
6.163896E-01        -3.493088E-06
6.158359E-01        -3.481743E-06
6.152827E-01        -3.470445E-06
6.147300E-01        -3.459200E-06
6.141777E-01        -3.447946E-06
6.136260E-01        -3.436754E-06
6.130748E-01        -3.425603E-06
6.125241E-01        -3.414458E-06
6.119738E-01        -3.403358E-06
6.114241E-01        -3.392313E-06
6.108748E-01        -3.381314E-06
6.103261E-01        -3.370316E-06
6.097778E-01        -3.359370E-06
6.092300E-01        -3.348470E-06
6.086827E-01        -3.337571E-06
6.081359E-01        -3.326725E-06
6.075896E-01        -3.315926E-06
6.070438E-01        -3.305181E-06
6.064985E-01        -3.294482E-06
6.059537E-01        -3.283784E-06
6.054094E-01        -3.273086E-06
6.048655E-01        -3.262439E-06
6.043221E-01        -3.251840E-06
6.037793E-01        -3.241296E-06
6.032369E-01        -3.230796E-06
6.026950E-01        -3.220297E-06
6.021536E-01        -3.209852E-06
6.016127E-01        -3.199400E-06
6.010722E-01        -3.189007E-06
6.005323E-01        -3.178655E-06
5.999928E-01        -3.168309E-06
5.994538E-01        -3.158010E-06
5.989153E-01        -3.147764E-06
5.983773E-01        -3.137565E-06
5.978398E-01        -3.127367E-06
5.973027E-01        -3.117220E-06
5.967662E-01        -3.107069E-06
5.962301E-01        -3.096976E-06
5.956945E-01        -3.086924E-06
5.951593E-01        -3.076877E-06
5.946247E-01        -3.066879E-06
5.940905E-01        -3.056932E-06
5.935569E-01        -3.047035E-06
5.930237E-01        -3.037136E-06
5.924909E-01        -3.027235E-06
5.919587E-01        -3.017390E-06
5.914269E-01        -3.007591E-06
5.908956E-01        -2.997845E-06
5.903648E-01        -2.988093E-06
5.898345E-01        -2.978347E-06
5.893046E-01        -2.968701E-06
5.887753E-01        -2.959050E-06
5.882464E-01        -2.949404E-06
5.877179E-01        -2.939857E-06
5.871900E-01        -2.930306E-06
5.866625E-01        -2.920760E-06
5.861355E-01        -2.911261E-06
5.856089E-01        -2.901814E-06
5.850829E-01        -2.892416E-06
5.845573E-01        -2.883016E-06
5.840322E-01        -2.873618E-06
5.835075E-01        -2.864271E-06
5.829834E-01        -2.854973E-06
5.824596E-01        -2.845725E-06
5.819364E-01        -2.836473E-06
5.814137E-01        -2.827228E-06
5.808914E-01        -2.818029E-06
5.803695E-01        -2.808882E-06
5.798482E-01        -2.799784E-06
5.793273E-01        -2.790684E-06
5.788069E-01        -2.781586E-06
5.782869E-01        -2.772539E-06
5.777674E-01        -2.763539E-06
5.772484E-01        -2.754540E-06
5.767299E-01        -2.745595E-06
5.762118E-01        -2.736696E-06
5.756942E-01        -2.727797E-06
5.751770E-01        -2.718950E-06
5.746603E-01        -2.710098E-06
5.741441E-01        -2.701305E-06
5.736283E-01        -2.692552E-06
5.731130E-01        -2.683753E-06
5.725982E-01        -2.675007E-06
5.720838E-01        -2.666361E-06
5.715699E-01        -2.657709E-06
5.710565E-01        -2.649063E-06
5.705435E-01        -2.640464E-06
5.700309E-01        -2.631864E-06
5.695189E-01        -2.623318E-06
5.690073E-01        -2.614819E-06
5.684961E-01        -2.606319E-06
5.679854E-01        -2.597820E-06
5.674752E-01        -2.589374E-06
5.669654E-01        -2.580974E-06
5.664561E-01        -2.572576E-06
5.659473E-01        -2.564230E-06
5.654389E-01        -2.555878E-06
5.649309E-01        -2.547531E-06
5.644234E-01        -2.539284E-06
5.639164E-01        -2.531033E-06
5.634098E-01        -2.522786E-06
5.629037E-01        -2.514587E-06
5.623980E-01        -2.506440E-06
5.618928E-01        -2.498288E-06
5.613881E-01        -2.490142E-06
5.608838E-01        -2.482043E-06
5.603799E-01        -2.473996E-06
5.598765E-01        -2.465997E-06
5.593736E-01        -2.457998E-06
5.588711E-01        -2.449999E-06
5.583690E-01        -2.441999E-06
5.578674E-01        -2.434052E-06
5.573663E-01        -2.426153E-06
5.568656E-01        -2.418254E-06
5.563654E-01        -2.410408E-06
5.558656E-01        -2.402609E-06
5.553662E-01        -2.394808E-06
5.548673E-01        -2.387009E-06
5.543689E-01        -2.379263E-06
5.538709E-01        -2.371511E-06
5.533733E-01        -2.363764E-06
5.528762E-01        -2.356117E-06
5.523796E-01        -2.348466E-06
5.518834E-01        -2.340820E-06
5.513876E-01        -2.333220E-06
5.508923E-01        -2.325621E-06
5.503974E-01        -2.318074E-06
5.499030E-01        -2.310575E-06
5.494090E-01        -2.303075E-06
5.489154E-01        -2.295575E-06
5.484223E-01        -2.288076E-06
5.479297E-01        -2.280630E-06
5.474375E-01        -2.273231E-06
5.469457E-01        -2.265831E-06
5.464544E-01        -2.258485E-06
5.459635E-01        -2.251133E-06
5.454730E-01        -2.243837E-06
5.449830E-01        -2.236586E-06
5.444935E-01        -2.229288E-06
5.440043E-01        -2.222040E-06
5.435156E-01        -2.214840E-06
5.430274E-01        -2.207642E-06
5.425396E-01        -2.200442E-06
5.420522E-01        -2.193295E-06
5.415653E-01        -2.186196E-06
5.410788E-01        -2.179097E-06
5.405927E-01        -2.171997E-06
5.401071E-01        -2.164950E-06
5.396219E-01        -2.157898E-06
5.391372E-01        -2.150852E-06
5.386528E-01        -2.143904E-06
5.381690E-01        -2.136953E-06
5.376855E-01        -2.130005E-06
5.372025E-01        -2.123054E-06
5.367199E-01        -2.116159E-06
5.362378E-01        -2.109308E-06
5.357561E-01        -2.102461E-06
5.352748E-01        -2.095609E-06
5.347940E-01        -2.088763E-06
5.343135E-01        -2.082014E-06
5.338336E-01        -2.075264E-06
5.333540E-01        -2.068516E-06
5.328749E-01        -2.061817E-06
5.323962E-01        -2.055117E-06
5.319179E-01        -2.048417E-06
5.314401E-01        -2.041771E-06
5.309627E-01        -2.035119E-06
5.304857E-01        -2.028471E-06
5.300092E-01        -2.021925E-06
5.295331E-01        -2.015374E-06
5.290574E-01        -2.008826E-06
5.285821E-01        -2.002326E-06
5.281073E-01        -1.995775E-06
5.276329E-01        -1.989280E-06
5.271589E-01        -1.982828E-06
5.266853E-01        -1.976380E-06
5.262122E-01        -1.969981E-06
5.257395E-01        -1.963582E-06
5.252672E-01        -1.957182E-06
5.247954E-01        -1.950836E-06
5.243239E-01        -1.944535E-06
5.238529E-01        -1.938236E-06
5.233823E-01        -1.931937E-06
5.229122E-01        -1.925638E-06
5.224424E-01        -1.919390E-06
5.219731E-01        -1.913139E-06
5.215042E-01        -1.906891E-06
5.210358E-01        -1.900693E-06
5.205677E-01        -1.894544E-06
5.201001E-01        -1.888394E-06
5.196329E-01        -1.882246E-06
5.191661E-01        -1.876147E-06
5.186997E-01        -1.870047E-06
5.182337E-01        -1.863999E-06
5.177682E-01        -1.857948E-06
5.173031E-01        -1.851901E-06
5.168384E-01        -1.845901E-06
5.163741E-01        -1.839902E-06
5.159102E-01        -1.833954E-06
5.154468E-01        -1.828003E-06
5.149837E-01        -1.822055E-06
5.145211E-01        -1.816155E-06
5.140589E-01        -1.810256E-06
5.135971E-01        -1.804356E-06
5.131358E-01        -1.798510E-06
5.126748E-01        -1.792658E-06
5.122143E-01        -1.786811E-06
5.117541E-01        -1.781062E-06
5.112944E-01        -1.775311E-06
5.108351E-01        -1.769512E-06
5.103762E-01        -1.763764E-06
5.099177E-01        -1.758064E-06
5.094597E-01        -1.752366E-06
5.090020E-01        -1.746666E-06
5.085448E-01        -1.740967E-06
5.080879E-01        -1.735318E-06
5.076315E-01        -1.729719E-06
5.071755E-01        -1.724119E-06
5.067199E-01        -1.718520E-06
5.062647E-01        -1.712921E-06
5.058099E-01        -1.707372E-06
5.053555E-01        -1.701821E-06
5.049016E-01        -1.696274E-06
5.044480E-01        -1.690774E-06
5.039948E-01        -1.685325E-06
5.035421E-01        -1.679875E-06
5.030898E-01        -1.674376E-06
5.026378E-01        -1.668927E-06
5.021863E-01        -1.663528E-06
5.017352E-01        -1.658129E-06
5.012845E-01        -1.652781E-06
5.008341E-01        -1.647429E-06
5.003842E-01        -1.642081E-06
4.999347E-01        -1.636782E-06
4.994856E-01        -1.631482E-06
4.990369E-01        -1.626183E-06
4.985886E-01        -1.620883E-06
4.981408E-01        -1.615636E-06
4.976933E-01        -1.610385E-06
4.972462E-01        -1.605137E-06
4.967995E-01        -1.599937E-06
4.963532E-01        -1.594737E-06
4.959073E-01        -1.589589E-06
4.954619E-01        -1.584439E-06
4.950168E-01        -1.579291E-06
4.945721E-01        -1.574191E-06
4.941278E-01        -1.569091E-06
4.936839E-01        -1.563992E-06
4.932404E-01        -1.558943E-06
4.927974E-01        -1.553893E-06
4.923547E-01        -1.548845E-06
4.919124E-01        -1.543845E-06
4.914705E-01        -1.538846E-06
4.910290E-01        -1.533846E-06
4.905879E-01        -1.528847E-06
4.901472E-01        -1.523898E-06
4.897069E-01        -1.518999E-06
4.892670E-01        -1.514048E-06
4.888275E-01        -1.509100E-06
4.883883E-01        -1.504251E-06
4.879496E-01        -1.499400E-06
4.875113E-01        -1.494501E-06
4.870733E-01        -1.489652E-06
4.866358E-01        -1.484853E-06
4.861986E-01        -1.480053E-06
4.857619E-01        -1.475254E-06
4.853255E-01        -1.470454E-06
4.848895E-01        -1.465705E-06
4.844539E-01        -1.460955E-06
4.840188E-01        -1.456207E-06
4.835840E-01        -1.451508E-06
4.831495E-01        -1.446807E-06
4.827155E-01        -1.442108E-06
4.822819E-01        -1.437460E-06
4.818486E-01        -1.432809E-06
4.814158E-01        -1.428160E-06
4.809833E-01        -1.423561E-06
4.805513E-01        -1.418962E-06
4.801196E-01        -1.414362E-06
4.796883E-01        -1.409763E-06
4.792574E-01        -1.405214E-06
4.788268E-01        -1.400663E-06
4.783967E-01        -1.396114E-06
4.779669E-01        -1.391614E-06
4.775376E-01        -1.387116E-06
4.771086E-01        -1.382616E-06
4.766800E-01        -1.378116E-06
4.762518E-01        -1.373667E-06
4.758240E-01        -1.369217E-06
4.753965E-01        -1.364768E-06
4.749695E-01        -1.360369E-06
4.745428E-01        -1.355969E-06
4.741165E-01        -1.351569E-06
4.736906E-01        -1.347221E-06
4.732651E-01        -1.342871E-06
4.728399E-01        -1.338521E-06
4.724152E-01        -1.334222E-06
4.719908E-01        -1.329922E-06
4.715668E-01        -1.325623E-06
4.711432E-01        -1.321323E-06
4.707200E-01        -1.317024E-06
4.702971E-01        -1.312775E-06
4.698746E-01        -1.308524E-06
4.694525E-01        -1.304275E-06
4.690308E-01        -1.300076E-06
4.686095E-01        -1.295877E-06
4.681885E-01        -1.291677E-06
4.677679E-01        -1.287477E-06
4.673477E-01        -1.283328E-06
4.669279E-01        -1.279178E-06
4.665085E-01        -1.275030E-06
4.660894E-01        -1.270930E-06
4.656707E-01        -1.266830E-06
4.652524E-01        -1.262731E-06
4.648344E-01        -1.258681E-06
4.644169E-01        -1.254632E-06
4.639997E-01        -1.250532E-06
4.635828E-01        -1.246482E-06
4.631664E-01        -1.242483E-06
4.627503E-01        -1.238483E-06
4.623346E-01        -1.234483E-06
4.619193E-01        -1.230484E-06
4.615044E-01        -1.226485E-06
4.610898E-01        -1.222535E-06
4.606756E-01        -1.218585E-06
4.602618E-01        -1.214636E-06
4.598483E-01        -1.210736E-06
4.594352E-01        -1.206837E-06
4.590225E-01        -1.202937E-06
4.586101E-01        -1.199037E-06
4.581982E-01        -1.195189E-06
4.577866E-01        -1.191339E-06
4.573753E-01        -1.187489E-06
4.569644E-01        -1.183639E-06
4.565540E-01        -1.179790E-06
4.561438E-01        -1.175990E-06
4.557341E-01        -1.172191E-06
4.553247E-01        -1.168441E-06
4.549156E-01        -1.164691E-06
4.545070E-01        -1.160942E-06
4.540987E-01        -1.157192E-06
4.536908E-01        -1.153443E-06
4.532832E-01        -1.149743E-06
4.528760E-01        -1.146043E-06
4.524692E-01        -1.142344E-06
4.520627E-01        -1.138644E-06
4.516566E-01        -1.134944E-06
4.512509E-01        -1.131295E-06
4.508455E-01        -1.127645E-06
4.504405E-01        -1.123995E-06
4.500359E-01        -1.120396E-06
4.496316E-01        -1.116796E-06
4.492277E-01        -1.113197E-06
4.488242E-01        -1.109597E-06
4.484210E-01        -1.106048E-06
4.480182E-01        -1.102498E-06
4.476157E-01        -1.098898E-06
4.472136E-01        -1.095349E-06
4.468119E-01        -1.091849E-06
4.464105E-01        -1.088349E-06
4.460095E-01        -1.084850E-06
4.456088E-01        -1.081350E-06
4.452085E-01        -1.077850E-06
4.448086E-01        -1.074401E-06
4.444090E-01        -1.070951E-06
4.440098E-01        -1.067502E-06
4.436109E-01        -1.064052E-06
4.432124E-01        -1.060602E-06
4.428143E-01        -1.057203E-06
4.424165E-01        -1.053803E-06
4.420190E-01        -1.050403E-06
4.416220E-01        -1.047004E-06
4.412253E-01        -1.043654E-06
4.408289E-01        -1.040304E-06
4.404329E-01        -1.036954E-06
4.400372E-01        -1.033604E-06
4.396420E-01        -1.030255E-06
4.392470E-01        -1.026955E-06
4.388524E-01        -1.023655E-06
4.384582E-01        -1.020356E-06
4.380643E-01        -1.017106E-06
4.376708E-01        -1.013857E-06
4.372776E-01        -1.010606E-06
4.368848E-01        -1.007357E-06
4.364924E-01        -1.004108E-06
4.361003E-01        -1.000883E-06
4.357085E-01        -9.976530E-07
4.353171E-01        -9.944483E-07
4.349260E-01        -9.912532E-07
4.345353E-01        -9.880685E-07
4.341450E-01        -9.848942E-07
4.337550E-01        -9.817295E-07
4.333653E-01        -9.785744E-07
4.329760E-01        -9.754296E-07
4.325871E-01        -9.722953E-07
4.321985E-01        -9.691756E-07
4.318102E-01        -9.660655E-07
4.314223E-01        -9.629608E-07
4.310348E-01        -9.598714E-07
4.306476E-01        -9.567918E-07
4.302607E-01        -9.537167E-07
4.298742E-01        -9.506570E-07
4.294881E-01        -9.476078E-07
4.291022E-01        -9.445674E-07
4.287168E-01        -9.415382E-07
4.283316E-01        -9.385129E-07
4.279469E-01        -9.355037E-07
4.275624E-01        -9.325035E-07
4.271784E-01        -9.295144E-07
4.267946E-01        -9.265342E-07
4.264112E-01        -9.235644E-07
4.260282E-01        -9.206051E-07
4.256455E-01        -9.176504E-07
4.252631E-01        -9.147053E-07
4.248811E-01        -9.117757E-07
4.244994E-01        -9.088558E-07
4.241181E-01        -9.059413E-07
4.237371E-01        -9.030365E-07
4.233564E-01        -9.001413E-07
4.229761E-01        -8.972566E-07
4.225961E-01        -8.943816E-07
4.222165E-01        -8.915220E-07
4.218372E-01        -8.886672E-07
4.214583E-01        -8.858177E-07
4.210797E-01        -8.829829E-07
4.207014E-01        -8.801578E-07
4.203235E-01        -8.773432E-07
4.199459E-01        -8.745334E-07
4.195687E-01        -8.717339E-07
4.191918E-01        -8.689442E-07
4.188152E-01        -8.661591E-07
4.184390E-01        -8.633895E-07
4.180631E-01        -8.606297E-07
4.176875E-01        -8.578745E-07
4.173123E-01        -8.551299E-07
4.169374E-01        -8.523949E-07
4.165629E-01        -8.496704E-07
4.161887E-01        -8.469556E-07
4.158148E-01        -8.442457E-07
4.154413E-01        -8.415460E-07
4.150681E-01        -8.388563E-07
4.146952E-01        -8.361712E-07
4.143227E-01        -8.335015E-07
4.139505E-01        -8.308417E-07
4.135787E-01        -8.281873E-07
4.132071E-01        -8.255370E-07
4.128359E-01        -8.228971E-07
4.124651E-01        -8.202727E-07
4.120946E-01        -8.176531E-07
4.117244E-01        -8.150431E-07
4.113545E-01        -8.124431E-07
4.109850E-01        -8.098484E-07
4.106158E-01        -8.072636E-07
4.102469E-01        -8.046836E-07
4.098784E-01        -8.021139E-07
4.095102E-01        -7.995541E-07
4.091423E-01        -7.970040E-07
4.087748E-01        -7.944645E-07
4.084076E-01        -7.919297E-07
4.080407E-01        -7.894047E-07
4.076741E-01        -7.868846E-07
4.073079E-01        -7.843748E-07
4.069420E-01        -7.818750E-07
4.065765E-01        -7.793806E-07
4.062112E-01        -7.768953E-07
4.058463E-01        -7.744205E-07
4.054818E-01        -7.719512E-07
4.051175E-01        -7.694910E-07
4.047536E-01        -7.670414E-07
4.043900E-01        -7.645965E-07
4.040267E-01        -7.621614E-07
4.036638E-01        -7.597319E-07
4.033012E-01        -7.573121E-07
4.029389E-01        -7.549023E-07
4.025769E-01        -7.524972E-07
4.022153E-01        -7.501026E-07
4.018539E-01        -7.477171E-07
4.014929E-01        -7.453373E-07
4.011323E-01        -7.429629E-07
4.007719E-01        -7.405976E-07
4.004119E-01        -7.382429E-07
4.000522E-01        -7.358931E-07
3.996928E-01        -7.335529E-07
3.993338E-01        -7.312235E-07
3.989751E-01        -7.288939E-07
3.986167E-01        -7.265739E-07
3.982586E-01        -7.242689E-07
3.979008E-01        -7.219689E-07
3.975434E-01        -7.196743E-07
3.971863E-01        -7.173846E-07
3.968295E-01        -7.151046E-07
3.964730E-01        -7.128347E-07
3.961168E-01        -7.105695E-07
3.957610E-01        -7.083148E-07
3.954055E-01        -7.060652E-07
3.950503E-01        -7.038203E-07
3.946954E-01        -7.015852E-07
3.943408E-01        -6.993601E-07
3.939866E-01        -6.971405E-07
3.936327E-01        -6.949258E-07
3.932790E-01        -6.927203E-07
3.929258E-01        -6.905211E-07
3.925728E-01        -6.883308E-07
3.922201E-01        -6.861508E-07
3.918678E-01        -6.839712E-07
3.915158E-01        -6.818013E-07
3.911641E-01        -6.796415E-07
3.908127E-01        -6.774865E-07
3.904616E-01        -6.753414E-07
3.901109E-01        -6.732020E-07
3.897604E-01        -6.710667E-07
3.894103E-01        -6.689419E-07
3.890605E-01        -6.668222E-07
3.887110E-01        -6.647073E-07
3.883618E-01        -6.626022E-07
3.880129E-01        -6.605071E-07
3.876644E-01        -6.584177E-07
3.873161E-01        -6.563324E-07
3.869682E-01        -6.542528E-07
3.866206E-01        -6.521828E-07
3.862732E-01        -6.501176E-07
3.859263E-01        -6.480581E-07
3.855796E-01        -6.460082E-07
3.852332E-01        -6.439679E-07
3.848871E-01        -6.419331E-07
3.845414E-01        -6.398984E-07
3.841959E-01        -6.378779E-07
3.838508E-01        -6.358634E-07
3.835060E-01        -6.338534E-07
3.831615E-01        -6.318537E-07
3.828173E-01        -6.298539E-07
3.824734E-01        -6.278637E-07
3.821298E-01        -6.258838E-07
3.817865E-01        -6.239038E-07
3.814436E-01        -6.219341E-07
3.811009E-01        -6.199740E-07
3.807586E-01        -6.180145E-07
3.804165E-01        -6.160592E-07
3.800748E-01        -6.141144E-07
3.797334E-01        -6.121796E-07
3.793922E-01        -6.102493E-07
3.790514E-01        -6.083244E-07
3.787109E-01        -6.064046E-07
3.783707E-01        -6.044896E-07
3.780308E-01        -6.025846E-07
3.776912E-01        -6.006848E-07
3.773519E-01        -5.987897E-07
3.770130E-01        -5.969052E-07
3.766743E-01        -5.950252E-07
3.763359E-01        -5.931501E-07
3.759978E-01        -5.912801E-07
3.756601E-01        -5.894202E-07
3.753226E-01        -5.875654E-07
3.749855E-01        -5.857155E-07
3.746486E-01        -5.838707E-07
3.743121E-01        -5.820308E-07
3.739758E-01        -5.802007E-07
3.736399E-01        -5.783759E-07
3.733042E-01        -5.765558E-07
3.729689E-01        -5.747410E-07
3.726338E-01        -5.729357E-07
3.722991E-01        -5.711361E-07
3.719646E-01        -5.693408E-07
3.716305E-01        -5.675512E-07
3.712967E-01        -5.657664E-07
3.709631E-01        -5.639863E-07
3.706299E-01        -5.622115E-07
3.702969E-01        -5.604461E-07
3.699643E-01        -5.586913E-07
3.696319E-01        -5.569364E-07
3.692999E-01        -5.551864E-07
3.689681E-01        -5.534463E-07
3.686367E-01        -5.517068E-07
3.683055E-01        -5.499763E-07
3.679747E-01        -5.482519E-07
3.676441E-01        -5.465315E-07
3.673139E-01        -5.448172E-07
3.669839E-01        -5.431067E-07
3.666542E-01        -5.414067E-07
3.663249E-01        -5.397072E-07
3.659958E-01        -5.380121E-07
3.656670E-01        -5.363269E-07
3.653385E-01        -5.346470E-07
3.650103E-01        -5.329719E-07
3.646824E-01        -5.313068E-07
3.643548E-01        -5.296422E-07
3.640275E-01        -5.279820E-07
3.637005E-01        -5.263322E-07
3.633738E-01        -5.246824E-07
3.630474E-01        -5.230375E-07
3.627213E-01        -5.214026E-07
3.623954E-01        -5.197724E-07
3.620699E-01        -5.181476E-07
3.617446E-01        -5.165275E-07
3.614197E-01        -5.149128E-07
3.610950E-01        -5.133028E-07
3.607706E-01        -5.116976E-07
3.604465E-01        -5.100977E-07
3.601227E-01        -5.085026E-07
3.597992E-01        -5.069175E-07
3.594760E-01        -5.053377E-07
3.591531E-01        -5.037580E-07
3.588305E-01        -5.021831E-07
3.585081E-01        -5.006177E-07
3.581861E-01        -4.990534E-07
3.578643E-01        -4.974929E-07
3.575428E-01        -4.959429E-07
3.572216E-01        -4.943978E-07
3.569007E-01        -4.928579E-07
3.565801E-01        -4.913181E-07
3.562598E-01        -4.897831E-07
3.559398E-01        -4.882582E-07
3.556200E-01        -4.867381E-07
3.553006E-01        -4.852233E-07
3.549814E-01        -4.837133E-07
3.546625E-01        -4.822033E-07
3.543439E-01        -4.806982E-07
3.540256E-01        -4.792032E-07
3.537076E-01        -4.777135E-07
3.533898E-01        -4.762281E-07
3.530724E-01        -4.747485E-07
3.527552E-01        -4.732685E-07
3.524383E-01        -4.717933E-07
3.521217E-01        -4.703282E-07
3.518054E-01        -4.688684E-07
3.514894E-01        -4.674087E-07
3.511736E-01        -4.659534E-07
3.508581E-01        -4.645081E-07
3.505430E-01        -4.630686E-07
3.502281E-01        -4.616287E-07
3.499135E-01        -4.601937E-07
3.495991E-01        -4.587635E-07
3.492851E-01        -4.573386E-07
3.489713E-01        -4.559186E-07
3.486578E-01        -4.545034E-07
3.483446E-01        -4.530936E-07
3.480317E-01        -4.516886E-07
3.477190E-01        -4.502885E-07
3.474067E-01        -4.488936E-07
3.470946E-01        -4.475036E-07
3.467828E-01        -4.461138E-07
3.464713E-01        -4.447287E-07
3.461600E-01        -4.433533E-07
3.458491E-01        -4.419837E-07
3.455384E-01        -4.406138E-07
3.452280E-01        -4.392487E-07
3.449179E-01        -4.378889E-07
3.446080E-01        -4.365335E-07
3.442985E-01        -4.351839E-07
3.439892E-01        -4.338340E-07
3.436802E-01        -4.324889E-07
3.433714E-01        -4.311535E-07
3.430630E-01        -4.298239E-07
3.427548E-01        -4.284939E-07
3.424469E-01        -4.271687E-07
3.421393E-01        -4.258490E-07
3.418319E-01        -4.245336E-07
3.415248E-01        -4.232236E-07
3.412180E-01        -4.219184E-07
3.409115E-01        -4.206140E-07
3.406053E-01        -4.193137E-07
3.402993E-01        -4.180237E-07
3.399936E-01        -4.167338E-07
3.396882E-01        -4.154487E-07
3.393830E-01        -4.141686E-07
3.390782E-01        -4.128891E-07
3.387736E-01        -4.116139E-07
3.384692E-01        -4.103437E-07
3.381652E-01        -4.090787E-07
3.378614E-01        -4.078188E-07
3.375579E-01        -4.065636E-07
3.372547E-01        -4.053139E-07
3.369517E-01        -4.040639E-07
3.366490E-01        -4.028186E-07
3.363466E-01        -4.015788E-07
3.360445E-01        -4.003438E-07
3.357426E-01        -3.991138E-07
3.354410E-01        -3.978887E-07
3.351396E-01        -3.966638E-07
3.348386E-01        -3.954436E-07
3.345378E-01        -3.942290E-07
3.342373E-01        -3.930138E-07
3.339370E-01        -3.918084E-07
3.336370E-01        -3.906085E-07
3.333373E-01        -3.894087E-07
3.330379E-01        -3.882136E-07
3.327387E-01        -3.870236E-07
3.324398E-01        -3.858338E-07
3.321412E-01        -3.846487E-07
3.318428E-01        -3.834687E-07
3.315447E-01        -3.822935E-07
3.312469E-01        -3.811237E-07
3.309493E-01        -3.799537E-07
3.306520E-01        -3.787885E-07
3.303550E-01        -3.776287E-07
3.300582E-01        -3.764687E-07
3.297617E-01        -3.753134E-07
3.294655E-01        -3.741683E-07
3.291695E-01        -3.730237E-07
3.288738E-01        -3.718784E-07
3.285784E-01        -3.707433E-07
3.282832E-01        -3.696133E-07
3.279883E-01        -3.684834E-07
3.276937E-01        -3.673537E-07
3.273993E-01        -3.662284E-07
3.271052E-01        -3.651085E-07
3.268114E-01        -3.639934E-07
3.265178E-01        -3.628835E-07
3.262245E-01        -3.617736E-07
3.259314E-01        -3.606682E-07
3.256386E-01        -3.595683E-07
3.253461E-01        -3.584732E-07
3.250538E-01        -3.573785E-07
3.247618E-01        -3.562832E-07
3.244701E-01        -3.551981E-07
3.241786E-01        -3.541182E-07
3.238874E-01        -3.530383E-07
3.235965E-01        -3.519633E-07
3.233058E-01        -3.508933E-07
3.230153E-01        -3.498232E-07
3.227252E-01        -3.487582E-07
3.224353E-01        -3.476937E-07
3.221456E-01        -3.466329E-07
3.218562E-01        -3.455830E-07
3.215671E-01        -3.445285E-07
3.212782E-01        -3.434778E-07
3.209896E-01        -3.424379E-07
3.207013E-01        -3.413982E-07
3.204132E-01        -3.403583E-07
3.201253E-01        -3.393228E-07
3.198378E-01        -3.382932E-07
3.195504E-01        -3.372630E-07
3.192634E-01        -3.362379E-07
3.189766E-01        -3.352180E-07
3.186901E-01        -3.342029E-07
3.184038E-01        -3.331883E-07
3.181177E-01        -3.321728E-07
3.178320E-01        -3.311677E-07
3.175465E-01        -3.301633E-07
3.172612E-01        -3.291625E-07
3.169762E-01        -3.281679E-07
3.166915E-01        -3.271728E-07
3.164070E-01        -3.261829E-07
3.161227E-01        -3.251927E-07
3.158388E-01        -3.242077E-07
3.155550E-01        -3.232276E-07
3.152716E-01        -3.222479E-07
3.149883E-01        -3.212723E-07
3.147054E-01        -3.203026E-07
3.144227E-01        -3.193327E-07
3.141402E-01        -3.183673E-07
3.138580E-01        -3.174073E-07
3.135761E-01        -3.164476E-07
3.132944E-01        -3.154876E-07
3.130130E-01        -3.145325E-07
3.127318E-01        -3.135825E-07
3.124508E-01        -3.126370E-07
3.121702E-01        -3.116974E-07
3.118897E-01        -3.107572E-07
3.116096E-01        -3.098176E-07
3.113296E-01        -3.088820E-07
3.110500E-01        -3.079523E-07
3.107705E-01        -3.070222E-07
3.104914E-01        -3.060971E-07
3.102125E-01        -3.051772E-07
3.099338E-01        -3.042572E-07
3.096554E-01        -3.033420E-07
3.093772E-01        -3.024274E-07
3.090993E-01        -3.015167E-07
3.088216E-01        -3.006121E-07
3.085442E-01        -2.997068E-07
3.082670E-01        -2.988068E-07
3.079901E-01        -2.979070E-07
3.077134E-01        -2.970116E-07
3.074370E-01        -2.961218E-07
3.071608E-01        -2.952318E-07
3.068849E-01        -2.943419E-07
3.066092E-01        -2.934566E-07
3.063338E-01        -2.925767E-07
3.060586E-01        -2.916968E-07
3.057837E-01        -2.908216E-07
3.055090E-01        -2.899516E-07
3.052345E-01        -2.890815E-07
3.049603E-01        -2.882162E-07
3.046864E-01        -2.873519E-07
3.044127E-01        -2.864865E-07
3.041392E-01        -2.856311E-07
3.038660E-01        -2.847766E-07
3.035930E-01        -2.839212E-07
3.033203E-01        -2.830713E-07
3.030478E-01        -2.822259E-07
3.027756E-01        -2.813815E-07
3.025036E-01        -2.805362E-07
3.022319E-01        -2.797009E-07
3.019604E-01        -2.788665E-07
3.016891E-01        -2.780310E-07
3.014181E-01        -2.772011E-07
3.011473E-01        -2.763711E-07
3.008768E-01        -2.755458E-07
3.006065E-01        -2.747258E-07
3.003365E-01        -2.739060E-07
3.000667E-01        -2.730907E-07
2.997971E-01        -2.722760E-07
2.995278E-01        -2.714607E-07
2.992588E-01        -2.706510E-07
2.989899E-01        -2.698454E-07
2.987213E-01        -2.690409E-07
2.984530E-01        -2.682357E-07
2.981849E-01        -2.674404E-07
2.979170E-01        -2.666458E-07
2.976494E-01        -2.658505E-07
2.973820E-01        -2.650605E-07
2.971149E-01        -2.642707E-07
2.968480E-01        -2.634853E-07
2.965813E-01        -2.627053E-07
2.963149E-01        -2.619255E-07
2.960487E-01        -2.611455E-07
2.957828E-01        -2.603703E-07
2.955171E-01        -2.595958E-07
2.952516E-01        -2.588203E-07
2.949864E-01        -2.580550E-07
2.947214E-01        -2.572905E-07
2.944566E-01        -2.565250E-07
2.941921E-01        -2.557651E-07
2.939278E-01        -2.550052E-07
2.936638E-01        -2.542499E-07
2.934000E-01        -2.535000E-07
2.931364E-01        -2.527499E-07
2.928731E-01        -2.520001E-07
2.926100E-01        -2.512547E-07
2.923471E-01        -2.505101E-07
2.920845E-01        -2.497648E-07
2.918221E-01        -2.490248E-07
2.915600E-01        -2.482895E-07
2.912981E-01        -2.475596E-07
2.910364E-01        -2.468297E-07
2.907749E-01        -2.460996E-07
2.905137E-01        -2.453697E-07
2.902528E-01        -2.446445E-07
2.899920E-01        -2.439244E-07
2.897315E-01        -2.432044E-07
2.894713E-01        -2.424847E-07
2.892112E-01        -2.417691E-07
2.889514E-01        -2.410592E-07
2.886918E-01        -2.403492E-07
2.884325E-01        -2.396394E-07
2.881734E-01        -2.389294E-07
2.879145E-01        -2.382240E-07
2.876559E-01        -2.375241E-07
2.873975E-01        -2.368242E-07
2.871393E-01        -2.361287E-07
2.868814E-01        -2.354344E-07
2.866237E-01        -2.347390E-07
2.863662E-01        -2.340490E-07
2.861089E-01        -2.333634E-07
2.858519E-01        -2.326790E-07
2.855951E-01        -2.319936E-07
2.853386E-01        -2.313138E-07
2.850823E-01        -2.306339E-07
2.848262E-01        -2.299585E-07
2.845703E-01        -2.292840E-07
2.843147E-01        -2.286086E-07
2.840593E-01        -2.279387E-07
2.838041E-01        -2.272687E-07
2.835491E-01        -2.266031E-07
2.832944E-01        -2.259432E-07
2.830399E-01        -2.252788E-07
2.827857E-01        -2.246135E-07
2.825316E-01        -2.239579E-07
2.822778E-01        -2.233034E-07
2.820243E-01        -2.226482E-07
2.817709E-01        -2.219981E-07
2.815178E-01        -2.213482E-07
2.812649E-01        -2.207028E-07
2.810122E-01        -2.200583E-07
2.807598E-01        -2.194129E-07
2.805076E-01        -2.187730E-07
2.802556E-01        -2.181330E-07
2.800039E-01        -2.174977E-07
2.797523E-01        -2.168631E-07
2.795010E-01        -2.162277E-07
2.792499E-01        -2.155977E-07
2.789991E-01        -2.149724E-07
2.787485E-01        -2.143480E-07
2.784980E-01        -2.137223E-07
2.782479E-01        -2.131026E-07
2.779979E-01        -2.124781E-07
2.777482E-01        -2.118572E-07
2.774987E-01        -2.112428E-07
2.772494E-01        -2.106272E-07
2.770003E-01        -2.100172E-07
2.767515E-01        -2.094073E-07
2.765029E-01        -2.087974E-07
2.762545E-01        -2.081875E-07
2.760063E-01        -2.075819E-07
2.757584E-01        -2.069821E-07
2.755107E-01        -2.063822E-07
2.752632E-01        -2.057822E-07
2.750159E-01        -2.051822E-07
2.747689E-01        -2.045869E-07
2.745220E-01        -2.039967E-07
2.742754E-01        -2.034068E-07
2.740290E-01        -2.028168E-07
2.737829E-01        -2.022271E-07
2.735369E-01        -2.016370E-07
2.732912E-01        -2.010515E-07
2.730457E-01        -2.004716E-07
2.728004E-01        -1.998916E-07
2.725554E-01        -1.993118E-07
2.723105E-01        -1.987362E-07
2.720659E-01        -1.981663E-07
2.718215E-01        -1.975919E-07
2.715773E-01        -1.970164E-07
2.713334E-01        -1.964510E-07
2.710896E-01        -1.958865E-07
2.708461E-01        -1.953166E-07
2.706028E-01        -1.947511E-07
2.703597E-01        -1.941912E-07
2.701168E-01        -1.936311E-07
2.698742E-01        -1.930713E-07
2.696318E-01        -1.925159E-07
2.693895E-01        -1.919613E-07
2.691475E-01        -1.914058E-07
2.689058E-01        -1.908560E-07
2.686642E-01        -1.903060E-07
2.684229E-01        -1.897606E-07
2.681817E-01        -1.892160E-07
2.679408E-01        -1.886706E-07
2.677001E-01        -1.881306E-07
2.674596E-01        -1.875862E-07
2.672194E-01        -1.870452E-07
2.669793E-01        -1.865107E-07
2.667395E-01        -1.859753E-07
2.664999E-01        -1.854410E-07
2.662605E-01        -1.849054E-07
2.660213E-01        -1.843755E-07
2.657823E-01        -1.838455E-07
2.655436E-01        -1.833201E-07
2.653050E-01        -1.827956E-07
2.650667E-01        -1.822701E-07
2.648286E-01        -1.817502E-07
2.645907E-01        -1.812302E-07
2.643530E-01        -1.807102E-07
2.641155E-01        -1.801902E-07
2.638783E-01        -1.796748E-07
2.636412E-01        -1.791648E-07
2.634044E-01        -1.786505E-07
2.631678E-01        -1.781350E-07
2.629314E-01        -1.776295E-07
2.626952E-01        -1.771251E-07
2.624592E-01        -1.766151E-07
2.622234E-01        -1.761095E-07
2.619878E-01        -1.756095E-07
2.617525E-01        -1.751096E-07
2.615174E-01        -1.746098E-07
2.612824E-01        -1.741096E-07
2.610477E-01        -1.736141E-07
2.608132E-01        -1.731198E-07
2.605789E-01        -1.726242E-07
2.603448E-01        -1.721342E-07
2.601110E-01        -1.716444E-07
2.598773E-01        -1.711544E-07
2.596439E-01        -1.706690E-07
2.594106E-01        -1.701845E-07
2.591776E-01        -1.696990E-07
2.589448E-01        -1.692191E-07
2.587121E-01        -1.687390E-07
2.584797E-01        -1.682590E-07
2.582475E-01        -1.677791E-07
2.580156E-01        -1.673037E-07
2.577838E-01        -1.668293E-07
2.575522E-01        -1.663537E-07
2.573208E-01        -1.658837E-07
2.570897E-01        -1.654138E-07
2.568587E-01        -1.649438E-07
2.566280E-01        -1.644739E-07
2.563975E-01        -1.640084E-07
2.561671E-01        -1.635439E-07
2.559370E-01        -1.630784E-07
2.557071E-01        -1.626184E-07
2.554774E-01        -1.621585E-07
2.552479E-01        -1.616985E-07
2.550186E-01        -1.612430E-07
2.547895E-01        -1.607886E-07
2.545606E-01        -1.603330E-07
2.543320E-01        -1.598832E-07
2.541035E-01        -1.594288E-07
2.538752E-01        -1.589731E-07
2.536472E-01        -1.585277E-07
2.534193E-01        -1.580833E-07
2.531917E-01        -1.576378E-07
2.529642E-01        -1.571933E-07
2.527370E-01        -1.567478E-07
2.525099E-01        -1.563078E-07
2.522831E-01        -1.558679E-07
2.520565E-01        -1.554280E-07
2.518300E-01        -1.549879E-07
2.516038E-01        -1.545523E-07
2.513778E-01        -1.541180E-07
2.511520E-01        -1.536825E-07
2.509264E-01        -1.532525E-07
2.507010E-01        -1.528226E-07
2.504758E-01        -1.523927E-07
2.502507E-01        -1.519625E-07
2.500259E-01        -1.515369E-07
2.498013E-01        -1.511126E-07
2.495769E-01        -1.506870E-07
2.493527E-01        -1.502671E-07
2.491287E-01        -1.498428E-07
2.489049E-01        -1.494215E-07
2.486814E-01        -1.490074E-07
2.484580E-01        -1.485874E-07
2.482348E-01        -1.481718E-07
2.480118E-01        -1.477575E-07
2.477890E-01        -1.473418E-07
2.475664E-01        -1.469319E-07
2.473440E-01        -1.465219E-07
2.471218E-01        -1.461119E-07
2.468998E-01        -1.457019E-07
2.466780E-01        -1.452920E-07
2.464564E-01        -1.448864E-07
2.462350E-01        -1.444820E-07
2.460138E-01        -1.440764E-07
2.457928E-01        -1.436765E-07
2.455720E-01        -1.432765E-07
2.453514E-01        -1.428765E-07
2.451310E-01        -1.424766E-07
2.449108E-01        -1.420766E-07
2.446908E-01        -1.416810E-07
2.444710E-01        -1.412867E-07
2.442514E-01        -1.408911E-07
2.440320E-01        -1.405012E-07
2.438128E-01        -1.401113E-07
2.435937E-01        -1.397212E-07
2.433749E-01        -1.393312E-07
2.431563E-01        -1.389413E-07
2.429379E-01        -1.385558E-07
2.427196E-01        -1.381714E-07
2.425016E-01        -1.377858E-07
2.422837E-01        -1.374057E-07
2.420661E-01        -1.370258E-07
2.418486E-01        -1.366458E-07
2.416314E-01        -1.362659E-07
2.414143E-01        -1.358859E-07
2.411975E-01        -1.355104E-07
2.409808E-01        -1.351360E-07
2.407643E-01        -1.347604E-07
2.405480E-01        -1.343861E-07
2.403319E-01        -1.340104E-07
2.401160E-01        -1.336404E-07
2.399003E-01        -1.332704E-07
2.396848E-01        -1.329048E-07
2.394695E-01        -1.325406E-07
2.392544E-01        -1.321706E-07
2.390395E-01        -1.318050E-07
2.388247E-01        -1.314406E-07
2.386102E-01        -1.310750E-07
2.383959E-01        -1.307152E-07
2.381817E-01        -1.303551E-07
2.379677E-01        -1.299951E-07
2.377540E-01        -1.296352E-07
2.375404E-01        -1.292795E-07
2.373270E-01        -1.289253E-07
2.371138E-01        -1.285653E-07
2.369008E-01        -1.282096E-07
2.366880E-01        -1.278597E-07
2.364754E-01        -1.275097E-07
2.362629E-01        -1.271597E-07
2.360507E-01        -1.268098E-07
2.358387E-01        -1.264599E-07
2.356268E-01        -1.261098E-07
2.354151E-01        -1.257598E-07
2.352037E-01        -1.254143E-07
2.349924E-01        -1.250743E-07
2.347813E-01        -1.247300E-07
2.345704E-01        -1.243844E-07
2.343596E-01        -1.240443E-07
2.341491E-01        -1.237043E-07
2.339388E-01        -1.233644E-07
2.337286E-01        -1.230244E-07
2.335187E-01        -1.226888E-07
2.333089E-01        -1.223545E-07
2.330993E-01        -1.220145E-07
2.328899E-01        -1.216788E-07
2.326807E-01        -1.213489E-07
2.324717E-01        -1.210190E-07
2.322628E-01        -1.206889E-07
2.320542E-01        -1.203590E-07
2.318457E-01        -1.200289E-07
2.316375E-01        -1.196991E-07
2.314294E-01        -1.193691E-07
2.312215E-01        -1.190434E-07
2.310138E-01        -1.187192E-07
2.308063E-01        -1.183935E-07
2.305989E-01        -1.180734E-07
2.303918E-01        -1.177493E-07
2.301848E-01        -1.174235E-07
2.299780E-01        -1.171035E-07
2.297714E-01        -1.167878E-07
2.295650E-01        -1.164736E-07
2.293588E-01        -1.161537E-07
2.291528E-01        -1.158338E-07
2.289469E-01        -1.155180E-07
2.287412E-01        -1.152080E-07
2.285358E-01        -1.148938E-07
2.283305E-01        -1.145781E-07
2.281254E-01        -1.142682E-07
2.279204E-01        -1.139581E-07
2.277157E-01        -1.136482E-07
2.275111E-01        -1.133382E-07
2.273067E-01        -1.130282E-07
2.271026E-01        -1.127226E-07
2.268985E-01        -1.124182E-07
2.266947E-01        -1.121126E-07
2.264911E-01        -1.118084E-07
2.262876E-01        -1.115026E-07
2.260843E-01        -1.112026E-07
2.258812E-01        -1.109026E-07
2.256783E-01        -1.106027E-07
2.254756E-01        -1.103028E-07
2.252730E-01        -1.100027E-07
2.250707E-01        -1.097028E-07
2.248685E-01        -1.094071E-07
2.246665E-01        -1.091129E-07
2.244647E-01        -1.088172E-07
2.242630E-01        -1.085229E-07
2.240616E-01        -1.082272E-07
2.238603E-01        -1.079372E-07
2.236592E-01        -1.076473E-07
2.234583E-01        -1.073573E-07
2.232575E-01        -1.070673E-07
2.230570E-01        -1.067774E-07
2.228566E-01        -1.064874E-07
2.226564E-01        -1.061974E-07
2.224564E-01        -1.059117E-07
2.222566E-01        -1.056275E-07
2.220569E-01        -1.053417E-07
2.218574E-01        -1.050617E-07
2.216581E-01        -1.047775E-07
2.214590E-01        -1.044918E-07
2.212601E-01        -1.042119E-07
2.210613E-01        -1.039318E-07
2.208627E-01        -1.036518E-07
2.206643E-01        -1.033719E-07
2.204661E-01        -1.030962E-07
2.202680E-01        -1.028219E-07
2.200702E-01        -1.025420E-07
2.198725E-01        -1.022663E-07
2.196750E-01        -1.019921E-07
2.194776E-01        -1.017162E-07
2.192805E-01        -1.014464E-07
2.190835E-01        -1.011722E-07
2.188867E-01        -1.008964E-07
2.186901E-01        -1.006265E-07
2.184936E-01        -1.003606E-07
2.182973E-01        -1.000947E-07
2.181012E-01        -9.982371E-08
2.179053E-01        -9.955677E-08
2.177096E-01        -9.928986E-08
2.175140E-01        -9.902369E-08
2.173186E-01        -9.875913E-08
2.171234E-01        -9.849519E-08
2.169283E-01        -9.823156E-08
2.167335E-01        -9.796910E-08
2.165388E-01        -9.770712E-08
2.163442E-01        -9.744546E-08
2.161499E-01        -9.718496E-08
2.159557E-01        -9.692537E-08
2.157617E-01        -9.666681E-08
2.155679E-01        -9.640887E-08
2.153743E-01        -9.615179E-08
2.151808E-01        -9.589578E-08
2.149875E-01        -9.563981E-08
2.147944E-01        -9.538471E-08
2.146014E-01        -9.513067E-08
2.144086E-01        -9.487709E-08
2.142160E-01        -9.462412E-08
2.140236E-01        -9.437203E-08
2.138313E-01        -9.412100E-08
2.136392E-01        -9.387043E-08
2.134473E-01        -9.362090E-08
2.132556E-01        -9.337198E-08
2.130640E-01        -9.312338E-08
2.128726E-01        -9.287582E-08
2.126814E-01        -9.262888E-08
2.124903E-01        -9.238268E-08
2.122994E-01        -9.213769E-08
2.121087E-01        -9.189314E-08
2.119182E-01        -9.164922E-08
2.117278E-01        -9.140562E-08
2.115376E-01        -9.116306E-08
2.113476E-01        -9.092154E-08
2.111577E-01        -9.068051E-08
2.109680E-01        -9.043993E-08
2.107785E-01        -9.020039E-08
2.105892E-01        -8.996147E-08
2.104000E-01        -8.972288E-08
2.102110E-01        -8.948533E-08
2.100222E-01        -8.924882E-08
2.098335E-01        -8.901280E-08
2.096450E-01        -8.877723E-08
2.094567E-01        -8.854229E-08
2.092685E-01        -8.830809E-08
2.090805E-01        -8.807510E-08
2.088927E-01        -8.784215E-08
2.087051E-01        -8.760966E-08
2.085176E-01        -8.737807E-08
2.083303E-01        -8.714753E-08
2.081431E-01        -8.691790E-08
2.079561E-01        -8.668848E-08
2.077693E-01        -8.645935E-08
2.075827E-01        -8.623184E-08
2.073962E-01        -8.600483E-08
2.072099E-01        -8.577786E-08
2.070238E-01        -8.555176E-08
2.068378E-01        -8.532675E-08
2.066520E-01        -8.510178E-08
2.064663E-01        -8.487714E-08
2.062809E-01        -8.465367E-08
2.060956E-01        -8.443111E-08
2.059104E-01        -8.420906E-08
2.057255E-01        -8.398758E-08
2.055406E-01        -8.376691E-08
2.053560E-01        -8.354698E-08
2.051715E-01        -8.332738E-08
2.049872E-01        -8.310841E-08
2.048031E-01        -8.288990E-08
2.046191E-01        -8.267231E-08
2.044353E-01        -8.245535E-08
2.042516E-01        -8.223872E-08
2.040682E-01        -8.202325E-08
2.038848E-01        -8.180818E-08
2.037017E-01        -8.159367E-08
2.035187E-01        -8.137968E-08
2.033359E-01        -8.116614E-08
2.031532E-01        -8.095353E-08
2.029707E-01        -8.074155E-08
2.027884E-01        -8.053002E-08
2.026062E-01        -8.031900E-08
2.024242E-01        -8.010885E-08
2.022424E-01        -7.989951E-08
2.020607E-01        -7.969033E-08
2.018792E-01        -7.948236E-08
2.016978E-01        -7.927433E-08
2.015166E-01        -7.906675E-08
2.013356E-01        -7.886021E-08
2.011548E-01        -7.865430E-08
2.009741E-01        -7.844873E-08
2.007935E-01        -7.824410E-08
2.006131E-01        -7.804009E-08
2.004329E-01        -7.783613E-08
2.002529E-01        -7.763303E-08
2.000730E-01        -7.743063E-08
1.998933E-01        -7.722850E-08
1.997137E-01        -7.702748E-08
1.995343E-01        -7.682651E-08
1.993550E-01        -7.662588E-08
1.991760E-01        -7.642640E-08
1.989970E-01        -7.622734E-08
1.988183E-01        -7.602884E-08
1.986397E-01        -7.583127E-08
1.984612E-01        -7.563422E-08
1.982829E-01        -7.543722E-08
1.981048E-01        -7.524067E-08
1.979269E-01        -7.504517E-08
1.977491E-01        -7.485019E-08
1.975714E-01        -7.465555E-08
1.973939E-01        -7.446155E-08
1.972166E-01        -7.426801E-08
1.970395E-01        -7.407509E-08
1.968624E-01        -7.388242E-08
1.966856E-01        -7.369089E-08
1.965089E-01        -7.349990E-08
1.963324E-01        -7.330935E-08
1.961560E-01        -7.311934E-08
1.959798E-01        -7.292937E-08
1.958038E-01        -7.273985E-08
1.956279E-01        -7.255127E-08
1.954521E-01        -7.236363E-08
1.952766E-01        -7.217632E-08
1.951011E-01        -7.198907E-08
1.949259E-01        -7.180316E-08
1.947508E-01        -7.161718E-08
1.945758E-01        -7.143155E-08
1.944010E-01        -7.124656E-08
1.942264E-01        -7.106202E-08
1.940519E-01        -7.087843E-08
1.938776E-01        -7.069546E-08
1.937034E-01        -7.051285E-08
1.935294E-01        -7.033088E-08
1.933556E-01        -7.014895E-08
1.931819E-01        -6.996737E-08
1.930083E-01        -6.978673E-08
1.928350E-01        -6.960683E-08
1.926617E-01        -6.942677E-08
1.924887E-01        -6.924768E-08
1.923157E-01        -6.906920E-08
1.921430E-01        -6.889069E-08
1.919704E-01        -6.871312E-08
1.917979E-01        -6.853609E-08
1.916256E-01        -6.835950E-08
1.914535E-01        -6.818356E-08
1.912815E-01        -6.800757E-08
1.911097E-01        -6.783202E-08
1.909380E-01        -6.765742E-08
1.907665E-01        -6.748346E-08
1.905951E-01        -6.730985E-08
1.904239E-01        -6.713688E-08
1.902528E-01        -6.696386E-08
1.900819E-01        -6.679129E-08
1.899112E-01        -6.661977E-08
1.897406E-01        -6.644879E-08
1.895701E-01        -6.627775E-08
1.893998E-01        -6.610716E-08
1.892297E-01        -6.593722E-08
1.890597E-01        -6.576763E-08
1.888899E-01        -6.559909E-08
1.887202E-01        -6.543109E-08
1.885507E-01        -6.526314E-08
1.883813E-01        -6.509553E-08
1.882121E-01        -6.492858E-08
1.880430E-01        -6.476197E-08
1.878741E-01        -6.459601E-08
1.877053E-01        -6.443000E-08
1.875367E-01        -6.426444E-08
1.873682E-01        -6.409982E-08
1.871999E-01        -6.393586E-08
1.870317E-01        -6.377224E-08
1.868637E-01        -6.360887E-08
1.866958E-01        -6.344565E-08
1.865281E-01        -6.328328E-08
1.863606E-01        -6.312116E-08
1.861932E-01        -6.295978E-08
1.860259E-01        -6.279857E-08
1.858588E-01        -6.263819E-08
1.856918E-01        -6.247757E-08
1.855250E-01        -6.231800E-08
1.853584E-01        -6.215907E-08
1.851918E-01        -6.200000E-08
1.850255E-01        -6.184148E-08
1.848593E-01        -6.168350E-08
1.846932E-01        -6.152589E-08
1.845273E-01        -6.136891E-08
1.843615E-01        -6.121230E-08
1.841959E-01        -6.105633E-08
1.840305E-01        -6.090040E-08
1.838651E-01        -6.074474E-08
1.837000E-01        -6.058982E-08
1.835350E-01        -6.043526E-08
1.833701E-01        -6.028125E-08
1.832054E-01        -6.012729E-08
1.830408E-01        -5.997368E-08
1.828763E-01        -5.982103E-08
1.827121E-01        -5.966912E-08
1.825479E-01        -5.951707E-08
1.823839E-01        -5.936548E-08
1.822201E-01        -5.921453E-08
1.820564E-01        -5.906353E-08
1.818929E-01        -5.891299E-08
1.817295E-01        -5.876300E-08
1.815662E-01        -5.861337E-08
1.814031E-01        -5.846439E-08
1.812402E-01        -5.831586E-08
1.810774E-01        -5.816788E-08
1.809147E-01        -5.801987E-08
1.807522E-01        -5.787230E-08
1.805898E-01        -5.772529E-08
1.804276E-01        -5.757873E-08
1.802655E-01        -5.743232E-08
1.801036E-01        -5.728617E-08
1.799418E-01        -5.714117E-08
1.797801E-01        -5.699614E-08
1.796186E-01        -5.685115E-08
1.794573E-01        -5.670661E-08
1.792961E-01        -5.656304E-08
1.791350E-01        -5.641962E-08
1.789741E-01        -5.627605E-08
1.788133E-01        -5.613344E-08
1.786527E-01        -5.599148E-08
1.784922E-01        -5.584948E-08
1.783318E-01        -5.570785E-08
1.781716E-01        -5.556686E-08
1.780116E-01        -5.542592E-08
1.778517E-01        -5.528534E-08
1.776919E-01        -5.514533E-08
1.775323E-01        -5.500576E-08
1.773728E-01        -5.486676E-08
1.772135E-01        -5.472780E-08
1.770543E-01        -5.458921E-08
1.768952E-01        -5.445118E-08
1.767363E-01        -5.431320E-08
1.765776E-01        -5.417567E-08
1.764189E-01        -5.403861E-08
1.762605E-01        -5.390209E-08
1.761021E-01        -5.376605E-08
1.759439E-01        -5.363006E-08
1.757859E-01        -5.349452E-08
1.756280E-01        -5.335954E-08
1.754702E-01        -5.322453E-08
1.753126E-01        -5.308996E-08
1.751551E-01        -5.295596E-08
1.749977E-01        -5.282232E-08
1.748405E-01        -5.268894E-08
1.746835E-01        -5.255580E-08
1.745265E-01        -5.242335E-08
1.743698E-01        -5.229083E-08
1.742131E-01        -5.215879E-08
1.740566E-01        -5.202720E-08
1.739003E-01        -5.189626E-08
1.737440E-01        -5.176520E-08
1.735880E-01        -5.163468E-08
1.734320E-01        -5.150464E-08
1.732762E-01        -5.137504E-08
1.731206E-01        -5.124571E-08
1.729651E-01        -5.111613E-08
1.728097E-01        -5.098752E-08
1.726544E-01        -5.085948E-08
1.724993E-01        -5.073149E-08
1.723444E-01        -5.060355E-08
1.721896E-01        -5.047597E-08
1.720349E-01        -5.034897E-08
1.718803E-01        -5.022233E-08
1.717259E-01        -5.009595E-08
1.715717E-01        -4.996980E-08
1.714176E-01        -4.984444E-08
1.712636E-01        -4.971884E-08
1.711097E-01        -4.959381E-08
1.709560E-01        -4.946922E-08
1.708024E-01        -4.934482E-08
1.706490E-01        -4.922065E-08
1.704957E-01        -4.909726E-08
1.703425E-01        -4.897364E-08
1.701895E-01        -4.885067E-08
1.700366E-01        -4.872767E-08
1.698839E-01        -4.860511E-08
1.697313E-01        -4.848352E-08
1.695788E-01        -4.836212E-08
1.694265E-01        -4.824055E-08
1.692743E-01        -4.811956E-08
1.691222E-01        -4.799854E-08
1.689703E-01        -4.787797E-08
1.688185E-01        -4.775797E-08
1.686669E-01        -4.763802E-08
1.685153E-01        -4.751836E-08
1.683640E-01        -4.739944E-08
1.682127E-01        -4.728040E-08
1.680616E-01        -4.716181E-08
1.679106E-01        -4.704380E-08
1.677598E-01        -4.692584E-08
1.676091E-01        -4.680825E-08
1.674585E-01        -4.669123E-08
1.673081E-01        -4.657427E-08
1.671578E-01        -4.645728E-08
1.670076E-01        -4.634065E-08
1.668576E-01        -4.622468E-08
1.667077E-01        -4.610908E-08
1.665580E-01        -4.599413E-08
1.664083E-01        -4.587908E-08
1.662589E-01        -4.576416E-08
1.661095E-01        -4.564953E-08
1.659603E-01        -4.553516E-08
1.658112E-01        -4.542094E-08
1.656622E-01        -4.530752E-08
1.655134E-01        -4.519394E-08
1.653647E-01        -4.508094E-08
1.652162E-01        -4.496838E-08
1.650678E-01        -4.485601E-08
1.649195E-01        -4.474379E-08
1.647714E-01        -4.463245E-08
1.646233E-01        -4.452040E-08
1.644754E-01        -4.440878E-08
1.643277E-01        -4.429822E-08
1.641801E-01        -4.418786E-08
1.640326E-01        -4.407725E-08
1.638852E-01        -4.396722E-08
1.637380E-01        -4.385725E-08
1.635909E-01        -4.374764E-08
1.634440E-01        -4.363869E-08
1.632972E-01        -4.352972E-08
1.631505E-01        -4.342073E-08
1.630039E-01        -4.331210E-08
1.628575E-01        -4.320413E-08
1.627112E-01        -4.309653E-08
1.625650E-01        -4.298912E-08
1.624190E-01        -4.288155E-08
1.622731E-01        -4.277456E-08
1.621273E-01        -4.266794E-08
1.619817E-01        -4.256198E-08
1.618361E-01        -4.245593E-08
1.616908E-01        -4.234999E-08
1.615455E-01        -4.224436E-08
1.614004E-01        -4.213899E-08
1.612554E-01        -4.203338E-08
1.611105E-01        -4.192875E-08
1.609658E-01        -4.182478E-08
1.608212E-01        -4.172040E-08
1.606768E-01        -4.161623E-08
1.605324E-01        -4.151281E-08
1.603882E-01        -4.140922E-08
1.602441E-01        -4.130621E-08
1.601002E-01        -4.120326E-08
1.599564E-01        -4.110067E-08
1.598127E-01        -4.099867E-08
1.596691E-01        -4.089666E-08
1.595257E-01        -4.079469E-08
1.593824E-01        -4.069309E-08
1.592392E-01        -4.059208E-08
1.590961E-01        -4.049106E-08
1.589532E-01        -4.039008E-08
1.588104E-01        -4.028947E-08
1.586678E-01        -4.018952E-08
1.585252E-01        -4.008948E-08
1.583828E-01        -3.998950E-08
1.582406E-01        -3.988995E-08
1.580984E-01        -3.979092E-08
1.579564E-01        -3.969195E-08
1.578145E-01        -3.959334E-08
1.576727E-01        -3.949494E-08
1.575311E-01        -3.939636E-08
1.573896E-01        -3.929838E-08
1.572482E-01        -3.920077E-08
1.571069E-01        -3.910375E-08
1.569658E-01        -3.900678E-08
1.568248E-01        -3.890979E-08
1.566839E-01        -3.881279E-08
1.565432E-01        -3.871621E-08
1.564025E-01        -3.862017E-08
1.562620E-01        -3.852418E-08
1.561217E-01        -3.842862E-08
1.559814E-01        -3.833321E-08
1.558413E-01        -3.823762E-08
1.557013E-01        -3.814301E-08
1.555614E-01        -3.804861E-08
1.554217E-01        -3.795404E-08
1.552821E-01        -3.786006E-08
1.551426E-01        -3.776606E-08
1.550032E-01        -3.767205E-08
1.548640E-01        -3.757847E-08
1.547249E-01        -3.748549E-08
1.545859E-01        -3.739249E-08
1.544470E-01        -3.729948E-08
1.543082E-01        -3.720683E-08
1.541696E-01        -3.711485E-08
1.540311E-01        -3.702286E-08
1.538928E-01        -3.693091E-08
1.537545E-01        -3.683889E-08
1.536164E-01        -3.674729E-08
1.534784E-01        -3.665630E-08
1.533405E-01        -3.656567E-08
1.532028E-01        -3.647533E-08
1.530652E-01        -3.638473E-08
1.529277E-01        -3.629474E-08
1.527903E-01        -3.620474E-08
1.526530E-01        -3.611472E-08
1.525159E-01        -3.602513E-08
1.523789E-01        -3.593614E-08
1.522420E-01        -3.584714E-08
1.521052E-01        -3.575812E-08
1.519686E-01        -3.566916E-08
1.518321E-01        -3.558056E-08
1.516957E-01        -3.549256E-08
1.515594E-01        -3.540493E-08
1.514233E-01        -3.531759E-08
1.512873E-01        -3.523000E-08
1.511514E-01        -3.514263E-08
1.510156E-01        -3.505500E-08
1.508799E-01        -3.496837E-08
1.507444E-01        -3.488202E-08
1.506090E-01        -3.479542E-08
1.504737E-01        -3.470942E-08
1.503385E-01        -3.462341E-08
1.502034E-01        -3.453777E-08
1.500685E-01        -3.445242E-08
1.499337E-01        -3.436681E-08
1.497990E-01        -3.428181E-08
1.496644E-01        -3.419680E-08
1.495300E-01        -3.411222E-08
1.493957E-01        -3.402786E-08
1.492615E-01        -3.394325E-08
1.491274E-01        -3.385963E-08
1.489934E-01        -3.377624E-08
1.488596E-01        -3.369227E-08
1.487259E-01        -3.360867E-08
1.485923E-01        -3.352568E-08
1.484588E-01        -3.344268E-08
1.483254E-01        -3.336004E-08
1.481922E-01        -3.327770E-08
1.480590E-01        -3.319504E-08
1.479260E-01        -3.311305E-08
1.477932E-01        -3.303111E-08
1.476604E-01        -3.294947E-08
1.475277E-01        -3.286807E-08
1.473952E-01        -3.278647E-08
1.472628E-01        -3.270548E-08
1.471305E-01        -3.262448E-08
1.469983E-01        -3.254385E-08
1.468663E-01        -3.246389E-08
1.467344E-01        -3.238354E-08
1.466026E-01        -3.230293E-08
1.464709E-01        -3.222332E-08
1.463393E-01        -3.214393E-08
1.462078E-01        -3.206429E-08
1.460765E-01        -3.198532E-08
1.459453E-01        -3.190635E-08
1.458142E-01        -3.182736E-08
1.456832E-01        -3.174836E-08
1.455523E-01        -3.166972E-08
1.454215E-01        -3.159170E-08
1.452909E-01        -3.151373E-08
1.451604E-01        -3.143575E-08
1.450300E-01        -3.135776E-08
1.448997E-01        -3.128013E-08
1.447695E-01        -3.120312E-08
1.446395E-01        -3.112615E-08
1.445096E-01        -3.104918E-08
1.443797E-01        -3.097251E-08
1.442500E-01        -3.089614E-08
1.441205E-01        -3.081957E-08
1.439910E-01        -3.074356E-08
1.438617E-01        -3.066760E-08
1.437324E-01        -3.059157E-08
1.436033E-01        -3.051596E-08
1.434743E-01        -3.044097E-08
1.433454E-01        -3.036559E-08
1.432166E-01        -3.029033E-08
1.430880E-01        -3.021599E-08
1.429595E-01        -3.014102E-08
1.428310E-01        -3.006636E-08
1.427027E-01        -2.999237E-08
1.425745E-01        -2.991837E-08
1.424465E-01        -2.984443E-08
1.423185E-01        -2.977041E-08
1.421906E-01        -2.969676E-08
1.420629E-01        -2.962379E-08
1.419353E-01        -2.955080E-08
1.418078E-01        -2.947781E-08
1.416804E-01        -2.940481E-08
1.415531E-01        -2.933181E-08
1.414260E-01        -2.925922E-08
1.412989E-01        -2.918719E-08
1.411720E-01        -2.911522E-08
1.410452E-01        -2.904324E-08
1.409185E-01        -2.897162E-08
1.407919E-01        -2.890025E-08
1.406654E-01        -2.882861E-08
1.405390E-01        -2.875760E-08
1.404128E-01        -2.868663E-08
1.402867E-01        -2.861566E-08
1.401606E-01        -2.854499E-08
1.400347E-01        -2.847463E-08
1.399089E-01        -2.840401E-08
1.397833E-01        -2.833406E-08
1.396577E-01        -2.826405E-08
1.395322E-01        -2.819403E-08
1.394069E-01        -2.812444E-08
1.392817E-01        -2.805509E-08
1.391565E-01        -2.798542E-08
1.390315E-01        -2.791643E-08
1.389066E-01        -2.784744E-08
1.387819E-01        -2.777886E-08
1.386572E-01        -2.771048E-08
1.385326E-01        -2.764183E-08
1.384082E-01        -2.757387E-08
1.382838E-01        -2.750584E-08
1.381596E-01        -2.743786E-08
1.380355E-01        -2.736987E-08
1.379115E-01        -2.730224E-08
1.377876E-01        -2.723525E-08
1.376638E-01        -2.716824E-08
1.375402E-01        -2.710128E-08
1.374166E-01        -2.703426E-08
1.372932E-01        -2.696729E-08
1.371699E-01        -2.690032E-08
1.370466E-01        -2.683365E-08
1.369235E-01        -2.676766E-08
1.368005E-01        -2.670167E-08
1.366776E-01        -2.663567E-08
1.365548E-01        -2.657004E-08
1.364322E-01        -2.650471E-08
1.363096E-01        -2.643906E-08
1.361872E-01        -2.637373E-08
1.360648E-01        -2.630807E-08
1.359426E-01        -2.624309E-08
1.358205E-01        -2.617848E-08
1.356985E-01        -2.611412E-08
1.355766E-01        -2.604950E-08
1.354548E-01        -2.598550E-08
1.353331E-01        -2.592149E-08
1.352115E-01        -2.585749E-08
1.350901E-01        -2.579352E-08
1.349687E-01        -2.572951E-08
1.348475E-01        -2.566590E-08
1.347263E-01        -2.560288E-08
1.346053E-01        -2.553953E-08
1.344844E-01        -2.547591E-08
1.343636E-01        -2.541292E-08
1.342429E-01        -2.535030E-08
1.341223E-01        -2.528793E-08
1.340018E-01        -2.522530E-08
1.338814E-01        -2.516329E-08
1.337612E-01        -2.510133E-08
1.336410E-01        -2.503932E-08
1.335209E-01        -2.497730E-08
1.334010E-01        -2.491533E-08
1.332812E-01        -2.485372E-08
1.331614E-01        -2.479269E-08
1.330418E-01        -2.473170E-08
1.329223E-01        -2.467072E-08
1.328029E-01        -2.460973E-08
1.326836E-01        -2.454873E-08
1.325644E-01        -2.448773E-08
1.324453E-01        -2.442710E-08
1.323263E-01        -2.436709E-08
1.322075E-01        -2.430713E-08
1.320887E-01        -2.424712E-08
1.319700E-01        -2.418711E-08
1.318515E-01        -2.412714E-08
1.317331E-01        -2.406753E-08
1.316147E-01        -2.400814E-08
1.314965E-01        -2.394853E-08
1.313784E-01        -2.388955E-08
1.312603E-01        -2.383051E-08
1.311424E-01        -2.377152E-08
1.310246E-01        -2.371253E-08
1.309069E-01        -2.365390E-08
1.307893E-01        -2.359554E-08
1.306718E-01        -2.353691E-08
1.305544E-01        -2.347891E-08
1.304372E-01        -2.342095E-08
1.303200E-01        -2.336294E-08
1.302029E-01        -2.330530E-08
1.300860E-01        -2.324797E-08
1.299691E-01        -2.319032E-08
1.298524E-01        -2.313335E-08
1.297357E-01        -2.307597E-08
1.296192E-01        -2.301872E-08
1.295027E-01        -2.296233E-08
1.293864E-01        -2.290536E-08
1.292702E-01        -2.284838E-08
1.291540E-01        -2.279171E-08
1.290380E-01        -2.273572E-08
1.289221E-01        -2.267974E-08
1.288063E-01        -2.262375E-08
1.286906E-01        -2.256776E-08
1.285750E-01        -2.251177E-08
1.284595E-01        -2.245577E-08
1.283441E-01        -2.240014E-08
1.282288E-01        -2.234514E-08
1.281136E-01        -2.228978E-08
1.279985E-01        -2.223414E-08
1.278835E-01        -2.217914E-08
1.277686E-01        -2.212450E-08
1.276539E-01        -2.207018E-08
1.275392E-01        -2.201517E-08
1.274246E-01        -2.196052E-08
1.273101E-01        -2.190651E-08
1.271958E-01        -2.185255E-08
1.270815E-01        -2.179854E-08
1.269674E-01        -2.174457E-08
1.268533E-01        -2.169055E-08
1.267393E-01        -2.163690E-08
1.266255E-01        -2.158357E-08
1.265117E-01        -2.152991E-08
1.263981E-01        -2.147658E-08
1.262846E-01        -2.142296E-08
1.261711E-01        -2.136994E-08
1.260578E-01        -2.131733E-08
1.259445E-01        -2.126494E-08
1.258314E-01        -2.121197E-08
1.257184E-01        -2.115935E-08
1.256054E-01        -2.110732E-08
1.254926E-01        -2.105498E-08
1.253799E-01        -2.100236E-08
1.252672E-01        -2.095034E-08
1.251547E-01        -2.089836E-08
1.250423E-01        -2.084673E-08
1.249299E-01        -2.079535E-08
1.248177E-01        -2.074372E-08
1.247056E-01        -2.069274E-08
1.245936E-01        -2.064140E-08
1.244816E-01        -2.058973E-08
1.243698E-01        -2.053874E-08
1.242581E-01        -2.048812E-08
1.241465E-01        -2.043777E-08
1.240349E-01        -2.038674E-08
1.239235E-01        -2.033612E-08
1.238122E-01        -2.028577E-08
1.237010E-01        -2.023515E-08
1.235899E-01        -2.018516E-08
1.234788E-01        -2.013513E-08
1.233679E-01        -2.008515E-08
1.232571E-01        -2.003552E-08
1.231464E-01        -1.998618E-08
1.230357E-01        -1.993651E-08
1.229252E-01        -1.988717E-08
1.228148E-01        -1.983754E-08
1.227045E-01        -1.978855E-08
1.225942E-01        -1.973953E-08
1.224841E-01        -1.969054E-08
1.223741E-01        -1.964156E-08
1.222641E-01        -1.959254E-08
1.221543E-01        -1.954391E-08
1.220446E-01        -1.949558E-08
1.219349E-01        -1.944691E-08
1.218254E-01        -1.939893E-08
1.217160E-01        -1.935095E-08
1.216066E-01        -1.930293E-08
1.214974E-01        -1.925495E-08
1.213882E-01        -1.920693E-08
1.212792E-01        -1.915931E-08
1.211703E-01        -1.911198E-08
1.210614E-01        -1.906432E-08
1.209527E-01        -1.901734E-08
1.208440E-01        -1.897033E-08
1.207354E-01        -1.892332E-08
1.206270E-01        -1.887635E-08
1.205186E-01        -1.882933E-08
1.204104E-01        -1.878237E-08
1.203022E-01        -1.873571E-08
1.201941E-01        -1.868935E-08
1.200862E-01        -1.864274E-08
1.199783E-01        -1.859638E-08
1.198705E-01        -1.854973E-08
1.197628E-01        -1.850372E-08
1.196552E-01        -1.845772E-08
1.195477E-01        -1.841207E-08
1.194404E-01        -1.836676E-08
1.193331E-01        -1.832077E-08
1.192259E-01        -1.827512E-08
1.191188E-01        -1.823013E-08
1.190118E-01        -1.818478E-08
1.189048E-01        -1.813910E-08
1.187980E-01        -1.809411E-08
1.186913E-01        -1.804913E-08
1.185847E-01        -1.800414E-08
1.184782E-01        -1.795951E-08
1.183717E-01        -1.791513E-08
1.182654E-01        -1.787050E-08
1.181592E-01        -1.782617E-08
1.180530E-01        -1.778150E-08
1.179470E-01        -1.773753E-08
1.178410E-01        -1.769351E-08
1.177351E-01        -1.764950E-08
1.176294E-01        -1.760553E-08
1.175237E-01        -1.756152E-08
1.174181E-01        -1.751752E-08
1.173127E-01        -1.747391E-08
1.172073E-01        -1.743090E-08
1.171020E-01        -1.738755E-08
1.169968E-01        -1.734390E-08
1.168917E-01        -1.730091E-08
1.167867E-01        -1.725792E-08
1.166818E-01        -1.721492E-08
1.165770E-01        -1.717194E-08
1.164722E-01        -1.712891E-08
1.163676E-01        -1.708628E-08
1.162631E-01        -1.704394E-08
1.161586E-01        -1.700127E-08
1.160543E-01        -1.695930E-08
1.159500E-01        -1.691728E-08
1.158459E-01        -1.687496E-08
1.157418E-01        -1.683230E-08
1.156378E-01        -1.679029E-08
1.155340E-01        -1.674868E-08
1.154302E-01        -1.670733E-08
1.153265E-01        -1.666568E-08
1.152229E-01        -1.662433E-08
1.151194E-01        -1.658269E-08
1.150160E-01        -1.654135E-08
1.149126E-01        -1.649967E-08
1.148094E-01        -1.645869E-08
1.147063E-01        -1.641771E-08
1.146032E-01        -1.637669E-08
1.145003E-01        -1.633571E-08
1.143974E-01        -1.629505E-08
1.142947E-01        -1.625473E-08
1.141920E-01        -1.621407E-08
1.140894E-01        -1.617372E-08
1.139869E-01        -1.613307E-08
1.138845E-01        -1.609307E-08
1.137822E-01        -1.605307E-08
1.136800E-01        -1.601273E-08
1.135779E-01        -1.597244E-08
1.134759E-01        -1.593311E-08
1.133739E-01        -1.589309E-08
1.132721E-01        -1.585311E-08
1.131703E-01        -1.581345E-08
1.130687E-01        -1.577447E-08
1.129671E-01        -1.573512E-08
1.128656E-01        -1.569546E-08
1.127642E-01        -1.565646E-08
1.126629E-01        -1.561746E-08
1.125617E-01        -1.557847E-08
1.124606E-01        -1.553948E-08
1.123596E-01        -1.550049E-08
1.122586E-01        -1.546147E-08
1.121578E-01        -1.542284E-08
1.120570E-01        -1.538448E-08
1.119564E-01        -1.534585E-08
1.118558E-01        -1.530785E-08
1.117553E-01        -1.526950E-08
1.116549E-01        -1.523085E-08
1.115546E-01        -1.519285E-08
1.114544E-01        -1.515486E-08
1.113543E-01        -1.511687E-08
1.112543E-01        -1.507923E-08
1.111543E-01        -1.504187E-08
1.110545E-01        -1.500389E-08
1.109547E-01        -1.496622E-08
1.108550E-01        -1.492887E-08
1.107555E-01        -1.489125E-08
1.106560E-01        -1.485425E-08
1.105566E-01        -1.481726E-08
1.104572E-01        -1.478023E-08
1.103580E-01        -1.474324E-08
1.102589E-01        -1.470626E-08
1.101598E-01        -1.466925E-08
1.100609E-01        -1.463227E-08
1.099620E-01        -1.459561E-08
1.098632E-01        -1.455926E-08
1.097645E-01        -1.452260E-08
1.096659E-01        -1.448627E-08
1.095674E-01        -1.444962E-08
1.094690E-01        -1.441363E-08
1.093707E-01        -1.437765E-08
1.092724E-01        -1.434163E-08
1.091742E-01        -1.430562E-08
1.090762E-01        -1.426965E-08
1.089782E-01        -1.423400E-08
1.088803E-01        -1.419865E-08
1.087825E-01        -1.416266E-08
1.086848E-01        -1.412702E-08
1.085871E-01        -1.409165E-08
1.084896E-01        -1.405601E-08
1.083921E-01        -1.402100E-08
1.082947E-01        -1.398600E-08
1.081975E-01        -1.395103E-08
1.081003E-01        -1.391603E-08
1.080032E-01        -1.388104E-08
1.079061E-01        -1.384601E-08
1.078092E-01        -1.381103E-08
1.077124E-01        -1.377639E-08
1.076156E-01        -1.374204E-08
1.075189E-01        -1.370737E-08
1.074223E-01        -1.367303E-08
1.073258E-01        -1.363837E-08
1.072294E-01        -1.360438E-08
1.071331E-01        -1.357039E-08
1.070369E-01        -1.353641E-08
1.069407E-01        -1.350240E-08
1.068446E-01        -1.346839E-08
1.067487E-01        -1.343442E-08
1.066528E-01        -1.340042E-08
1.065570E-01        -1.336677E-08
1.064612E-01        -1.333341E-08
1.063656E-01        -1.329976E-08
1.062701E-01        -1.326644E-08
1.061746E-01        -1.323277E-08
1.060792E-01        -1.319977E-08
1.059839E-01        -1.316677E-08
1.058887E-01        -1.313344E-08
1.057936E-01        -1.310013E-08
1.056986E-01        -1.306780E-08
1.056036E-01        -1.303479E-08
1.055087E-01        -1.300178E-08
1.054140E-01        -1.296881E-08
1.053193E-01        -1.293615E-08
1.052247E-01        -1.290382E-08
1.051301E-01        -1.287114E-08
1.050357E-01        -1.283881E-08
1.049413E-01        -1.280614E-08
1.048471E-01        -1.277417E-08
1.047529E-01        -1.274217E-08
1.046588E-01        -1.271017E-08
1.045648E-01        -1.267818E-08
1.044708E-01        -1.264616E-08
1.043770E-01        -1.261418E-08
1.042832E-01        -1.258217E-08
1.041895E-01        -1.255017E-08
1.040959E-01        -1.251851E-08
1.040024E-01        -1.248717E-08
1.039090E-01        -1.245552E-08
1.038157E-01        -1.242454E-08
1.037224E-01        -1.239319E-08
1.036292E-01        -1.236153E-08
1.035361E-01        -1.233053E-08
1.034431E-01        -1.229953E-08
1.033502E-01        -1.226854E-08
1.032574E-01        -1.223756E-08
1.031646E-01        -1.220655E-08
1.030719E-01        -1.217554E-08
1.029793E-01        -1.214488E-08
1.028868E-01        -1.211455E-08
1.027944E-01        -1.208390E-08
1.027021E-01        -1.205358E-08
1.026098E-01        -1.202290E-08
1.025176E-01        -1.199256E-08
1.024255E-01        -1.196190E-08
1.023335E-01        -1.193191E-08
1.022416E-01        -1.190192E-08
1.021498E-01        -1.187194E-08
1.020580E-01        -1.184193E-08
1.019663E-01        -1.181192E-08
1.018747E-01        -1.178193E-08
1.017832E-01        -1.175193E-08
1.016918E-01        -1.172228E-08
1.016004E-01        -1.169294E-08
1.015091E-01        -1.166293E-08
1.014180E-01        -1.163329E-08
1.013268E-01        -1.160427E-08
1.012358E-01        -1.157494E-08
1.011449E-01        -1.154529E-08
1.010540E-01        -1.151628E-08
1.009632E-01        -1.148728E-08
1.008725E-01        -1.145828E-08
1.007819E-01        -1.142929E-08
1.006914E-01        -1.140030E-08
1.006009E-01        -1.137129E-08
1.005106E-01        -1.134232E-08
1.004203E-01        -1.131365E-08
1.003301E-01        -1.128532E-08
1.002399E-01        -1.125664E-08
1.001499E-01        -1.122832E-08
1.000599E-01        -1.119965E-08
9.997005E-02        -1.117133E-08
9.988024E-02        -1.114266E-08
9.979052E-02        -1.111467E-08
9.970088E-02        -1.108667E-08
9.961131E-02        -1.105867E-08
9.952183E-02        -1.103067E-08
9.943243E-02        -1.100268E-08
9.934311E-02        -1.097468E-08
9.925386E-02        -1.094668E-08
9.916470E-02        -1.091868E-08
9.907562E-02        -1.089102E-08
9.898662E-02        -1.086369E-08
9.889770E-02        -1.083603E-08
9.880886E-02        -1.080870E-08
9.872010E-02        -1.078103E-08
9.863141E-02        -1.075370E-08
9.854281E-02        -1.072604E-08
9.845429E-02        -1.069904E-08
9.836585E-02        -1.067204E-08
9.827748E-02        -1.064504E-08
9.818920E-02        -1.061805E-08
9.810099E-02        -1.059105E-08
9.801287E-02        -1.056405E-08
9.792482E-02        -1.053705E-08
9.783685E-02        -1.051006E-08
9.774897E-02        -1.048339E-08
9.766116E-02        -1.045706E-08
9.757343E-02        -1.043040E-08
9.748577E-02        -1.040407E-08
9.739820E-02        -1.037740E-08
9.731071E-02        -1.035108E-08
9.722329E-02        -1.032441E-08
9.713595E-02        -1.029841E-08
9.704870E-02        -1.027241E-08
9.696151E-02        -1.024641E-08
9.687441E-02        -1.022009E-08
9.678739E-02        -1.019375E-08
9.670044E-02        -1.016842E-08
9.661358E-02        -1.014243E-08
9.652679E-02        -1.011643E-08
9.644007E-02        -1.009043E-08
9.635344E-02        -1.006476E-08
9.626688E-02        -1.003943E-08
9.618041E-02        -1.001364E-08
9.609401E-02        -9.988207E-09
9.600768E-02        -9.962740E-09
9.592144E-02        -9.937344E-09
9.583527E-02        -9.912012E-09
9.574918E-02        -9.886782E-09
9.566317E-02        -9.861551E-09
9.557723E-02        -9.836452E-09
9.549137E-02        -9.811354E-09
9.540559E-02        -9.786323E-09
9.531989E-02        -9.761427E-09
9.523426E-02        -9.736528E-09
9.514871E-02        -9.711664E-09
9.506324E-02        -9.686900E-09
9.497784E-02        -9.662202E-09
9.489252E-02        -9.637537E-09
9.480728E-02        -9.612940E-09
9.472211E-02        -9.588375E-09
9.463702E-02        -9.563910E-09
9.455200E-02        -9.539511E-09
9.446707E-02        -9.515148E-09
9.438221E-02        -9.490884E-09
9.429742E-02        -9.466685E-09
9.421271E-02        -9.442487E-09
9.412808E-02        -9.418355E-09
9.404352E-02        -9.394324E-09
9.395904E-02        -9.370292E-09
9.387464E-02        -9.346396E-09
9.379031E-02        -9.322498E-09
9.370605E-02        -9.298631E-09
9.362188E-02        -9.274868E-09
9.353777E-02        -9.251168E-09
9.345375E-02        -9.227505E-09
9.336980E-02        -9.203940E-09
9.328592E-02        -9.180441E-09
9.320212E-02        -9.156944E-09
9.311840E-02        -9.133480E-09
9.303475E-02        -9.110115E-09
9.295117E-02        -9.086848E-09
9.286767E-02        -9.063618E-09
9.278425E-02        -9.040387E-09
9.270090E-02        -9.017289E-09
9.261762E-02        -8.994190E-09
9.253442E-02        -8.971157E-09
9.245130E-02        -8.948228E-09
9.236825E-02        -8.925263E-09
9.228527E-02        -8.902397E-09
9.220237E-02        -8.879632E-09
9.211954E-02        -8.856933E-09
9.203679E-02        -8.834236E-09
9.195411E-02        -8.811570E-09
9.187151E-02        -8.789006E-09
9.178898E-02        -8.766508E-09
9.170652E-02        -8.744042E-09
9.162414E-02        -8.721644E-09
9.154184E-02        -8.699281E-09
9.145960E-02        -8.676981E-09
9.137744E-02        -8.654716E-09
9.129536E-02        -8.632520E-09
9.121334E-02        -8.610352E-09
9.113141E-02        -8.588289E-09
9.104954E-02        -8.566290E-09
9.096775E-02        -8.544292E-09
9.088603E-02        -8.522326E-09
9.080439E-02        -8.500462E-09
9.072282E-02        -8.478664E-09
9.064132E-02        -8.456898E-09
9.055989E-02        -8.435199E-09
9.047854E-02        -8.413534E-09
9.039726E-02        -8.391935E-09
9.031606E-02        -8.370371E-09
9.023493E-02        -8.348906E-09
9.015387E-02        -8.327508E-09
9.007288E-02        -8.306109E-09
8.999197E-02        -8.284745E-09
8.991113E-02        -8.263447E-09
8.983036E-02        -8.242181E-09
8.974966E-02        -8.221014E-09
8.966904E-02        -8.199917E-09
8.958849E-02        -8.178820E-09
8.950801E-02        -8.157786E-09
8.942760E-02        -8.136855E-09
8.934727E-02        -8.115890E-09
8.926700E-02        -8.095022E-09
8.918681E-02        -8.074224E-09
8.910670E-02        -8.053461E-09
8.902665E-02        -8.032762E-09
8.894668E-02        -8.012065E-09
8.886677E-02        -7.991429E-09
8.878694E-02        -7.970899E-09
8.870719E-02        -7.950367E-09
8.862750E-02        -7.929937E-09
8.854788E-02        -7.909470E-09
8.846834E-02        -7.889105E-09
8.838887E-02        -7.868807E-09
8.830947E-02        -7.848542E-09
8.823014E-02        -7.828344E-09
8.815088E-02        -7.808177E-09
8.807169E-02        -7.788079E-09
8.799257E-02        -7.768012E-09
8.791353E-02        -7.748015E-09
8.783455E-02        -7.728015E-09
8.775565E-02        -7.708082E-09
8.767682E-02        -7.688253E-09
8.759806E-02        -7.668387E-09
8.751937E-02        -7.648621E-09
8.744075E-02        -7.628923E-09
8.736220E-02        -7.609257E-09
8.728372E-02        -7.589658E-09
8.720531E-02        -7.570060E-09
8.712697E-02        -7.550493E-09
8.704870E-02        -7.531026E-09
8.697051E-02        -7.511630E-09
8.689238E-02        -7.492231E-09
8.681432E-02        -7.472864E-09
8.673634E-02        -7.453599E-09
8.665842E-02        -7.434401E-09
8.658057E-02        -7.415202E-09
8.650280E-02        -7.396037E-09
8.642509E-02        -7.376938E-09
8.634745E-02        -7.357871E-09
8.626989E-02        -7.338875E-09
8.619239E-02        -7.319908E-09
8.611496E-02        -7.301009E-09
8.603760E-02        -7.282142E-09
8.596031E-02        -7.263344E-09
8.588309E-02        -7.244577E-09
8.580594E-02        -7.225879E-09
8.572886E-02        -7.207181E-09
8.565185E-02        -7.188515E-09
8.557491E-02        -7.169949E-09
8.549803E-02        -7.151418E-09
8.542123E-02        -7.132884E-09
8.534450E-02        -7.114487E-09
8.526783E-02        -7.096088E-09
8.519123E-02        -7.077721E-09
8.511470E-02        -7.059422E-09
8.503824E-02        -7.041124E-09
8.496185E-02        -7.022889E-09
8.488553E-02        -7.004760E-09
8.480927E-02        -6.986592E-09
8.473309E-02        -6.968527E-09
8.465697E-02        -6.950496E-09
8.458092E-02        -6.932461E-09
8.450494E-02        -6.914563E-09
8.442903E-02        -6.896665E-09
8.435319E-02        -6.878799E-09
8.427741E-02        -6.861000E-09
8.420170E-02        -6.843201E-09
8.412606E-02        -6.825435E-09
8.405049E-02        -6.807768E-09
8.397499E-02        -6.790139E-09
8.389955E-02        -6.772503E-09
8.382418E-02        -6.755004E-09
8.374888E-02        -6.737506E-09
8.367365E-02        -6.720009E-09
8.359848E-02        -6.702541E-09
8.352339E-02        -6.685176E-09
8.344836E-02        -6.667878E-09
8.337339E-02        -6.650578E-09
8.329850E-02        -6.633312E-09
8.322367E-02        -6.616113E-09
8.314891E-02        -6.598947E-09
8.307421E-02        -6.581847E-09
8.299959E-02        -6.564750E-09
8.292503E-02        -6.547683E-09
8.285053E-02        -6.530683E-09
8.277611E-02        -6.513718E-09
8.270175E-02        -6.496819E-09
8.262746E-02        -6.479953E-09
8.255323E-02        -6.463153E-09
8.247907E-02        -6.446355E-09
8.240498E-02        -6.429588E-09
8.233096E-02        -6.412922E-09
8.225700E-02        -6.396293E-09
8.218310E-02        -6.379624E-09
8.210928E-02        -6.363058E-09
8.203552E-02        -6.346560E-09
8.196182E-02        -6.330060E-09
8.188820E-02        -6.313594E-09
8.181463E-02        -6.297194E-09
8.174114E-02        -6.280797E-09
8.166771E-02        -6.264430E-09
8.159435E-02        -6.248163E-09
8.152105E-02        -6.231933E-09
8.144782E-02        -6.215697E-09
8.137465E-02        -6.199567E-09
8.130155E-02        -6.183400E-09
8.122852E-02        -6.167333E-09
8.115555E-02        -6.151335E-09
8.108264E-02        -6.135335E-09
8.100981E-02        -6.119338E-09
8.093703E-02        -6.103369E-09
8.086433E-02        -6.087503E-09
8.079168E-02        -6.071672E-09
8.071911E-02        -6.055837E-09
8.064660E-02        -6.040108E-09
8.057415E-02        -6.024339E-09
8.050177E-02        -6.008672E-09
8.042945E-02        -5.993042E-09
8.035720E-02        -5.977375E-09
8.028502E-02        -5.961808E-09
8.021290E-02        -5.946310E-09
8.014084E-02        -5.930811E-09
8.006885E-02        -5.915344E-09
7.999692E-02        -5.899945E-09
7.992506E-02        -5.884547E-09
7.985326E-02        -5.869179E-09
7.978153E-02        -5.853912E-09
7.970986E-02        -5.838682E-09
7.963825E-02        -5.823414E-09
7.956671E-02        -5.808246E-09
7.949524E-02        -5.793118E-09
7.942382E-02        -5.777949E-09
7.935248E-02        -5.762883E-09
7.928119E-02        -5.747883E-09
7.920997E-02        -5.732884E-09
7.913882E-02        -5.717918E-09
7.906773E-02        -5.703019E-09
7.899670E-02        -5.688120E-09
7.892573E-02        -5.673251E-09
7.885483E-02        -5.658453E-09
7.878400E-02        -5.643687E-09
7.871322E-02        -5.628987E-09
7.864252E-02        -5.614290E-09
7.857187E-02        -5.599590E-09
7.850129E-02        -5.584923E-09
7.843077E-02        -5.570355E-09
7.836031E-02        -5.555856E-09
7.828992E-02        -5.541358E-09
7.821959E-02        -5.526859E-09
7.814933E-02        -5.512392E-09
7.807912E-02        -5.497992E-09
7.800898E-02        -5.483624E-09
7.793891E-02        -5.469327E-09
7.786889E-02        -5.455027E-09
7.779894E-02        -5.440759E-09
7.772905E-02        -5.426530E-09
7.765923E-02        -5.412293E-09
7.758947E-02        -5.398165E-09
7.751977E-02        -5.384027E-09
7.745013E-02        -5.369997E-09
7.738055E-02        -5.355928E-09
7.731104E-02        -5.341930E-09
7.724159E-02        -5.327931E-09
7.717220E-02        -5.313963E-09
7.710288E-02        -5.300065E-09
7.703362E-02        -5.286198E-09
7.696442E-02        -5.272399E-09
7.689528E-02        -5.258600E-09
7.682620E-02        -5.244801E-09
7.675719E-02        -5.231064E-09
7.668823E-02        -5.217433E-09
7.661934E-02        -5.203735E-09
7.655052E-02        -5.190068E-09
7.648175E-02        -5.176499E-09
7.641305E-02        -5.162971E-09
7.634440E-02        -5.149401E-09
7.627582E-02        -5.135903E-09
7.620730E-02        -5.122435E-09
7.613884E-02        -5.109036E-09
7.607045E-02        -5.095638E-09
7.600211E-02        -5.082269E-09
7.593384E-02        -5.068971E-09
7.586562E-02        -5.055701E-09
7.579747E-02        -5.042473E-09
7.572938E-02        -5.029204E-09
7.566135E-02        -5.016036E-09
7.559339E-02        -5.002908E-09
7.552548E-02        -4.989739E-09
7.545763E-02        -4.976670E-09
7.538985E-02        -4.963642E-09
7.532212E-02        -4.950572E-09
7.525446E-02        -4.937604E-09
7.518686E-02        -4.924676E-09
7.511932E-02        -4.911707E-09
7.505184E-02        -4.898839E-09
7.498442E-02        -4.886010E-09
7.491706E-02        -4.873142E-09
7.484976E-02        -4.860373E-09
7.478252E-02        -4.847644E-09
7.471534E-02        -4.834875E-09
7.464822E-02        -4.822176E-09
7.458117E-02        -4.809509E-09
7.451417E-02        -4.796909E-09
7.444723E-02        -4.784310E-09
7.438035E-02        -4.771741E-09
7.431354E-02        -4.759244E-09
7.424678E-02        -4.746744E-09
7.418008E-02        -4.734245E-09
7.411344E-02        -4.721776E-09
7.404687E-02        -4.709378E-09
7.398035E-02        -4.697009E-09
7.391389E-02        -4.684710E-09
7.384749E-02        -4.672411E-09
7.378116E-02        -4.660113E-09
7.371488E-02        -4.647844E-09
7.364866E-02        -4.635646E-09
7.358250E-02        -4.623447E-09
7.351640E-02        -4.611278E-09
7.345036E-02        -4.599179E-09
7.338438E-02        -4.587081E-09
7.331845E-02        -4.574981E-09
7.325259E-02        -4.562912E-09
7.318679E-02        -4.550944E-09
7.312104E-02        -4.539015E-09
7.305536E-02        -4.527047E-09
7.298973E-02        -4.515147E-09
7.292416E-02        -4.503248E-09
7.285865E-02        -4.491379E-09
7.279320E-02        -4.479580E-09
7.272781E-02        -4.467781E-09
7.266248E-02        -4.456013E-09
7.259720E-02        -4.444313E-09
7.253199E-02        -4.432615E-09
7.246683E-02        -4.420916E-09
7.240173E-02        -4.409246E-09
7.233669E-02        -4.397647E-09
7.227171E-02        -4.386079E-09
7.220679E-02        -4.374550E-09
7.214193E-02        -4.362982E-09
7.207712E-02        -4.351483E-09
7.201237E-02        -4.340013E-09
7.194768E-02        -4.328614E-09
7.188305E-02        -4.317216E-09
7.181848E-02        -4.305817E-09
7.175396E-02        -4.294448E-09
7.168950E-02        -4.283148E-09
7.162510E-02        -4.271849E-09
7.156076E-02        -4.260580E-09
7.149648E-02        -4.249382E-09
7.143225E-02        -4.238183E-09
7.136808E-02        -4.227013E-09
7.130397E-02        -4.215885E-09
7.123992E-02        -4.204716E-09
7.117592E-02        -4.193646E-09
7.111198E-02        -4.182618E-09
7.104810E-02        -4.171548E-09
7.098428E-02        -4.160550E-09
7.092051E-02        -4.149580E-09
7.085680E-02        -4.138652E-09
7.079315E-02        -4.127682E-09
7.072956E-02        -4.116784E-09
7.066602E-02        -4.105915E-09
7.060254E-02        -4.095116E-09
7.053911E-02        -4.084316E-09
7.047575E-02        -4.073518E-09
7.041244E-02        -4.062748E-09
7.034919E-02        -4.052050E-09
7.028599E-02        -4.041350E-09
7.022285E-02        -4.030651E-09
7.015977E-02        -4.019982E-09
7.009674E-02        -4.009382E-09
7.003377E-02        -3.998813E-09
6.997086E-02        -3.988285E-09
6.990801E-02        -3.977716E-09
6.984521E-02        -3.967217E-09
6.978246E-02        -3.956746E-09
6.971978E-02        -3.946319E-09
6.965715E-02        -3.935849E-09
6.959457E-02        -3.925450E-09
6.953205E-02        -3.915080E-09
6.946959E-02        -3.904752E-09
6.940719E-02        -3.894383E-09
6.934484E-02        -3.884084E-09
6.928254E-02        -3.873813E-09
6.922031E-02        -3.863615E-09
6.915812E-02        -3.853415E-09
6.909600E-02        -3.843217E-09
6.903393E-02        -3.833047E-09
6.897191E-02        -3.822918E-09
6.890996E-02        -3.812779E-09
6.884805E-02        -3.802750E-09
6.878621E-02        -3.792652E-09
6.872441E-02        -3.782581E-09
6.866268E-02        -3.772583E-09
6.860100E-02        -3.762613E-09
6.853937E-02        -3.752684E-09
6.847780E-02        -3.742714E-09
6.841629E-02        -3.732816E-09
6.835483E-02        -3.722946E-09
6.829342E-02        -3.713146E-09
6.823207E-02        -3.703318E-09
6.817078E-02        -3.693448E-09
6.810954E-02        -3.683678E-09
6.804836E-02        -3.673980E-09
6.798723E-02        -3.664252E-09
6.792615E-02        -3.654510E-09
6.786514E-02        -3.644883E-09
6.780417E-02        -3.635212E-09
6.774326E-02        -3.625613E-09
6.768241E-02        -3.616015E-09
6.762161E-02        -3.606416E-09
6.756086E-02        -3.596845E-09
6.750017E-02        -3.587346E-09
6.743953E-02        -3.577847E-09
6.737895E-02        -3.568348E-09
6.731842E-02        -3.558877E-09
6.725795E-02        -3.549479E-09
6.719753E-02        -3.540080E-09
6.713717E-02        -3.530681E-09
6.707686E-02        -3.521311E-09
6.701660E-02        -3.512012E-09
6.695640E-02        -3.502713E-09
6.689625E-02        -3.493413E-09
6.683616E-02        -3.484115E-09
6.677612E-02        -3.474845E-09
6.671613E-02        -3.465645E-09
6.665620E-02        -3.456475E-09
6.659632E-02        -3.447347E-09
6.653650E-02        -3.438177E-09
6.647672E-02        -3.429077E-09
6.641701E-02        -3.419979E-09
6.635734E-02        -3.410908E-09
6.629773E-02        -3.401880E-09
6.623818E-02        -3.392810E-09
6.617867E-02        -3.383810E-09
6.611923E-02        -3.374841E-09
6.605983E-02        -3.365913E-09
6.600049E-02        -3.356943E-09
6.594120E-02        -3.348044E-09
6.588196E-02        -3.339144E-09
6.582278E-02        -3.330274E-09
6.576365E-02        -3.321475E-09
6.570457E-02        -3.312675E-09
6.564555E-02        -3.303877E-09
6.558658E-02        -3.295077E-09
6.552766E-02        -3.286307E-09
6.546880E-02        -3.277608E-09
6.540999E-02        -3.268909E-09
6.535123E-02        -3.260210E-09
6.529252E-02        -3.251539E-09
6.523387E-02        -3.242940E-09
6.517527E-02        -3.234341E-09
6.511672E-02        -3.225742E-09
6.505822E-02        -3.217171E-09
6.499978E-02        -3.208643E-09
6.494139E-02        -3.200073E-09
6.488305E-02        -3.191573E-09
6.482477E-02        -3.183103E-09
6.476653E-02        -3.174675E-09
6.470835E-02        -3.166204E-09
6.465022E-02        -3.157805E-09
6.459215E-02        -3.149407E-09
6.453412E-02        -3.141035E-09
6.447615E-02        -3.132736E-09
6.441823E-02        -3.124409E-09
6.436036E-02        -3.116066E-09
6.430255E-02        -3.107839E-09
6.424478E-02        -3.099539E-09
6.418707E-02        -3.091269E-09
6.412941E-02        -3.083070E-09
6.407180E-02        -3.074870E-09
6.401425E-02        -3.066700E-09
6.395674E-02        -3.058572E-09
6.389929E-02        -3.050402E-09
6.384189E-02        -3.042303E-09
6.378454E-02        -3.034204E-09
6.372724E-02        -3.026133E-09
6.366999E-02        -3.018105E-09
6.361279E-02        -3.010033E-09
6.355565E-02        -3.002035E-09
6.349856E-02        -2.994064E-09
6.344151E-02        -2.986136E-09
6.338452E-02        -2.978165E-09
6.332758E-02        -2.970265E-09
6.327070E-02        -2.962367E-09
6.321386E-02        -2.954468E-09
6.315707E-02        -2.946596E-09
6.310034E-02        -2.938769E-09
6.304365E-02        -2.930898E-09
6.298702E-02        -2.923099E-09
6.293044E-02        -2.915328E-09
6.287391E-02        -2.907601E-09
6.281743E-02        -2.899830E-09
6.276100E-02        -2.892131E-09
6.270462E-02        -2.884431E-09
6.264829E-02        -2.876732E-09
6.259201E-02        -2.869061E-09
6.253578E-02        -2.861461E-09
6.247961E-02        -2.853863E-09
6.242348E-02        -2.846263E-09
6.236740E-02        -2.838663E-09
6.231138E-02        -2.831093E-09
6.225540E-02        -2.823565E-09
6.219948E-02        -2.815994E-09
6.214360E-02        -2.808523E-09
6.208778E-02        -2.801096E-09
6.203201E-02        -2.793597E-09
6.197628E-02        -2.786125E-09
6.192061E-02        -2.778726E-09
6.186498E-02        -2.771326E-09
6.180941E-02        -2.763928E-09
6.175388E-02        -2.756556E-09
6.169841E-02        -2.749229E-09
6.164298E-02        -2.741857E-09
6.158761E-02        -2.734558E-09
6.153228E-02        -2.727287E-09
6.147701E-02        -2.720060E-09
6.142178E-02        -2.712788E-09
6.136661E-02        -2.705590E-09
6.131148E-02        -2.698362E-09
6.125640E-02        -2.691118E-09
6.120138E-02        -2.683992E-09
6.114640E-02        -2.676820E-09
6.109147E-02        -2.669693E-09
6.103659E-02        -2.662522E-09
6.098176E-02        -2.655450E-09
6.092698E-02        -2.648423E-09
6.087225E-02        -2.641324E-09
6.081756E-02        -2.634252E-09
6.076293E-02        -2.627253E-09
6.070835E-02        -2.620254E-09
6.065381E-02        -2.613254E-09
6.059932E-02        -2.606282E-09
6.054489E-02        -2.599356E-09
6.049050E-02        -2.592384E-09
6.043616E-02        -2.585485E-09
6.038187E-02        -2.578586E-09
6.032763E-02        -2.571714E-09
6.027343E-02        -2.564886E-09
6.021929E-02        -2.558015E-09
6.016519E-02        -2.551188E-09
6.011115E-02        -2.544345E-09
6.005715E-02        -2.537618E-09
6.000320E-02        -2.530818E-09
5.994929E-02        -2.524046E-09
5.989544E-02        -2.517319E-09
5.984164E-02        -2.510548E-09
5.978788E-02        -2.503876E-09
5.973417E-02        -2.497249E-09
5.968051E-02        -2.490550E-09
5.962690E-02        -2.483878E-09
5.957334E-02        -2.477279E-09
5.951982E-02        -2.470679E-09
5.946635E-02        -2.464080E-09
5.941293E-02        -2.457480E-09
5.935956E-02        -2.450909E-09
5.930624E-02        -2.444382E-09
5.925296E-02        -2.437810E-09
5.919973E-02        -2.431310E-09
5.914655E-02        -2.424811E-09
5.909342E-02        -2.418339E-09
5.904034E-02        -2.411913E-09
5.898730E-02        -2.405441E-09
5.893431E-02        -2.399041E-09
5.888137E-02        -2.392642E-09
5.882847E-02        -2.386242E-09
5.877563E-02        -2.379871E-09
5.872283E-02        -2.373544E-09
5.867008E-02        -2.367172E-09
5.861737E-02        -2.360872E-09
5.856472E-02        -2.354574E-09
5.851211E-02        -2.348274E-09
5.845954E-02        -2.341974E-09
5.840703E-02        -2.335703E-09
5.835456E-02        -2.329476E-09
5.830214E-02        -2.323204E-09
5.824977E-02        -2.317005E-09
5.819744E-02        -2.310833E-09
5.814516E-02        -2.304706E-09
5.809293E-02        -2.298507E-09
5.804074E-02        -2.292334E-09
5.798860E-02        -2.286235E-09
5.793651E-02        -2.280135E-09
5.788447E-02        -2.274037E-09
5.783247E-02        -2.267937E-09
5.778051E-02        -2.261864E-09
5.772861E-02        -2.255865E-09
5.767675E-02        -2.249838E-09
5.762494E-02        -2.243766E-09
5.757317E-02        -2.237767E-09
5.752145E-02        -2.231794E-09
5.746978E-02        -2.225868E-09
5.741816E-02        -2.219896E-09
5.736658E-02        -2.213970E-09
5.731504E-02        -2.207997E-09
5.726356E-02        -2.202098E-09
5.721212E-02        -2.196226E-09
5.716072E-02        -2.190399E-09
5.710937E-02        -2.184526E-09
5.705807E-02        -2.178700E-09
5.700681E-02        -2.172827E-09
5.695560E-02        -2.167028E-09
5.690444E-02        -2.161229E-09
5.685332E-02        -2.155429E-09
5.680225E-02        -2.149657E-09
5.675122E-02        -2.143930E-09
5.670024E-02        -2.138158E-09
5.664931E-02        -2.132459E-09
5.659842E-02        -2.126760E-09
5.654758E-02        -2.121061E-09
5.649678E-02        -2.115388E-09
5.644603E-02        -2.109762E-09
5.639532E-02        -2.104089E-09
5.634466E-02        -2.098489E-09
5.629404E-02        -2.092889E-09
5.624347E-02        -2.087290E-09
5.619295E-02        -2.081691E-09
5.614247E-02        -2.076091E-09
5.609204E-02        -2.070519E-09
5.604165E-02        -2.065020E-09
5.599131E-02        -2.059494E-09
5.594101E-02        -2.053921E-09
5.589075E-02        -2.048421E-09
5.584055E-02        -2.042949E-09
5.579038E-02        -2.037522E-09
5.574027E-02        -2.032050E-09
5.569020E-02        -2.026624E-09
5.564017E-02        -2.021151E-09
5.559019E-02        -2.015752E-09
5.554025E-02        -2.010352E-09
5.549035E-02        -2.004979E-09
5.544051E-02        -1.999653E-09
5.539070E-02        -1.994253E-09
5.534095E-02        -1.988881E-09
5.529123E-02        -1.983581E-09
5.524156E-02        -1.978282E-09
5.519194E-02        -1.972983E-09
5.514236E-02        -1.967683E-09
5.509282E-02        -1.962410E-09
5.504333E-02        -1.957184E-09
5.499389E-02        -1.951912E-09
5.494448E-02        -1.946711E-09
5.489513E-02        -1.941513E-09
5.484581E-02        -1.936312E-09
5.479655E-02        -1.931114E-09
5.474732E-02        -1.925941E-09
5.469814E-02        -1.920814E-09
5.464900E-02        -1.915641E-09
5.459991E-02        -1.910515E-09
5.455086E-02        -1.905342E-09
5.450186E-02        -1.900243E-09
5.445290E-02        -1.895170E-09
5.440398E-02        -1.890144E-09
5.435511E-02        -1.885044E-09
5.430628E-02        -1.879971E-09
5.425750E-02        -1.874972E-09
5.420876E-02        -1.869946E-09
5.416006E-02        -1.864873E-09
5.411141E-02        -1.859900E-09
5.406280E-02        -1.854974E-09
5.401424E-02        -1.849975E-09
5.396571E-02        -1.845001E-09
5.391724E-02        -1.840076E-09
5.386880E-02        -1.835103E-09
5.382041E-02        -1.830203E-09
5.377206E-02        -1.825303E-09
5.372376E-02        -1.820404E-09
5.367550E-02        -1.815505E-09
5.362728E-02        -1.810632E-09
5.357910E-02        -1.805832E-09
5.353097E-02        -1.801006E-09
5.348289E-02        -1.796133E-09
5.343484E-02        -1.791333E-09
5.338684E-02        -1.786534E-09
5.333888E-02        -1.781734E-09
5.329097E-02        -1.776935E-09
5.324309E-02        -1.772161E-09
5.319527E-02        -1.767463E-09
5.314748E-02        -1.762736E-09
5.309974E-02        -1.757964E-09
5.305204E-02        -1.753264E-09
5.300438E-02        -1.748564E-09
5.295676E-02        -1.743864E-09
5.290919E-02        -1.739191E-09
5.286166E-02        -1.734565E-09
5.281418E-02        -1.729893E-09
5.276673E-02        -1.725266E-09
5.271933E-02        -1.720593E-09
5.267197E-02        -1.715993E-09
5.262466E-02        -1.711394E-09
5.257738E-02        -1.706794E-09
5.253015E-02        -1.702221E-09
5.248296E-02        -1.697695E-09
5.243582E-02        -1.693122E-09
5.238871E-02        -1.688596E-09
5.234165E-02        -1.684023E-09
5.229463E-02        -1.679523E-09
5.224765E-02        -1.675023E-09
5.220072E-02        -1.670524E-09
5.215383E-02        -1.666025E-09
5.210698E-02        -1.661552E-09
5.206017E-02        -1.657126E-09
5.201340E-02        -1.652652E-09
5.196668E-02        -1.648253E-09
5.191999E-02        -1.643853E-09
5.187335E-02        -1.639427E-09
5.182676E-02        -1.634980E-09
5.178020E-02        -1.630655E-09
5.173368E-02        -1.626255E-09
5.168721E-02        -1.621881E-09
5.164078E-02        -1.617556E-09
5.159439E-02        -1.613182E-09
5.154804E-02        -1.608883E-09
5.150173E-02        -1.604583E-09
5.145547E-02        -1.600283E-09
5.140925E-02        -1.595984E-09
5.136306E-02        -1.591684E-09
5.131692E-02        -1.587384E-09
5.127083E-02        -1.583112E-09
5.122477E-02        -1.578886E-09
5.117875E-02        -1.574612E-09
5.113278E-02        -1.570413E-09
5.108684E-02        -1.566212E-09
5.104095E-02        -1.562013E-09
5.099510E-02        -1.557814E-09
5.094929E-02        -1.553614E-09
5.090352E-02        -1.549440E-09
5.085780E-02        -1.545315E-09
5.081211E-02        -1.541141E-09
5.076646E-02        -1.537041E-09
5.072086E-02        -1.532916E-09
5.067530E-02        -1.528743E-09
5.062977E-02        -1.524642E-09
5.058429E-02        -1.520543E-09
5.053885E-02        -1.516469E-09
5.049345E-02        -1.512444E-09
5.044809E-02        -1.508344E-09
5.040277E-02        -1.504270E-09
5.035750E-02        -1.500271E-09
5.031226E-02        -1.496271E-09
5.026706E-02        -1.492271E-09
5.022191E-02        -1.488272E-09
5.017679E-02        -1.484272E-09
5.013172E-02        -1.480273E-09
5.008668E-02        -1.476273E-09
5.004169E-02        -1.472299E-09
4.999674E-02        -1.468374E-09
4.995182E-02        -1.464400E-09
4.990695E-02        -1.460475E-09
4.986212E-02        -1.456501E-09
4.981733E-02        -1.452602E-09
4.977258E-02        -1.448702E-09
4.972786E-02        -1.444827E-09
4.968319E-02        -1.441002E-09
4.963856E-02        -1.437103E-09
4.959397E-02        -1.433229E-09
4.954942E-02        -1.429404E-09
4.950491E-02        -1.425530E-09
4.946044E-02        -1.421730E-09
4.941601E-02        -1.417931E-09
4.937161E-02        -1.414130E-09
4.932726E-02        -1.410331E-09
4.928295E-02        -1.406531E-09
4.923868E-02        -1.402732E-09
4.919445E-02        -1.398958E-09
4.915026E-02        -1.395233E-09
4.910610E-02        -1.391458E-09
4.906199E-02        -1.387733E-09
4.901792E-02        -1.383959E-09
4.897388E-02        -1.380259E-09
4.892989E-02        -1.376560E-09
4.888594E-02        -1.372861E-09
4.884202E-02        -1.369161E-09
4.879815E-02        -1.365487E-09
4.875431E-02        -1.361862E-09
4.871051E-02        -1.358162E-09
4.866675E-02        -1.354487E-09
4.862304E-02        -1.350888E-09
4.857936E-02        -1.347288E-09
4.853572E-02        -1.343663E-09
4.849212E-02        -1.339989E-09
4.844856E-02        -1.336390E-09
4.840503E-02        -1.332815E-09
4.836155E-02        -1.329290E-09
4.831811E-02        -1.325691E-09
4.827470E-02        -1.322116E-09
4.823134E-02        -1.318591E-09
4.818801E-02        -1.315017E-09
4.814472E-02        -1.311517E-09
4.810147E-02        -1.307992E-09
4.805826E-02        -1.304418E-09
4.801509E-02        -1.300918E-09
4.797196E-02        -1.297419E-09
4.792886E-02        -1.293944E-09
4.788581E-02        -1.290519E-09
4.784279E-02        -1.287019E-09
4.779981E-02        -1.283545E-09
4.775687E-02        -1.280120E-09
4.771397E-02        -1.276645E-09
4.767111E-02        -1.273246E-09
4.762829E-02        -1.269847E-09
4.758550E-02        -1.266447E-09
4.754276E-02        -1.263047E-09
4.750005E-02        -1.259648E-09
4.745738E-02        -1.256248E-09
4.741475E-02        -1.252848E-09
4.737215E-02        -1.249473E-09
4.732960E-02        -1.246149E-09
4.728708E-02        -1.242774E-09
4.724460E-02        -1.239449E-09
4.720216E-02        -1.236075E-09
4.715976E-02        -1.232775E-09
4.711739E-02        -1.229475E-09
4.707507E-02        -1.226176E-09
4.703278E-02        -1.222876E-09
4.699053E-02        -1.219577E-09
4.694832E-02        -1.216277E-09
4.690614E-02        -1.213002E-09
4.686401E-02        -1.209778E-09
4.682191E-02        -1.206503E-09
4.677985E-02        -1.203278E-09
4.673782E-02        -1.200003E-09
4.669584E-02        -1.196804E-09
4.665389E-02        -1.193604E-09
4.661198E-02        -1.190404E-09
4.657011E-02        -1.187205E-09
4.652827E-02        -1.184005E-09
4.648648E-02        -1.180806E-09
4.644472E-02        -1.177631E-09
4.640299E-02        -1.174506E-09
4.636131E-02        -1.171306E-09
4.631966E-02        -1.168131E-09
4.627805E-02        -1.165031E-09
4.623648E-02        -1.161907E-09
4.619495E-02        -1.158733E-09
4.615345E-02        -1.155633E-09
4.611199E-02        -1.152533E-09
4.607057E-02        -1.149434E-09
4.602918E-02        -1.146334E-09
4.598783E-02        -1.143259E-09
4.594652E-02        -1.140234E-09
4.590524E-02        -1.137134E-09
4.586401E-02        -1.134060E-09
4.582281E-02        -1.131035E-09
4.578164E-02        -1.127960E-09
4.574052E-02        -1.124961E-09
4.569943E-02        -1.121961E-09
4.565837E-02        -1.118936E-09
4.561736E-02        -1.115861E-09
4.557638E-02        -1.112886E-09
4.553544E-02        -1.109962E-09
4.549453E-02        -1.106962E-09
4.545366E-02        -1.103962E-09
4.541283E-02        -1.100963E-09
4.537204E-02        -1.097988E-09
4.533128E-02        -1.095063E-09
4.529056E-02        -1.092088E-09
4.524987E-02        -1.089188E-09
4.520922E-02        -1.086264E-09
4.516861E-02        -1.083289E-09
4.512804E-02        -1.080390E-09
4.508750E-02        -1.077490E-09
4.504699E-02        -1.074590E-09
4.500653E-02        -1.071715E-09
4.496610E-02        -1.068891E-09
4.492570E-02        -1.065991E-09
4.488535E-02        -1.063091E-09
4.484502E-02        -1.060215E-09
4.480474E-02        -1.057392E-09
4.476449E-02        -1.054516E-09
4.472428E-02        -1.051717E-09
4.468410E-02        -1.048892E-09
4.464396E-02        -1.046017E-09
4.460386E-02        -1.043218E-09
4.456379E-02        -1.040418E-09
4.452376E-02        -1.037618E-09
4.448376E-02        -1.034818E-09
4.444380E-02        -1.032043E-09
4.440387E-02        -1.029319E-09
4.436399E-02        -1.026519E-09
4.432413E-02        -1.023744E-09
4.428432E-02        -1.021020E-09
4.424454E-02        -1.018245E-09
4.420479E-02        -1.015545E-09
4.416508E-02        -1.012821E-09
4.412541E-02        -1.010045E-09
4.408577E-02        -1.007346E-09
4.404616E-02        -1.004645E-09
4.400660E-02        -1.001946E-09
4.396706E-02        -9.992483E-10
4.392757E-02        -9.965614E-10
4.388811E-02        -9.938817E-10
4.384868E-02        -9.912041E-10
4.380929E-02        -9.885368E-10
4.376994E-02        -9.858798E-10
4.373062E-02        -9.832300E-10
4.369133E-02        -9.805823E-10
4.365209E-02        -9.779455E-10
4.361287E-02        -9.753154E-10
4.357369E-02        -9.726879E-10
4.353455E-02        -9.700708E-10
4.349544E-02        -9.674633E-10
4.345637E-02        -9.648637E-10
4.341733E-02        -9.622662E-10
4.337833E-02        -9.596791E-10
4.333936E-02        -9.570992E-10
4.330043E-02        -9.545220E-10
4.326153E-02        -9.519545E-10
4.322267E-02        -9.493949E-10
4.318384E-02        -9.468374E-10
4.314505E-02        -9.442902E-10
4.310629E-02        -9.417504E-10
4.306757E-02        -9.392132E-10
4.302888E-02        -9.366857E-10
4.299023E-02        -9.341686E-10
4.295161E-02        -9.316588E-10
4.291302E-02        -9.291511E-10
4.287448E-02        -9.266519E-10
4.283596E-02        -9.241566E-10
4.279748E-02        -9.216745E-10
4.275903E-02        -9.191893E-10
4.272062E-02        -9.167196E-10
4.268225E-02        -9.142526E-10
4.264390E-02        -9.117924E-10
4.260560E-02        -9.093379E-10
4.256732E-02        -9.068953E-10
4.252909E-02        -9.044509E-10
4.249088E-02        -9.020208E-10
4.245271E-02        -8.995934E-10
4.241457E-02        -8.971734E-10
4.237647E-02        -8.947561E-10
4.233841E-02        -8.923492E-10
4.230037E-02        -8.899491E-10
4.226237E-02        -8.875516E-10
4.222441E-02        -8.851645E-10
4.218648E-02        -8.827848E-10
4.214858E-02        -8.804072E-10
4.211072E-02        -8.780400E-10
4.207289E-02        -8.756802E-10
4.203509E-02        -8.733225E-10
4.199733E-02        -8.709728E-10
4.195961E-02        -8.686258E-10
4.192191E-02        -8.662880E-10
4.188425E-02        -8.639581E-10
4.184663E-02        -8.616311E-10
4.180904E-02        -8.593137E-10
4.177148E-02        -8.570038E-10
4.173396E-02        -8.546967E-10
4.169647E-02        -8.523969E-10
4.165901E-02        -8.501017E-10
4.162159E-02        -8.478197E-10
4.158420E-02        -8.455323E-10
4.154684E-02        -8.432546E-10
4.150952E-02        -8.409873E-10
4.147223E-02        -8.387275E-10
4.143497E-02        -8.364697E-10
4.139775E-02        -8.342201E-10
4.136056E-02        -8.319725E-10
4.132341E-02        -8.297354E-10
4.128629E-02        -8.275057E-10
4.124920E-02        -8.252782E-10
4.121215E-02        -8.230587E-10
4.117512E-02        -8.208408E-10
4.113814E-02        -8.186315E-10
4.110118E-02        -8.164237E-10
4.106426E-02        -8.142264E-10
4.102737E-02        -8.120389E-10
4.099051E-02        -8.098565E-10
4.095369E-02        -8.076716E-10
4.091690E-02        -8.055017E-10
4.088015E-02        -8.033347E-10
4.084342E-02        -8.011745E-10
4.080673E-02        -7.990171E-10
4.077008E-02        -7.968677E-10
4.073345E-02        -7.947199E-10
4.069686E-02        -7.925826E-10
4.066030E-02        -7.904527E-10
4.062378E-02        -7.883233E-10
4.058728E-02        -7.861977E-10
4.055082E-02        -7.840856E-10
4.051439E-02        -7.819704E-10
4.047800E-02        -7.798708E-10
4.044164E-02        -7.777712E-10
4.040531E-02        -7.756737E-10
4.036901E-02        -7.735860E-10
4.033275E-02        -7.715065E-10
4.029652E-02        -7.694291E-10
4.026032E-02        -7.673592E-10
4.022415E-02        -7.652916E-10
4.018802E-02        -7.632343E-10
4.015192E-02        -7.611846E-10
4.011585E-02        -7.591348E-10
4.007981E-02        -7.570871E-10
4.004380E-02        -7.550493E-10
4.000783E-02        -7.530196E-10
3.997189E-02        -7.509921E-10
3.993599E-02        -7.489727E-10
3.990011E-02        -7.469550E-10
3.986427E-02        -7.449453E-10
3.982846E-02        -7.429379E-10
3.979268E-02        -7.409403E-10
3.975693E-02        -7.389480E-10
3.972122E-02        -7.369531E-10
3.968554E-02        -7.349734E-10
3.964989E-02        -7.329959E-10
3.961427E-02        -7.310260E-10
3.957868E-02        -7.290560E-10
3.954313E-02        -7.270910E-10
3.950760E-02        -7.251385E-10
3.947211E-02        -7.231810E-10
3.943666E-02        -7.212339E-10
3.940123E-02        -7.192939E-10
3.936583E-02        -7.173562E-10
3.933047E-02        -7.154265E-10
3.929514E-02        -7.134991E-10
3.925984E-02        -7.115815E-10
3.922457E-02        -7.096693E-10
3.918934E-02        -7.077544E-10
3.915413E-02        -7.058543E-10
3.911896E-02        -7.039546E-10
3.908382E-02        -7.020572E-10
3.904871E-02        -7.001673E-10
3.901363E-02        -6.982797E-10
3.897858E-02        -6.964020E-10
3.894357E-02        -6.945325E-10
3.890859E-02        -6.926628E-10
3.887363E-02        -6.907949E-10
3.883871E-02        -6.889351E-10
3.880382E-02        -6.870776E-10
3.876897E-02        -6.852305E-10
3.873414E-02        -6.833905E-10
3.869934E-02        -6.815504E-10
3.866458E-02        -6.797131E-10
3.862985E-02        -6.778835E-10
3.859514E-02        -6.760555E-10
3.856047E-02        -6.742380E-10
3.852583E-02        -6.724259E-10
3.849123E-02        -6.706110E-10
3.845665E-02        -6.688111E-10
3.842210E-02        -6.670110E-10
3.838759E-02        -6.652138E-10
3.835310E-02        -6.634236E-10
3.831865E-02        -6.616363E-10
3.828423E-02        -6.598565E-10
3.824984E-02        -6.580791E-10
3.821548E-02        -6.563093E-10
3.818115E-02        -6.545417E-10
3.814685E-02        -6.527818E-10
3.811258E-02        -6.510241E-10
3.807834E-02        -6.492741E-10
3.804414E-02        -6.475247E-10
3.800996E-02        -6.457769E-10
3.797582E-02        -6.440395E-10
3.794170E-02        -6.423094E-10
3.790762E-02        -6.405798E-10
3.787356E-02        -6.388519E-10
3.783954E-02        -6.371322E-10
3.780555E-02        -6.354147E-10
3.777159E-02        -6.337072E-10
3.773766E-02        -6.320051E-10
3.770376E-02        -6.302976E-10
3.766989E-02        -6.286000E-10
3.763605E-02        -6.269101E-10
3.760224E-02        -6.252225E-10
3.756846E-02        -6.235426E-10
3.753471E-02        -6.218627E-10
3.750099E-02        -6.201850E-10
3.746731E-02        -6.185178E-10
3.743365E-02        -6.168578E-10
3.740002E-02        -6.151979E-10
3.736642E-02        -6.135379E-10
3.733286E-02        -6.118829E-10
3.729932E-02        -6.102406E-10
3.726581E-02        -6.085929E-10
3.723234E-02        -6.069556E-10
3.719889E-02        -6.053256E-10
3.716548E-02        -6.036960E-10
3.713209E-02        -6.020683E-10
3.709873E-02        -6.004482E-10
3.706541E-02        -5.988309E-10
3.703211E-02        -5.972209E-10
3.699884E-02        -5.956132E-10
3.696561E-02        -5.940114E-10
3.693240E-02        -5.924059E-10
3.689922E-02        -5.908159E-10
3.686608E-02        -5.892264E-10
3.683296E-02        -5.876386E-10
3.679987E-02        -5.860587E-10
3.676681E-02        -5.844787E-10
3.673378E-02        -5.829010E-10
3.670079E-02        -5.813338E-10
3.666782E-02        -5.797717E-10
3.663488E-02        -5.782063E-10
3.660197E-02        -5.766542E-10
3.656909E-02        -5.750988E-10
3.653624E-02        -5.735568E-10
3.650342E-02        -5.720092E-10
3.647062E-02        -5.704689E-10
3.643786E-02        -5.689314E-10
3.640513E-02        -5.674017E-10
3.637243E-02        -5.658742E-10
3.633975E-02        -5.643541E-10
3.630711E-02        -5.628344E-10
3.627449E-02        -5.613166E-10
3.624191E-02        -5.598070E-10
3.620935E-02        -5.582970E-10
3.617682E-02        -5.567914E-10
3.614432E-02        -5.552993E-10
3.611186E-02        -5.538021E-10
3.607942E-02        -5.523122E-10
3.604700E-02        -5.508219E-10
3.601462E-02        -5.493366E-10
3.598227E-02        -5.478646E-10
3.594995E-02        -5.463871E-10
3.591765E-02        -5.449170E-10
3.588539E-02        -5.434496E-10
3.585315E-02        -5.419896E-10
3.582094E-02        -5.405296E-10
3.578876E-02        -5.390719E-10
3.575662E-02        -5.376225E-10
3.572449E-02        -5.361722E-10
3.569240E-02        -5.347246E-10
3.566034E-02        -5.332871E-10
3.562831E-02        -5.318552E-10
3.559630E-02        -5.304174E-10
3.556432E-02        -5.289895E-10
3.553238E-02        -5.275700E-10
3.550046E-02        -5.261502E-10
3.546857E-02        -5.247325E-10
3.543670E-02        -5.233223E-10
3.540487E-02        -5.219126E-10
3.537307E-02        -5.205051E-10
3.534129E-02        -5.191051E-10
3.530954E-02        -5.177051E-10
3.527782E-02        -5.163074E-10
3.524613E-02        -5.149197E-10
3.521447E-02        -5.135378E-10
3.518284E-02        -5.121503E-10
3.515123E-02        -5.107724E-10
3.511965E-02        -5.094002E-10
3.508810E-02        -5.080246E-10
3.505658E-02        -5.066626E-10
3.502509E-02        -5.052950E-10
3.499363E-02        -5.039353E-10
3.496219E-02        -5.025774E-10
3.493079E-02        -5.012278E-10
3.489941E-02        -4.998779E-10
3.486806E-02        -4.985302E-10
3.483673E-02        -4.971901E-10
3.480544E-02        -4.958504E-10
3.477417E-02        -4.945125E-10
3.474294E-02        -4.931830E-10
3.471173E-02        -4.918553E-10
3.468054E-02        -4.905329E-10
3.464939E-02        -4.892075E-10
3.461826E-02        -4.878954E-10
3.458717E-02        -4.865780E-10
3.455610E-02        -4.852703E-10
3.452505E-02        -4.839679E-10
3.449404E-02        -4.826604E-10
3.446305E-02        -4.813604E-10
3.443209E-02        -4.800626E-10
3.440116E-02        -4.787728E-10
3.437026E-02        -4.774830E-10
3.433938E-02        -4.761951E-10
3.430854E-02        -4.749156E-10
3.427772E-02        -4.736357E-10
3.424692E-02        -4.723576E-10
3.421616E-02        -4.710880E-10
3.418542E-02        -4.698201E-10
3.415471E-02        -4.685602E-10
3.412403E-02        -4.673004E-10
3.409338E-02        -4.660407E-10
3.406275E-02        -4.647828E-10
3.403215E-02        -4.635329E-10
3.400158E-02        -4.622831E-10
3.397104E-02        -4.610355E-10
3.394052E-02        -4.597955E-10
3.391003E-02        -4.585577E-10
3.387957E-02        -4.573279E-10
3.384913E-02        -4.560978E-10
3.381873E-02        -4.548683E-10
3.378835E-02        -4.536405E-10
3.375799E-02        -4.524203E-10
3.372767E-02        -4.512007E-10
3.369737E-02        -4.499828E-10
3.366710E-02        -4.487730E-10
3.363686E-02        -4.475654E-10
3.360664E-02        -4.463654E-10
3.357645E-02        -4.451655E-10
3.354629E-02        -4.439657E-10
3.351615E-02        -4.427677E-10
3.348604E-02        -4.415778E-10
3.345596E-02        -4.403879E-10
3.342591E-02        -4.392003E-10
3.339588E-02        -4.380203E-10
3.336588E-02        -4.368404E-10
3.333591E-02        -4.356628E-10
3.330596E-02        -4.344928E-10
3.327604E-02        -4.333228E-10
3.324615E-02        -4.321531E-10
3.321629E-02        -4.309855E-10
3.318645E-02        -4.298277E-10
3.315663E-02        -4.286754E-10
3.312685E-02        -4.275178E-10
3.309709E-02        -4.263678E-10
3.306736E-02        -4.252180E-10
3.303765E-02        -4.240700E-10
3.300798E-02        -4.229305E-10
3.297832E-02        -4.217924E-10
3.294870E-02        -4.206606E-10
3.291910E-02        -4.195227E-10
3.288953E-02        -4.183929E-10
3.285998E-02        -4.172649E-10
3.283047E-02        -4.161454E-10
3.280097E-02        -4.150252E-10
3.277151E-02        -4.139076E-10
3.274207E-02        -4.127956E-10
3.271266E-02        -4.116800E-10
3.268327E-02        -4.105779E-10
3.265391E-02        -4.094701E-10
3.262458E-02        -4.083682E-10
3.259527E-02        -4.072624E-10
3.256599E-02        -4.061705E-10
3.253673E-02        -4.050725E-10
3.250751E-02        -4.039829E-10
3.247830E-02        -4.028948E-10
3.244913E-02        -4.018151E-10
3.241998E-02        -4.007352E-10
3.239086E-02        -3.996554E-10
3.236176E-02        -3.985754E-10
3.233269E-02        -3.974976E-10
3.230364E-02        -3.964296E-10
3.227462E-02        -3.953676E-10
3.224563E-02        -3.942999E-10
3.221666E-02        -3.932399E-10
3.218772E-02        -3.921800E-10
3.215881E-02        -3.911224E-10
3.212992E-02        -3.900725E-10
3.210106E-02        -3.890227E-10
3.207222E-02        -3.879747E-10
3.204341E-02        -3.869328E-10
3.201462E-02        -3.858848E-10
3.198586E-02        -3.848469E-10
3.195713E-02        -3.838151E-10
3.192842E-02        -3.827772E-10
3.189974E-02        -3.817473E-10
3.187109E-02        -3.807197E-10
3.184245E-02        -3.796974E-10
3.181385E-02        -3.786697E-10
3.178527E-02        -3.776519E-10
3.175672E-02        -3.766400E-10
3.172819E-02        -3.756221E-10
3.169969E-02        -3.746123E-10
3.167121E-02        -3.736022E-10
3.164276E-02        -3.725944E-10
3.161434E-02        -3.715947E-10
3.158594E-02        -3.705948E-10
3.155756E-02        -3.695947E-10
3.152921E-02        -3.685968E-10
3.150089E-02        -3.676070E-10
3.147259E-02        -3.666170E-10
3.144432E-02        -3.656293E-10
3.141607E-02        -3.646492E-10
3.138785E-02        -3.636674E-10
3.135966E-02        -3.626818E-10
3.133149E-02        -3.617098E-10
3.130334E-02        -3.607318E-10
3.127522E-02        -3.597619E-10
3.124712E-02        -3.587939E-10
3.121905E-02        -3.578320E-10
3.119101E-02        -3.568642E-10
3.116299E-02        -3.559043E-10
3.113500E-02        -3.549466E-10
3.110703E-02        -3.539946E-10
3.107908E-02        -3.530365E-10
3.105116E-02        -3.520866E-10
3.102327E-02        -3.511368E-10
3.099540E-02        -3.501889E-10
3.096756E-02        -3.492491E-10
3.093974E-02        -3.483092E-10
3.091195E-02        -3.473714E-10
3.088418E-02        -3.464394E-10
3.085643E-02        -3.455014E-10
3.082871E-02        -3.445714E-10
3.080102E-02        -3.436437E-10
3.077335E-02        -3.427217E-10
3.074571E-02        -3.417940E-10
3.071809E-02        -3.408760E-10
3.069049E-02        -3.399639E-10
3.066292E-02        -3.390460E-10
3.063538E-02        -3.381343E-10
3.060786E-02        -3.372184E-10
3.058036E-02        -3.363163E-10
3.055289E-02        -3.354085E-10
3.052545E-02        -3.345088E-10
3.049802E-02        -3.336086E-10
3.047063E-02        -3.327089E-10
3.044326E-02        -3.318111E-10
3.041591E-02        -3.309191E-10
3.038858E-02        -3.300230E-10
3.036129E-02        -3.291413E-10
3.033401E-02        -3.282512E-10
3.030676E-02        -3.273633E-10
3.027954E-02        -3.264835E-10
3.025234E-02        -3.256036E-10
3.022516E-02        -3.247256E-10
3.019801E-02        -3.238558E-10
3.017088E-02        -3.229858E-10
3.014378E-02        -3.221159E-10
3.011670E-02        -3.212460E-10
3.008965E-02        -3.203782E-10
3.006262E-02        -3.195183E-10
3.003561E-02        -3.186582E-10
3.000863E-02        -3.178004E-10
2.998167E-02        -3.169484E-10
2.995474E-02        -3.160906E-10
2.992783E-02        -3.152406E-10
2.990094E-02        -3.143905E-10
2.987408E-02        -3.135426E-10
2.984725E-02        -3.127029E-10
2.982044E-02        -3.118630E-10
2.979365E-02        -3.110231E-10
2.976688E-02        -3.101830E-10
2.974014E-02        -3.093450E-10
2.971343E-02        -3.085153E-10
2.968674E-02        -3.076855E-10
2.966007E-02        -3.068555E-10
2.963342E-02        -3.060274E-10
2.960680E-02        -3.052075E-10
2.958021E-02        -3.043877E-10
2.955363E-02        -3.035676E-10
2.952709E-02        -3.027479E-10
2.950056E-02        -3.019298E-10
2.947406E-02        -3.011199E-10
2.944758E-02        -3.003099E-10
2.942113E-02        -2.995001E-10
2.939470E-02        -2.986921E-10
2.936829E-02        -2.978901E-10
2.934191E-02        -2.970822E-10
2.931555E-02        -2.962842E-10
2.928922E-02        -2.954925E-10
2.926291E-02        -2.946946E-10
2.923662E-02        -2.939026E-10
2.921036E-02        -2.931047E-10
2.918412E-02        -2.923168E-10
2.915790E-02        -2.915348E-10
2.913171E-02        -2.907469E-10
2.910554E-02        -2.899670E-10
2.907939E-02        -2.891870E-10
2.905327E-02        -2.884071E-10
2.902717E-02        -2.876272E-10
2.900110E-02        -2.868494E-10
2.897504E-02        -2.860792E-10
2.894901E-02        -2.853092E-10
2.892301E-02        -2.845414E-10
2.889703E-02        -2.837796E-10
2.887107E-02        -2.830116E-10
2.884513E-02        -2.822515E-10
2.881922E-02        -2.814917E-10
2.879333E-02        -2.807317E-10
2.876747E-02        -2.799739E-10
2.874162E-02        -2.792238E-10
2.871581E-02        -2.784741E-10
2.869001E-02        -2.777240E-10
2.866424E-02        -2.769742E-10
2.863849E-02        -2.762262E-10
2.861276E-02        -2.754862E-10
2.858706E-02        -2.747463E-10
2.856138E-02        -2.740064E-10
2.853572E-02        -2.732664E-10
2.851009E-02        -2.725285E-10
2.848448E-02        -2.717967E-10
2.845889E-02        -2.710587E-10
2.843332E-02        -2.703305E-10
2.840778E-02        -2.696087E-10
2.838226E-02        -2.688807E-10
2.835676E-02        -2.681587E-10
2.833129E-02        -2.674308E-10
2.830584E-02        -2.667109E-10
2.828041E-02        -2.659929E-10
2.825501E-02        -2.652811E-10
2.822963E-02        -2.645632E-10
2.820427E-02        -2.638532E-10
2.817893E-02        -2.631432E-10
2.815362E-02        -2.624334E-10
2.812833E-02        -2.617254E-10
2.810306E-02        -2.610254E-10
2.807781E-02        -2.603234E-10
2.805259E-02        -2.596155E-10
2.802739E-02        -2.589175E-10
2.800221E-02        -2.582256E-10
2.797706E-02        -2.575277E-10
2.795193E-02        -2.568359E-10
2.792682E-02        -2.561398E-10
2.790173E-02        -2.554579E-10
2.787666E-02        -2.547678E-10
2.785162E-02        -2.540798E-10
2.782660E-02        -2.533980E-10
2.780161E-02        -2.527102E-10
2.777663E-02        -2.520301E-10
2.775168E-02        -2.513521E-10
2.772675E-02        -2.506803E-10
2.770184E-02        -2.500022E-10
2.767696E-02        -2.493305E-10
2.765209E-02        -2.486522E-10
2.762725E-02        -2.479842E-10
2.760244E-02        -2.473226E-10
2.757764E-02        -2.466545E-10
2.755287E-02        -2.459927E-10
2.752812E-02        -2.453247E-10
2.750339E-02        -2.446647E-10
2.747868E-02        -2.440066E-10
2.745400E-02        -2.433549E-10
2.742933E-02        -2.426967E-10
2.740469E-02        -2.420448E-10
2.738007E-02        -2.413868E-10
2.735548E-02        -2.407370E-10
2.733090E-02        -2.400888E-10
2.730635E-02        -2.394470E-10
2.728182E-02        -2.387989E-10
2.725732E-02        -2.381592E-10
2.723283E-02        -2.375192E-10
2.720837E-02        -2.368793E-10
2.718392E-02        -2.362392E-10
2.715950E-02        -2.356011E-10
2.713511E-02        -2.349714E-10
2.711073E-02        -2.343413E-10
2.708638E-02        -2.337096E-10
2.706205E-02        -2.330735E-10
2.703773E-02        -2.324514E-10
2.701345E-02        -2.318236E-10
2.698918E-02        -2.312017E-10
2.696493E-02        -2.305735E-10
2.694071E-02        -2.299536E-10
2.691651E-02        -2.293337E-10
2.689233E-02        -2.287157E-10
2.686817E-02        -2.281038E-10
2.684404E-02        -2.274859E-10
2.681992E-02        -2.268758E-10
2.679583E-02        -2.262659E-10
2.677176E-02        -2.256560E-10
2.674771E-02        -2.250479E-10
2.672368E-02        -2.244461E-10
2.669968E-02        -2.238382E-10
2.667569E-02        -2.232381E-10
2.665173E-02        -2.226382E-10
2.662779E-02        -2.220383E-10
2.660387E-02        -2.214384E-10
2.657997E-02        -2.208403E-10
2.655609E-02        -2.202484E-10
2.653223E-02        -2.196502E-10
2.650840E-02        -2.190604E-10
2.648459E-02        -2.184705E-10
2.646079E-02        -2.178822E-10
2.643702E-02        -2.173004E-10
2.641328E-02        -2.167126E-10
2.638955E-02        -2.161307E-10
2.636584E-02        -2.155425E-10
2.634216E-02        -2.149627E-10
2.631849E-02        -2.143845E-10
2.629485E-02        -2.138127E-10
2.627123E-02        -2.132346E-10
2.624763E-02        -2.126629E-10
2.622405E-02        -2.120847E-10
2.620049E-02        -2.115147E-10
2.617696E-02        -2.109449E-10
2.615344E-02        -2.103767E-10
2.612995E-02        -2.098150E-10
2.610648E-02        -2.092470E-10
2.608302E-02        -2.086869E-10
2.605959E-02        -2.081269E-10
2.603618E-02        -2.075670E-10
2.601279E-02        -2.070070E-10
2.598943E-02        -2.064472E-10
2.596608E-02        -2.058891E-10
2.594275E-02        -2.053390E-10
2.591945E-02        -2.047874E-10
2.589617E-02        -2.042293E-10
2.587290E-02        -2.036792E-10
2.584966E-02        -2.031312E-10
2.582644E-02        -2.025894E-10
2.580324E-02        -2.020413E-10
2.578006E-02        -2.014995E-10
2.575690E-02        -2.009514E-10
2.573376E-02        -2.004114E-10
2.571065E-02        -1.998716E-10
2.568755E-02        -1.993334E-10
2.566447E-02        -1.988015E-10
2.564142E-02        -1.982635E-10
2.561839E-02        -1.977318E-10
2.559537E-02        -1.971935E-10
2.557238E-02        -1.966637E-10
2.554941E-02        -1.961338E-10
2.552646E-02        -1.956057E-10
2.550353E-02        -1.950839E-10
2.548062E-02        -1.945558E-10
2.545773E-02        -1.940340E-10
2.543486E-02        -1.935059E-10
2.541201E-02        -1.929859E-10
2.538918E-02        -1.924677E-10
2.536637E-02        -1.919559E-10
2.534359E-02        -1.914361E-10
2.532082E-02        -1.909179E-10
2.529807E-02        -1.904060E-10
2.527535E-02        -1.898880E-10
2.525264E-02        -1.893780E-10
2.522996E-02        -1.888681E-10
2.520729E-02        -1.883598E-10
2.518465E-02        -1.878582E-10
2.516202E-02        -1.873499E-10
2.513942E-02        -1.868482E-10
2.511684E-02        -1.863401E-10
2.509428E-02        -1.858403E-10
2.507173E-02        -1.853401E-10
2.504921E-02        -1.848402E-10
2.502671E-02        -1.843421E-10
2.500423E-02        -1.838504E-10
2.498176E-02        -1.833521E-10
2.495932E-02        -1.828604E-10
2.493690E-02        -1.823623E-10
2.491450E-02        -1.818723E-10
2.489212E-02        -1.813824E-10
2.486976E-02        -1.808943E-10
2.484742E-02        -1.804125E-10
2.482510E-02        -1.799244E-10
2.480280E-02        -1.794427E-10
2.478052E-02        -1.789545E-10
2.475825E-02        -1.784744E-10
2.473601E-02        -1.779944E-10
2.471379E-02        -1.775145E-10
2.469159E-02        -1.770346E-10
2.466941E-02        -1.765564E-10
2.464725E-02        -1.760865E-10
2.462511E-02        -1.756148E-10
2.460299E-02        -1.751366E-10
2.458089E-02        -1.746667E-10
2.455881E-02        -1.741968E-10
2.453674E-02        -1.737266E-10
2.451470E-02        -1.732585E-10
2.449268E-02        -1.727968E-10
2.447068E-02        -1.723287E-10
2.444870E-02        -1.718670E-10
2.442673E-02        -1.713987E-10
2.440479E-02        -1.709388E-10
2.438287E-02        -1.704789E-10
2.436096E-02        -1.700188E-10
2.433908E-02        -1.695607E-10
2.431722E-02        -1.691090E-10
2.429537E-02        -1.686507E-10
2.427355E-02        -1.681991E-10
2.425174E-02        -1.677408E-10
2.422995E-02        -1.672908E-10
2.420819E-02        -1.668410E-10
2.418644E-02        -1.663909E-10
2.416472E-02        -1.659429E-10
2.414301E-02        -1.655011E-10
2.412132E-02        -1.650529E-10
2.409965E-02        -1.646111E-10
2.407800E-02        -1.641629E-10
2.405637E-02        -1.637230E-10
2.403476E-02        -1.632830E-10
2.401317E-02        -1.628431E-10
2.399160E-02        -1.624031E-10
2.397005E-02        -1.619650E-10
2.394852E-02        -1.615333E-10
2.392700E-02        -1.610950E-10
2.390551E-02        -1.606634E-10
2.388403E-02        -1.602250E-10
2.386258E-02        -1.597952E-10
2.384114E-02        -1.593652E-10
2.381972E-02        -1.589351E-10
2.379833E-02        -1.585071E-10
2.377695E-02        -1.580853E-10
2.375559E-02        -1.576571E-10
2.373425E-02        -1.572354E-10
2.371293E-02        -1.568072E-10
2.369163E-02        -1.563873E-10
2.367034E-02        -1.559672E-10
2.364908E-02        -1.555473E-10
2.362784E-02        -1.551274E-10
2.360661E-02        -1.547074E-10
2.358540E-02        -1.542891E-10
2.356422E-02        -1.538792E-10
2.354305E-02        -1.534675E-10
2.352190E-02        -1.530493E-10
2.350077E-02        -1.526393E-10
2.347966E-02        -1.522294E-10
2.345857E-02        -1.518195E-10
2.343749E-02        -1.514094E-10
2.341644E-02        -1.509995E-10
2.339540E-02        -1.505912E-10
2.337439E-02        -1.501896E-10
2.335339E-02        -1.497813E-10
2.333241E-02        -1.493813E-10
2.331145E-02        -1.489814E-10
2.329051E-02        -1.485814E-10
2.326959E-02        -1.481815E-10
2.324868E-02        -1.477814E-10
2.322780E-02        -1.473816E-10
2.320693E-02        -1.469832E-10
2.318609E-02        -1.465917E-10
2.316526E-02        -1.461934E-10
2.314445E-02        -1.458034E-10
2.312366E-02        -1.454118E-10
2.310289E-02        -1.450136E-10
2.308213E-02        -1.446235E-10
2.306140E-02        -1.442336E-10
2.304068E-02        -1.438453E-10
2.301998E-02        -1.434636E-10
2.299930E-02        -1.430736E-10
2.297864E-02        -1.426854E-10
2.295800E-02        -1.423055E-10
2.293738E-02        -1.419239E-10
2.291677E-02        -1.415355E-10
2.289619E-02        -1.411557E-10
2.287562E-02        -1.407757E-10
2.285507E-02        -1.403957E-10
2.283454E-02        -1.400175E-10
2.281402E-02        -1.396457E-10
2.279353E-02        -1.392675E-10
2.277305E-02        -1.388957E-10
2.275260E-02        -1.385176E-10
2.273216E-02        -1.381476E-10
2.271174E-02        -1.377777E-10
2.269134E-02        -1.374077E-10
2.267095E-02        -1.370377E-10
2.265059E-02        -1.366678E-10
2.263024E-02        -1.362978E-10
2.260991E-02        -1.359295E-10
2.258960E-02        -1.355679E-10
2.256931E-02        -1.351996E-10
2.254903E-02        -1.348379E-10
2.252877E-02        -1.344695E-10
2.250854E-02        -1.341097E-10
2.248832E-02        -1.337498E-10
2.246812E-02        -1.333898E-10
2.244793E-02        -1.330297E-10
2.242777E-02        -1.326699E-10
2.240762E-02        -1.323115E-10
2.238749E-02        -1.319599E-10
2.236738E-02        -1.316016E-10
2.234729E-02        -1.312500E-10
2.232721E-02        -1.308916E-10
2.230715E-02        -1.305416E-10
2.228712E-02        -1.301918E-10
2.226709E-02        -1.298417E-10
2.224709E-02        -1.294918E-10
2.222711E-02        -1.291419E-10
2.220714E-02        -1.287935E-10
2.218719E-02        -1.284519E-10
2.216726E-02        -1.281019E-10
2.214735E-02        -1.277537E-10
2.212745E-02        -1.274136E-10
2.210757E-02        -1.270720E-10
2.208771E-02        -1.267237E-10
2.206787E-02        -1.263837E-10
2.204805E-02        -1.260438E-10
2.202824E-02        -1.257038E-10
2.200845E-02        -1.253655E-10
2.198868E-02        -1.250338E-10
2.196893E-02        -1.246939E-10
2.194920E-02        -1.243557E-10
2.192948E-02        -1.240240E-10
2.190978E-02        -1.236857E-10
2.189010E-02        -1.233558E-10
2.187043E-02        -1.230257E-10
2.185079E-02        -1.226958E-10
2.183116E-02        -1.223659E-10
2.181155E-02        -1.220359E-10
2.179195E-02        -1.217058E-10
2.177238E-02        -1.213760E-10
2.175282E-02        -1.210476E-10
2.173328E-02        -1.207260E-10
2.171375E-02        -1.203976E-10
2.169425E-02        -1.200761E-10
2.167476E-02        -1.197477E-10
2.165529E-02        -1.194278E-10
2.163584E-02        -1.191079E-10
2.161640E-02        -1.187878E-10
2.159698E-02        -1.184678E-10
2.157758E-02        -1.181479E-10
2.155820E-02        -1.178280E-10
2.153883E-02        -1.175096E-10
2.151948E-02        -1.171979E-10
2.150015E-02        -1.168796E-10
2.148084E-02        -1.165681E-10
2.146154E-02        -1.162497E-10
2.144226E-02        -1.159397E-10
2.142300E-02        -1.156298E-10
2.140375E-02        -1.153181E-10
2.138453E-02        -1.150015E-10
2.136532E-02        -1.146999E-10
2.134612E-02        -1.143898E-10
2.132695E-02        -1.140799E-10
2.130779E-02        -1.137699E-10
2.128865E-02        -1.134616E-10
2.126953E-02        -1.131601E-10
2.125042E-02        -1.128517E-10
2.123133E-02        -1.125517E-10
2.121226E-02        -1.122501E-10
2.119320E-02        -1.119417E-10
2.117416E-02        -1.116417E-10
2.115514E-02        -1.113418E-10
2.113614E-02        -1.110419E-10
2.111715E-02        -1.107418E-10
2.109818E-02        -1.104435E-10
2.107923E-02        -1.101519E-10
2.106029E-02        -1.098519E-10
2.104137E-02        -1.095535E-10
2.102247E-02        -1.092620E-10
2.100359E-02        -1.089637E-10
2.098472E-02        -1.086737E-10
2.096587E-02        -1.083837E-10
2.094703E-02        -1.080937E-10
2.092822E-02        -1.078022E-10
2.090942E-02        -1.075054E-10
2.089063E-02        -1.072237E-10
2.087187E-02        -1.069339E-10
2.085312E-02        -1.066439E-10
2.083439E-02        -1.063556E-10
2.081567E-02        -1.060739E-10
2.079697E-02        -1.057839E-10
2.077829E-02        -1.054956E-10
2.075962E-02        -1.052156E-10
2.074097E-02        -1.049340E-10
2.072234E-02        -1.046456E-10
2.070373E-02        -1.043657E-10
2.068513E-02        -1.040857E-10
2.066655E-02        -1.038058E-10
2.064798E-02        -1.035257E-10
2.062943E-02        -1.032457E-10
2.061090E-02        -1.029674E-10
2.059239E-02        -1.026959E-10
2.057389E-02        -1.024159E-10
2.055541E-02        -1.021375E-10
2.053694E-02        -1.018659E-10
2.051849E-02        -1.015875E-10
2.050006E-02        -1.013176E-10
2.048164E-02        -1.010475E-10
2.046325E-02        -1.007761E-10
2.044486E-02        -1.004976E-10
2.042650E-02        -1.002277E-10
2.040815E-02        -9.995820E-11
2.038981E-02        -9.969097E-11
2.037150E-02        -9.942309E-11
2.035320E-02        -9.915527E-11
2.033491E-02        -9.888836E-11
2.031665E-02        -9.862250E-11
2.029840E-02        -9.835669E-11
2.028016E-02        -9.809179E-11
2.026194E-02        -9.782779E-11
2.024374E-02        -9.756399E-11
2.022556E-02        -9.730125E-11
2.020739E-02        -9.703942E-11
2.018924E-02        -9.677848E-11
2.017110E-02        -9.651761E-11
2.015298E-02        -9.625779E-11
2.013488E-02        -9.599887E-11
2.011679E-02        -9.574002E-11
2.009872E-02        -9.548221E-11
2.008066E-02        -9.522517E-11
2.006262E-02        -9.496849E-11
2.004460E-02        -9.471339E-11
2.002659E-02        -9.445768E-11
2.000860E-02        -9.420371E-11
1.999063E-02        -9.394994E-11
1.997267E-02        -9.369709E-11
1.995473E-02        -9.344514E-11
1.993680E-02        -9.319326E-11
1.991890E-02        -9.294257E-11
1.990100E-02        -9.269251E-11
1.988312E-02        -9.244265E-11
1.986526E-02        -9.219369E-11
1.984742E-02        -9.194510E-11
1.982959E-02        -9.169811E-11
1.981178E-02        -9.145118E-11
1.979398E-02        -9.120448E-11
1.977620E-02        -9.095952E-11
1.975843E-02        -9.071448E-11
1.974068E-02        -9.046965E-11
1.972295E-02        -9.022587E-11
1.970523E-02        -8.998301E-11
1.968753E-02        -8.974106E-11
1.966984E-02        -8.949917E-11
1.965217E-02        -8.925835E-11
1.963452E-02        -8.901842E-11
1.961688E-02        -8.877857E-11
1.959926E-02        -8.853963E-11
1.958165E-02        -8.830075E-11
1.956406E-02        -8.806293E-11
1.954649E-02        -8.782602E-11
1.952893E-02        -8.758933E-11
1.951139E-02        -8.735425E-11
1.949386E-02        -8.711854E-11
1.947635E-02        -8.688459E-11
1.945885E-02        -8.665055E-11
1.944137E-02        -8.641673E-11
1.942391E-02        -8.618397E-11
1.940646E-02        -8.595212E-11
1.938903E-02        -8.572119E-11
1.937161E-02        -8.549018E-11
1.935421E-02        -8.525953E-11
1.933682E-02        -8.503050E-11
1.931945E-02        -8.480153E-11
1.930209E-02        -8.457264E-11
1.928475E-02        -8.434480E-11
1.926743E-02        -8.411803E-11
1.925012E-02        -8.389203E-11
1.923283E-02        -8.366608E-11
1.921555E-02        -8.344022E-11
1.919829E-02        -8.321541E-11
1.918105E-02        -8.299166E-11
1.916381E-02        -8.276857E-11
1.914660E-02        -8.254565E-11
1.912940E-02        -8.232297E-11
1.911222E-02        -8.210190E-11
1.909505E-02        -8.188020E-11
1.907789E-02        -8.166014E-11
1.906076E-02        -8.144027E-11
1.904363E-02        -8.122049E-11
1.902653E-02        -8.100246E-11
1.900943E-02        -8.078367E-11
1.899236E-02        -8.056678E-11
1.897530E-02        -8.034981E-11
1.895825E-02        -8.013293E-11
1.894122E-02        -7.991710E-11
1.892420E-02        -7.970207E-11
1.890720E-02        -7.948723E-11
1.889022E-02        -7.927346E-11
1.887325E-02        -7.906048E-11
1.885630E-02        -7.884755E-11
1.883936E-02        -7.863470E-11
1.882243E-02        -7.842279E-11
1.880553E-02        -7.821207E-11
1.878863E-02        -7.800186E-11
1.877175E-02        -7.779115E-11
1.875489E-02        -7.758221E-11
1.873804E-02        -7.737320E-11
1.872121E-02        -7.716455E-11
1.870439E-02        -7.695740E-11
1.868759E-02        -7.674974E-11
1.867080E-02        -7.654358E-11
1.865403E-02        -7.633692E-11
1.863727E-02        -7.613191E-11
1.862053E-02        -7.592696E-11
1.860380E-02        -7.572209E-11
1.858709E-02        -7.551828E-11
1.857040E-02        -7.531539E-11
1.855371E-02        -7.511231E-11
1.853705E-02        -7.490971E-11
1.852039E-02        -7.470849E-11
1.850376E-02        -7.450689E-11
1.848713E-02        -7.430681E-11
1.847053E-02        -7.410692E-11
1.845393E-02        -7.390700E-11
1.843736E-02        -7.370811E-11
1.842079E-02        -7.350918E-11
1.840425E-02        -7.331144E-11
1.838771E-02        -7.311437E-11
1.837120E-02        -7.291749E-11
1.835469E-02        -7.272057E-11
1.833820E-02        -7.252471E-11
1.832173E-02        -7.232978E-11
1.830527E-02        -7.213492E-11
1.828883E-02        -7.194099E-11
1.827240E-02        -7.174714E-11
1.825599E-02        -7.155421E-11
1.823959E-02        -7.136137E-11
1.822320E-02        -7.116933E-11
1.820683E-02        -7.097750E-11
1.819047E-02        -7.078647E-11
1.817413E-02        -7.059564E-11
1.815781E-02        -7.040573E-11
1.814150E-02        -7.021591E-11
1.812520E-02        -7.002703E-11
1.810892E-02        -6.983893E-11
1.809265E-02        -6.965021E-11
1.807640E-02        -6.946326E-11
1.806016E-02        -6.927626E-11
1.804394E-02        -6.908947E-11
1.802773E-02        -6.890347E-11
1.801153E-02        -6.871757E-11
1.799535E-02        -6.853274E-11
1.797919E-02        -6.834882E-11
1.796303E-02        -6.816473E-11
1.794690E-02        -6.798097E-11
1.793078E-02        -6.779801E-11
1.791467E-02        -6.761514E-11
1.789858E-02        -6.743319E-11
1.788250E-02        -6.725134E-11
1.786643E-02        -6.707029E-11
1.785038E-02        -6.688945E-11
1.783435E-02        -6.670966E-11
1.781833E-02        -6.653055E-11
1.780232E-02        -6.635081E-11
1.778633E-02        -6.617271E-11
1.777035E-02        -6.599399E-11
1.775439E-02        -6.581690E-11
1.773844E-02        -6.563905E-11
1.772250E-02        -6.546215E-11
1.770658E-02        -6.528617E-11
1.769068E-02        -6.511040E-11
1.767479E-02        -6.493544E-11
1.765891E-02        -6.476043E-11
1.764304E-02        -6.458551E-11
1.762720E-02        -6.441177E-11
1.761136E-02        -6.423873E-11
1.759554E-02        -6.406575E-11
1.757973E-02        -6.389287E-11
1.756394E-02        -6.372105E-11
1.754816E-02        -6.354990E-11
1.753240E-02        -6.337824E-11
1.751665E-02        -6.320812E-11
1.750091E-02        -6.303736E-11
1.748519E-02        -6.286825E-11
1.746949E-02        -6.269849E-11
1.745379E-02        -6.252957E-11
1.743811E-02        -6.236158E-11
1.742245E-02        -6.219365E-11
1.740680E-02        -6.202581E-11
1.739116E-02        -6.185893E-11
1.737554E-02        -6.169284E-11
1.735993E-02        -6.152612E-11
1.734434E-02        -6.136105E-11
1.732875E-02        -6.119524E-11
1.731319E-02        -6.103119E-11
1.729764E-02        -6.086638E-11
1.728210E-02        -6.070252E-11
1.726657E-02        -6.053948E-11
1.725106E-02        -6.037650E-11
1.723556E-02        -6.021363E-11
1.722008E-02        -6.005167E-11
1.720461E-02        -5.988982E-11
1.718916E-02        -5.972889E-11
1.717372E-02        -5.956792E-11
1.715829E-02        -5.940704E-11
1.714287E-02        -5.924713E-11
1.712747E-02        -5.908814E-11
1.711209E-02        -5.892922E-11
1.709672E-02        -5.877026E-11
1.708136E-02        -5.861153E-11
1.706601E-02        -5.845435E-11
1.705068E-02        -5.829651E-11
1.703537E-02        -5.813960E-11
1.702006E-02        -5.798268E-11
1.700477E-02        -5.782669E-11
1.698950E-02        -5.767090E-11
1.697424E-02        -5.751593E-11
1.695899E-02        -5.736107E-11
1.694375E-02        -5.720703E-11
1.692853E-02        -5.705305E-11
1.691333E-02        -5.689927E-11
1.689813E-02        -5.674622E-11
1.688295E-02        -5.659324E-11
1.686779E-02        -5.644045E-11
1.685263E-02        -5.628853E-11
1.683749E-02        -5.613740E-11
1.682237E-02        -5.598574E-11
1.680726E-02        -5.583564E-11
1.679216E-02        -5.568477E-11
1.677707E-02        -5.553473E-11
1.676200E-02        -5.538489E-11
1.674695E-02        -5.523611E-11
1.673190E-02        -5.508794E-11
1.671687E-02        -5.493909E-11
1.670185E-02        -5.479121E-11
1.668685E-02        -5.464413E-11
1.667186E-02        -5.449641E-11
1.665688E-02        -5.435026E-11
1.664192E-02        -5.420344E-11
1.662697E-02        -5.405758E-11
1.661203E-02        -5.391243E-11
1.659711E-02        -5.376674E-11
1.658220E-02        -5.362261E-11
1.656731E-02        -5.347782E-11
1.655242E-02        -5.333376E-11
1.653755E-02        -5.318990E-11
1.652270E-02        -5.304698E-11
1.650786E-02        -5.290415E-11
1.649303E-02        -5.276202E-11
1.647821E-02        -5.261926E-11
1.646341E-02        -5.247817E-11
1.644862E-02        -5.233631E-11
1.643384E-02        -5.219542E-11
1.641908E-02        -5.205546E-11
1.640433E-02        -5.191547E-11
1.638959E-02        -5.177545E-11
1.637487E-02        -5.163562E-11
1.636016E-02        -5.149663E-11
1.634546E-02        -5.135775E-11
1.633078E-02        -5.121979E-11
1.631611E-02        -5.108181E-11
1.630145E-02        -5.094393E-11
1.628681E-02        -5.080698E-11
1.627218E-02        -5.067013E-11
1.625756E-02        -5.053412E-11
1.624296E-02        -5.039817E-11
1.622837E-02        -5.026233E-11
1.621379E-02        -5.012733E-11
1.619922E-02        -4.999230E-11
1.618467E-02        -4.985746E-11
1.617013E-02        -4.972346E-11
1.615561E-02        -4.958953E-11
1.614109E-02        -4.945561E-11
1.612659E-02        -4.932262E-11
1.611211E-02        -4.918970E-11
1.609763E-02        -4.905678E-11
1.608317E-02        -4.892493E-11
1.606872E-02        -4.879380E-11
1.605429E-02        -4.866198E-11
1.603987E-02        -4.853101E-11
1.602546E-02        -4.840014E-11
1.601106E-02        -4.827012E-11
1.599668E-02        -4.814016E-11
1.598231E-02        -4.801030E-11
1.596795E-02        -4.788129E-11
1.595361E-02        -4.775234E-11
1.593928E-02        -4.762350E-11
1.592496E-02        -4.749550E-11
1.591065E-02        -4.736760E-11
1.589636E-02        -4.724051E-11
1.588208E-02        -4.711265E-11
1.586781E-02        -4.698577E-11
1.585356E-02        -4.685982E-11
1.583932E-02        -4.673384E-11
1.582509E-02        -4.660784E-11
1.581087E-02        -4.648195E-11
1.579667E-02        -4.635699E-11
1.578248E-02        -4.623213E-11
1.576830E-02        -4.610800E-11
1.575414E-02        -4.598318E-11
1.573998E-02        -4.585925E-11
1.572584E-02        -4.573626E-11
1.571172E-02        -4.561333E-11
1.569760E-02        -4.549029E-11
1.568350E-02        -4.536744E-11
1.566941E-02        -4.524545E-11
1.565534E-02        -4.512364E-11
1.564127E-02        -4.500247E-11
1.562722E-02        -4.488061E-11
1.561319E-02        -4.475982E-11
1.559916E-02        -4.463980E-11
1.558515E-02        -4.451983E-11
1.557115E-02        -4.439985E-11
1.555716E-02        -4.427997E-11
1.554318E-02        -4.416094E-11
1.552922E-02        -4.404197E-11
1.551527E-02        -4.392311E-11
1.550133E-02        -4.380510E-11
1.548741E-02        -4.368716E-11
1.547349E-02        -4.356923E-11
1.545959E-02        -4.345225E-11
1.544571E-02        -4.333532E-11
1.543183E-02        -4.321842E-11
1.541797E-02        -4.310245E-11
1.540412E-02        -4.298647E-11
1.539028E-02        -4.287046E-11
1.537646E-02        -4.275464E-11
1.536264E-02        -4.263959E-11
1.534884E-02        -4.252473E-11
1.533505E-02        -4.241073E-11
1.532128E-02        -4.229679E-11
1.530752E-02        -4.218283E-11
1.529376E-02        -4.206889E-11
1.528003E-02        -4.195597E-11
1.526630E-02        -4.184295E-11
1.525259E-02        -4.173012E-11
1.523888E-02        -4.161794E-11
1.522519E-02        -4.150519E-11
1.521152E-02        -4.139414E-11
1.519785E-02        -4.128223E-11
1.518420E-02        -4.117126E-11
1.517056E-02        -4.106027E-11
1.515693E-02        -4.094939E-11
1.514332E-02        -4.083945E-11
1.512971E-02        -4.072941E-11
1.511612E-02        -4.061955E-11
1.510254E-02        -4.051056E-11
1.508898E-02        -4.040162E-11
1.507542E-02        -4.029259E-11
1.506188E-02        -4.018374E-11
1.504835E-02        -4.007576E-11
1.503483E-02        -3.996788E-11
1.502132E-02        -3.986073E-11
1.500783E-02        -3.975290E-11
1.499435E-02        -3.964592E-11
1.498088E-02        -3.953905E-11
1.496742E-02        -3.943304E-11
1.495398E-02        -3.932710E-11
1.494054E-02        -3.922105E-11
1.492712E-02        -3.911520E-11
1.491371E-02        -3.901020E-11
1.490031E-02        -3.890519E-11
1.488693E-02        -3.880024E-11
1.487356E-02        -3.869540E-11
1.486020E-02        -3.859142E-11
1.484685E-02        -3.848754E-11
1.483351E-02        -3.838441E-11
1.482018E-02        -3.828050E-11
1.480687E-02        -3.817754E-11
1.479357E-02        -3.807468E-11
1.478028E-02        -3.797256E-11
1.476700E-02        -3.786968E-11
1.475374E-02        -3.776773E-11
1.474048E-02        -3.766581E-11
1.472724E-02        -3.756483E-11
1.471401E-02        -3.746384E-11
1.470079E-02        -3.736283E-11
1.468759E-02        -3.726201E-11
1.467439E-02        -3.716197E-11
1.466121E-02        -3.706200E-11
1.464804E-02        -3.696201E-11
1.463488E-02        -3.686213E-11
1.462174E-02        -3.676319E-11
1.460860E-02        -3.666416E-11
1.459548E-02        -3.656532E-11
1.458237E-02        -3.646734E-11
1.456927E-02        -3.636934E-11
1.455618E-02        -3.627134E-11
1.454310E-02        -3.617332E-11
1.453004E-02        -3.607548E-11
1.451699E-02        -3.597851E-11
1.450395E-02        -3.588164E-11
1.449092E-02        -3.578553E-11
1.447790E-02        -3.568864E-11
1.446489E-02        -3.559261E-11
1.445190E-02        -3.549677E-11
1.443892E-02        -3.540168E-11
1.442595E-02        -3.530581E-11
1.441299E-02        -3.521082E-11
1.440004E-02        -3.511592E-11
1.438710E-02        -3.502178E-11
1.437418E-02        -3.492694E-11
1.436127E-02        -3.483309E-11
1.434837E-02        -3.473999E-11
1.433548E-02        -3.464611E-11
1.432260E-02        -3.455310E-11
1.430973E-02        -3.446008E-11
1.429688E-02        -3.436713E-11
1.428404E-02        -3.427428E-11
1.427120E-02        -3.418222E-11
1.425838E-02        -3.409023E-11
1.424558E-02        -3.399830E-11
1.423278E-02        -3.390641E-11
1.421999E-02        -3.381539E-11
1.420722E-02        -3.372442E-11
1.419446E-02        -3.363357E-11
1.418170E-02        -3.354340E-11
1.416897E-02        -3.345259E-11
1.415624E-02        -3.336259E-11
1.414352E-02        -3.327269E-11
1.413081E-02        -3.318355E-11
1.411812E-02        -3.309370E-11
1.410544E-02        -3.300473E-11
1.409277E-02        -3.291575E-11
1.408011E-02        -3.282687E-11
1.406746E-02        -3.273887E-11
1.405482E-02        -3.265085E-11
1.404220E-02        -3.256290E-11
1.402958E-02        -3.247499E-11
1.401698E-02        -3.238802E-11
1.400439E-02        -3.230092E-11
1.399181E-02        -3.221316E-11
1.397924E-02        -3.212705E-11
1.396668E-02        -3.204016E-11
1.395413E-02        -3.195414E-11
1.394160E-02        -3.186819E-11
1.392907E-02        -3.178215E-11
1.391656E-02        -3.169629E-11
1.390406E-02        -3.161131E-11
1.389157E-02        -3.152632E-11
1.387909E-02        -3.144132E-11
1.386662E-02        -3.135643E-11
1.385417E-02        -3.127249E-11
1.384172E-02        -3.118846E-11
1.382929E-02        -3.110450E-11
1.381686E-02        -3.102046E-11
1.380445E-02        -3.093660E-11
1.379205E-02        -3.085361E-11
1.377966E-02        -3.077062E-11
1.376728E-02        -3.068761E-11
1.375492E-02        -3.060478E-11
1.374256E-02        -3.052277E-11
1.373021E-02        -3.044074E-11
1.371788E-02        -3.035878E-11
1.370556E-02        -3.027681E-11
1.369325E-02        -3.019494E-11
1.368094E-02        -3.011389E-11
1.366865E-02        -3.003289E-11
1.365638E-02        -2.995196E-11
1.364411E-02        -2.987106E-11
1.363185E-02        -2.979094E-11
1.361961E-02        -2.971021E-11
1.360737E-02        -2.963107E-11
1.359515E-02        -2.955110E-11
1.358293E-02        -2.947117E-11
1.357073E-02        -2.939219E-11
1.355854E-02        -2.931321E-11
1.354636E-02        -2.923421E-11
1.353419E-02        -2.915521E-11
1.352204E-02        -2.907639E-11
1.350989E-02        -2.899837E-11
1.349775E-02        -2.892036E-11
1.348563E-02        -2.884240E-11
1.347351E-02        -2.876448E-11
1.346141E-02        -2.868751E-11
1.344932E-02        -2.861042E-11
1.343723E-02        -2.853260E-11
1.342516E-02        -2.845650E-11
1.341310E-02        -2.837962E-11
1.340105E-02        -2.830351E-11
1.338902E-02        -2.822668E-11
1.337699E-02        -2.815068E-11
1.336497E-02        -2.807477E-11
1.335297E-02        -2.799971E-11
1.334097E-02        -2.792380E-11
1.332899E-02        -2.784883E-11
1.331701E-02        -2.777380E-11
1.330505E-02        -2.769893E-11
1.329310E-02        -2.762484E-11
1.328116E-02        -2.754997E-11
1.326923E-02        -2.747598E-11
1.325731E-02        -2.740199E-11
1.324540E-02        -2.732810E-11
1.323350E-02        -2.725499E-11
1.322161E-02        -2.718109E-11
1.320973E-02        -2.710808E-11
1.319787E-02        -2.703513E-11
1.318601E-02        -2.696222E-11
1.317417E-02        -2.689015E-11
1.316233E-02        -2.681723E-11
1.315051E-02        -2.674526E-11
1.313869E-02        -2.667323E-11
1.312689E-02        -2.660125E-11
1.311510E-02        -2.652938E-11
1.310332E-02        -2.645840E-11
1.309155E-02        -2.638741E-11
1.307979E-02        -2.631642E-11
1.306804E-02        -2.624542E-11
1.305630E-02        -2.617453E-11
1.304457E-02        -2.610443E-11
1.303285E-02        -2.603353E-11
1.302114E-02        -2.596352E-11
1.300945E-02        -2.589357E-11
1.299776E-02        -2.582366E-11
1.298608E-02        -2.575454E-11
1.297442E-02        -2.568469E-11
1.296276E-02        -2.561567E-11
1.295112E-02        -2.554681E-11
1.293948E-02        -2.547867E-11
1.292786E-02        -2.540970E-11
1.291625E-02        -2.534083E-11
1.290464E-02        -2.527280E-11
1.289305E-02        -2.520482E-11
1.288147E-02        -2.513694E-11
1.286990E-02        -2.506986E-11
1.285834E-02        -2.500197E-11
1.284678E-02        -2.493482E-11
1.283524E-02        -2.486694E-11
1.282371E-02        -2.480005E-11
1.281219E-02        -2.473395E-11
1.280069E-02        -2.466712E-11
1.278919E-02        -2.460101E-11
1.277770E-02        -2.453412E-11
1.276622E-02        -2.446811E-11
1.275475E-02        -2.440221E-11
1.274329E-02        -2.433710E-11
1.273185E-02        -2.427126E-11
1.272041E-02        -2.420614E-11
1.270898E-02        -2.414024E-11
1.269756E-02        -2.407533E-11
1.268616E-02        -2.401127E-11
1.267476E-02        -2.394625E-11
1.266338E-02        -2.388140E-11
1.265200E-02        -2.381738E-11
1.264063E-02        -2.375336E-11
1.262928E-02        -2.368940E-11
1.261793E-02        -2.362537E-11
1.260660E-02        -2.356151E-11
1.259528E-02        -2.349854E-11
1.258396E-02        -2.343552E-11
1.257266E-02        -2.337255E-11
1.256136E-02        -2.330952E-11
1.255008E-02        -2.324655E-11
1.253880E-02        -2.318363E-11
1.252754E-02        -2.312166E-11
1.251629E-02        -2.305958E-11
1.250504E-02        -2.299676E-11
1.249381E-02        -2.293568E-11
1.248259E-02        -2.287370E-11
1.247137E-02        -2.281177E-11
1.246017E-02        -2.275070E-11
1.244898E-02        -2.268882E-11
1.243779E-02        -2.262779E-11
1.242662E-02        -2.256691E-11
1.241546E-02        -2.250684E-11
1.240430E-02        -2.244580E-11
1.239316E-02        -2.238493E-11
1.238203E-02        -2.232495E-11
1.237091E-02        -2.226497E-11
1.235979E-02        -2.220494E-11
1.234869E-02        -2.214506E-11
1.233760E-02        -2.208598E-11
1.232651E-02        -2.202605E-11
1.231544E-02        -2.196708E-11
1.230438E-02        -2.190810E-11
1.229332E-02        -2.184907E-11
1.228228E-02        -2.179009E-11
1.227125E-02        -2.173112E-11
1.226022E-02        -2.167219E-11
1.224921E-02        -2.161421E-11
1.223821E-02        -2.155624E-11
1.222721E-02        -2.149821E-11
1.221623E-02        -2.144024E-11
1.220525E-02        -2.138231E-11
1.219429E-02        -2.132524E-11
1.218334E-02        -2.126737E-11
1.217239E-02        -2.121034E-11
1.216146E-02        -2.115337E-11
1.215053E-02        -2.109635E-11
1.213962E-02        -2.103938E-11
1.212871E-02        -2.098246E-11
1.211782E-02        -2.092640E-11
1.210693E-02        -2.086948E-11
1.209605E-02        -2.081346E-11
1.208519E-02        -2.075750E-11
1.207433E-02        -2.070159E-11
1.206349E-02        -2.064653E-11
1.205265E-02        -2.059052E-11
1.204182E-02        -2.053460E-11
1.203100E-02        -2.047960E-11
1.202020E-02        -2.042464E-11
1.200940E-02        -2.036964E-11
1.199861E-02        -2.031463E-11
1.198783E-02        -2.025973E-11
1.197706E-02        -2.020563E-11
1.196630E-02        -2.015073E-11
1.195555E-02        -2.009673E-11
1.194481E-02        -2.004274E-11
1.193408E-02        -1.998874E-11
1.192336E-02        -1.993475E-11
1.191265E-02        -1.988086E-11
1.190195E-02        -1.982787E-11
1.189126E-02        -1.977479E-11
1.188058E-02        -1.972090E-11
1.186991E-02        -1.966792E-11
1.185924E-02        -1.961489E-11
1.184859E-02        -1.956201E-11
1.183795E-02        -1.950993E-11
1.182731E-02        -1.945701E-11
1.181669E-02        -1.940494E-11
1.180607E-02        -1.935202E-11
1.179547E-02        -1.930005E-11
1.178487E-02        -1.924803E-11
1.177428E-02        -1.919612E-11
1.176371E-02        -1.914506E-11
1.175314E-02        -1.909315E-11
1.174258E-02        -1.904205E-11
1.173203E-02        -1.899014E-11
1.172149E-02        -1.893914E-11
1.171096E-02        -1.888815E-11
1.170044E-02        -1.883725E-11
1.168993E-02        -1.878716E-11
1.167943E-02        -1.873627E-11
1.166894E-02        -1.868619E-11
1.165846E-02        -1.863530E-11
1.164798E-02        -1.858527E-11
1.163752E-02        -1.853529E-11
1.162707E-02        -1.848532E-11
1.161662E-02        -1.843539E-11
1.160619E-02        -1.838633E-11
1.159576E-02        -1.833641E-11
1.158534E-02        -1.828730E-11
1.157494E-02        -1.823744E-11
1.156454E-02        -1.818843E-11
1.155415E-02        -1.813952E-11
1.154377E-02        -1.809143E-11
1.153340E-02        -1.804244E-11
1.152304E-02        -1.799354E-11
1.151269E-02        -1.794545E-11
1.150235E-02        -1.789656E-11
1.149201E-02        -1.784853E-11
1.148169E-02        -1.780055E-11
1.147138E-02        -1.775258E-11
1.146107E-02        -1.770465E-11
1.145078E-02        -1.765759E-11
1.144049E-02        -1.760967E-11
1.143021E-02        -1.756257E-11
1.141994E-02        -1.751466E-11
1.140969E-02        -1.746770E-11
1.139944E-02        -1.742070E-11
1.138920E-02        -1.737371E-11
1.137896E-02        -1.732677E-11
1.136874E-02        -1.728069E-11
1.135853E-02        -1.723380E-11
1.134833E-02        -1.718782E-11
1.133813E-02        -1.714170E-11
1.132795E-02        -1.709482E-11
1.131777E-02        -1.704881E-11
1.130760E-02        -1.700280E-11
1.129745E-02        -1.695693E-11
1.128730E-02        -1.691184E-11
1.127716E-02        -1.686593E-11
1.126703E-02        -1.682094E-11
1.125691E-02        -1.677586E-11
1.124679E-02        -1.672992E-11
1.123669E-02        -1.668494E-11
1.122660E-02        -1.664005E-11
1.121651E-02        -1.659594E-11
1.120644E-02        -1.655098E-11
1.119637E-02        -1.650606E-11
1.118631E-02        -1.646196E-11
1.117626E-02        -1.641705E-11
1.116622E-02        -1.637305E-11
1.115619E-02        -1.632906E-11
1.114617E-02        -1.628507E-11
1.113616E-02        -1.624118E-11
1.112615E-02        -1.619807E-11
1.111616E-02        -1.615409E-11
1.110617E-02        -1.611017E-11
1.109620E-02        -1.606720E-11
1.108623E-02        -1.602420E-11
1.107627E-02        -1.598120E-11
1.106632E-02        -1.593820E-11
1.105638E-02        -1.589521E-11
1.104645E-02        -1.585222E-11
1.103652E-02        -1.580920E-11
1.102661E-02        -1.576631E-11
1.101670E-02        -1.572429E-11
1.100681E-02        -1.568233E-11
1.099692E-02        -1.564023E-11
1.098704E-02        -1.559732E-11
1.097717E-02        -1.555532E-11
1.096731E-02        -1.551342E-11
1.095746E-02        -1.547234E-11
1.094761E-02        -1.543032E-11
1.093778E-02        -1.538843E-11
1.092795E-02        -1.534741E-11
1.091814E-02        -1.530636E-11
1.090833E-02        -1.526444E-11
1.089853E-02        -1.522344E-11
1.088874E-02        -1.518245E-11
1.087896E-02        -1.514155E-11
1.086918E-02        -1.510143E-11
1.085942E-02        -1.506045E-11
1.084967E-02        -1.501957E-11
1.083992E-02        -1.497955E-11
1.083018E-02        -1.493946E-11
1.082045E-02        -1.489855E-11
1.081073E-02        -1.485855E-11
1.080102E-02        -1.481856E-11
1.079132E-02        -1.477866E-11
1.078162E-02        -1.473956E-11
1.077194E-02        -1.469958E-11
1.076226E-02        -1.465966E-11
1.075259E-02        -1.462057E-11
1.074294E-02        -1.458070E-11
1.073328E-02        -1.454166E-11
1.072364E-02        -1.450267E-11
1.071401E-02        -1.446369E-11
1.070439E-02        -1.442471E-11
1.069477E-02        -1.438570E-11
1.068516E-02        -1.434678E-11
1.067556E-02        -1.430869E-11
1.066597E-02        -1.426978E-11
1.065639E-02        -1.423170E-11
1.064682E-02        -1.419280E-11
1.063725E-02        -1.415478E-11
1.062770E-02        -1.411681E-11
1.061815E-02        -1.407880E-11
1.060861E-02        -1.404080E-11
1.059908E-02        -1.400280E-11
1.058956E-02        -1.396490E-11
1.058005E-02        -1.392783E-11
1.057055E-02        -1.388993E-11
1.056105E-02        -1.385292E-11
1.055156E-02        -1.381583E-11
1.054208E-02        -1.377791E-11
1.053261E-02        -1.374091E-11
1.052315E-02        -1.370392E-11
1.051370E-02        -1.366702E-11
1.050425E-02        -1.363092E-11
1.049482E-02        -1.359395E-11
1.048539E-02        -1.355703E-11
1.047597E-02        -1.352094E-11
1.046656E-02        -1.348403E-11
1.045716E-02        -1.344805E-11
1.044776E-02        -1.341203E-11
1.043838E-02        -1.337605E-11
1.042900E-02        -1.334004E-11
1.041963E-02        -1.330404E-11
1.041027E-02        -1.326804E-11
1.040092E-02        -1.323205E-11
1.039158E-02        -1.319615E-11
1.038224E-02        -1.316106E-11
1.037292E-02        -1.312517E-11
1.036360E-02        -1.309016E-11
1.035429E-02        -1.305516E-11
1.034499E-02        -1.302017E-11
1.033569E-02        -1.298515E-11
1.032641E-02        -1.295017E-11
1.031713E-02        -1.291516E-11
1.030787E-02        -1.288020E-11
1.029861E-02        -1.284528E-11
1.028935E-02        -1.281117E-11
1.028011E-02        -1.277626E-11
1.027088E-02        -1.274229E-11
1.026165E-02        -1.270820E-11
1.025243E-02        -1.267327E-11
1.024322E-02        -1.263928E-11
1.023402E-02        -1.260529E-11
1.022483E-02        -1.257130E-11
1.021564E-02        -1.253729E-11
1.020646E-02        -1.250336E-11
1.019730E-02        -1.247031E-11
1.018814E-02        -1.243640E-11
1.017898E-02        -1.240329E-11
1.016984E-02        -1.236939E-11
1.016070E-02        -1.233638E-11
1.015158E-02        -1.230341E-11
1.014246E-02        -1.227041E-11
1.013335E-02        -1.223742E-11
1.012424E-02        -1.220439E-11
1.011515E-02        -1.217142E-11
1.010606E-02        -1.213841E-11
1.009698E-02        -1.210548E-11
1.008791E-02        -1.207341E-11
1.007885E-02        -1.204050E-11
1.006980E-02        -1.200844E-11
1.006075E-02        -1.197550E-11
1.005171E-02        -1.194350E-11
1.004268E-02        -1.191150E-11
1.003366E-02        -1.187951E-11
1.002465E-02        -1.184752E-11
1.001564E-02        -1.181551E-11
1.000665E-02        -1.178354E-11
9.997657E-03        -1.175161E-11
9.988676E-03        -1.172053E-11
9.979703E-03        -1.168861E-11
9.970738E-03        -1.165754E-11
9.961781E-03        -1.162562E-11
9.952833E-03        -1.159462E-11
9.943892E-03        -1.156363E-11
9.934959E-03        -1.153263E-11
9.926034E-03        -1.150163E-11
9.917118E-03        -1.147064E-11
9.908209E-03        -1.143964E-11
9.899308E-03        -1.140864E-11
9.890415E-03        -1.137772E-11
9.881531E-03        -1.134765E-11
9.872654E-03        -1.131673E-11
9.863785E-03        -1.128665E-11
9.854924E-03        -1.125573E-11
9.846072E-03        -1.122574E-11
9.837227E-03        -1.119566E-11
9.828390E-03        -1.116474E-11
9.819561E-03        -1.113474E-11
9.810740E-03        -1.110482E-11
9.801927E-03        -1.107575E-11
9.793121E-03        -1.104575E-11
9.784324E-03        -1.101576E-11
9.775535E-03        -1.098584E-11
9.766753E-03        -1.095676E-11
9.757979E-03        -1.092684E-11
9.749214E-03        -1.089777E-11
9.740456E-03        -1.086785E-11
9.731706E-03        -1.083885E-11
9.722964E-03        -1.080985E-11
9.714229E-03        -1.078085E-11
9.705503E-03        -1.075186E-11
9.696784E-03        -1.072286E-11
9.688074E-03        -1.069386E-11
9.679371E-03        -1.066487E-11
9.670675E-03        -1.063594E-11
9.661988E-03        -1.060787E-11
9.653309E-03        -1.057895E-11
9.644637E-03        -1.055088E-11
9.635973E-03        -1.052195E-11
9.627317E-03        -1.049396E-11
9.618668E-03        -1.046588E-11
9.610028E-03        -1.043696E-11
9.601395E-03        -1.040896E-11
9.592770E-03        -1.038097E-11
9.584153E-03        -1.035297E-11
9.575543E-03        -1.032505E-11
9.566941E-03        -1.029798E-11
9.558347E-03        -1.026998E-11
9.549761E-03        -1.024205E-11
9.541182E-03        -1.021498E-11
9.532611E-03        -1.018706E-11
9.524048E-03        -1.015999E-11
9.515492E-03        -1.013206E-11
9.506944E-03        -1.010507E-11
9.498404E-03        -1.007807E-11
9.489871E-03        -1.005107E-11
9.481346E-03        -1.002405E-11
9.472829E-03        -9.996685E-12
9.464320E-03        -9.969789E-12
9.455818E-03        -9.942906E-12
9.447323E-03        -9.916206E-12
9.438837E-03        -9.889511E-12
9.430358E-03        -9.862828E-12
9.421886E-03        -9.836329E-12
9.413422E-03        -9.809838E-12
9.404966E-03        -9.783442E-12
9.396517E-03        -9.757050E-12
9.388076E-03        -9.730760E-12
9.379643E-03        -9.704571E-12
9.371217E-03        -9.678473E-12
9.362799E-03        -9.652384E-12
9.354388E-03        -9.626393E-12
9.345985E-03        -9.600496E-12
9.337589E-03        -9.574604E-12
9.329201E-03        -9.548814E-12
9.320820E-03        -9.523122E-12
9.312447E-03        -9.497525E-12
9.304082E-03        -9.471936E-12
9.295724E-03        -9.446439E-12
9.287373E-03        -9.420954E-12
9.279030E-03        -9.395656E-12
9.270695E-03        -9.370360E-12
9.262367E-03        -9.345076E-12
9.254046E-03        -9.319978E-12
9.245733E-03        -9.294880E-12
9.237428E-03        -9.269791E-12
9.229130E-03        -9.244808E-12
9.220839E-03        -9.220003E-12
9.212556E-03        -9.195119E-12
9.204280E-03        -9.170421E-12
9.196011E-03        -9.145722E-12
9.187751E-03        -9.121041E-12
9.179497E-03        -9.096542E-12
9.171251E-03        -9.072044E-12
9.163012E-03        -9.047559E-12
9.154781E-03        -9.023262E-12
9.146557E-03        -8.998965E-12
9.138341E-03        -8.974682E-12
9.130132E-03        -8.950578E-12
9.121930E-03        -8.926393E-12
9.113735E-03        -8.902394E-12
9.105548E-03        -8.878403E-12
9.097369E-03        -8.854514E-12
9.089196E-03        -8.830714E-12
9.081031E-03        -8.806923E-12
9.072874E-03        -8.783227E-12
9.064724E-03        -8.759537E-12
9.056581E-03        -8.735946E-12
9.048445E-03        -8.712447E-12
9.040316E-03        -8.688955E-12
9.032195E-03        -8.665564E-12
9.024082E-03        -8.642268E-12
9.015975E-03        -8.618976E-12
9.007876E-03        -8.595779E-12
8.999784E-03        -8.572587E-12
8.991699E-03        -8.549495E-12
8.983622E-03        -8.526505E-12
8.975552E-03        -8.503608E-12
8.967489E-03        -8.480710E-12
8.959433E-03        -8.457817E-12
8.951385E-03        -8.435027E-12
8.943344E-03        -8.412336E-12
8.935310E-03        -8.389739E-12
8.927283E-03        -8.367140E-12
8.919264E-03        -8.344557E-12
8.911251E-03        -8.322151E-12
8.903246E-03        -8.299666E-12
8.895248E-03        -8.277368E-12
8.887257E-03        -8.255076E-12
8.879274E-03        -8.232880E-12
8.871298E-03        -8.210690E-12
8.863328E-03        -8.188590E-12
8.855366E-03        -8.166498E-12
8.847411E-03        -8.144507E-12
8.839464E-03        -8.122611E-12
8.831523E-03        -8.100719E-12
8.823589E-03        -8.078926E-12
8.815663E-03        -8.057223E-12
8.807744E-03        -8.035438E-12
8.799832E-03        -8.013841E-12
8.791927E-03        -7.992249E-12
8.784029E-03        -7.970751E-12
8.776138E-03        -7.949259E-12
8.768254E-03        -7.927867E-12
8.760377E-03        -7.906568E-12
8.752508E-03        -7.885272E-12
8.744645E-03        -7.863985E-12
8.736790E-03        -7.842882E-12
8.728942E-03        -7.821698E-12
8.721100E-03        -7.800698E-12
8.713266E-03        -7.779701E-12
8.705439E-03        -7.758710E-12
8.697618E-03        -7.737816E-12
8.689805E-03        -7.717019E-12
8.681999E-03        -7.696228E-12
8.674200E-03        -7.675530E-12
8.666408E-03        -7.654839E-12
8.658622E-03        -7.634239E-12
8.650844E-03        -7.613647E-12
8.643073E-03        -7.593156E-12
8.635309E-03        -7.572758E-12
8.627552E-03        -7.552361E-12
8.619801E-03        -7.531967E-12
8.612058E-03        -7.511676E-12
8.604322E-03        -7.491479E-12
8.596592E-03        -7.471286E-12
8.588870E-03        -7.451189E-12
8.581154E-03        -7.431096E-12
8.573446E-03        -7.411105E-12
8.565744E-03        -7.391206E-12
8.558049E-03        -7.371308E-12
8.550361E-03        -7.351415E-12
8.542681E-03        -7.331625E-12
8.535007E-03        -7.311928E-12
8.527339E-03        -7.292227E-12
8.519679E-03        -7.272536E-12
8.512026E-03        -7.252945E-12
8.504379E-03        -7.233445E-12
8.496740E-03        -7.213955E-12
8.489107E-03        -7.194556E-12
8.481481E-03        -7.175164E-12
8.473862E-03        -7.155866E-12
8.466250E-03        -7.136574E-12
8.458644E-03        -7.117374E-12
8.451046E-03        -7.098183E-12
8.443454E-03        -7.079090E-12
8.435869E-03        -7.060086E-12
8.428291E-03        -7.041000E-12
8.420720E-03        -7.022103E-12
8.413155E-03        -7.003203E-12
8.405598E-03        -6.984312E-12
8.398047E-03        -6.965514E-12
8.390503E-03        -6.946722E-12
8.382965E-03        -6.928028E-12
8.375435E-03        -6.909425E-12
8.367911E-03        -6.890738E-12
8.360394E-03        -6.872240E-12
8.352884E-03        -6.853743E-12
8.345380E-03        -6.835249E-12
8.337884E-03        -6.816859E-12
8.330393E-03        -6.798558E-12
8.322910E-03        -6.780261E-12
8.315434E-03        -6.761970E-12
8.307964E-03        -6.743771E-12
8.300500E-03        -6.725577E-12
8.293044E-03        -6.707480E-12
8.285594E-03        -6.689387E-12
8.278151E-03        -6.671394E-12
8.270715E-03        -6.653491E-12
8.263285E-03        -6.635504E-12
8.255862E-03        -6.617700E-12
8.248446E-03        -6.599814E-12
8.241036E-03        -6.582109E-12
8.233633E-03        -6.564322E-12
8.226236E-03        -6.546717E-12
8.218847E-03        -6.529032E-12
8.211464E-03        -6.511528E-12
8.204087E-03        -6.493934E-12
8.196717E-03        -6.476441E-12
8.189354E-03        -6.459044E-12
8.181997E-03        -6.441644E-12
8.174647E-03        -6.424252E-12
8.167304E-03        -6.406960E-12
8.159967E-03        -6.389761E-12
8.152637E-03        -6.372563E-12
8.145313E-03        -6.355370E-12
8.137996E-03        -6.338272E-12
8.130686E-03        -6.321180E-12
8.123382E-03        -6.304181E-12
8.116084E-03        -6.287187E-12
8.108794E-03        -6.270291E-12
8.101509E-03        -6.253396E-12
8.094232E-03        -6.236599E-12
8.086960E-03        -6.219799E-12
8.079696E-03        -6.203008E-12
8.072438E-03        -6.186309E-12
8.065186E-03        -6.169616E-12
8.057941E-03        -6.153023E-12
8.050702E-03        -6.136518E-12
8.043470E-03        -6.119925E-12
8.036245E-03        -6.103434E-12
8.029026E-03        -6.087035E-12
8.021813E-03        -6.070641E-12
8.014607E-03        -6.054343E-12
8.007407E-03        -6.038044E-12
8.000214E-03        -6.021751E-12
7.993027E-03        -6.005552E-12
7.985847E-03        -5.989360E-12
7.978673E-03        -5.973261E-12
7.971506E-03        -5.957163E-12
7.964345E-03        -5.941070E-12
7.957191E-03        -5.925078E-12
7.950042E-03        -5.909178E-12
7.942901E-03        -5.893281E-12
7.935766E-03        -5.877388E-12
7.928637E-03        -5.861589E-12
7.921514E-03        -5.845789E-12
7.914398E-03        -5.829996E-12
7.907289E-03        -5.814304E-12
7.900185E-03        -5.798704E-12
7.893089E-03        -5.783107E-12
7.885998E-03        -5.767513E-12
7.878914E-03        -5.752015E-12
7.871836E-03        -5.736516E-12
7.864765E-03        -5.721023E-12
7.857700E-03        -5.705625E-12
7.850641E-03        -5.690231E-12
7.843589E-03        -5.674933E-12
7.836543E-03        -5.659640E-12
7.829503E-03        -5.644441E-12
7.822470E-03        -5.629243E-12
7.815443E-03        -5.614049E-12
7.808422E-03        -5.598950E-12
7.801407E-03        -5.583856E-12
7.794399E-03        -5.568857E-12
7.787397E-03        -5.553859E-12
7.780402E-03        -5.538866E-12
7.773413E-03        -5.523973E-12
7.766430E-03        -5.509170E-12
7.759453E-03        -5.494275E-12
7.752483E-03        -5.479483E-12
7.745518E-03        -5.464778E-12
7.738560E-03        -5.449989E-12
7.731609E-03        -5.435387E-12
7.724663E-03        -5.420692E-12
7.717724E-03        -5.406098E-12
7.710791E-03        -5.391595E-12
7.703864E-03        -5.377006E-12
7.696944E-03        -5.362603E-12
7.690030E-03        -5.348110E-12
7.683122E-03        -5.333712E-12
7.676220E-03        -5.319318E-12
7.669324E-03        -5.305018E-12
7.662435E-03        -5.290726E-12
7.655551E-03        -5.276525E-12
7.648674E-03        -5.262327E-12
7.641803E-03        -5.248133E-12
7.634938E-03        -5.234034E-12
7.628080E-03        -5.219937E-12
7.621227E-03        -5.205842E-12
7.614381E-03        -5.191844E-12
7.607541E-03        -5.177850E-12
7.600707E-03        -5.163951E-12
7.593879E-03        -5.150052E-12
7.587058E-03        -5.136160E-12
7.580242E-03        -5.122360E-12
7.573433E-03        -5.108563E-12
7.566629E-03        -5.094767E-12
7.559832E-03        -5.081069E-12
7.553041E-03        -5.067375E-12
7.546256E-03        -5.053777E-12
7.539477E-03        -5.040178E-12
7.532704E-03        -5.026579E-12
7.525937E-03        -5.012984E-12
7.519177E-03        -4.999491E-12
7.512422E-03        -4.986087E-12
7.505674E-03        -4.972594E-12
7.498931E-03        -4.959199E-12
7.492195E-03        -4.945901E-12
7.485464E-03        -4.932601E-12
7.478740E-03        -4.919303E-12
7.472022E-03        -4.906010E-12
7.465310E-03        -4.892811E-12
7.458603E-03        -4.879616E-12
7.451903E-03        -4.866517E-12
7.445209E-03        -4.853419E-12
7.438521E-03        -4.840325E-12
7.431839E-03        -4.827327E-12
7.425163E-03        -4.814328E-12
7.418492E-03        -4.801332E-12
7.411828E-03        -4.788434E-12
7.405170E-03        -4.775540E-12
7.398518E-03        -4.762737E-12
7.391872E-03        -4.749843E-12
7.385231E-03        -4.737047E-12
7.378597E-03        -4.724349E-12
7.371969E-03        -4.711651E-12
7.365346E-03        -4.698951E-12
7.358730E-03        -4.686257E-12
7.352120E-03        -4.673659E-12
7.345515E-03        -4.661060E-12
7.338917E-03        -4.648467E-12
7.332324E-03        -4.635967E-12
7.325737E-03        -4.623472E-12
7.319156E-03        -4.611073E-12
7.312581E-03        -4.598674E-12
7.306012E-03        -4.586275E-12
7.299449E-03        -4.573881E-12
7.292892E-03        -4.561583E-12
7.286341E-03        -4.549289E-12
7.279795E-03        -4.537089E-12
7.273256E-03        -4.524891E-12
7.266722E-03        -4.512692E-12
7.260194E-03        -4.500497E-12
7.253672E-03        -4.488398E-12
7.247156E-03        -4.476303E-12
7.240646E-03        -4.464301E-12
7.234142E-03        -4.452207E-12
7.227643E-03        -4.440211E-12
7.221150E-03        -4.428312E-12
7.214663E-03        -4.416413E-12
7.208182E-03        -4.404514E-12
7.201707E-03        -4.392620E-12
7.195238E-03        -4.380822E-12
7.188774E-03        -4.369022E-12
7.182316E-03        -4.357227E-12
7.175864E-03        -4.345528E-12
7.169418E-03        -4.333830E-12
7.162978E-03        -4.322136E-12
7.156543E-03        -4.310536E-12
7.150114E-03        -4.298937E-12
7.143691E-03        -4.287338E-12
7.137274E-03        -4.275744E-12
7.130862E-03        -4.264244E-12
7.124457E-03        -4.252751E-12
7.118057E-03        -4.241352E-12
7.111662E-03        -4.229952E-12
7.105274E-03        -4.218554E-12
7.098891E-03        -4.207159E-12
7.092514E-03        -4.195860E-12
7.086143E-03        -4.184561E-12
7.079777E-03        -4.173266E-12
7.073417E-03        -4.162067E-12
7.067063E-03        -4.150868E-12
7.060715E-03        -4.139670E-12
7.054372E-03        -4.128475E-12
7.048035E-03        -4.117376E-12
7.041703E-03        -4.106280E-12
7.035378E-03        -4.095278E-12
7.029058E-03        -4.084183E-12
7.022743E-03        -4.073187E-12
7.016435E-03        -4.062285E-12
7.010132E-03        -4.051290E-12
7.003835E-03        -4.040391E-12
6.997543E-03        -4.029496E-12
6.991257E-03        -4.018697E-12
6.984977E-03        -4.007899E-12
6.978702E-03        -3.997099E-12
6.972433E-03        -3.986304E-12
6.966169E-03        -3.975604E-12
6.959911E-03        -3.964905E-12
6.953659E-03        -3.954206E-12
6.947413E-03        -3.943512E-12
6.941172E-03        -3.932913E-12
6.934936E-03        -3.922317E-12
6.928707E-03        -3.911815E-12
6.922482E-03        -3.901219E-12
6.916264E-03        -3.890721E-12
6.910051E-03        -3.880225E-12
6.903843E-03        -3.869825E-12
6.897642E-03        -3.859428E-12
6.891445E-03        -3.849028E-12
6.885255E-03        -3.838633E-12
6.879070E-03        -3.828335E-12
6.872890E-03        -3.818035E-12
6.866716E-03        -3.807736E-12
6.860547E-03        -3.797440E-12
6.854385E-03        -3.787242E-12
6.848227E-03        -3.777042E-12
6.842075E-03        -3.766847E-12
6.835929E-03        -3.756748E-12
6.829788E-03        -3.746649E-12
6.823653E-03        -3.736550E-12
6.817523E-03        -3.726455E-12
6.811399E-03        -3.716456E-12
6.805280E-03        -3.706457E-12
6.799167E-03        -3.696458E-12
6.793059E-03        -3.686462E-12
6.786956E-03        -3.676562E-12
6.780860E-03        -3.666665E-12
6.774768E-03        -3.656768E-12
6.768682E-03        -3.646969E-12
6.762602E-03        -3.637170E-12
6.756527E-03        -3.627371E-12
6.750458E-03        -3.617576E-12
6.744393E-03        -3.607872E-12
6.738335E-03        -3.598081E-12
6.732282E-03        -3.588479E-12
6.726234E-03        -3.578779E-12
6.720192E-03        -3.569084E-12
6.714155E-03        -3.559488E-12
6.708123E-03        -3.549985E-12
6.702097E-03        -3.540389E-12
6.696077E-03        -3.530891E-12
6.690062E-03        -3.521392E-12
6.684052E-03        -3.511893E-12
6.678047E-03        -3.502396E-12
6.672048E-03        -3.492997E-12
6.666055E-03        -3.483599E-12
6.660067E-03        -3.474200E-12
6.654084E-03        -3.464804E-12
6.648106E-03        -3.455504E-12
6.642134E-03        -3.446205E-12
6.636167E-03        -3.436909E-12
6.630206E-03        -3.427707E-12
6.624250E-03        -3.418412E-12
6.618299E-03        -3.409212E-12
6.612354E-03        -3.400016E-12
6.606414E-03        -3.390917E-12
6.600479E-03        -3.381818E-12
6.594550E-03        -3.372719E-12
6.588626E-03        -3.363620E-12
6.582708E-03        -3.354525E-12
6.576794E-03        -3.345525E-12
6.570886E-03        -3.336526E-12
6.564983E-03        -3.327526E-12
6.559086E-03        -3.318531E-12
6.553194E-03        -3.309632E-12
6.547307E-03        -3.300733E-12
6.541425E-03        -3.291833E-12
6.535549E-03        -3.282937E-12
6.529678E-03        -3.274135E-12
6.523812E-03        -3.265241E-12
6.517952E-03        -3.256540E-12
6.512097E-03        -3.247741E-12
6.506247E-03        -3.238945E-12
6.500402E-03        -3.230245E-12
6.494563E-03        -3.221547E-12
6.488729E-03        -3.212851E-12
6.482900E-03        -3.204252E-12
6.477076E-03        -3.195652E-12
6.471258E-03        -3.187053E-12
6.465444E-03        -3.178453E-12
6.459636E-03        -3.169857E-12
6.453834E-03        -3.161359E-12
6.448036E-03        -3.152859E-12
6.442244E-03        -3.144361E-12
6.436456E-03        -3.135863E-12
6.430674E-03        -3.127461E-12
6.424898E-03        -3.118966E-12
6.419126E-03        -3.110569E-12
6.413360E-03        -3.102267E-12
6.407598E-03        -3.093870E-12
6.401842E-03        -3.085571E-12
6.396092E-03        -3.077273E-12
6.390346E-03        -3.068973E-12
6.384605E-03        -3.060676E-12
6.378870E-03        -3.052478E-12
6.373140E-03        -3.044279E-12
6.367415E-03        -3.036080E-12
6.361695E-03        -3.027881E-12
6.355980E-03        -3.019684E-12
6.350270E-03        -3.011584E-12
6.344566E-03        -3.003486E-12
6.338866E-03        -2.995386E-12
6.333172E-03        -2.987290E-12
6.327483E-03        -2.979291E-12
6.321799E-03        -2.971292E-12
6.316120E-03        -2.963292E-12
6.310446E-03        -2.955293E-12
6.304777E-03        -2.947296E-12
6.299113E-03        -2.939396E-12
6.293455E-03        -2.931498E-12
6.287801E-03        -2.923598E-12
6.282153E-03        -2.915699E-12
6.276509E-03        -2.907802E-12
6.270871E-03        -2.900003E-12
6.265238E-03        -2.892204E-12
6.259610E-03        -2.884405E-12
6.253987E-03        -2.876609E-12
6.248369E-03        -2.868909E-12
6.242756E-03        -2.861210E-12
6.237148E-03        -2.853511E-12
6.231545E-03        -2.845812E-12
6.225947E-03        -2.838115E-12
6.220354E-03        -2.830515E-12
6.214766E-03        -2.822916E-12
6.209183E-03        -2.815316E-12
6.203605E-03        -2.807717E-12
6.198033E-03        -2.800121E-12
6.192465E-03        -2.792622E-12
6.186902E-03        -2.785122E-12
6.181344E-03        -2.777622E-12
6.175791E-03        -2.770123E-12
6.170244E-03        -2.762627E-12
6.164701E-03        -2.755228E-12
6.159163E-03        -2.747828E-12
6.153630E-03        -2.740429E-12
6.148102E-03        -2.733029E-12
6.142579E-03        -2.725632E-12
6.137061E-03        -2.718333E-12
6.131548E-03        -2.711034E-12
6.126040E-03        -2.703735E-12
6.120537E-03        -2.696436E-12
6.115039E-03        -2.689139E-12
6.109546E-03        -2.681940E-12
6.104057E-03        -2.674737E-12
6.098574E-03        -2.667443E-12
6.093095E-03        -2.660341E-12
6.087622E-03        -2.653144E-12
6.082153E-03        -2.646042E-12
6.076690E-03        -2.638846E-12
6.071231E-03        -2.631747E-12
6.065777E-03        -2.624649E-12
6.060328E-03        -2.617648E-12
6.054884E-03        -2.610551E-12
6.049445E-03        -2.603552E-12
6.044010E-03        -2.596552E-12
6.038581E-03        -2.589553E-12
6.033156E-03        -2.582555E-12
6.027737E-03        -2.575655E-12
6.022322E-03        -2.568657E-12
6.016912E-03        -2.561758E-12
6.011507E-03        -2.554859E-12
6.006107E-03        -2.547962E-12
6.000711E-03        -2.541159E-12
5.995321E-03        -2.534263E-12
5.989935E-03        -2.527463E-12
5.984554E-03        -2.520664E-12
5.979178E-03        -2.513864E-12
5.973807E-03        -2.507067E-12
5.968441E-03        -2.500366E-12
5.963079E-03        -2.493568E-12
5.957722E-03        -2.486869E-12
5.952370E-03        -2.480171E-12
5.947023E-03        -2.473570E-12
5.941681E-03        -2.466873E-12
5.936344E-03        -2.460272E-12
5.931011E-03        -2.453575E-12
5.925683E-03        -2.446975E-12
5.920360E-03        -2.440378E-12
5.915041E-03        -2.433876E-12
5.909728E-03        -2.427279E-12
5.904419E-03        -2.420780E-12
5.899115E-03        -2.414280E-12
5.893816E-03        -2.407781E-12
5.888521E-03        -2.401281E-12
5.883231E-03        -2.394782E-12
5.877946E-03        -2.388284E-12
5.872666E-03        -2.381885E-12
5.867391E-03        -2.375486E-12
5.862120E-03        -2.369087E-12
5.856854E-03        -2.362689E-12
5.851593E-03        -2.356388E-12
5.846336E-03        -2.349990E-12
5.841084E-03        -2.343691E-12
5.835837E-03        -2.337392E-12
5.830595E-03        -2.331093E-12
5.825357E-03        -2.324795E-12
5.820124E-03        -2.318594E-12
5.814896E-03        -2.312296E-12
5.809672E-03        -2.306096E-12
5.804453E-03        -2.299897E-12
5.799239E-03        -2.293698E-12
5.794029E-03        -2.287498E-12
5.788824E-03        -2.281300E-12
5.783624E-03        -2.275201E-12
5.778429E-03        -2.269102E-12
5.773238E-03        -2.263003E-12
5.768052E-03        -2.256903E-12
5.762870E-03        -2.250803E-12
5.757693E-03        -2.244705E-12
5.752521E-03        -2.238706E-12
5.747353E-03        -2.232705E-12
5.742190E-03        -2.226607E-12
5.737032E-03        -2.220609E-12
5.731878E-03        -2.214708E-12
5.726729E-03        -2.208710E-12
5.721585E-03        -2.202810E-12
5.716445E-03        -2.196812E-12
5.711310E-03        -2.190913E-12
5.706179E-03        -2.185013E-12
5.701054E-03        -2.179114E-12
5.695932E-03        -2.173216E-12
5.690815E-03        -2.167416E-12
5.685703E-03        -2.161615E-12
5.680596E-03        -2.155718E-12
5.675493E-03        -2.149918E-12
5.670394E-03        -2.144120E-12
5.665301E-03        -2.138420E-12
5.660211E-03        -2.132621E-12
5.655127E-03        -2.126921E-12
5.650047E-03        -2.121123E-12
5.644971E-03        -2.115423E-12
5.639900E-03        -2.109725E-12
5.634834E-03        -2.104124E-12
5.629772E-03        -2.098425E-12
5.624714E-03        -2.092726E-12
5.619662E-03        -2.087127E-12
5.614613E-03        -2.081527E-12
5.609570E-03        -2.075928E-12
5.604531E-03        -2.070329E-12
5.599496E-03        -2.064731E-12
5.594466E-03        -2.059230E-12
5.589440E-03        -2.053631E-12
5.584419E-03        -2.048132E-12
5.579403E-03        -2.042633E-12
5.574391E-03        -2.037134E-12
5.569383E-03        -2.031634E-12
5.564380E-03        -2.026135E-12
5.559381E-03        -2.020636E-12
5.554387E-03        -2.015236E-12
5.549398E-03        -2.009838E-12
5.544413E-03        -2.004438E-12
5.539432E-03        -1.999038E-12
5.534456E-03        -1.993639E-12
5.529484E-03        -1.988240E-12
5.524517E-03        -1.982940E-12
5.519554E-03        -1.977542E-12
5.514596E-03        -1.972242E-12
5.509642E-03        -1.966943E-12
5.504693E-03        -1.961644E-12
5.499748E-03        -1.956344E-12
5.494807E-03        -1.951045E-12
5.489871E-03        -1.945845E-12
5.484939E-03        -1.940546E-12
5.480012E-03        -1.935347E-12
5.475089E-03        -1.930147E-12
5.470171E-03        -1.924948E-12
5.465257E-03        -1.919749E-12
5.460348E-03        -1.914649E-12
5.455442E-03        -1.909450E-12
5.450542E-03        -1.904350E-12
5.445645E-03        -1.899151E-12
5.440754E-03        -1.894053E-12
5.435866E-03        -1.888953E-12
5.430983E-03        -1.883853E-12
5.426104E-03        -1.878754E-12
5.421230E-03        -1.873755E-12
5.416360E-03        -1.868755E-12
5.411494E-03        -1.863656E-12
5.406633E-03        -1.858656E-12
5.401776E-03        -1.853657E-12
5.396924E-03        -1.848658E-12
5.392075E-03        -1.843658E-12
5.387232E-03        -1.838759E-12
5.382392E-03        -1.833760E-12
5.377557E-03        -1.828859E-12
5.372726E-03        -1.823860E-12
5.367900E-03        -1.818961E-12
5.363078E-03        -1.814062E-12
5.358260E-03        -1.809163E-12
5.353447E-03        -1.804363E-12
5.348638E-03        -1.799464E-12
5.343833E-03        -1.794664E-12
5.339032E-03        -1.789764E-12
5.334236E-03        -1.784965E-12
5.329444E-03        -1.780165E-12
5.324657E-03        -1.775366E-12
5.319874E-03        -1.770568E-12
5.315095E-03        -1.765868E-12
5.310320E-03        -1.761068E-12
5.305550E-03        -1.756368E-12
5.300784E-03        -1.751570E-12
5.296022E-03        -1.746870E-12
5.291264E-03        -1.742170E-12
5.286511E-03        -1.737471E-12
5.281762E-03        -1.732871E-12
5.277018E-03        -1.728172E-12
5.272277E-03        -1.723473E-12
5.267541E-03        -1.718873E-12
5.262809E-03        -1.714274E-12
5.258081E-03        -1.709673E-12
5.253358E-03        -1.704975E-12
5.248639E-03        -1.700475E-12
5.243924E-03        -1.695876E-12
5.239213E-03        -1.691276E-12
5.234507E-03        -1.686777E-12
5.229804E-03        -1.682177E-12
5.225106E-03        -1.677677E-12
5.220413E-03        -1.673179E-12
5.215723E-03        -1.668679E-12
5.211038E-03        -1.664180E-12
5.206357E-03        -1.659680E-12
5.201680E-03        -1.655181E-12
5.197007E-03        -1.650781E-12
5.192338E-03        -1.646281E-12
5.187674E-03        -1.641882E-12
5.183014E-03        -1.637482E-12
5.178358E-03        -1.632983E-12
5.173706E-03        -1.628584E-12
5.169058E-03        -1.624283E-12
5.164415E-03        -1.619884E-12
5.159776E-03        -1.615485E-12
5.155141E-03        -1.611185E-12
5.150510E-03        -1.606786E-12
5.145883E-03        -1.602486E-12
5.141260E-03        -1.598186E-12
5.136642E-03        -1.593887E-12
5.132027E-03        -1.589587E-12
5.127417E-03        -1.585288E-12
5.122811E-03        -1.581088E-12
5.118209E-03        -1.576789E-12
5.113611E-03        -1.572489E-12
5.109018E-03        -1.568290E-12
5.104428E-03        -1.564090E-12
5.099843E-03        -1.559891E-12
5.095262E-03        -1.555691E-12
5.090685E-03        -1.551492E-12
5.086111E-03        -1.547292E-12
5.081543E-03        -1.543093E-12
5.076978E-03        -1.538993E-12
5.072417E-03        -1.534893E-12
5.067860E-03        -1.530694E-12
5.063308E-03        -1.526594E-12
5.058759E-03        -1.522494E-12
5.054215E-03        -1.518395E-12
5.049675E-03        -1.514296E-12
5.045139E-03        -1.510196E-12
5.040606E-03        -1.506096E-12
5.036078E-03        -1.502097E-12
5.031554E-03        -1.498097E-12
5.027034E-03        -1.493997E-12
5.022519E-03        -1.489998E-12
5.018007E-03        -1.485999E-12
5.013499E-03        -1.481999E-12
5.008995E-03        -1.477999E-12
5.004496E-03        -1.474000E-12
5.000000E-03        -1.470000E-12
