# Source: NUDEC_BSM v2 (https://github.com/MiguelEA/nudec_BSM/tree/v2)
# Escudero, Jackson, Laine, Sandner, arXiv:2511.04747 (2025)
# me = 0.51099895 MeV, alpha = 1/137.035999084
# Baseline: O(e^2) non-log + O(e^2) log summed into col 2;
# O(e^3) in col 3. Loader sums col 2 + col 3.
# T (MeV)           d^2P_int/dT^2 (e^2+e^3) [MeV^2] p^(2)   p^(3)
4.000000E+01        -3.056494E+01        +2.721800E+00
3.996407E+01        -3.050995E+01        +2.716901E+00
3.992817E+01        -3.045495E+01        +2.712001E+00
3.989230E+01        -3.040096E+01        +2.707102E+00
3.985646E+01        -3.034596E+01        +2.702202E+00
3.982066E+01        -3.029097E+01        +2.697402E+00
3.978489E+01        -3.023697E+01        +2.692603E+00
3.974915E+01        -3.018298E+01        +2.687704E+00
3.971344E+01        -3.012798E+01        +2.682904E+00
3.967777E+01        -3.007399E+01        +2.678105E+00
3.964212E+01        -3.001999E+01        +2.673304E+00
3.960651E+01        -2.996599E+01        +2.668505E+00
3.957093E+01        -2.991300E+01        +2.663705E+00
3.953539E+01        -2.985902E+01        +2.658907E+00
3.949987E+01        -2.980501E+01        +2.654107E+00
3.946439E+01        -2.975202E+01        +2.649308E+00
3.942894E+01        -2.969803E+01        +2.644608E+00
3.939352E+01        -2.964503E+01        +2.639809E+00
3.935813E+01        -2.959204E+01        +2.635109E+00
3.932277E+01        -2.953904E+01        +2.630409E+00
3.928745E+01        -2.948505E+01        +2.625610E+00
3.925215E+01        -2.943304E+01        +2.620909E+00
3.921689E+01        -2.938005E+01        +2.616210E+00
3.918166E+01        -2.932705E+01        +2.611510E+00
3.914647E+01        -2.927407E+01        +2.606812E+00
3.911130E+01        -2.922207E+01        +2.602112E+00
3.907617E+01        -2.916908E+01        +2.597512E+00
3.904106E+01        -2.911707E+01        +2.592812E+00
3.900599E+01        -2.906408E+01        +2.588212E+00
3.897095E+01        -2.901208E+01        +2.583513E+00
3.893595E+01        -2.896010E+01        +2.578914E+00
3.890097E+01        -2.890810E+01        +2.574215E+00
3.886602E+01        -2.885610E+01        +2.569614E+00
3.883111E+01        -2.880411E+01        +2.565015E+00
3.879623E+01        -2.875312E+01        +2.560416E+00
3.876138E+01        -2.870113E+01        +2.555817E+00
3.872656E+01        -2.864913E+01        +2.551217E+00
3.869177E+01        -2.859813E+01        +2.546617E+00
3.865701E+01        -2.854713E+01        +2.542018E+00
3.862228E+01        -2.849514E+01        +2.537517E+00
3.858759E+01        -2.844414E+01        +2.532919E+00
3.855292E+01        -2.839314E+01        +2.528418E+00
3.851829E+01        -2.834215E+01        +2.523819E+00
3.848369E+01        -2.829116E+01        +2.519319E+00
3.844912E+01        -2.824016E+01        +2.514820E+00
3.841458E+01        -2.819016E+01        +2.510320E+00
3.838007E+01        -2.813917E+01        +2.505721E+00
3.834559E+01        -2.808817E+01        +2.501221E+00
3.831115E+01        -2.803818E+01        +2.496821E+00
3.827673E+01        -2.798818E+01        +2.492322E+00
3.824235E+01        -2.793720E+01        +2.487823E+00
3.820799E+01        -2.788719E+01        +2.483322E+00
3.817367E+01        -2.783720E+01        +2.478923E+00
3.813938E+01        -2.778720E+01        +2.474424E+00
3.810512E+01        -2.773721E+01        +2.470024E+00
3.807089E+01        -2.768722E+01        +2.465525E+00
3.803669E+01        -2.763822E+01        +2.461125E+00
3.800252E+01        -2.758822E+01        +2.456725E+00
3.796838E+01        -2.753823E+01        +2.452325E+00
3.793427E+01        -2.748922E+01        +2.447926E+00
3.790020E+01        -2.744024E+01        +2.443527E+00
3.786615E+01        -2.739024E+01        +2.439127E+00
3.783213E+01        -2.734124E+01        +2.434727E+00
3.779815E+01        -2.729225E+01        +2.430328E+00
3.776419E+01        -2.724325E+01        +2.426027E+00
3.773027E+01        -2.719426E+01        +2.421629E+00
3.769638E+01        -2.714527E+01        +2.417329E+00
3.766251E+01        -2.709626E+01        +2.412929E+00
3.762868E+01        -2.704826E+01        +2.408629E+00
3.759488E+01        -2.699928E+01        +2.404330E+00
3.756111E+01        -2.695128E+01        +2.399931E+00
3.752736E+01        -2.690228E+01        +2.395630E+00
3.749365E+01        -2.685428E+01        +2.391331E+00
3.745997E+01        -2.680629E+01        +2.387031E+00
3.742632E+01        -2.675829E+01        +2.382732E+00
3.739270E+01        -2.671030E+01        +2.378532E+00
3.735911E+01        -2.666230E+01        +2.374233E+00
3.732555E+01        -2.661431E+01        +2.369933E+00
3.729202E+01        -2.656631E+01        +2.365733E+00
3.725852E+01        -2.651832E+01        +2.361434E+00
3.722505E+01        -2.647132E+01        +2.357234E+00
3.719161E+01        -2.642333E+01        +2.352935E+00
3.715820E+01        -2.637632E+01        +2.348735E+00
3.712482E+01        -2.632834E+01        +2.344535E+00
3.709147E+01        -2.628133E+01        +2.340335E+00
3.705815E+01        -2.623434E+01        +2.336136E+00
3.702486E+01        -2.618734E+01        +2.331936E+00
3.699160E+01        -2.614035E+01        +2.327737E+00
3.695837E+01        -2.609335E+01        +2.323537E+00
3.692517E+01        -2.604636E+01        +2.319437E+00
3.689200E+01        -2.599936E+01        +2.315238E+00
3.685886E+01        -2.595237E+01        +2.311038E+00
3.682575E+01        -2.590637E+01        +2.306938E+00
3.679267E+01        -2.585938E+01        +2.302740E+00
3.675961E+01        -2.581336E+01        +2.298638E+00
3.672659E+01        -2.576638E+01        +2.294539E+00
3.669360E+01        -2.572038E+01        +2.290439E+00
3.666064E+01        -2.567439E+01        +2.286241E+00
3.662771E+01        -2.562840E+01        +2.282141E+00
3.659480E+01        -2.558239E+01        +2.278040E+00
3.656193E+01        -2.553640E+01        +2.273941E+00
3.652908E+01        -2.549040E+01        +2.269841E+00
3.649627E+01        -2.544441E+01        +2.265841E+00
3.646348E+01        -2.539841E+01        +2.261742E+00
3.643073E+01        -2.535341E+01        +2.257643E+00
3.639800E+01        -2.530742E+01        +2.253642E+00
3.636531E+01        -2.526242E+01        +2.249544E+00
3.633264E+01        -2.521643E+01        +2.245543E+00
3.630000E+01        -2.517142E+01        +2.241543E+00
3.626739E+01        -2.512643E+01        +2.237445E+00
3.623481E+01        -2.508143E+01        +2.233444E+00
3.620226E+01        -2.503644E+01        +2.229444E+00
3.616974E+01        -2.499144E+01        +2.225445E+00
3.613725E+01        -2.494645E+01        +2.221445E+00
3.610479E+01        -2.490146E+01        +2.217446E+00
3.607235E+01        -2.485645E+01        +2.213446E+00
3.603995E+01        -2.481245E+01        +2.209546E+00
3.600757E+01        -2.476746E+01        +2.205547E+00
3.597523E+01        -2.472346E+01        +2.201548E+00
3.594291E+01        -2.467847E+01        +2.197647E+00
3.591062E+01        -2.463446E+01        +2.193648E+00
3.587836E+01        -2.459047E+01        +2.189747E+00
3.584613E+01        -2.454647E+01        +2.185847E+00
3.581393E+01        -2.450149E+01        +2.181849E+00
3.578176E+01        -2.445749E+01        +2.177949E+00
3.574961E+01        -2.441348E+01        +2.174048E+00
3.571750E+01        -2.437048E+01        +2.170149E+00
3.568541E+01        -2.432649E+01        +2.166249E+00
3.565336E+01        -2.428250E+01        +2.162350E+00
3.562133E+01        -2.423949E+01        +2.158450E+00
3.558933E+01        -2.419551E+01        +2.154551E+00
3.555736E+01        -2.415250E+01        +2.150750E+00
3.552542E+01        -2.410852E+01        +2.146852E+00
3.549351E+01        -2.406552E+01        +2.143051E+00
3.546162E+01        -2.402251E+01        +2.139152E+00
3.542977E+01        -2.397952E+01        +2.135352E+00
3.539794E+01        -2.393652E+01        +2.131453E+00
3.536614E+01        -2.389254E+01        +2.127652E+00
3.533437E+01        -2.385052E+01        +2.123852E+00
3.530263E+01        -2.380754E+01        +2.120053E+00
3.527092E+01        -2.376455E+01        +2.116254E+00
3.523923E+01        -2.372154E+01        +2.112453E+00
3.520758E+01        -2.367954E+01        +2.108655E+00
3.517595E+01        -2.363656E+01        +2.104855E+00
3.514435E+01        -2.359454E+01        +2.101055E+00
3.511278E+01        -2.355156E+01        +2.097255E+00
3.508124E+01        -2.350956E+01        +2.093555E+00
3.504972E+01        -2.346755E+01        +2.089756E+00
3.501824E+01        -2.342556E+01        +2.085957E+00
3.498678E+01        -2.338357E+01        +2.082255E+00
3.495535E+01        -2.334157E+01        +2.078556E+00
3.492395E+01        -2.329957E+01        +2.074758E+00
3.489258E+01        -2.325758E+01        +2.071057E+00
3.486123E+01        -2.321558E+01        +2.067356E+00
3.482991E+01        -2.317358E+01        +2.063656E+00
3.479863E+01        -2.313258E+01        +2.059958E+00
3.476737E+01        -2.309060E+01        +2.056258E+00
3.473613E+01        -2.304958E+01        +2.052558E+00
3.470493E+01        -2.300760E+01        +2.048858E+00
3.467375E+01        -2.296658E+01        +2.045158E+00
3.464261E+01        -2.292560E+01        +2.041460E+00
3.461149E+01        -2.288460E+01        +2.037858E+00
3.458039E+01        -2.284261E+01        +2.034159E+00
3.454933E+01        -2.280161E+01        +2.030559E+00
3.451829E+01        -2.276061E+01        +2.026860E+00
3.448729E+01        -2.272060E+01        +2.023260E+00
3.445630E+01        -2.267961E+01        +2.019561E+00
3.442535E+01        -2.263862E+01        +2.015960E+00
3.439443E+01        -2.259763E+01        +2.012361E+00
3.436353E+01        -2.255761E+01        +2.008761E+00
3.433266E+01        -2.251663E+01        +2.005161E+00
3.430182E+01        -2.247662E+01        +2.001562E+00
3.427101E+01        -2.243565E+01        +1.997962E+00
3.424022E+01        -2.239563E+01        +1.994362E+00
3.420946E+01        -2.235563E+01        +1.990763E+00
3.417873E+01        -2.231564E+01        +1.987163E+00
3.414803E+01        -2.227565E+01        +1.983662E+00
3.411735E+01        -2.223564E+01        +1.980064E+00
3.408670E+01        -2.219565E+01        +1.976464E+00
3.405608E+01        -2.215565E+01        +1.972962E+00
3.402549E+01        -2.211566E+01        +1.969365E+00
3.399492E+01        -2.207566E+01        +1.965863E+00
3.396438E+01        -2.203664E+01        +1.962363E+00
3.393387E+01        -2.199666E+01        +1.958765E+00
3.390339E+01        -2.195765E+01        +1.955264E+00
3.387293E+01        -2.191767E+01        +1.951764E+00
3.384251E+01        -2.187867E+01        +1.948265E+00
3.381210E+01        -2.183868E+01        +1.944765E+00
3.378173E+01        -2.179967E+01        +1.941266E+00
3.375138E+01        -2.176067E+01        +1.937766E+00
3.372106E+01        -2.172167E+01        +1.934364E+00
3.369077E+01        -2.168268E+01        +1.930866E+00
3.366051E+01        -2.164369E+01        +1.927367E+00
3.363027E+01        -2.160469E+01        +1.923966E+00
3.360006E+01        -2.156569E+01        +1.920468E+00
3.356988E+01        -2.152768E+01        +1.916969E+00
3.353972E+01        -2.148870E+01        +1.913567E+00
3.350959E+01        -2.144971E+01        +1.910167E+00
3.347949E+01        -2.141169E+01        +1.906669E+00
3.344941E+01        -2.137271E+01        +1.903267E+00
3.341936E+01        -2.133469E+01        +1.899867E+00
3.338934E+01        -2.129670E+01        +1.896468E+00
3.335935E+01        -2.125871E+01        +1.893069E+00
3.332938E+01        -2.121973E+01        +1.889669E+00
3.329944E+01        -2.118171E+01        +1.886269E+00
3.326953E+01        -2.114372E+01        +1.882870E+00
3.323964E+01        -2.110572E+01        +1.879470E+00
3.320978E+01        -2.106772E+01        +1.876070E+00
3.317995E+01        -2.102973E+01        +1.872769E+00
3.315014E+01        -2.099271E+01        +1.869371E+00
3.312036E+01        -2.095473E+01        +1.865971E+00
3.309061E+01        -2.091674E+01        +1.862669E+00
3.306089E+01        -2.087973E+01        +1.859370E+00
3.303119E+01        -2.084175E+01        +1.855973E+00
3.300151E+01        -2.080472E+01        +1.852670E+00
3.297187E+01        -2.076676E+01        +1.849371E+00
3.294225E+01        -2.072974E+01        +1.845973E+00
3.291266E+01        -2.069274E+01        +1.842672E+00
3.288309E+01        -2.065574E+01        +1.839372E+00
3.285355E+01        -2.061875E+01        +1.836072E+00
3.282404E+01        -2.058175E+01        +1.832773E+00
3.279455E+01        -2.054475E+01        +1.829473E+00
3.276509E+01        -2.050776E+01        +1.826173E+00
3.273566E+01        -2.047076E+01        +1.822971E+00
3.270625E+01        -2.043376E+01        +1.819674E+00
3.267687E+01        -2.039677E+01        +1.816374E+00
3.264752E+01        -2.036075E+01        +1.813173E+00
3.261819E+01        -2.032378E+01        +1.809875E+00
3.258889E+01        -2.028776E+01        +1.806575E+00
3.255961E+01        -2.025078E+01        +1.803373E+00
3.253036E+01        -2.021476E+01        +1.800173E+00
3.250114E+01        -2.017877E+01        +1.796876E+00
3.247195E+01        -2.014180E+01        +1.793675E+00
3.244278E+01        -2.010578E+01        +1.790475E+00
3.241363E+01        -2.006978E+01        +1.787275E+00
3.238451E+01        -2.003378E+01        +1.783977E+00
3.235542E+01        -1.999778E+01        +1.780873E+00
3.232636E+01        -1.996179E+01        +1.777579E+00
3.229732E+01        -1.992580E+01        +1.774474E+00
3.226830E+01        -1.989077E+01        +1.771276E+00
3.223932E+01        -1.985480E+01        +1.768077E+00
3.221036E+01        -1.981881E+01        +1.764878E+00
3.218142E+01        -1.978281E+01        +1.761677E+00
3.215251E+01        -1.974779E+01        +1.758575E+00
3.212363E+01        -1.971279E+01        +1.755378E+00
3.209477E+01        -1.967682E+01        +1.752276E+00
3.206594E+01        -1.964180E+01        +1.749079E+00
3.203713E+01        -1.960582E+01        +1.745976E+00
3.200836E+01        -1.957081E+01        +1.742877E+00
3.197960E+01        -1.953581E+01        +1.739679E+00
3.195087E+01        -1.950081E+01        +1.736577E+00
3.192217E+01        -1.946581E+01        +1.733478E+00
3.189350E+01        -1.943082E+01        +1.730379E+00
3.186485E+01        -1.939583E+01        +1.727181E+00
3.183622E+01        -1.936083E+01        +1.724176E+00
3.180762E+01        -1.932680E+01        +1.720981E+00
3.177905E+01        -1.929184E+01        +1.717977E+00
3.175050E+01        -1.925684E+01        +1.714880E+00
3.172198E+01        -1.922282E+01        +1.711780E+00
3.169348E+01        -1.918784E+01        +1.708680E+00
3.166501E+01        -1.915382E+01        +1.705678E+00
3.163657E+01        -1.911886E+01        +1.702581E+00
3.160815E+01        -1.908483E+01        +1.699481E+00
3.157975E+01        -1.904985E+01        +1.696479E+00
3.155138E+01        -1.901583E+01        +1.693381E+00
3.152304E+01        -1.898184E+01        +1.690379E+00
3.149472E+01        -1.894784E+01        +1.687379E+00
3.146643E+01        -1.891384E+01        +1.684283E+00
3.143816E+01        -1.887984E+01        +1.681280E+00
3.140992E+01        -1.884585E+01        +1.678280E+00
3.138171E+01        -1.881186E+01        +1.675281E+00
3.135352E+01        -1.877786E+01        +1.672282E+00
3.132535E+01        -1.874483E+01        +1.669281E+00
3.129721E+01        -1.871086E+01        +1.666282E+00
3.126910E+01        -1.867785E+01        +1.663283E+00
3.124101E+01        -1.864388E+01        +1.660283E+00
3.121294E+01        -1.861085E+01        +1.657282E+00
3.118490E+01        -1.857688E+01        +1.654283E+00
3.115689E+01        -1.854386E+01        +1.651381E+00
3.112890E+01        -1.850989E+01        +1.648384E+00
3.110094E+01        -1.847686E+01        +1.645384E+00
3.107300E+01        -1.844387E+01        +1.642482E+00
3.104509E+01        -1.841087E+01        +1.639485E+00
3.101720E+01        -1.837787E+01        +1.636582E+00
3.098933E+01        -1.834487E+01        +1.633585E+00
3.096150E+01        -1.831188E+01        +1.630683E+00
3.093368E+01        -1.827888E+01        +1.627783E+00
3.090589E+01        -1.824588E+01        +1.624786E+00
3.087813E+01        -1.821289E+01        +1.621883E+00
3.085039E+01        -1.818086E+01        +1.618983E+00
3.082268E+01        -1.814790E+01        +1.616084E+00
3.079499E+01        -1.811490E+01        +1.613184E+00
3.076733E+01        -1.808288E+01        +1.610285E+00
3.073969E+01        -1.804991E+01        +1.607385E+00
3.071207E+01        -1.801787E+01        +1.604485E+00
3.068448E+01        -1.798588E+01        +1.601682E+00
3.065692E+01        -1.795291E+01        +1.598786E+00
3.062938E+01        -1.792089E+01        +1.595886E+00
3.060187E+01        -1.788890E+01        +1.592987E+00
3.057438E+01        -1.785690E+01        +1.590184E+00
3.054691E+01        -1.782490E+01        +1.587287E+00
3.051947E+01        -1.779290E+01        +1.584484E+00
3.049205E+01        -1.776090E+01        +1.581587E+00
3.046466E+01        -1.772890E+01        +1.578785E+00
3.043730E+01        -1.769692E+01        +1.575889E+00
3.040995E+01        -1.766491E+01        +1.573085E+00
3.038264E+01        -1.763292E+01        +1.570286E+00
3.035534E+01        -1.760189E+01        +1.567486E+00
3.032807E+01        -1.756992E+01        +1.564686E+00
3.030083E+01        -1.753890E+01        +1.561790E+00
3.027361E+01        -1.750693E+01        +1.558987E+00
3.024641E+01        -1.747590E+01        +1.556187E+00
3.021924E+01        -1.744393E+01        +1.553484E+00
3.019210E+01        -1.741291E+01        +1.550688E+00
3.016497E+01        -1.738191E+01        +1.547887E+00
3.013788E+01        -1.734995E+01        +1.545088E+00
3.011080E+01        -1.731891E+01        +1.542288E+00
3.008375E+01        -1.728791E+01        +1.539488E+00
3.005673E+01        -1.725692E+01        +1.536786E+00
3.002973E+01        -1.722593E+01        +1.533989E+00
3.000275E+01        -1.719493E+01        +1.531286E+00
2.997580E+01        -1.716393E+01        +1.528490E+00
2.994887E+01        -1.713293E+01        +1.525786E+00
2.992197E+01        -1.710291E+01        +1.522990E+00
2.989509E+01        -1.707194E+01        +1.520287E+00
2.986824E+01        -1.704095E+01        +1.517588E+00
2.984140E+01        -1.701091E+01        +1.514791E+00
2.981460E+01        -1.697995E+01        +1.512088E+00
2.978781E+01        -1.694992E+01        +1.509388E+00
2.976106E+01        -1.691896E+01        +1.506689E+00
2.973432E+01        -1.688893E+01        +1.503989E+00
2.970761E+01        -1.685796E+01        +1.501289E+00
2.968092E+01        -1.682793E+01        +1.498589E+00
2.965426E+01        -1.679794E+01        +1.495890E+00
2.962762E+01        -1.676794E+01        +1.493190E+00
2.960101E+01        -1.673795E+01        +1.490491E+00
2.957442E+01        -1.670795E+01        +1.487888E+00
2.954785E+01        -1.667795E+01        +1.485191E+00
2.952130E+01        -1.664795E+01        +1.482491E+00
2.949479E+01        -1.661796E+01        +1.479889E+00
2.946829E+01        -1.658796E+01        +1.477192E+00
2.944182E+01        -1.655796E+01        +1.474589E+00
2.941537E+01        -1.652796E+01        +1.471892E+00
2.938895E+01        -1.649894E+01        +1.469193E+00
2.936255E+01        -1.646897E+01        +1.466590E+00
2.933617E+01        -1.643897E+01        +1.463990E+00
2.930982E+01        -1.640995E+01        +1.461294E+00
2.928349E+01        -1.637998E+01        +1.458691E+00
2.925718E+01        -1.635095E+01        +1.456090E+00
2.923090E+01        -1.632195E+01        +1.453491E+00
2.920464E+01        -1.629199E+01        +1.450891E+00
2.917840E+01        -1.626295E+01        +1.448291E+00
2.915219E+01        -1.623396E+01        +1.445691E+00
2.912600E+01        -1.620496E+01        +1.443091E+00
2.909984E+01        -1.617596E+01        +1.440492E+00
2.907370E+01        -1.614697E+01        +1.437892E+00
2.904758E+01        -1.611797E+01        +1.435292E+00
2.902149E+01        -1.608897E+01        +1.432693E+00
2.899542E+01        -1.605998E+01        +1.430190E+00
2.896937E+01        -1.603098E+01        +1.427593E+00
2.894335E+01        -1.600198E+01        +1.424994E+00
2.891735E+01        -1.597299E+01        +1.422490E+00
2.889137E+01        -1.594495E+01        +1.419894E+00
2.886542E+01        -1.591599E+01        +1.417391E+00
2.883949E+01        -1.588700E+01        +1.414795E+00
2.881358E+01        -1.585896E+01        +1.412291E+00
2.878770E+01        -1.583000E+01        +1.409792E+00
2.876183E+01        -1.580196E+01        +1.407195E+00
2.873600E+01        -1.577397E+01        +1.404692E+00
2.871018E+01        -1.574500E+01        +1.402192E+00
2.868439E+01        -1.571697E+01        +1.399692E+00
2.865863E+01        -1.568898E+01        +1.397097E+00
2.863288E+01        -1.566098E+01        +1.394593E+00
2.860716E+01        -1.563202E+01        +1.392093E+00
2.858146E+01        -1.560398E+01        +1.389593E+00
2.855579E+01        -1.557599E+01        +1.387094E+00
2.853013E+01        -1.554799E+01        +1.384594E+00
2.850450E+01        -1.551999E+01        +1.382190E+00
2.847890E+01        -1.549296E+01        +1.379695E+00
2.845332E+01        -1.546500E+01        +1.377195E+00
2.842776E+01        -1.543701E+01        +1.374695E+00
2.840222E+01        -1.540901E+01        +1.372195E+00
2.837670E+01        -1.538100E+01        +1.369791E+00
2.835121E+01        -1.535397E+01        +1.367295E+00
2.832574E+01        -1.532601E+01        +1.364892E+00
2.830030E+01        -1.529898E+01        +1.362396E+00
2.827488E+01        -1.527102E+01        +1.359993E+00
2.824948E+01        -1.524399E+01        +1.357497E+00
2.822410E+01        -1.521698E+01        +1.355093E+00
2.819875E+01        -1.518903E+01        +1.352598E+00
2.817341E+01        -1.516199E+01        +1.350193E+00
2.814811E+01        -1.513500E+01        +1.347794E+00
2.812282E+01        -1.510800E+01        +1.345394E+00
2.809756E+01        -1.508004E+01        +1.342995E+00
2.807232E+01        -1.505300E+01        +1.340499E+00
2.804710E+01        -1.502601E+01        +1.338095E+00
2.802190E+01        -1.499900E+01        +1.335695E+00
2.799673E+01        -1.497201E+01        +1.333295E+00
2.797158E+01        -1.494501E+01        +1.330991E+00
2.794645E+01        -1.491897E+01        +1.328595E+00
2.792135E+01        -1.489202E+01        +1.326196E+00
2.789627E+01        -1.486502E+01        +1.323796E+00
2.787121E+01        -1.483803E+01        +1.321397E+00
2.784617E+01        -1.481199E+01        +1.318997E+00
2.782116E+01        -1.478503E+01        +1.316693E+00
2.779616E+01        -1.475899E+01        +1.314297E+00
2.777119E+01        -1.473203E+01        +1.311897E+00
2.774625E+01        -1.470600E+01        +1.309594E+00
2.772132E+01        -1.467904E+01        +1.307198E+00
2.769642E+01        -1.465300E+01        +1.304894E+00
2.767154E+01        -1.462700E+01        +1.302594E+00
2.764668E+01        -1.460005E+01        +1.300199E+00
2.762184E+01        -1.457400E+01        +1.297894E+00
2.759703E+01        -1.454801E+01        +1.295499E+00
2.757224E+01        -1.452201E+01        +1.293195E+00
2.754747E+01        -1.449601E+01        +1.290895E+00
2.752273E+01        -1.447002E+01        +1.288596E+00
2.749800E+01        -1.444402E+01        +1.286296E+00
2.747330E+01        -1.441802E+01        +1.283900E+00
2.744862E+01        -1.439203E+01        +1.281596E+00
2.742396E+01        -1.436603E+01        +1.279296E+00
2.739933E+01        -1.434003E+01        +1.277093E+00
2.737471E+01        -1.431403E+01        +1.274797E+00
2.735012E+01        -1.428899E+01        +1.272497E+00
2.732555E+01        -1.426304E+01        +1.270197E+00
2.730101E+01        -1.423705E+01        +1.267898E+00
2.727648E+01        -1.421200E+01        +1.265598E+00
2.725198E+01        -1.418605E+01        +1.263298E+00
2.722750E+01        -1.416101E+01        +1.261094E+00
2.720304E+01        -1.413505E+01        +1.258799E+00
2.717860E+01        -1.411001E+01        +1.256594E+00
2.715419E+01        -1.408502E+01        +1.254299E+00
2.712979E+01        -1.405906E+01        +1.251999E+00
2.710542E+01        -1.403402E+01        +1.249795E+00
2.708107E+01        -1.400902E+01        +1.247499E+00
2.705675E+01        -1.398403E+01        +1.245296E+00
2.703244E+01        -1.395807E+01        +1.243096E+00
2.700816E+01        -1.393303E+01        +1.240801E+00
2.698390E+01        -1.390804E+01        +1.238597E+00
2.695966E+01        -1.388399E+01        +1.236397E+00
2.693544E+01        -1.385808E+01        +1.234197E+00
2.691124E+01        -1.383399E+01        +1.231901E+00
2.688707E+01        -1.380905E+01        +1.229698E+00
2.686291E+01        -1.378404E+01        +1.227497E+00
2.683878E+01        -1.375905E+01        +1.225297E+00
2.681467E+01        -1.373405E+01        +1.223098E+00
2.679058E+01        -1.371000E+01        +1.220898E+00
2.676652E+01        -1.368506E+01        +1.218698E+00
2.674247E+01        -1.366101E+01        +1.216594E+00
2.671845E+01        -1.363606E+01        +1.214399E+00
2.669445E+01        -1.361202E+01        +1.212199E+00
2.667047E+01        -1.358707E+01        +1.209999E+00
2.664651E+01        -1.356302E+01        +1.207799E+00
2.662257E+01        -1.353807E+01        +1.205695E+00
2.659866E+01        -1.351403E+01        +1.203500E+00
2.657476E+01        -1.349003E+01        +1.201300E+00
2.655089E+01        -1.346603E+01        +1.199196E+00
2.652704E+01        -1.344108E+01        +1.197001E+00
2.650321E+01        -1.341704E+01        +1.194896E+00
2.647940E+01        -1.339304E+01        +1.192701E+00
2.645561E+01        -1.336904E+01        +1.190596E+00
2.643185E+01        -1.334504E+01        +1.188497E+00
2.640810E+01        -1.332104E+01        +1.186301E+00
2.638438E+01        -1.329705E+01        +1.184197E+00
2.636068E+01        -1.327305E+01        +1.182097E+00
2.633700E+01        -1.324905E+01        +1.179902E+00
2.631334E+01        -1.322601E+01        +1.177798E+00
2.628970E+01        -1.320205E+01        +1.175698E+00
2.626609E+01        -1.317806E+01        +1.173598E+00
2.624249E+01        -1.315406E+01        +1.171498E+00
2.621892E+01        -1.313102E+01        +1.169399E+00
2.619536E+01        -1.310706E+01        +1.167298E+00
2.617183E+01        -1.308402E+01        +1.165199E+00
2.614832E+01        -1.306007E+01        +1.163099E+00
2.612483E+01        -1.303702E+01        +1.160999E+00
2.610136E+01        -1.301307E+01        +1.158899E+00
2.607792E+01        -1.299003E+01        +1.156800E+00
2.605449E+01        -1.296703E+01        +1.154795E+00
2.603109E+01        -1.294309E+01        +1.152701E+00
2.600770E+01        -1.292004E+01        +1.150600E+00
2.598434E+01        -1.289704E+01        +1.148501E+00
2.596100E+01        -1.287405E+01        +1.146496E+00
2.593768E+01        -1.285105E+01        +1.144402E+00
2.591438E+01        -1.282805E+01        +1.142397E+00
2.589110E+01        -1.280410E+01        +1.140302E+00
2.586784E+01        -1.278105E+01        +1.138297E+00
2.584460E+01        -1.275901E+01        +1.136202E+00
2.582138E+01        -1.273605E+01        +1.134197E+00
2.579819E+01        -1.271306E+01        +1.132198E+00
2.577501E+01        -1.269006E+01        +1.130102E+00
2.575186E+01        -1.266707E+01        +1.128098E+00
2.572873E+01        -1.264407E+01        +1.126099E+00
2.570561E+01        -1.262202E+01        +1.124003E+00
2.568252E+01        -1.259907E+01        +1.121998E+00
2.565945E+01        -1.257607E+01        +1.119999E+00
2.563640E+01        -1.255403E+01        +1.117999E+00
2.561337E+01        -1.253108E+01        +1.115999E+00
2.559036E+01        -1.250903E+01        +1.113999E+00
2.556737E+01        -1.248608E+01        +1.111999E+00
2.554441E+01        -1.246404E+01        +1.110000E+00
2.552146E+01        -1.244204E+01        +1.108000E+00
2.549853E+01        -1.241909E+01        +1.106000E+00
2.547563E+01        -1.239704E+01        +1.104001E+00
2.545274E+01        -1.237504E+01        +1.102000E+00
2.542988E+01        -1.235210E+01        +1.100001E+00
2.540703E+01        -1.233005E+01        +1.098096E+00
2.538421E+01        -1.230805E+01        +1.096101E+00
2.536141E+01        -1.228606E+01        +1.094102E+00
2.533862E+01        -1.226405E+01        +1.092196E+00
2.531586E+01        -1.224206E+01        +1.090202E+00
2.529312E+01        -1.222006E+01        +1.088202E+00
2.527040E+01        -1.219806E+01        +1.086297E+00
2.524770E+01        -1.217607E+01        +1.084303E+00
2.522502E+01        -1.215407E+01        +1.082398E+00
2.520236E+01        -1.213207E+01        +1.080403E+00
2.517972E+01        -1.211102E+01        +1.078498E+00
2.515710E+01        -1.208907E+01        +1.076598E+00
2.513450E+01        -1.206707E+01        +1.074603E+00
2.511192E+01        -1.204508E+01        +1.072698E+00
2.508936E+01        -1.202402E+01        +1.070798E+00
2.506682E+01        -1.200208E+01        +1.068898E+00
2.504431E+01        -1.198009E+01        +1.066999E+00
2.502181E+01        -1.195903E+01        +1.065004E+00
2.499933E+01        -1.193803E+01        +1.063099E+00
2.497687E+01        -1.191609E+01        +1.061199E+00
2.495444E+01        -1.189504E+01        +1.059300E+00
2.493202E+01        -1.187309E+01        +1.057400E+00
2.490962E+01        -1.185204E+01        +1.055500E+00
2.488725E+01        -1.183105E+01        +1.053601E+00
2.486489E+01        -1.181005E+01        +1.051700E+00
2.484255E+01        -1.178810E+01        +1.049800E+00
2.482024E+01        -1.176706E+01        +1.047901E+00
2.479794E+01        -1.174605E+01        +1.046096E+00
2.477566E+01        -1.172505E+01        +1.044201E+00
2.475341E+01        -1.170406E+01        +1.042302E+00
2.473117E+01        -1.168306E+01        +1.040401E+00
2.470895E+01        -1.166206E+01        +1.038596E+00
2.468676E+01        -1.164107E+01        +1.036702E+00
2.466458E+01        -1.162007E+01        +1.034802E+00
2.464242E+01        -1.159906E+01        +1.032997E+00
2.462029E+01        -1.157807E+01        +1.031103E+00
2.459817E+01        -1.155707E+01        +1.029297E+00
2.457607E+01        -1.153702E+01        +1.027403E+00
2.455400E+01        -1.151608E+01        +1.025598E+00
2.453194E+01        -1.149508E+01        +1.023703E+00
2.450990E+01        -1.147502E+01        +1.021898E+00
2.448789E+01        -1.145409E+01        +1.020099E+00
2.446589E+01        -1.143309E+01        +1.018204E+00
2.444391E+01        -1.141303E+01        +1.016399E+00
2.442195E+01        -1.139209E+01        +1.014599E+00
2.440001E+01        -1.137204E+01        +1.012799E+00
2.437809E+01        -1.135204E+01        +1.010904E+00
2.435619E+01        -1.133109E+01        +1.009099E+00
2.433431E+01        -1.131104E+01        +1.007299E+00
2.431245E+01        -1.129104E+01        +1.005499E+00
2.429061E+01        -1.127010E+01        +1.003699E+00
2.426879E+01        -1.125005E+01        +1.001900E+00
2.424699E+01        -1.123005E+01        +1.000091E+00
2.422521E+01        -1.121005E+01        +9.982997E-01
2.420345E+01        -1.118911E+01        +9.965006E-01
2.418171E+01        -1.116906E+01        +9.947104E-01
2.415998E+01        -1.114906E+01        +9.929294E-01
2.413828E+01        -1.112906E+01        +9.911405E-01
2.411660E+01        -1.110907E+01        +9.893604E-01
2.409493E+01        -1.108906E+01        +9.875895E-01
2.407329E+01        -1.106907E+01        +9.858107E-01
2.405166E+01        -1.105001E+01        +9.840399E-01
2.403006E+01        -1.103007E+01        +9.822800E-01
2.400847E+01        -1.101007E+01        +9.805105E-01
2.398690E+01        -1.099007E+01        +9.787498E-01
2.396535E+01        -1.097007E+01        +9.769898E-01
2.394383E+01        -1.095103E+01        +9.752401E-01
2.392232E+01        -1.093108E+01        +9.734902E-01
2.390083E+01        -1.091109E+01        +9.717404E-01
2.387936E+01        -1.089203E+01        +9.699906E-01
2.385791E+01        -1.087209E+01        +9.682503E-01
2.383647E+01        -1.085303E+01        +9.665098E-01
2.381506E+01        -1.083309E+01        +9.647797E-01
2.379367E+01        -1.081404E+01        +9.630407E-01
2.377229E+01        -1.079409E+01        +9.613192E-01
2.375094E+01        -1.077504E+01        +9.595904E-01
2.372960E+01        -1.075604E+01        +9.578602E-01
2.370829E+01        -1.073610E+01        +9.561498E-01
2.368699E+01        -1.071705E+01        +9.544303E-01
2.366571E+01        -1.069805E+01        +9.527104E-01
2.364445E+01        -1.067905E+01        +9.509999E-01
2.362321E+01        -1.065911E+01        +9.492995E-01
2.360199E+01        -1.064005E+01        +9.475903E-01
2.358079E+01        -1.062106E+01        +9.458901E-01
2.355960E+01        -1.060205E+01        +9.441897E-01
2.353844E+01        -1.058306E+01        +9.424902E-01
2.351730E+01        -1.056406E+01        +9.408002E-01
2.349617E+01        -1.054506E+01        +9.391100E-01
2.347506E+01        -1.052606E+01        +9.374199E-01
2.345397E+01        -1.050706E+01        +9.357394E-01
2.343291E+01        -1.048807E+01        +9.340603E-01
2.341186E+01        -1.046907E+01        +9.323804E-01
2.339082E+01        -1.045101E+01        +9.307093E-01
2.336981E+01        -1.043207E+01        +9.290397E-01
2.334882E+01        -1.041308E+01        +9.273701E-01
2.332784E+01        -1.039407E+01        +9.257092E-01
2.330689E+01        -1.037602E+01        +9.240405E-01
2.328595E+01        -1.035708E+01        +9.223798E-01
2.326503E+01        -1.033808E+01        +9.207292E-01
2.324413E+01        -1.032002E+01        +9.190699E-01
2.322325E+01        -1.030108E+01        +9.174195E-01
2.320239E+01        -1.028303E+01        +9.157792E-01
2.318155E+01        -1.026409E+01        +9.141302E-01
2.316072E+01        -1.024603E+01        +9.124894E-01
2.313992E+01        -1.022710E+01        +9.108500E-01
2.311913E+01        -1.020903E+01        +9.092099E-01
2.309836E+01        -1.019103E+01        +9.075793E-01
2.307761E+01        -1.017210E+01        +9.059494E-01
2.305688E+01        -1.015404E+01        +9.043197E-01
2.303617E+01        -1.013604E+01        +9.026994E-01
2.301548E+01        -1.011805E+01        +9.010799E-01
2.299480E+01        -1.010005E+01        +8.994597E-01
2.297414E+01        -1.008204E+01        +8.978489E-01
2.295351E+01        -1.006311E+01        +8.962303E-01
2.293289E+01        -1.004505E+01        +8.946199E-01
2.291229E+01        -1.002706E+01        +8.930195E-01
2.289170E+01        -1.000905E+01        +8.914097E-01
2.287114E+01        -9.991339E+00        +8.898095E-01
2.285059E+01        -9.973355E+00        +8.882093E-01
2.283007E+01        -9.955457E+00        +8.866194E-01
2.280956E+01        -9.937558E+00        +8.850295E-01
2.278907E+01        -9.919753E+00        +8.834396E-01
2.276860E+01        -9.901957E+00        +8.818499E-01
2.274814E+01        -9.884153E+00        +8.802689E-01
2.272771E+01        -9.866359E+00        +8.786895E-01
2.270729E+01        -9.848651E+00        +8.771094E-01
2.268689E+01        -9.830952E+00        +8.755294E-01
2.266651E+01        -9.813347E+00        +8.739589E-01
2.264615E+01        -9.795657E+00        +8.723892E-01
2.262581E+01        -9.778055E+00        +8.708290E-01
2.260548E+01        -9.760546E+00        +8.692594E-01
2.258518E+01        -9.742960E+00        +8.676995E-01
2.256489E+01        -9.725454E+00        +8.661395E-01
2.254462E+01        -9.708050E+00        +8.645891E-01
2.252436E+01        -9.690552E+00        +8.630293E-01
2.250413E+01        -9.673150E+00        +8.614791E-01
2.248391E+01        -9.655749E+00        +8.599383E-01
2.246372E+01        -9.638450E+00        +8.583897E-01
2.244354E+01        -9.621152E+00        +8.568492E-01
2.242338E+01        -9.603855E+00        +8.553094E-01
2.240323E+01        -9.586644E+00        +8.537784E-01
2.238311E+01        -9.569450E+00        +8.522396E-01
2.236300E+01        -9.552250E+00        +8.507089E-01
2.234291E+01        -9.535050E+00        +8.491790E-01
2.232284E+01        -9.517947E+00        +8.476585E-01
2.230279E+01        -9.500851E+00        +8.461389E-01
2.228275E+01        -9.483748E+00        +8.446187E-01
2.226274E+01        -9.466749E+00        +8.430994E-01
2.224274E+01        -9.449750E+00        +8.415888E-01
2.222276E+01        -9.432753E+00        +8.400790E-01
2.220279E+01        -9.415842E+00        +8.385686E-01
2.218285E+01        -9.398948E+00        +8.370592E-01
2.216292E+01        -9.382047E+00        +8.355585E-01
2.214301E+01        -9.365148E+00        +8.340586E-01
2.212312E+01        -9.348345E+00        +8.325588E-01
2.210325E+01        -9.331549E+00        +8.310592E-01
2.208339E+01        -9.314747E+00        +8.295684E-01
2.206355E+01        -9.298041E+00        +8.280784E-01
2.204373E+01        -9.281342E+00        +8.265979E-01
2.202393E+01        -9.264646E+00        +8.251089E-01
2.200415E+01        -9.248045E+00        +8.236287E-01
2.198438E+01        -9.231444E+00        +8.221486E-01
2.196463E+01        -9.214844E+00        +8.206686E-01
2.194490E+01        -9.198340E+00        +8.191982E-01
2.192519E+01        -9.181752E+00        +8.177286E-01
2.190549E+01        -9.165243E+00        +8.162584E-01
2.188581E+01        -9.148836E+00        +8.147884E-01
2.186615E+01        -9.132345E+00        +8.133280E-01
2.184651E+01        -9.116035E+00        +8.118683E-01
2.182688E+01        -9.099640E+00        +8.104081E-01
2.180728E+01        -9.083247E+00        +8.089581E-01
2.178769E+01        -9.066942E+00        +8.075082E-01
2.176811E+01        -9.050637E+00        +8.060485E-01
2.174856E+01        -9.034436E+00        +8.046076E-01
2.172902E+01        -9.018142E+00        +8.031582E-01
2.170950E+01        -9.001936E+00        +8.017176E-01
2.169000E+01        -8.985833E+00        +8.002779E-01
2.167052E+01        -8.969645E+00        +7.988384E-01
2.165105E+01        -8.953537E+00        +7.974077E-01
2.163160E+01        -8.937532E+00        +7.959778E-01
2.161217E+01        -8.921442E+00        +7.945480E-01
2.159275E+01        -8.905432E+00        +7.931178E-01
2.157336E+01        -8.889440E+00        +7.916978E-01
2.155398E+01        -8.873441E+00        +7.902686E-01
2.153461E+01        -8.857529E+00        +7.888475E-01
2.151527E+01        -8.841635E+00        +7.874373E-01
2.149594E+01        -8.825734E+00        +7.860179E-01
2.147663E+01        -8.809836E+00        +7.846074E-01
2.145734E+01        -8.794033E+00        +7.831977E-01
2.143806E+01        -8.778231E+00        +7.817968E-01
2.141881E+01        -8.762439E+00        +7.803883E-01
2.139956E+01        -8.746726E+00        +7.789871E-01
2.138034E+01        -8.731031E+00        +7.775875E-01
2.136113E+01        -8.715329E+00        +7.761966E-01
2.134195E+01        -8.699731E+00        +7.747981E-01
2.132277E+01        -8.684033E+00        +7.734070E-01
2.130362E+01        -8.668431E+00        +7.720174E-01
2.128448E+01        -8.652924E+00        +7.706367E-01
2.126536E+01        -8.637333E+00        +7.692475E-01
2.124626E+01        -8.621830E+00        +7.678672E-01
2.122717E+01        -8.606328E+00        +7.664870E-01
2.120810E+01        -8.590921E+00        +7.651164E-01
2.118905E+01        -8.575431E+00        +7.637373E-01
2.117002E+01        -8.560029E+00        +7.623671E-01
2.115100E+01        -8.544629E+00        +7.609970E-01
2.113200E+01        -8.529323E+00        +7.596272E-01
2.111302E+01        -8.514027E+00        +7.582668E-01
2.109405E+01        -8.498726E+00        +7.569067E-01
2.107510E+01        -8.483427E+00        +7.555468E-01
2.105617E+01        -8.468223E+00        +7.541871E-01
2.103725E+01        -8.453020E+00        +7.528361E-01
2.101836E+01        -8.437828E+00        +7.514868E-01
2.099948E+01        -8.422631E+00        +7.501371E-01
2.098061E+01        -8.407520E+00        +7.487868E-01
2.096176E+01        -8.392420E+00        +7.474367E-01
2.094293E+01        -8.377321E+00        +7.460962E-01
2.092412E+01        -8.362318E+00        +7.447565E-01
2.090532E+01        -8.347317E+00        +7.434257E-01
2.088654E+01        -8.332318E+00        +7.420865E-01
2.086778E+01        -8.317322E+00        +7.407561E-01
2.084904E+01        -8.302421E+00        +7.394267E-01
2.083031E+01        -8.287522E+00        +7.380967E-01
2.081159E+01        -8.272617E+00        +7.367663E-01
2.079290E+01        -8.257723E+00        +7.354461E-01
2.077422E+01        -8.242916E+00        +7.341261E-01
2.075556E+01        -8.228119E+00        +7.328064E-01
2.073691E+01        -8.213316E+00        +7.314954E-01
2.071829E+01        -8.198524E+00        +7.301769E-01
2.069967E+01        -8.183812E+00        +7.288657E-01
2.068108E+01        -8.169117E+00        +7.275562E-01
2.066250E+01        -8.154417E+00        +7.262462E-01
2.064394E+01        -8.139812E+00        +7.249457E-01
2.062539E+01        -8.125210E+00        +7.236454E-01
2.060687E+01        -8.110618E+00        +7.223461E-01
2.058835E+01        -8.096012E+00        +7.210457E-01
2.056986E+01        -8.081510E+00        +7.197554E-01
2.055138E+01        -8.067010E+00        +7.184654E-01
2.053292E+01        -8.052513E+00        +7.171756E-01
2.051447E+01        -8.038010E+00        +7.158854E-01
2.049605E+01        -8.023611E+00        +7.145961E-01
2.047763E+01        -8.009206E+00        +7.133150E-01
2.045924E+01        -7.994812E+00        +7.120355E-01
2.044086E+01        -7.980412E+00        +7.107555E-01
2.042250E+01        -7.966108E+00        +7.094758E-01
2.040415E+01        -7.951806E+00        +7.082049E-01
2.038582E+01        -7.937507E+00        +7.069350E-01
2.036751E+01        -7.923211E+00        +7.056653E-01
2.034921E+01        -7.909002E+00        +7.043952E-01
2.033093E+01        -7.894804E+00        +7.031253E-01
2.031267E+01        -7.880608E+00        +7.018649E-01
2.029442E+01        -7.866500E+00        +7.006049E-01
2.027619E+01        -7.852309E+00        +6.993451E-01
2.025798E+01        -7.838206E+00        +6.980947E-01
2.023978E+01        -7.824106E+00        +6.968355E-01
2.022160E+01        -7.810102E+00        +6.955850E-01
2.020343E+01        -7.796099E+00        +6.943348E-01
2.018528E+01        -7.782100E+00        +6.930941E-01
2.016715E+01        -7.768104E+00        +6.918452E-01
2.014903E+01        -7.754102E+00        +6.906043E-01
2.013093E+01        -7.740196E+00        +6.893644E-01
2.011285E+01        -7.726301E+00        +6.881248E-01
2.009478E+01        -7.712400E+00        +6.868940E-01
2.007673E+01        -7.698595E+00        +6.856550E-01
2.005870E+01        -7.684708E+00        +6.844247E-01
2.004068E+01        -7.670901E+00        +6.831948E-01
2.002267E+01        -7.657189E+00        +6.819644E-01
2.000469E+01        -7.643404E+00        +6.807442E-01
1.998672E+01        -7.629698E+00        +6.795244E-01
1.996876E+01        -7.615995E+00        +6.783041E-01
1.995082E+01        -7.602295E+00        +6.770841E-01
1.993290E+01        -7.588598E+00        +6.758644E-01
1.991500E+01        -7.574996E+00        +6.746541E-01
1.989711E+01        -7.561397E+00        +6.734443E-01
1.987923E+01        -7.547794E+00        +6.722340E-01
1.986137E+01        -7.534286E+00        +6.710239E-01
1.984353E+01        -7.520696E+00        +6.698234E-01
1.982571E+01        -7.507194E+00        +6.686147E-01
1.980790E+01        -7.493695E+00        +6.674140E-01
1.979010E+01        -7.480284E+00        +6.662137E-01
1.977232E+01        -7.466792E+00        +6.650229E-01
1.975456E+01        -7.453387E+00        +6.638239E-01
1.973682E+01        -7.439992E+00        +6.626336E-01
1.971909E+01        -7.426686E+00        +6.614438E-01
1.970137E+01        -7.413290E+00        +6.602535E-01
1.968368E+01        -7.399990E+00        +6.590733E-01
1.966599E+01        -7.386685E+00        +6.578837E-01
1.964833E+01        -7.373484E+00        +6.567035E-01
1.963068E+01        -7.360193E+00        +6.555236E-01
1.961304E+01        -7.346982E+00        +6.543526E-01
1.959542E+01        -7.333783E+00        +6.531734E-01
1.957782E+01        -7.320586E+00        +6.520029E-01
1.956023E+01        -7.307477E+00        +6.508328E-01
1.954266E+01        -7.294380E+00        +6.496630E-01
1.952511E+01        -7.281193E+00        +6.484935E-01
1.950757E+01        -7.268178E+00        +6.473328E-01
1.949004E+01        -7.255083E+00        +6.461633E-01
1.947253E+01        -7.242075E+00        +6.450025E-01
1.945504E+01        -7.229078E+00        +6.438520E-01
1.943757E+01        -7.216084E+00        +6.426934E-01
1.942010E+01        -7.203079E+00        +6.415421E-01
1.940266E+01        -7.190176E+00        +6.403834E-01
1.938523E+01        -7.177277E+00        +6.392327E-01
1.936782E+01        -7.164382E+00        +6.380922E-01
1.935042E+01        -7.151482E+00        +6.369431E-01
1.933303E+01        -7.138670E+00        +6.358019E-01
1.931567E+01        -7.125876E+00        +6.346533E-01
1.929832E+01        -7.112987E+00        +6.335219E-01
1.928098E+01        -7.100269E+00        +6.323825E-01
1.926366E+01        -7.087479E+00        +6.312427E-01
1.924635E+01        -7.074768E+00        +6.301117E-01
1.922906E+01        -7.062069E+00        +6.289817E-01
1.921179E+01        -7.049373E+00        +6.278521E-01
1.919453E+01        -7.036673E+00        +6.267221E-01
1.917729E+01        -7.024068E+00        +6.255924E-01
1.916006E+01        -7.011467E+00        +6.244715E-01
1.914285E+01        -6.998870E+00        +6.233517E-01
1.912565E+01        -6.986268E+00        +6.222316E-01
1.910847E+01        -6.973762E+00        +6.211118E-01
1.909131E+01        -6.961175E+00        +6.200014E-01
1.907416E+01        -6.948668E+00        +6.188823E-01
1.905702E+01        -6.936166E+00        +6.177713E-01
1.903990E+01        -6.923758E+00        +6.166613E-01
1.902280E+01        -6.911362E+00        +6.155609E-01
1.900571E+01        -6.898871E+00        +6.144517E-01
1.898864E+01        -6.886558E+00        +6.133512E-01
1.897158E+01        -6.874166E+00        +6.122512E-01
1.895454E+01        -6.861769E+00        +6.111514E-01
1.893751E+01        -6.849459E+00        +6.100514E-01
1.892050E+01        -6.837162E+00        +6.089516E-01
1.890350E+01        -6.824861E+00        +6.078607E-01
1.888652E+01        -6.812655E+00        +6.067708E-01
1.886956E+01        -6.800369E+00        +6.056813E-01
1.885260E+01        -6.788155E+00        +6.045909E-01
1.883567E+01        -6.775960E+00        +6.035013E-01
1.881875E+01        -6.763853E+00        +6.024206E-01
1.880184E+01        -6.751659E+00        +6.013404E-01
1.878495E+01        -6.739552E+00        +6.002605E-01
1.876808E+01        -6.727457E+00        +5.991809E-01
1.875122E+01        -6.715358E+00        +5.981010E-01
1.873437E+01        -6.703255E+00        +5.970300E-01
1.871755E+01        -6.691255E+00        +5.959607E-01
1.870073E+01        -6.679252E+00        +5.948904E-01
1.868393E+01        -6.667252E+00        +5.938205E-01
1.866715E+01        -6.655256E+00        +5.927508E-01
1.865038E+01        -6.643257E+00        +5.916900E-01
1.863362E+01        -6.631345E+00        +5.906297E-01
1.861689E+01        -6.619453E+00        +5.895704E-01
1.860016E+01        -6.607550E+00        +5.885101E-01
1.858345E+01        -6.595650E+00        +5.874501E-01
1.856676E+01        -6.583845E+00        +5.863996E-01
1.855008E+01        -6.572046E+00        +5.853405E-01
1.853342E+01        -6.560158E+00        +5.842900E-01
1.851677E+01        -6.548441E+00        +5.832401E-01
1.850013E+01        -6.536647E+00        +5.821898E-01
1.848351E+01        -6.524939E+00        +5.811490E-01
1.846691E+01        -6.513151E+00        +5.801093E-01
1.845032E+01        -6.501443E+00        +5.790602E-01
1.843375E+01        -6.489839E+00        +5.780197E-01
1.841719E+01        -6.478148E+00        +5.769889E-01
1.840064E+01        -6.466537E+00        +5.759495E-01
1.838411E+01        -6.454938E+00        +5.749188E-01
1.836760E+01        -6.443342E+00        +5.738800E-01
1.835110E+01        -6.431743E+00        +5.728493E-01
1.833461E+01        -6.420141E+00        +5.718191E-01
1.831814E+01        -6.408634E+00        +5.707983E-01
1.830169E+01        -6.397139E+00        +5.697696E-01
1.828525E+01        -6.385640E+00        +5.687489E-01
1.826882E+01        -6.374138E+00        +5.677287E-01
1.825241E+01        -6.362732E+00        +5.667089E-01
1.823601E+01        -6.351330E+00        +5.656888E-01
1.821963E+01        -6.339841E+00        +5.646781E-01
1.820327E+01        -6.328530E+00        +5.636595E-01
1.818691E+01        -6.317134E+00        +5.626483E-01
1.817058E+01        -6.305832E+00        +5.616389E-01
1.815425E+01        -6.294437E+00        +5.606285E-01
1.813794E+01        -6.283128E+00        +5.596185E-01
1.812165E+01        -6.271832E+00        +5.586180E-01
1.810537E+01        -6.260623E+00        +5.576089E-01
1.808911E+01        -6.249336E+00        +5.566084E-01
1.807286E+01        -6.238129E+00        +5.556085E-01
1.805662E+01        -6.226926E+00        +5.546174E-01
1.804040E+01        -6.215728E+00        +5.536184E-01
1.802420E+01        -6.204533E+00        +5.526280E-01
1.800800E+01        -6.193419E+00        +5.516284E-01
1.799183E+01        -6.182325E+00        +5.506381E-01
1.797567E+01        -6.171228E+00        +5.496483E-01
1.795952E+01        -6.160128E+00        +5.486674E-01
1.794338E+01        -6.149024E+00        +5.476780E-01
1.792727E+01        -6.138022E+00        +5.466977E-01
1.791116E+01        -6.126928E+00        +5.457175E-01
1.789507E+01        -6.115921E+00        +5.447375E-01
1.787900E+01        -6.104925E+00        +5.437580E-01
1.786294E+01        -6.094018E+00        +5.427781E-01
1.784689E+01        -6.083026E+00        +5.418071E-01
1.783086E+01        -6.072119E+00        +5.408283E-01
1.781484E+01        -6.061219E+00        +5.398573E-01
1.779884E+01        -6.050322E+00        +5.388876E-01
1.778285E+01        -6.039423E+00        +5.379267E-01
1.776687E+01        -6.028611E+00        +5.369574E-01
1.775091E+01        -6.017812E+00        +5.359875E-01
1.773497E+01        -6.007018E+00        +5.350271E-01
1.771903E+01        -5.996213E+00        +5.340667E-01
1.770312E+01        -5.985419E+00        +5.331072E-01
1.768721E+01        -5.974615E+00        +5.321560E-01
1.767132E+01        -5.963906E+00        +5.311969E-01
1.765545E+01        -5.953210E+00        +5.302464E-01
1.763959E+01        -5.942512E+00        +5.292874E-01
1.762374E+01        -5.931810E+00        +5.283363E-01
1.760791E+01        -5.921203E+00        +5.273956E-01
1.759210E+01        -5.910609E+00        +5.264470E-01
1.757629E+01        -5.899915E+00        +5.254967E-01
1.756050E+01        -5.889306E+00        +5.245559E-01
1.754473E+01        -5.878801E+00        +5.236162E-01
1.752897E+01        -5.868212E+00        +5.226764E-01
1.751322E+01        -5.857611E+00        +5.217363E-01
1.749749E+01        -5.847104E+00        +5.207965E-01
1.748177E+01        -5.836604E+00        +5.198656E-01
1.746607E+01        -5.826108E+00        +5.189268E-01
1.745038E+01        -5.815700E+00        +5.179960E-01
1.743470E+01        -5.805207E+00        +5.170659E-01
1.741904E+01        -5.794800E+00        +5.161361E-01
1.740339E+01        -5.784400E+00        +5.152151E-01
1.738776E+01        -5.774003E+00        +5.142863E-01
1.737214E+01        -5.763604E+00        +5.133655E-01
1.735653E+01        -5.753293E+00        +5.124363E-01
1.734094E+01        -5.742905E+00        +5.115155E-01
1.732536E+01        -5.732595E+00        +5.106045E-01
1.730980E+01        -5.722298E+00        +5.096858E-01
1.729425E+01        -5.712090E+00        +5.087659E-01
1.727871E+01        -5.701797E+00        +5.078548E-01
1.726319E+01        -5.691499E+00        +5.069450E-01
1.724768E+01        -5.681290E+00        +5.060349E-01
1.723219E+01        -5.671093E+00        +5.051252E-01
1.721671E+01        -5.660894E+00        +5.042153E-01
1.720124E+01        -5.650783E+00        +5.033142E-01
1.718579E+01        -5.640595E+00        +5.024054E-01
1.717035E+01        -5.630486E+00        +5.015044E-01
1.715493E+01        -5.620389E+00        +5.006048E-01
1.713952E+01        -5.610291E+00        +4.997049E-01
1.712412E+01        -5.600190E+00        +4.988048E-01
1.710874E+01        -5.590093E+00        +4.979141E-01
1.709337E+01        -5.580083E+00        +4.970151E-01
1.707801E+01        -5.570081E+00        +4.961240E-01
1.706267E+01        -5.560083E+00        +4.952341E-01
1.704735E+01        -5.550089E+00        +4.943447E-01
1.703203E+01        -5.540086E+00        +4.934544E-01
1.701673E+01        -5.530178E+00        +4.925736E-01
1.700144E+01        -5.520186E+00        +4.916844E-01
1.698617E+01        -5.510279E+00        +4.908037E-01
1.697091E+01        -5.500380E+00        +4.899237E-01
1.695567E+01        -5.490484E+00        +4.890441E-01
1.694044E+01        -5.480676E+00        +4.881643E-01
1.692522E+01        -5.470786E+00        +4.872842E-01
1.691001E+01        -5.460973E+00        +4.864130E-01
1.689482E+01        -5.451175E+00        +4.855341E-01
1.687965E+01        -5.441380E+00        +4.846636E-01
1.686448E+01        -5.431577E+00        +4.837933E-01
1.684933E+01        -5.421868E+00        +4.829234E-01
1.683420E+01        -5.412082E+00        +4.820629E-01
1.681908E+01        -5.402375E+00        +4.811941E-01
1.680397E+01        -5.392675E+00        +4.803331E-01
1.678887E+01        -5.382973E+00        +4.794639E-01
1.677379E+01        -5.373275E+00        +4.786031E-01
1.675872E+01        -5.363666E+00        +4.777431E-01
1.674367E+01        -5.354069E+00        +4.768835E-01
1.672863E+01        -5.344381E+00        +4.760326E-01
1.671360E+01        -5.334771E+00        +4.751735E-01
1.669858E+01        -5.325258E+00        +4.743223E-01
1.668358E+01        -5.315669E+00        +4.734724E-01
1.666860E+01        -5.306165E+00        +4.726229E-01
1.665362E+01        -5.296571E+00        +4.717727E-01
1.663866E+01        -5.287063E+00        +4.709228E-01
1.662372E+01        -5.277568E+00        +4.700823E-01
1.660878E+01        -5.268065E+00        +4.692329E-01
1.659386E+01        -5.258656E+00        +4.683920E-01
1.657896E+01        -5.249171E+00        +4.675525E-01
1.656406E+01        -5.239758E+00        +4.667122E-01
1.654918E+01        -5.230358E+00        +4.658723E-01
1.653432E+01        -5.220963E+00        +4.650417E-01
1.651946E+01        -5.211560E+00        +4.642024E-01
1.650462E+01        -5.202161E+00        +4.633715E-01
1.648980E+01        -5.192856E+00        +4.625329E-01
1.647498E+01        -5.183552E+00        +4.617016E-01
1.646018E+01        -5.174253E+00        +4.608807E-01
1.644540E+01        -5.164958E+00        +4.600521E-01
1.643062E+01        -5.155655E+00        +4.592218E-01
1.641587E+01        -5.146362E+00        +4.584015E-01
1.640112E+01        -5.137151E+00        +4.575724E-01
1.638639E+01        -5.127864E+00        +4.567516E-01
1.637166E+01        -5.118649E+00        +4.559312E-01
1.635696E+01        -5.109454E+00        +4.551116E-01
1.634226E+01        -5.100341E+00        +4.542914E-01
1.632758E+01        -5.091152E+00        +4.534805E-01
1.631292E+01        -5.082048E+00        +4.526710E-01
1.629826E+01        -5.072855E+00        +4.518517E-01
1.628362E+01        -5.063746E+00        +4.510409E-01
1.626899E+01        -5.054646E+00        +4.502308E-01
1.625438E+01        -5.045550E+00        +4.494212E-01
1.623978E+01        -5.036542E+00        +4.486203E-01
1.622519E+01        -5.027452E+00        +4.478113E-01
1.621061E+01        -5.018440E+00        +4.470102E-01
1.619605E+01        -5.009442E+00        +4.462014E-01
1.618150E+01        -5.000442E+00        +4.454004E-01
1.616697E+01        -4.991447E+00        +4.446008E-01
1.615244E+01        -4.982443E+00        +4.438005E-01
1.613793E+01        -4.973534E+00        +4.430096E-01
1.612344E+01        -4.964639E+00        +4.422110E-01
1.610895E+01        -4.955647E+00        +4.414198E-01
1.609448E+01        -4.946738E+00        +4.406209E-01
1.608002E+01        -4.937928E+00        +4.398299E-01
1.606558E+01        -4.929042E+00        +4.390402E-01
1.605115E+01        -4.920144E+00        +4.382504E-01
1.603673E+01        -4.911334E+00        +4.374694E-01
1.602232E+01        -4.902532E+00        +4.366803E-01
1.600793E+01        -4.893735E+00        +4.358995E-01
1.599355E+01        -4.884936E+00        +4.351196E-01
1.597918E+01        -4.876135E+00        +4.343306E-01
1.596483E+01        -4.867339E+00        +4.335499E-01
1.595048E+01        -4.858624E+00        +4.327695E-01
1.593616E+01        -4.849930E+00        +4.319990E-01
1.592184E+01        -4.841139E+00        +4.312199E-01
1.590754E+01        -4.832521E+00        +4.304491E-01
1.589325E+01        -4.823832E+00        +4.296791E-01
1.587897E+01        -4.815131E+00        +4.289001E-01
1.586471E+01        -4.806524E+00        +4.281294E-01
1.585045E+01        -4.797830E+00        +4.273590E-01
1.583622E+01        -4.789226E+00        +4.265985E-01
1.582199E+01        -4.780625E+00        +4.258294E-01
1.580778E+01        -4.772027E+00        +4.250686E-01
1.579358E+01        -4.763429E+00        +4.242997E-01
1.577939E+01        -4.754918E+00        +4.235387E-01
1.576521E+01        -4.746326E+00        +4.227785E-01
1.575105E+01        -4.737818E+00        +4.220187E-01
1.573690E+01        -4.729318E+00        +4.212587E-01
1.572277E+01        -4.720823E+00        +4.205081E-01
1.570864E+01        -4.712320E+00        +4.197489E-01
1.569453E+01        -4.703911E+00        +4.189980E-01
1.568043E+01        -4.695422E+00        +4.182480E-01
1.566635E+01        -4.687016E+00        +4.174894E-01
1.565227E+01        -4.678613E+00        +4.167471E-01
1.563821E+01        -4.670214E+00        +4.159982E-01
1.562416E+01        -4.661814E+00        +4.152482E-01
1.561013E+01        -4.653418E+00        +4.144986E-01
1.559611E+01        -4.645020E+00        +4.137577E-01
1.558210E+01        -4.636711E+00        +4.130178E-01
1.556810E+01        -4.628410E+00        +4.122688E-01
1.555411E+01        -4.620108E+00        +4.115276E-01
1.554014E+01        -4.611721E+00        +4.107878E-01
1.552618E+01        -4.603501E+00        +4.100568E-01
1.551223E+01        -4.595210E+00        +4.093178E-01
1.549830E+01        -4.586914E+00        +4.085871E-01
1.548438E+01        -4.578706E+00        +4.078483E-01
1.547047E+01        -4.570507E+00        +4.071173E-01
1.545657E+01        -4.562306E+00        +4.063873E-01
1.544268E+01        -4.554104E+00        +4.056571E-01
1.542881E+01        -4.545906E+00        +4.049273E-01
1.541495E+01        -4.537707E+00        +4.041973E-01
1.540110E+01        -4.529595E+00        +4.034762E-01
1.538727E+01        -4.521410E+00        +4.027476E-01
1.537345E+01        -4.513302E+00        +4.020268E-01
1.535964E+01        -4.505202E+00        +4.013069E-01
1.534584E+01        -4.497102E+00        +4.005868E-01
1.533205E+01        -4.489000E+00        +3.998666E-01
1.531828E+01        -4.480992E+00        +3.991469E-01
1.530452E+01        -4.472904E+00        +3.984270E-01
1.529077E+01        -4.464893E+00        +3.977159E-01
1.527703E+01        -4.456891E+00        +3.969968E-01
1.526331E+01        -4.448894E+00        +3.962860E-01
1.524960E+01        -4.440896E+00        +3.955762E-01
1.523590E+01        -4.432896E+00        +3.948662E-01
1.522221E+01        -4.424895E+00        +3.941561E-01
1.520854E+01        -4.416988E+00        +3.934464E-01
1.519488E+01        -4.409000E+00        +3.927365E-01
1.518123E+01        -4.401090E+00        +3.920355E-01
1.516759E+01        -4.393190E+00        +3.913355E-01
1.515396E+01        -4.385288E+00        +3.906264E-01
1.514035E+01        -4.377390E+00        +3.899255E-01
1.512675E+01        -4.369581E+00        +3.892256E-01
1.511316E+01        -4.361691E+00        +3.885256E-01
1.509959E+01        -4.353885E+00        +3.878349E-01
1.508602E+01        -4.346082E+00        +3.871358E-01
1.507247E+01        -4.338284E+00        +3.864360E-01
1.505893E+01        -4.330485E+00        +3.857450E-01
1.504540E+01        -4.322685E+00        +3.850549E-01
1.503189E+01        -4.314889E+00        +3.843563E-01
1.501838E+01        -4.307175E+00        +3.836739E-01
1.500489E+01        -4.299476E+00        +3.829851E-01
1.499141E+01        -4.291687E+00        +3.822951E-01
1.497795E+01        -4.283981E+00        +3.816056E-01
1.496449E+01        -4.276279E+00        +3.809243E-01
1.495105E+01        -4.268581E+00        +3.802356E-01
1.493762E+01        -4.260972E+00        +3.795546E-01
1.492420E+01        -4.253283E+00        +3.788746E-01
1.491079E+01        -4.245671E+00        +3.781945E-01
1.489740E+01        -4.238074E+00        +3.775148E-01
1.488401E+01        -4.230381E+00        +3.768345E-01
1.487064E+01        -4.222772E+00        +3.761546E-01
1.485729E+01        -4.215266E+00        +3.754840E-01
1.484394E+01        -4.207676E+00        +3.748050E-01
1.483060E+01        -4.200074E+00        +3.741337E-01
1.481728E+01        -4.192565E+00        +3.734639E-01
1.480397E+01        -4.184977E+00        +3.727940E-01
1.479067E+01        -4.177466E+00        +3.721240E-01
1.477739E+01        -4.169970E+00        +3.714544E-01
1.476411E+01        -4.162468E+00        +3.707842E-01
1.475085E+01        -4.155059E+00        +3.701233E-01
1.473760E+01        -4.147572E+00        +3.694545E-01
1.472436E+01        -4.140072E+00        +3.687934E-01
1.471113E+01        -4.132660E+00        +3.681333E-01
1.469792E+01        -4.125264E+00        +3.674737E-01
1.468471E+01        -4.117861E+00        +3.668134E-01
1.467152E+01        -4.110462E+00        +3.661535E-01
1.465834E+01        -4.103063E+00        +3.654936E-01
1.464517E+01        -4.095662E+00        +3.648424E-01
1.463202E+01        -4.088355E+00        +3.641839E-01
1.461887E+01        -4.080964E+00        +3.635326E-01
1.460574E+01        -4.073655E+00        +3.628739E-01
1.459262E+01        -4.066356E+00        +3.622228E-01
1.457951E+01        -4.059056E+00        +3.615728E-01
1.456641E+01        -4.051755E+00        +3.609228E-01
1.455333E+01        -4.044459E+00        +3.602731E-01
1.454026E+01        -4.037161E+00        +3.596322E-01
1.452719E+01        -4.029946E+00        +3.589830E-01
1.451414E+01        -4.022658E+00        +3.583419E-01
1.450111E+01        -4.015452E+00        +3.576935E-01
1.448808E+01        -4.008251E+00        +3.570523E-01
1.447506E+01        -4.001049E+00        +3.564121E-01
1.446206E+01        -3.993851E+00        +3.557723E-01
1.444907E+01        -3.986653E+00        +3.551325E-01
1.443609E+01        -3.979542E+00        +3.544925E-01
1.442312E+01        -3.972353E+00        +3.538614E-01
1.441017E+01        -3.965246E+00        +3.532229E-01
1.439722E+01        -3.958144E+00        +3.525915E-01
1.438429E+01        -3.951047E+00        +3.519529E-01
1.437137E+01        -3.943948E+00        +3.513219E-01
1.435846E+01        -3.936849E+00        +3.506920E-01
1.434556E+01        -3.929749E+00        +3.500620E-01
1.433267E+01        -3.922648E+00        +3.494319E-01
1.431980E+01        -3.915640E+00        +3.488022E-01
1.430693E+01        -3.908637E+00        +3.481808E-01
1.429408E+01        -3.901550E+00        +3.475521E-01
1.428124E+01        -3.894540E+00        +3.469311E-01
1.426841E+01        -3.887540E+00        +3.463111E-01
1.425559E+01        -3.880540E+00        +3.456822E-01
1.424279E+01        -3.873632E+00        +3.450614E-01
1.422999E+01        -3.866641E+00        +3.444412E-01
1.421721E+01        -3.859732E+00        +3.438214E-01
1.420444E+01        -3.852745E+00        +3.432104E-01
1.419168E+01        -3.845834E+00        +3.425916E-01
1.417893E+01        -3.838934E+00        +3.419804E-01
1.416619E+01        -3.832034E+00        +3.413615E-01
1.415347E+01        -3.825137E+00        +3.407507E-01
1.414075E+01        -3.818323E+00        +3.401405E-01
1.412805E+01        -3.811437E+00        +3.395307E-01
1.411536E+01        -3.804627E+00        +3.389208E-01
1.410268E+01        -3.797739E+00        +3.383109E-01
1.409001E+01        -3.790928E+00        +3.377009E-01
1.407735E+01        -3.784127E+00        +3.370908E-01
1.406470E+01        -3.777325E+00        +3.364895E-01
1.405207E+01        -3.770528E+00        +3.358809E-01
1.403945E+01        -3.763731E+00        +3.352800E-01
1.402684E+01        -3.757021E+00        +3.346801E-01
1.401423E+01        -3.750228E+00        +3.340797E-01
1.400165E+01        -3.743522E+00        +3.334802E-01
1.398907E+01        -3.736822E+00        +3.328802E-01
1.397650E+01        -3.730032E+00        +3.322801E-01
1.396395E+01        -3.723324E+00        +3.316804E-01
1.395140E+01        -3.716622E+00        +3.310890E-01
1.393887E+01        -3.710012E+00        +3.304992E-01
1.392635E+01        -3.703325E+00        +3.299005E-01
1.391384E+01        -3.696714E+00        +3.293094E-01
1.390134E+01        -3.690026E+00        +3.287194E-01
1.388885E+01        -3.683414E+00        +3.281294E-01
1.387637E+01        -3.676813E+00        +3.275393E-01
1.386391E+01        -3.670216E+00        +3.269496E-01
1.385145E+01        -3.663614E+00        +3.263594E-01
1.383901E+01        -3.657016E+00        +3.257784E-01
1.382658E+01        -3.650418E+00        +3.251897E-01
1.381416E+01        -3.643907E+00        +3.246086E-01
1.380175E+01        -3.637319E+00        +3.240198E-01
1.378935E+01        -3.630807E+00        +3.234386E-01
1.377696E+01        -3.624306E+00        +3.228586E-01
1.376459E+01        -3.617722E+00        +3.222789E-01
1.375222E+01        -3.611208E+00        +3.216987E-01
1.373987E+01        -3.604799E+00        +3.211278E-01
1.372753E+01        -3.598313E+00        +3.205491E-01
1.371519E+01        -3.591809E+00        +3.199688E-01
1.370287E+01        -3.585398E+00        +3.193977E-01
1.369056E+01        -3.578910E+00        +3.188277E-01
1.367827E+01        -3.572503E+00        +3.182494E-01
1.366598E+01        -3.566103E+00        +3.176781E-01
1.365370E+01        -3.559701E+00        +3.171080E-01
1.364144E+01        -3.553305E+00        +3.165383E-01
1.362918E+01        -3.546903E+00        +3.159681E-01
1.361694E+01        -3.540505E+00        +3.154071E-01
1.360471E+01        -3.534195E+00        +3.148385E-01
1.359249E+01        -3.527808E+00        +3.142686E-01
1.358028E+01        -3.521497E+00        +3.137075E-01
1.356808E+01        -3.515197E+00        +3.131475E-01
1.355589E+01        -3.508809E+00        +3.125787E-01
1.354371E+01        -3.502496E+00        +3.120174E-01
1.353154E+01        -3.496195E+00        +3.114573E-01
1.351939E+01        -3.489987E+00        +3.108976E-01
1.350724E+01        -3.483697E+00        +3.103462E-01
1.349511E+01        -3.477399E+00        +3.097877E-01
1.348299E+01        -3.471189E+00        +3.092279E-01
1.347087E+01        -3.464898E+00        +3.086763E-01
1.345877E+01        -3.458687E+00        +3.081177E-01
1.344668E+01        -3.452488E+00        +3.075665E-01
1.343460E+01        -3.446288E+00        +3.070165E-01
1.342254E+01        -3.440093E+00        +3.064582E-01
1.341048E+01        -3.433892E+00        +3.059069E-01
1.339843E+01        -3.427779E+00        +3.053568E-01
1.338639E+01        -3.421590E+00        +3.048155E-01
1.337437E+01        -3.415481E+00        +3.042670E-01
1.336236E+01        -3.409296E+00        +3.037173E-01
1.335035E+01        -3.403181E+00        +3.031758E-01
1.333836E+01        -3.397083E+00        +3.026272E-01
1.332638E+01        -3.390985E+00        +3.020861E-01
1.331441E+01        -3.384886E+00        +3.015463E-01
1.330244E+01        -3.378782E+00        +3.010059E-01
1.329050E+01        -3.372688E+00        +3.004664E-01
1.327856E+01        -3.366675E+00        +2.999264E-01
1.326663E+01        -3.360587E+00        +2.993864E-01
1.325471E+01        -3.354575E+00        +2.988463E-01
1.324280E+01        -3.348574E+00        +2.983062E-01
1.323091E+01        -3.342577E+00        +2.977753E-01
1.321902E+01        -3.336576E+00        +2.972364E-01
1.320715E+01        -3.330579E+00        +2.967055E-01
1.319528E+01        -3.324576E+00        +2.961752E-01
1.318343E+01        -3.318579E+00        +2.956367E-01
1.317159E+01        -3.312581E+00        +2.951056E-01
1.315975E+01        -3.306665E+00        +2.945753E-01
1.314793E+01        -3.300767E+00        +2.940455E-01
1.313612E+01        -3.294780E+00        +2.935243E-01
1.312432E+01        -3.288868E+00        +2.929956E-01
1.311253E+01        -3.282969E+00        +2.924657E-01
1.310075E+01        -3.277069E+00        +2.919445E-01
1.308898E+01        -3.271169E+00        +2.914157E-01
1.307723E+01        -3.265274E+00        +2.908949E-01
1.306548E+01        -3.259461E+00        +2.903748E-01
1.305374E+01        -3.253572E+00        +2.898547E-01
1.304201E+01        -3.247758E+00        +2.893346E-01
1.303030E+01        -3.241874E+00        +2.888149E-01
1.301859E+01        -3.236060E+00        +2.882948E-01
1.300690E+01        -3.230263E+00        +2.877750E-01
1.299521E+01        -3.224461E+00        +2.872548E-01
1.298354E+01        -3.218663E+00        +2.867438E-01
1.297188E+01        -3.212866E+00        +2.862252E-01
1.296022E+01        -3.207063E+00        +2.857137E-01
1.294858E+01        -3.201352E+00        +2.852039E-01
1.293695E+01        -3.195566E+00        +2.846853E-01
1.292533E+01        -3.189855E+00        +2.841741E-01
1.291372E+01        -3.184156E+00        +2.836642E-01
1.290212E+01        -3.178369E+00        +2.831543E-01
1.289053E+01        -3.172657E+00        +2.826444E-01
1.287895E+01        -3.166958E+00        +2.821431E-01
1.286738E+01        -3.161258E+00        +2.816344E-01
1.285582E+01        -3.155558E+00        +2.811244E-01
1.284427E+01        -3.149945E+00        +2.806232E-01
1.283273E+01        -3.144258E+00        +2.801231E-01
1.282120E+01        -3.138644E+00        +2.796144E-01
1.280969E+01        -3.132961E+00        +2.791135E-01
1.279818E+01        -3.127348E+00        +2.786134E-01
1.278668E+01        -3.121747E+00        +2.781133E-01
1.277520E+01        -3.116151E+00        +2.776136E-01
1.276372E+01        -3.110549E+00        +2.771135E-01
1.275225E+01        -3.104948E+00        +2.766134E-01
1.274080E+01        -3.099351E+00        +2.761224E-01
1.272935E+01        -3.093837E+00        +2.756235E-01
1.271792E+01        -3.088252E+00        +2.751325E-01
1.270649E+01        -3.082650E+00        +2.746336E-01
1.269508E+01        -3.077140E+00        +2.741426E-01
1.268367E+01        -3.071638E+00        +2.736524E-01
1.267228E+01        -3.066140E+00        +2.731539E-01
1.266090E+01        -3.060643E+00        +2.726628E-01
1.264952E+01        -3.055140E+00        +2.721726E-01
1.263816E+01        -3.049642E+00        +2.716915E-01
1.262681E+01        -3.044144E+00        +2.712029E-01
1.261546E+01        -3.038641E+00        +2.707127E-01
1.260413E+01        -3.033230E+00        +2.702228E-01
1.259281E+01        -3.027745E+00        +2.697417E-01
1.258150E+01        -3.022334E+00        +2.692619E-01
1.257019E+01        -3.016843E+00        +2.687729E-01
1.255890E+01        -3.011432E+00        +2.682917E-01
1.254762E+01        -3.006034E+00        +2.678118E-01
1.253635E+01        -3.000635E+00        +2.673320E-01
1.252509E+01        -2.995236E+00        +2.668521E-01
1.251384E+01        -2.989837E+00        +2.663722E-01
1.250259E+01        -2.984521E+00        +2.658919E-01
1.249136E+01        -2.979135E+00        +2.654120E-01
1.248014E+01        -2.973736E+00        +2.649408E-01
1.246893E+01        -2.968424E+00        +2.644622E-01
1.245773E+01        -2.963125E+00        +2.639910E-01
1.244654E+01        -2.957739E+00        +2.635123E-01
1.243536E+01        -2.952427E+00        +2.630411E-01
1.242419E+01        -2.947128E+00        +2.625625E-01
1.241303E+01        -2.941829E+00        +2.620913E-01
1.240188E+01        -2.936617E+00        +2.616214E-01
1.239073E+01        -2.931326E+00        +2.611510E-01
1.237960E+01        -2.926027E+00        +2.606811E-01
1.236848E+01        -2.920815E+00        +2.602199E-01
1.235737E+01        -2.915529E+00        +2.597513E-01
1.234627E+01        -2.910317E+00        +2.592814E-01
1.233518E+01        -2.905031E+00        +2.588201E-01
1.232410E+01        -2.899819E+00        +2.583515E-01
1.231303E+01        -2.894620E+00        +2.578903E-01
1.230197E+01        -2.889421E+00        +2.574304E-01
1.229092E+01        -2.884222E+00        +2.569618E-01
1.227988E+01        -2.879023E+00        +2.565006E-01
1.226884E+01        -2.873906E+00        +2.560403E-01
1.225782E+01        -2.868720E+00        +2.555804E-01
1.224681E+01        -2.863608E+00        +2.551205E-01
1.223581E+01        -2.858423E+00        +2.546606E-01
1.222482E+01        -2.853311E+00        +2.542094E-01
1.221384E+01        -2.848125E+00        +2.537508E-01
1.220286E+01        -2.843009E+00        +2.532905E-01
1.219190E+01        -2.837910E+00        +2.528393E-01
1.218095E+01        -2.832812E+00        +2.523895E-01
1.217001E+01        -2.827713E+00        +2.519309E-01
1.215908E+01        -2.822615E+00        +2.514797E-01
1.214815E+01        -2.817599E+00        +2.510295E-01
1.213724E+01        -2.812514E+00        +2.505797E-01
1.212634E+01        -2.807503E+00        +2.501298E-01
1.211544E+01        -2.802413E+00        +2.496796E-01
1.210456E+01        -2.797402E+00        +2.492298E-01
1.209369E+01        -2.792318E+00        +2.487800E-01
1.208282E+01        -2.787302E+00        +2.483385E-01
1.207197E+01        -2.782304E+00        +2.478900E-01
1.206112E+01        -2.777302E+00        +2.474398E-01
1.205029E+01        -2.772305E+00        +2.469987E-01
1.203946E+01        -2.767390E+00        +2.465586E-01
1.202865E+01        -2.762406E+00        +2.461101E-01
1.201784E+01        -2.757405E+00        +2.456687E-01
1.200705E+01        -2.752494E+00        +2.452290E-01
1.199626E+01        -2.747506E+00        +2.447888E-01
1.198549E+01        -2.742596E+00        +2.443491E-01
1.197472E+01        -2.737696E+00        +2.439091E-01
1.196396E+01        -2.732708E+00        +2.434690E-01
1.195321E+01        -2.727794E+00        +2.430376E-01
1.194248E+01        -2.722898E+00        +2.425993E-01
1.193175E+01        -2.717998E+00        +2.421593E-01
1.192103E+01        -2.713184E+00        +2.417279E-01
1.191032E+01        -2.708297E+00        +2.412979E-01
1.189962E+01        -2.703398E+00        +2.408592E-01
1.188893E+01        -2.698584E+00        +2.404279E-01
1.187825E+01        -2.693698E+00        +2.399980E-01
1.186758E+01        -2.688886E+00        +2.395680E-01
1.185692E+01        -2.684000E+00        +2.391381E-01
1.184627E+01        -2.679187E+00        +2.387082E-01
1.183563E+01        -2.674389E+00        +2.382783E-01
1.182500E+01        -2.669590E+00        +2.378484E-01
1.181437E+01        -2.664787E+00        +2.374182E-01
1.180376E+01        -2.659989E+00        +2.369970E-01
1.179316E+01        -2.655191E+00        +2.365685E-01
1.178256E+01        -2.650475E+00        +2.361470E-01
1.177198E+01        -2.645691E+00        +2.357186E-01
1.176140E+01        -2.640976E+00        +2.352970E-01
1.175084E+01        -2.636193E+00        +2.348773E-01
1.174028E+01        -2.631478E+00        +2.344572E-01
1.172974E+01        -2.626695E+00        +2.340288E-01
1.171920E+01        -2.621980E+00        +2.336160E-01
1.170867E+01        -2.617279E+00        +2.331973E-01
1.169815E+01        -2.612579E+00        +2.327773E-01
1.168764E+01        -2.607879E+00        +2.323573E-01
1.167714E+01        -2.603179E+00        +2.319373E-01
1.166665E+01        -2.598479E+00        +2.315260E-01
1.165617E+01        -2.593866E+00        +2.311074E-01
1.164570E+01        -2.589181E+00        +2.306875E-01
1.163524E+01        -2.584568E+00        +2.302762E-01
1.162479E+01        -2.579883E+00        +2.298663E-01
1.161435E+01        -2.575271E+00        +2.294479E-01
1.160391E+01        -2.570669E+00        +2.290363E-01
1.159349E+01        -2.565985E+00        +2.286265E-01
1.158308E+01        -2.561374E+00        +2.282167E-01
1.157267E+01        -2.556772E+00        +2.278065E-01
1.156227E+01        -2.552171E+00        +2.273964E-01
1.155189E+01        -2.547660E+00        +2.269867E-01
1.154151E+01        -2.543073E+00        +2.265853E-01
1.153114E+01        -2.538473E+00        +2.261766E-01
1.152078E+01        -2.533873E+00        +2.257666E-01
1.151043E+01        -2.529359E+00        +2.253652E-01
1.150009E+01        -2.524773E+00        +2.249566E-01
1.148976E+01        -2.520260E+00        +2.245553E-01
1.147944E+01        -2.515761E+00        +2.241468E-01
1.146913E+01        -2.511263E+00        +2.237455E-01
1.145883E+01        -2.506678E+00        +2.233457E-01
1.144853E+01        -2.502248E+00        +2.229455E-01
1.143825E+01        -2.497678E+00        +2.225457E-01
1.142797E+01        -2.493249E+00        +2.221456E-01
1.141771E+01        -2.488766E+00        +2.217458E-01
1.140745E+01        -2.484265E+00        +2.213457E-01
1.139720E+01        -2.479764E+00        +2.209543E-01
1.138697E+01        -2.475354E+00        +2.205560E-01
1.137674E+01        -2.470868E+00        +2.201561E-01
1.136652E+01        -2.466455E+00        +2.197647E-01
1.135631E+01        -2.462055E+00        +2.193662E-01
1.134610E+01        -2.457652E+00        +2.189745E-01
1.133591E+01        -2.453168E+00        +2.185760E-01
1.132573E+01        -2.448756E+00        +2.181848E-01
1.131555E+01        -2.444353E+00        +2.177946E-01
1.130539E+01        -2.439956E+00        +2.174048E-01
1.129523E+01        -2.435555E+00        +2.170147E-01
1.128509E+01        -2.431244E+00        +2.166250E-01
1.127495E+01        -2.426857E+00        +2.162349E-01
1.126482E+01        -2.422457E+00        +2.158449E-01
1.125470E+01        -2.418143E+00        +2.154635E-01
1.124459E+01        -2.413844E+00        +2.150750E-01
1.123449E+01        -2.409459E+00        +2.146850E-01
1.122440E+01        -2.405146E+00        +2.143038E-01
1.121432E+01        -2.400848E+00        +2.139153E-01
1.120424E+01        -2.396546E+00        +2.135337E-01
1.119418E+01        -2.392162E+00        +2.131454E-01
1.118412E+01        -2.387847E+00        +2.127638E-01
1.117407E+01        -2.383546E+00        +2.123837E-01
1.116404E+01        -2.379336E+00        +2.120041E-01
1.115401E+01        -2.375050E+00        +2.116241E-01
1.114399E+01        -2.370750E+00        +2.112441E-01
1.113398E+01        -2.366537E+00        +2.108642E-01
1.112397E+01        -2.362248E+00        +2.104839E-01
1.111398E+01        -2.358035E+00        +2.101041E-01
1.110400E+01        -2.353751E+00        +2.097242E-01
1.109402E+01        -2.349536E+00        +2.093527E-01
1.108406E+01        -2.345338E+00        +2.089743E-01
1.107410E+01        -2.341138E+00        +2.086028E-01
1.106415E+01        -2.336937E+00        +2.082242E-01
1.105421E+01        -2.332737E+00        +2.078528E-01
1.104428E+01        -2.328538E+00        +2.074743E-01
1.103436E+01        -2.324339E+00        +2.071029E-01
1.102445E+01        -2.320140E+00        +2.067331E-01
1.101455E+01        -2.315942E+00        +2.063632E-01
1.100465E+01        -2.311826E+00        +2.059931E-01
1.099477E+01        -2.307643E+00        +2.056233E-01
1.098489E+01        -2.303528E+00        +2.052532E-01
1.097502E+01        -2.299341E+00        +2.048832E-01
1.096516E+01        -2.295227E+00        +2.045132E-01
1.095531E+01        -2.291128E+00        +2.041432E-01
1.094547E+01        -2.287029E+00        +2.037819E-01
1.093564E+01        -2.282930E+00        +2.034134E-01
1.092581E+01        -2.278828E+00        +2.030518E-01
1.091600E+01        -2.274730E+00        +2.026835E-01
1.090619E+01        -2.270629E+00        +2.023219E-01
1.089640E+01        -2.266532E+00        +2.019622E-01
1.088661E+01        -2.262432E+00        +2.015936E-01
1.087683E+01        -2.258418E+00        +2.012322E-01
1.086706E+01        -2.254333E+00        +2.008723E-01
1.085729E+01        -2.250316E+00        +2.005120E-01
1.084754E+01        -2.246232E+00        +2.001522E-01
1.083780E+01        -2.242220E+00        +1.997924E-01
1.082806E+01        -2.238133E+00        +1.994323E-01
1.081833E+01        -2.234118E+00        +1.990722E-01
1.080862E+01        -2.230121E+00        +1.987211E-01
1.079891E+01        -2.226122E+00        +1.983625E-01
1.078921E+01        -2.222122E+00        +1.980026E-01
1.077951E+01        -2.218119E+00        +1.976509E-01
1.076983E+01        -2.214121E+00        +1.972925E-01
1.076016E+01        -2.210124E+00        +1.969413E-01
1.075049E+01        -2.206208E+00        +1.965826E-01
1.074083E+01        -2.202222E+00        +1.962311E-01
1.073118E+01        -2.198307E+00        +1.958811E-01
1.072154E+01        -2.194322E+00        +1.955311E-01
1.071191E+01        -2.190408E+00        +1.951727E-01
1.070229E+01        -2.186424E+00        +1.948299E-01
1.069268E+01        -2.182512E+00        +1.944730E-01
1.068307E+01        -2.178610E+00        +1.941299E-01
1.067347E+01        -2.174709E+00        +1.937813E-01
1.066389E+01        -2.170728E+00        +1.934316E-01
1.065431E+01        -2.166813E+00        +1.930816E-01
1.064473E+01        -2.162995E+00        +1.927313E-01
1.063517E+01        -2.159111E+00        +1.923900E-01
1.062562E+01        -2.155213E+00        +1.920416E-01
1.061607E+01        -2.151312E+00        +1.917000E-01
1.060654E+01        -2.147415E+00        +1.913518E-01
1.059701E+01        -2.143599E+00        +1.910103E-01
1.058749E+01        -2.139714E+00        +1.906703E-01
1.057798E+01        -2.135900E+00        +1.903218E-01
1.056848E+01        -2.132102E+00        +1.899805E-01
1.055898E+01        -2.128214E+00        +1.896403E-01
1.054950E+01        -2.124402E+00        +1.893005E-01
1.054002E+01        -2.120601E+00        +1.889604E-01
1.053055E+01        -2.116801E+00        +1.886204E-01
1.052109E+01        -2.113001E+00        +1.882804E-01
1.051164E+01        -2.109202E+00        +1.879490E-01
1.050220E+01        -2.105404E+00        +1.876106E-01
1.049276E+01        -2.101602E+00        +1.872705E-01
1.048334E+01        -2.097804E+00        +1.869307E-01
1.047392E+01        -2.094089E+00        +1.865991E-01
1.046451E+01        -2.090304E+00        +1.862606E-01
1.045511E+01        -2.086504E+00        +1.859292E-01
1.044572E+01        -2.082790E+00        +1.855993E-01
1.043634E+01        -2.079007E+00        +1.852609E-01
1.042696E+01        -2.075291E+00        +1.849293E-01
1.041759E+01        -2.071590E+00        +1.845992E-01
1.040824E+01        -2.067893E+00        +1.842696E-01
1.039889E+01        -2.064109E+00        +1.839396E-01
1.038954E+01        -2.060391E+00        +1.836008E-01
1.038021E+01        -2.056692E+00        +1.832780E-01
1.037089E+01        -2.052994E+00        +1.829497E-01
1.036157E+01        -2.049293E+00        +1.826196E-01
1.035226E+01        -2.045678E+00        +1.822895E-01
1.034296E+01        -2.041993E+00        +1.819595E-01
1.033367E+01        -2.038294E+00        +1.816381E-01
1.032439E+01        -2.034680E+00        +1.813098E-01
1.031511E+01        -2.030994E+00        +1.809796E-01
1.030585E+01        -2.027382E+00        +1.806583E-01
1.029659E+01        -2.023696E+00        +1.803383E-01
1.028734E+01        -2.020081E+00        +1.800098E-01
1.027810E+01        -2.016397E+00        +1.796884E-01
1.026887E+01        -2.012784E+00        +1.793685E-01
1.025964E+01        -2.009182E+00        +1.790399E-01
1.025042E+01        -2.005581E+00        +1.787183E-01
1.024122E+01        -2.001984E+00        +1.783986E-01
1.023202E+01        -1.998385E+00        +1.780786E-01
1.022283E+01        -1.994786E+00        +1.777587E-01
1.021364E+01        -1.991183E+00        +1.774385E-01
1.020447E+01        -1.987586E+00        +1.771187E-01
1.019530E+01        -1.984070E+00        +1.767986E-01
1.018614E+01        -1.980485E+00        +1.764871E-01
1.017699E+01        -1.976885E+00        +1.761687E-01
1.016785E+01        -1.973371E+00        +1.758488E-01
1.015871E+01        -1.969784E+00        +1.755371E-01
1.014959E+01        -1.966272E+00        +1.752188E-01
1.014047E+01        -1.962771E+00        +1.749072E-01
1.013136E+01        -1.959187E+00        +1.745888E-01
1.012226E+01        -1.955672E+00        +1.742773E-01
1.011317E+01        -1.952174E+00        +1.739675E-01
1.010408E+01        -1.948672E+00        +1.736573E-01
1.009501E+01        -1.945175E+00        +1.733391E-01
1.008594E+01        -1.941675E+00        +1.730276E-01
1.007688E+01        -1.938175E+00        +1.727176E-01
1.006783E+01        -1.934676E+00        +1.724077E-01
1.005878E+01        -1.931174E+00        +1.720975E-01
1.004975E+01        -1.927762E+00        +1.717878E-01
1.004072E+01        -1.924277E+00        +1.714777E-01
1.003170E+01        -1.920861E+00        +1.711762E-01
1.002269E+01        -1.917378E+00        +1.708678E-01
1.001368E+01        -1.913960E+00        +1.705576E-01
1.000469E+01        -1.910478E+00        +1.702563E-01
9.995700E+00        -1.907062E+00        +1.699478E-01
9.986721E+00        -1.903662E+00        +1.696378E-01
9.977749E+00        -1.900178E+00        +1.693363E-01
9.968786E+00        -1.896763E+00        +1.690363E-01
9.959831E+00        -1.893363E+00        +1.687279E-01
9.950884E+00        -1.889964E+00        +1.684264E-01
9.941945E+00        -1.886564E+00        +1.681264E-01
9.933014E+00        -1.883164E+00        +1.678265E-01
9.924091E+00        -1.879849E+00        +1.675180E-01
9.915176E+00        -1.876465E+00        +1.672165E-01
9.906269E+00        -1.873065E+00        +1.669166E-01
9.897370E+00        -1.869666E+00        +1.666166E-01
9.888479E+00        -1.866350E+00        +1.663166E-01
9.879596E+00        -1.862966E+00        +1.660251E-01
9.870721E+00        -1.859651E+00        +1.657267E-01
9.861854E+00        -1.856267E+00        +1.654267E-01
9.852995E+00        -1.852952E+00        +1.651267E-01
9.844144E+00        -1.849652E+00        +1.648352E-01
9.835301E+00        -1.846268E+00        +1.645368E-01
9.826466E+00        -1.842953E+00        +1.642453E-01
9.817638E+00        -1.839653E+00        +1.639468E-01
9.808819E+00        -1.836353E+00        +1.636553E-01
9.800008E+00        -1.833054E+00        +1.633569E-01
9.791204E+00        -1.829754E+00        +1.630654E-01
9.782408E+00        -1.826454E+00        +1.627754E-01
9.773621E+00        -1.823155E+00        +1.624770E-01
9.764841E+00        -1.819939E+00        +1.621855E-01
9.756069E+00        -1.816655E+00        +1.618955E-01
9.747305E+00        -1.813356E+00        +1.616055E-01
9.738549E+00        -1.810140E+00        +1.613156E-01
9.729801E+00        -1.806857E+00        +1.610256E-01
9.721060E+00        -1.803641E+00        +1.607356E-01
9.712327E+00        -1.800357E+00        +1.604456E-01
9.703603E+00        -1.797142E+00        +1.601557E-01
9.694886E+00        -1.793942E+00        +1.598741E-01
9.686177E+00        -1.790658E+00        +1.595857E-01
9.677476E+00        -1.787443E+00        +1.592958E-01
9.668782E+00        -1.784243E+00        +1.590142E-01
9.660096E+00        -1.781043E+00        +1.587258E-01
9.651419E+00        -1.777844E+00        +1.584443E-01
9.642749E+00        -1.774644E+00        +1.581559E-01
9.634086E+00        -1.771444E+00        +1.578743E-01
9.625432E+00        -1.768245E+00        +1.575859E-01
9.616785E+00        -1.765129E+00        +1.573044E-01
9.608146E+00        -1.761945E+00        +1.570244E-01
9.599515E+00        -1.758745E+00        +1.567444E-01
9.590892E+00        -1.755546E+00        +1.564561E-01
9.582276E+00        -1.752430E+00        +1.561745E-01
9.573668E+00        -1.749330E+00        +1.558945E-01
9.565068E+00        -1.746147E+00        +1.556145E-01
9.556476E+00        -1.743031E+00        +1.553346E-01
9.547891E+00        -1.739847E+00        +1.550546E-01
9.539314E+00        -1.736732E+00        +1.547830E-01
9.530745E+00        -1.733632E+00        +1.545047E-01
9.522183E+00        -1.730532E+00        +1.542247E-01
9.513629E+00        -1.727433E+00        +1.539447E-01
9.505083E+00        -1.724333E+00        +1.536731E-01
9.496544E+00        -1.721233E+00        +1.533948E-01
9.488013E+00        -1.718134E+00        +1.531232E-01
9.479490E+00        -1.715034E+00        +1.528448E-01
9.470974E+00        -1.711934E+00        +1.525732E-01
9.462467E+00        -1.708835E+00        +1.522949E-01
9.453966E+00        -1.705735E+00        +1.520233E-01
9.445474E+00        -1.702719E+00        +1.517533E-01
9.436989E+00        -1.699636E+00        +1.514750E-01
9.428511E+00        -1.696620E+00        +1.512034E-01
9.420041E+00        -1.693536E+00        +1.509334E-01
9.411579E+00        -1.690520E+00        +1.506634E-01
9.403125E+00        -1.687437E+00        +1.503935E-01
9.394678E+00        -1.684421E+00        +1.501235E-01
9.386238E+00        -1.681421E+00        +1.498535E-01
9.377807E+00        -1.678422E+00        +1.495836E-01
9.369382E+00        -1.675338E+00        +1.493136E-01
9.360966E+00        -1.672322E+00        +1.490436E-01
9.352556E+00        -1.669322E+00        +1.487820E-01
9.344155E+00        -1.666323E+00        +1.485137E-01
9.335761E+00        -1.663323E+00        +1.482437E-01
9.327374E+00        -1.660323E+00        +1.479821E-01
9.318996E+00        -1.657408E+00        +1.477137E-01
9.310624E+00        -1.654424E+00        +1.474521E-01
9.302260E+00        -1.651424E+00        +1.471838E-01
9.293904E+00        -1.648425E+00        +1.469222E-01
9.285555E+00        -1.645509E+00        +1.466538E-01
9.277214E+00        -1.642525E+00        +1.463923E-01
9.268880E+00        -1.639609E+00        +1.461323E-01
9.260553E+00        -1.636626E+00        +1.458639E-01
9.252235E+00        -1.633710E+00        +1.456023E-01
9.243923E+00        -1.630726E+00        +1.453423E-01
9.235619E+00        -1.627810E+00        +1.450824E-01
9.227323E+00        -1.624911E+00        +1.448224E-01
9.219034E+00        -1.622011E+00        +1.445624E-01
9.210752E+00        -1.619028E+00        +1.443025E-01
9.202478E+00        -1.616112E+00        +1.440425E-01
9.194211E+00        -1.613212E+00        +1.437825E-01
9.185952E+00        -1.610312E+00        +1.435225E-01
9.177700E+00        -1.607412E+00        +1.432626E-01
9.169455E+00        -1.604512E+00        +1.430109E-01
9.161218E+00        -1.601696E+00        +1.427526E-01
9.152989E+00        -1.598813E+00        +1.424926E-01
9.144766E+00        -1.595913E+00        +1.422410E-01
9.136551E+00        -1.593014E+00        +1.419827E-01
9.128344E+00        -1.590198E+00        +1.417311E-01
9.120144E+00        -1.587314E+00        +1.414727E-01
9.111951E+00        -1.584498E+00        +1.412211E-01
9.103766E+00        -1.581615E+00        +1.409712E-01
9.095588E+00        -1.578799E+00        +1.407128E-01
9.087417E+00        -1.575999E+00        +1.404612E-01
9.079254E+00        -1.573116E+00        +1.402112E-01
9.071097E+00        -1.570299E+00        +1.399612E-01
9.062949E+00        -1.567500E+00        +1.397113E-01
9.054807E+00        -1.564617E+00        +1.394529E-01
9.046673E+00        -1.561800E+00        +1.392013E-01
9.038547E+00        -1.559001E+00        +1.389514E-01
9.030427E+00        -1.556201E+00        +1.387097E-01
9.022315E+00        -1.553401E+00        +1.384614E-01
9.014210E+00        -1.550602E+00        +1.382114E-01
9.006112E+00        -1.547802E+00        +1.379614E-01
8.998022E+00        -1.545086E+00        +1.377115E-01
8.989939E+00        -1.542302E+00        +1.374615E-01
8.981863E+00        -1.539503E+00        +1.372199E-01
8.973795E+00        -1.536786E+00        +1.369716E-01
8.965733E+00        -1.534003E+00        +1.367216E-01
8.957679E+00        -1.531203E+00        +1.364799E-01
8.949632E+00        -1.528487E+00        +1.362316E-01
8.941593E+00        -1.525704E+00        +1.359900E-01
8.933560E+00        -1.522988E+00        +1.357417E-01
8.925535E+00        -1.520205E+00        +1.355000E-01
8.917517E+00        -1.517488E+00        +1.352600E-01
8.909507E+00        -1.514789E+00        +1.350201E-01
8.901503E+00        -1.512089E+00        +1.347718E-01
8.893507E+00        -1.509389E+00        +1.345301E-01
8.885518E+00        -1.506606E+00        +1.342902E-01
8.877536E+00        -1.503890E+00        +1.340502E-01
8.869561E+00        -1.501190E+00        +1.338102E-01
8.861593E+00        -1.498490E+00        +1.335702E-01
8.853633E+00        -1.495791E+00        +1.333303E-01
8.845679E+00        -1.493174E+00        +1.330903E-01
8.837733E+00        -1.490491E+00        +1.328503E-01
8.829794E+00        -1.487791E+00        +1.326103E-01
8.821862E+00        -1.485091E+00        +1.323703E-01
8.813937E+00        -1.482475E+00        +1.321304E-01
8.806019E+00        -1.479792E+00        +1.318987E-01
8.798109E+00        -1.477092E+00        +1.316604E-01
8.790205E+00        -1.474476E+00        +1.314204E-01
8.782309E+00        -1.471793E+00        +1.311888E-01
8.774420E+00        -1.469176E+00        +1.309505E-01
8.766537E+00        -1.466493E+00        +1.307188E-01
8.758662E+00        -1.463877E+00        +1.304805E-01
8.750794E+00        -1.461277E+00        +1.302489E-01
8.742933E+00        -1.458594E+00        +1.300106E-01
8.735079E+00        -1.455977E+00        +1.297789E-01
8.727233E+00        -1.453378E+00        +1.295489E-01
8.719393E+00        -1.450778E+00        +1.293190E-01
8.711560E+00        -1.448178E+00        +1.290807E-01
8.703734E+00        -1.445578E+00        +1.288490E-01
8.695916E+00        -1.442979E+00        +1.286190E-01
8.688104E+00        -1.440379E+00        +1.283891E-01
8.680299E+00        -1.437779E+00        +1.281591E-01
8.672502E+00        -1.435180E+00        +1.279291E-01
8.664711E+00        -1.432580E+00        +1.276991E-01
8.656927E+00        -1.430063E+00        +1.274691E-01
8.649151E+00        -1.427481E+00        +1.272392E-01
8.641381E+00        -1.424881E+00        +1.270092E-01
8.633618E+00        -1.422364E+00        +1.267792E-01
8.625862E+00        -1.419781E+00        +1.265575E-01
8.618114E+00        -1.417181E+00        +1.263293E-01
8.610372E+00        -1.414665E+00        +1.260993E-01
8.602637E+00        -1.412165E+00        +1.258776E-01
8.594909E+00        -1.409582E+00        +1.256493E-01
8.587188E+00        -1.407065E+00        +1.254193E-01
8.579474E+00        -1.404565E+00        +1.251977E-01
8.571767E+00        -1.401983E+00        +1.249694E-01
8.564067E+00        -1.399466E+00        +1.247477E-01
8.556374E+00        -1.396966E+00        +1.245194E-01
8.548687E+00        -1.394466E+00        +1.242977E-01
8.541008E+00        -1.391967E+00        +1.240778E-01
8.533336E+00        -1.389467E+00        +1.238578E-01
8.525670E+00        -1.386967E+00        +1.236295E-01
8.518011E+00        -1.384468E+00        +1.234078E-01
8.510359E+00        -1.381968E+00        +1.231878E-01
8.502714E+00        -1.379468E+00        +1.229679E-01
8.495076E+00        -1.376968E+00        +1.227479E-01
8.487445E+00        -1.374551E+00        +1.225279E-01
8.479821E+00        -1.372069E+00        +1.223080E-01
8.472203E+00        -1.369569E+00        +1.220880E-01
8.464592E+00        -1.367152E+00        +1.218680E-01
8.456988E+00        -1.364669E+00        +1.216480E-01
8.449391E+00        -1.362252E+00        +1.214280E-01
8.441801E+00        -1.359770E+00        +1.212081E-01
8.434218E+00        -1.357353E+00        +1.209881E-01
8.426641E+00        -1.354871E+00        +1.207764E-01
8.419071E+00        -1.352453E+00        +1.205581E-01
8.411508E+00        -1.350054E+00        +1.203381E-01
8.403952E+00        -1.347571E+00        +1.201264E-01
8.396403E+00        -1.345154E+00        +1.199082E-01
8.388860E+00        -1.342754E+00        +1.196965E-01
8.381324E+00        -1.340355E+00        +1.194782E-01
8.373795E+00        -1.337955E+00        +1.192665E-01
8.366273E+00        -1.335555E+00        +1.190483E-01
8.358757E+00        -1.333155E+00        +1.188365E-01
8.351248E+00        -1.330755E+00        +1.186266E-01
8.343746E+00        -1.328356E+00        +1.184083E-01
8.336251E+00        -1.325956E+00        +1.181966E-01
8.328763E+00        -1.323557E+00        +1.179867E-01
8.321281E+00        -1.321157E+00        +1.177767E-01
8.313806E+00        -1.318757E+00        +1.175667E-01
8.306337E+00        -1.316440E+00        +1.173484E-01
8.298875E+00        -1.314057E+00        +1.171367E-01
8.291420E+00        -1.311740E+00        +1.169267E-01
8.283972E+00        -1.309358E+00        +1.167168E-01
8.276530E+00        -1.306958E+00        +1.165068E-01
8.269095E+00        -1.304641E+00        +1.162968E-01
8.261667E+00        -1.302258E+00        +1.160951E-01
8.254246E+00        -1.299941E+00        +1.158869E-01
8.246831E+00        -1.297642E+00        +1.156769E-01
8.239422E+00        -1.295259E+00        +1.154669E-01
8.232021E+00        -1.292942E+00        +1.152569E-01
8.224626E+00        -1.290642E+00        +1.150552E-01
8.217238E+00        -1.288342E+00        +1.148470E-01
8.209856E+00        -1.285960E+00        +1.146370E-01
8.202481E+00        -1.283643E+00        +1.144352E-01
8.195112E+00        -1.281343E+00        +1.142270E-01
8.187751E+00        -1.279043E+00        +1.140253E-01
8.180395E+00        -1.276743E+00        +1.138170E-01
8.173047E+00        -1.274444E+00        +1.136153E-01
8.165705E+00        -1.272144E+00        +1.134153E-01
8.158370E+00        -1.269844E+00        +1.132071E-01
8.151041E+00        -1.267627E+00        +1.130054E-01
8.143719E+00        -1.265345E+00        +1.128054E-01
8.136403E+00        -1.263045E+00        +1.125972E-01
8.129094E+00        -1.260745E+00        +1.123954E-01
8.121791E+00        -1.258528E+00        +1.121954E-01
8.114495E+00        -1.256245E+00        +1.119955E-01
8.107206E+00        -1.253946E+00        +1.117955E-01
8.099923E+00        -1.251728E+00        +1.115955E-01
8.092647E+00        -1.249446E+00        +1.113873E-01
8.085377E+00        -1.247229E+00        +1.111855E-01
8.078114E+00        -1.245029E+00        +1.109856E-01
8.070857E+00        -1.242747E+00        +1.107938E-01
8.063607E+00        -1.240529E+00        +1.105956E-01
8.056363E+00        -1.238329E+00        +1.103956E-01
8.049126E+00        -1.236048E+00        +1.101956E-01
8.041896E+00        -1.233830E+00        +1.099957E-01
8.034671E+00        -1.231630E+00        +1.097957E-01
8.027454E+00        -1.229431E+00        +1.096039E-01
8.020243E+00        -1.227231E+00        +1.094057E-01
8.013038E+00        -1.225031E+00        +1.092058E-01
8.005840E+00        -1.222831E+00        +1.090140E-01
7.998648E+00        -1.220631E+00        +1.088158E-01
7.991462E+00        -1.218431E+00        +1.086240E-01
7.984284E+00        -1.216232E+00        +1.084258E-01
7.977111E+00        -1.214032E+00        +1.082341E-01
7.969945E+00        -1.211832E+00        +1.080359E-01
7.962786E+00        -1.209633E+00        +1.078441E-01
7.955633E+00        -1.207515E+00        +1.076541E-01
7.948486E+00        -1.205333E+00        +1.074559E-01
7.941346E+00        -1.203133E+00        +1.072642E-01
7.934212E+00        -1.201015E+00        +1.070742E-01
7.927084E+00        -1.198833E+00        +1.068760E-01
7.919963E+00        -1.196634E+00        +1.066842E-01
7.912849E+00        -1.194516E+00        +1.064942E-01
7.905741E+00        -1.192334E+00        +1.063043E-01
7.898639E+00        -1.190216E+00        +1.061143E-01
7.891543E+00        -1.188117E+00        +1.059243E-01
7.884454E+00        -1.185935E+00        +1.057343E-01
7.877371E+00        -1.183817E+00        +1.055443E-01
7.870295E+00        -1.181717E+00        +1.053543E-01
7.863225E+00        -1.179535E+00        +1.051644E-01
7.856161E+00        -1.177418E+00        +1.049744E-01
7.849104E+00        -1.175318E+00        +1.047844E-01
7.842053E+00        -1.173218E+00        +1.045944E-01
7.835008E+00        -1.171118E+00        +1.044044E-01
7.827970E+00        -1.169018E+00        +1.042226E-01
7.820938E+00        -1.166919E+00        +1.040345E-01
7.813912E+00        -1.164819E+00        +1.038445E-01
7.806893E+00        -1.162719E+00        +1.036627E-01
7.799880E+00        -1.160619E+00        +1.034745E-01
7.792873E+00        -1.158519E+00        +1.032927E-01
7.785873E+00        -1.156420E+00        +1.031046E-01
7.778879E+00        -1.154320E+00        +1.029228E-01
7.771891E+00        -1.152302E+00        +1.027346E-01
7.764909E+00        -1.150220E+00        +1.025528E-01
7.757934E+00        -1.148121E+00        +1.023647E-01
7.750965E+00        -1.146103E+00        +1.021829E-01
7.744002E+00        -1.144021E+00        +1.019947E-01
7.737045E+00        -1.142003E+00        +1.018129E-01
7.730095E+00        -1.139921E+00        +1.016329E-01
7.723151E+00        -1.137903E+00        +1.014529E-01
7.716213E+00        -1.135822E+00        +1.012648E-01
7.709282E+00        -1.133804E+00        +1.010830E-01
7.702356E+00        -1.131722E+00        +1.009030E-01
7.695437E+00        -1.129704E+00        +1.007230E-01
7.688524E+00        -1.127704E+00        +1.005430E-01
7.681617E+00        -1.125623E+00        +1.003630E-01
7.674717E+00        -1.123605E+00        +1.001830E-01
7.667823E+00        -1.121605E+00        +1.000006E-01
7.660934E+00        -1.119605E+00        +9.982088E-02
7.654052E+00        -1.117605E+00        +9.964190E-02
7.647177E+00        -1.115524E+00        +9.946294E-02
7.640307E+00        -1.113506E+00        +9.928394E-02
7.633444E+00        -1.111506E+00        +9.910579E-02
7.626586E+00        -1.109506E+00        +9.892779E-02
7.619735E+00        -1.107506E+00        +9.874981E-02
7.612890E+00        -1.105588E+00        +9.857264E-02
7.606052E+00        -1.103607E+00        +9.839568E-02
7.599219E+00        -1.101607E+00        +9.821869E-02
7.592393E+00        -1.099607E+00        +9.804253E-02
7.585572E+00        -1.097607E+00        +9.786653E-02
7.578758E+00        -1.095689E+00        +9.769056E-02
7.571950E+00        -1.093708E+00        +9.751458E-02
7.565148E+00        -1.091708E+00        +9.733941E-02
7.558352E+00        -1.089790E+00        +9.716524E-02
7.551562E+00        -1.087808E+00        +9.699044E-02
7.544778E+00        -1.085808E+00        +9.681626E-02
7.538001E+00        -1.083890E+00        +9.664229E-02
7.531229E+00        -1.081909E+00        +9.646911E-02
7.524464E+00        -1.079991E+00        +9.629533E-02
7.517705E+00        -1.078009E+00        +9.612217E-02
7.510951E+00        -1.076091E+00        +9.594998E-02
7.504204E+00        -1.074191E+00        +9.577719E-02
7.497463E+00        -1.072210E+00        +9.560584E-02
7.490728E+00        -1.070292E+00        +9.543404E-02
7.483999E+00        -1.068392E+00        +9.526206E-02
7.477276E+00        -1.066492E+00        +9.509089E-02
7.470559E+00        -1.064511E+00        +9.492072E-02
7.463848E+00        -1.062592E+00        +9.474992E-02
7.457143E+00        -1.060692E+00        +9.457975E-02
7.450444E+00        -1.058793E+00        +9.440976E-02
7.443751E+00        -1.056893E+00        +9.424059E-02
7.437064E+00        -1.054993E+00        +9.407079E-02
7.430384E+00        -1.053093E+00        +9.390164E-02
7.423709E+00        -1.051193E+00        +9.373347E-02
7.417040E+00        -1.049294E+00        +9.356548E-02
7.410377E+00        -1.047475E+00        +9.339749E-02
7.403720E+00        -1.045594E+00        +9.322950E-02
7.397069E+00        -1.043694E+00        +9.306152E-02
7.390424E+00        -1.041794E+00        +9.289434E-02
7.383786E+00        -1.039895E+00        +9.272820E-02
7.377153E+00        -1.038076E+00        +9.256140E-02
7.370526E+00        -1.036195E+00        +9.239523E-02
7.363904E+00        -1.034295E+00        +9.222922E-02
7.357289E+00        -1.032476E+00        +9.206324E-02
7.350680E+00        -1.030595E+00        +9.189807E-02
7.344077E+00        -1.028777E+00        +9.173310E-02
7.337480E+00        -1.026896E+00        +9.156812E-02
7.330888E+00        -1.025077E+00        +9.140393E-02
7.324303E+00        -1.023196E+00        +9.123996E-02
7.317723E+00        -1.021377E+00        +9.107597E-02
7.311150E+00        -1.019497E+00        +9.091200E-02
7.304582E+00        -1.017678E+00        +9.074882E-02
7.298020E+00        -1.015878E+00        +9.058583E-02
7.291464E+00        -1.014078E+00        +9.042284E-02
7.284914E+00        -1.012197E+00        +9.026067E-02
7.278370E+00        -1.010379E+00        +9.009869E-02
7.271832E+00        -1.008579E+00        +8.993672E-02
7.265299E+00        -1.006779E+00        +8.977553E-02
7.258773E+00        -1.004979E+00        +8.961375E-02
7.252252E+00        -1.003179E+00        +8.945256E-02
7.245737E+00        -1.001379E+00        +8.929239E-02
7.239228E+00        -9.995553E-01        +8.913240E-02
7.232725E+00        -9.977498E-01        +8.897161E-02
7.226228E+00        -9.959581E-01        +8.881225E-02
7.219737E+00        -9.941684E-01        +8.865247E-02
7.213251E+00        -9.923785E-01        +8.849329E-02
7.206771E+00        -9.905967E-01        +8.833430E-02
7.200297E+00        -9.888088E-01        +8.817531E-02
7.193829E+00        -9.870352E-01        +8.801714E-02
7.187367E+00        -9.852574E-01        +8.785916E-02
7.180910E+00        -9.834855E-01        +8.770117E-02
7.174459E+00        -9.817156E-01        +8.754399E-02
7.168015E+00        -9.799541E-01        +8.738702E-02
7.161575E+00        -9.781860E-01        +8.723002E-02
7.155142E+00        -9.764243E-01        +8.707304E-02
7.148714E+00        -9.746725E-01        +8.691686E-02
7.142293E+00        -9.729229E-01        +8.676089E-02
7.135877E+00        -9.711730E-01        +8.660491E-02
7.129466E+00        -9.694230E-01        +8.644891E-02
7.123062E+00        -9.676814E-01        +8.629374E-02
7.116663E+00        -9.659415E-01        +8.613875E-02
7.110270E+00        -9.642017E-01        +8.598377E-02
7.103883E+00        -9.624700E-01        +8.582960E-02
7.097501E+00        -9.607401E-01        +8.567560E-02
7.091125E+00        -9.590102E-01        +8.552161E-02
7.084755E+00        -9.572804E-01        +8.536763E-02
7.078391E+00        -9.555587E-01        +8.521446E-02
7.072032E+00        -9.538388E-01        +8.506147E-02
7.065679E+00        -9.521270E-01        +8.490848E-02
7.059332E+00        -9.504172E-01        +8.475631E-02
7.052991E+00        -9.487076E-01        +8.460434E-02
7.046655E+00        -9.469977E-01        +8.445235E-02
7.040325E+00        -9.452959E-01        +8.430036E-02
7.034000E+00        -9.435960E-01        +8.414917E-02
7.027682E+00        -9.418963E-01        +8.399821E-02
7.021369E+00        -9.402046E-01        +8.384722E-02
7.015061E+00        -9.385146E-01        +8.369622E-02
7.008759E+00        -9.368247E-01        +8.354604E-02
7.002463E+00        -9.351430E-01        +8.339606E-02
6.996173E+00        -9.334552E-01        +8.324608E-02
6.989888E+00        -9.317814E-01        +8.309690E-02
6.983609E+00        -9.301035E-01        +8.294711E-02
6.977336E+00        -9.284319E-01        +8.279794E-02
6.971068E+00        -9.267620E-01        +8.264976E-02
6.964805E+00        -9.250920E-01        +8.250095E-02
6.958549E+00        -9.234304E-01        +8.235278E-02
6.952298E+00        -9.217705E-01        +8.220480E-02
6.946053E+00        -9.201108E-01        +8.205763E-02
6.939813E+00        -9.184589E-01        +8.190983E-02
6.933579E+00        -9.168011E-01        +8.176265E-02
6.927350E+00        -9.151572E-01        +8.161566E-02
6.921127E+00        -9.135093E-01        +8.146948E-02
6.914910E+00        -9.118676E-01        +8.132350E-02
6.908698E+00        -9.102277E-01        +8.117670E-02
6.902492E+00        -9.085880E-01        +8.103133E-02
6.896291E+00        -9.069561E-01        +8.088553E-02
6.890096E+00        -9.053262E-01        +8.074035E-02
6.883907E+00        -9.036965E-01        +8.059538E-02
6.877723E+00        -9.020667E-01        +8.045039E-02
6.871544E+00        -9.004447E-01        +8.030620E-02
6.865372E+00        -8.988251E-01        +8.016223E-02
6.859204E+00        -8.972051E-01        +8.001823E-02
6.853043E+00        -8.955934E-01        +7.987426E-02
6.846886E+00        -8.939834E-01        +7.973025E-02
6.840736E+00        -8.923737E-01        +7.958709E-02
6.834591E+00        -8.907720E-01        +7.944410E-02
6.828451E+00        -8.891720E-01        +7.930191E-02
6.822317E+00        -8.875722E-01        +7.915913E-02
6.816188E+00        -8.859723E-01        +7.901694E-02
6.810065E+00        -8.843805E-01        +7.887495E-02
6.803948E+00        -8.827908E-01        +7.873378E-02
6.797835E+00        -8.812007E-01        +7.859197E-02
6.791729E+00        -8.796110E-01        +7.845080E-02
6.785628E+00        -8.780292E-01        +7.830982E-02
6.779532E+00        -8.764493E-01        +7.816963E-02
6.773442E+00        -8.748775E-01        +7.802884E-02
6.767357E+00        -8.732996E-01        +7.788865E-02
6.761278E+00        -8.717278E-01        +7.774867E-02
6.755204E+00        -8.701659E-01        +7.760948E-02
6.749136E+00        -8.685982E-01        +7.746970E-02
6.743073E+00        -8.670363E-01        +7.733051E-02
6.737016E+00        -8.654766E-01        +7.719154E-02
6.730964E+00        -8.639167E-01        +7.705335E-02
6.724917E+00        -8.623648E-01        +7.691455E-02
6.718876E+00        -8.608149E-01        +7.677637E-02
6.712840E+00        -8.592650E-01        +7.663838E-02
6.706810E+00        -8.577152E-01        +7.650120E-02
6.700785E+00        -8.561733E-01        +7.636341E-02
6.694766E+00        -8.546336E-01        +7.622623E-02
6.688752E+00        -8.531018E-01        +7.608925E-02
6.682743E+00        -8.515638E-01        +7.595305E-02
6.676740E+00        -8.500320E-01        +7.581627E-02
6.670742E+00        -8.485021E-01        +7.568008E-02
6.664750E+00        -8.469804E-01        +7.554410E-02
6.658763E+00        -8.454526E-01        +7.540892E-02
6.652781E+00        -8.439306E-01        +7.527313E-02
6.646805E+00        -8.424109E-01        +7.513795E-02
6.640834E+00        -8.408990E-01        +7.500296E-02
6.634868E+00        -8.393891E-01        +7.486796E-02
6.628908E+00        -8.378793E-01        +7.473378E-02
6.622953E+00        -8.363694E-01        +7.459979E-02
6.617004E+00        -8.348676E-01        +7.446581E-02
6.611060E+00        -8.333598E-01        +7.433183E-02
6.605121E+00        -8.318579E-01        +7.419864E-02
6.599187E+00        -8.303660E-01        +7.406484E-02
6.593259E+00        -8.288761E-01        +7.393166E-02
6.587336E+00        -8.273862E-01        +7.379947E-02
6.581419E+00        -8.258965E-01        +7.366669E-02
6.575507E+00        -8.244067E-01        +7.353451E-02
6.569600E+00        -8.229248E-01        +7.340252E-02
6.563698E+00        -8.214449E-01        +7.327052E-02
6.557802E+00        -8.199651E-01        +7.313854E-02
6.551911E+00        -8.184932E-01        +7.300736E-02
6.546025E+00        -8.170153E-01        +7.287636E-02
6.540145E+00        -8.155515E-01        +7.274538E-02
6.534270E+00        -8.140837E-01        +7.261440E-02
6.528400E+00        -8.126138E-01        +7.248421E-02
6.522535E+00        -8.111518E-01        +7.235421E-02
6.516676E+00        -8.096921E-01        +7.222423E-02
6.510822E+00        -8.082402E-01        +7.209424E-02
6.504973E+00        -8.067823E-01        +7.196505E-02
6.499130E+00        -8.053306E-01        +7.183528E-02
6.493291E+00        -8.038805E-01        +7.170607E-02
6.487458E+00        -8.024386E-01        +7.157788E-02
6.481630E+00        -8.009908E-01        +7.144909E-02
6.475808E+00        -7.995490E-01        +7.132092E-02
6.469991E+00        -7.981172E-01        +7.119294E-02
6.464179E+00        -7.966794E-01        +7.106495E-02
6.458372E+00        -7.952475E-01        +7.093696E-02
6.452570E+00        -7.938175E-01        +7.080976E-02
6.446774E+00        -7.923878E-01        +7.068279E-02
6.440982E+00        -7.909578E-01        +7.055578E-02
6.435196E+00        -7.895359E-01        +7.042879E-02
6.429415E+00        -7.881160E-01        +7.030260E-02
6.423640E+00        -7.866963E-01        +7.017583E-02
6.417869E+00        -7.852842E-01        +7.004963E-02
6.412104E+00        -7.838745E-01        +6.992444E-02
6.406344E+00        -7.824646E-01        +6.979866E-02
6.400589E+00        -7.810547E-01        +6.967347E-02
6.394839E+00        -7.796448E-01        +6.954848E-02
6.389095E+00        -7.782431E-01        +6.942350E-02
6.383355E+00        -7.768431E-01        +6.929850E-02
6.377621E+00        -7.754512E-01        +6.917432E-02
6.371892E+00        -7.740534E-01        +6.904953E-02
6.366168E+00        -7.726615E-01        +6.892534E-02
6.360449E+00        -7.712716E-01        +6.880215E-02
6.354735E+00        -7.698817E-01        +6.867836E-02
6.349027E+00        -7.684999E-01        +6.855518E-02
6.343323E+00        -7.671120E-01        +6.843138E-02
6.337625E+00        -7.657301E-01        +6.830899E-02
6.331932E+00        -7.643583E-01        +6.818621E-02
6.326244E+00        -7.629805E-01        +6.806402E-02
6.320561E+00        -7.616085E-01        +6.794124E-02
6.314883E+00        -7.602386E-01        +6.781904E-02
6.309210E+00        -7.588687E-01        +6.769705E-02
6.303543E+00        -7.575070E-01        +6.757587E-02
6.297880E+00        -7.561390E-01        +6.745487E-02
6.292223E+00        -7.547772E-01        +6.733310E-02
6.286570E+00        -7.534252E-01        +6.721189E-02
6.280923E+00        -7.520675E-01        +6.709171E-02
6.275281E+00        -7.507156E-01        +6.697093E-02
6.269643E+00        -7.493655E-01        +6.685072E-02
6.264011E+00        -7.480157E-01        +6.673073E-02
6.258384E+00        -7.466658E-01        +6.661075E-02
6.252762E+00        -7.453239E-01        +6.649155E-02
6.247145E+00        -7.439840E-01        +6.637177E-02
6.241533E+00        -7.426441E-01        +6.625257E-02
6.235926E+00        -7.413122E-01        +6.613358E-02
6.230325E+00        -7.399746E-01        +6.601461E-02
6.224728E+00        -7.386426E-01        +6.589641E-02
6.219136E+00        -7.373127E-01        +6.577763E-02
6.213549E+00        -7.359907E-01        +6.565943E-02
6.207968E+00        -7.346631E-01        +6.554145E-02
6.202391E+00        -7.333410E-01        +6.542425E-02
6.196819E+00        -7.320211E-01        +6.530647E-02
6.191252E+00        -7.307091E-01        +6.518926E-02
6.185691E+00        -7.293915E-01        +6.507229E-02
6.180134E+00        -7.280794E-01        +6.495530E-02
6.174582E+00        -7.267695E-01        +6.483830E-02
6.169036E+00        -7.254598E-01        +6.472212E-02
6.163494E+00        -7.241578E-01        +6.460613E-02
6.157957E+00        -7.228500E-01        +6.449013E-02
6.152425E+00        -7.215480E-01        +6.437414E-02
6.146898E+00        -7.202560E-01        +6.425815E-02
6.141377E+00        -7.189584E-01        +6.414297E-02
6.135860E+00        -7.176664E-01        +6.402798E-02
6.130348E+00        -7.163765E-01        +6.391299E-02
6.124841E+00        -7.150866E-01        +6.379800E-02
6.119339E+00        -7.137968E-01        +6.368301E-02
6.113842E+00        -7.125148E-01        +6.356882E-02
6.108349E+00        -7.112269E-01        +6.345481E-02
6.102862E+00        -7.099449E-01        +6.334083E-02
6.097380E+00        -7.086731E-01        +6.322684E-02
6.091903E+00        -7.073954E-01        +6.311365E-02
6.086430E+00        -7.061233E-01        +6.299986E-02
6.080963E+00        -7.048535E-01        +6.288668E-02
6.075500E+00        -7.035836E-01        +6.277368E-02
6.070042E+00        -7.023215E-01        +6.266069E-02
6.064589E+00        -7.010537E-01        +6.254848E-02
6.059141E+00        -6.997917E-01        +6.243649E-02
6.053698E+00        -6.985318E-01        +6.232371E-02
6.048260E+00        -6.972799E-01        +6.221231E-02
6.042827E+00        -6.960222E-01        +6.210054E-02
6.037399E+00        -6.947703E-01        +6.198855E-02
6.031975E+00        -6.935203E-01        +6.187734E-02
6.026557E+00        -6.922706E-01        +6.176637E-02
6.021143E+00        -6.910285E-01        +6.165537E-02
6.015734E+00        -6.897807E-01        +6.154438E-02
6.010330E+00        -6.885387E-01        +6.143418E-02
6.004931E+00        -6.872989E-01        +6.132341E-02
5.999536E+00        -6.860668E-01        +6.121320E-02
5.994147E+00        -6.848291E-01        +6.110322E-02
5.988762E+00        -6.835970E-01        +6.099322E-02
5.983383E+00        -6.823673E-01        +6.088404E-02
5.978008E+00        -6.811375E-01        +6.077505E-02
5.972637E+00        -6.799153E-01        +6.066604E-02
5.967272E+00        -6.786876E-01        +6.055706E-02
5.961912E+00        -6.774657E-01        +6.044808E-02
5.956556E+00        -6.762457E-01        +6.033908E-02
5.951205E+00        -6.750337E-01        +6.023088E-02
5.945859E+00        -6.738160E-01        +6.012289E-02
5.940518E+00        -6.726040E-01        +6.001491E-02
5.935181E+00        -6.713940E-01        +5.990691E-02
5.929850E+00        -6.701843E-01        +5.979893E-02
5.924523E+00        -6.689823E-01        +5.969173E-02
5.919201E+00        -6.677745E-01        +5.958474E-02
5.913883E+00        -6.665724E-01        +5.947774E-02
5.908571E+00        -6.653726E-01        +5.937076E-02
5.903263E+00        -6.641806E-01        +5.926376E-02
5.897960E+00        -6.629828E-01        +5.915756E-02
5.892662E+00        -6.617908E-01        +5.905158E-02
5.887368E+00        -6.606008E-01        +5.894558E-02
5.882080E+00        -6.594111E-01        +5.883960E-02
5.876796E+00        -6.582212E-01        +5.873361E-02
5.871516E+00        -6.570390E-01        +5.862839E-02
5.866242E+00        -6.558593E-01        +5.852263E-02
5.860972E+00        -6.546715E-01        +5.841742E-02
5.855707E+00        -6.534973E-01        +5.831243E-02
5.850447E+00        -6.523196E-01        +5.820823E-02
5.845191E+00        -6.511475E-01        +5.810345E-02
5.839941E+00        -6.499778E-01        +5.799926E-02
5.834694E+00        -6.488077E-01        +5.789525E-02
5.829453E+00        -6.476379E-01        +5.779127E-02
5.824216E+00        -6.464680E-01        +5.768728E-02
5.818984E+00        -6.453059E-01        +5.758329E-02
5.813757E+00        -6.441461E-01        +5.748009E-02
5.808534E+00        -6.429861E-01        +5.737709E-02
5.803317E+00        -6.418265E-01        +5.727412E-02
5.798103E+00        -6.406742E-01        +5.717111E-02
5.792895E+00        -6.395245E-01        +5.706813E-02
5.787691E+00        -6.383746E-01        +5.696593E-02
5.782492E+00        -6.372247E-01        +5.686315E-02
5.777297E+00        -6.360747E-01        +5.676094E-02
5.772107E+00        -6.349326E-01        +5.665895E-02
5.766922E+00        -6.337849E-01        +5.655774E-02
5.761742E+00        -6.326430E-01        +5.645598E-02
5.756566E+00        -6.315110E-01        +5.635477E-02
5.751395E+00        -6.303733E-01        +5.625300E-02
5.746228E+00        -6.292333E-01        +5.615179E-02
5.741066E+00        -6.281012E-01        +5.605158E-02
5.735909E+00        -6.269714E-01        +5.595081E-02
5.730756E+00        -6.258414E-01        +5.584982E-02
5.725608E+00        -6.247194E-01        +5.574961E-02
5.720465E+00        -6.235918E-01        +5.564963E-02
5.715326E+00        -6.224697E-01        +5.554963E-02
5.710192E+00        -6.213498E-01        +5.544965E-02
5.705062E+00        -6.202298E-01        +5.535043E-02
5.699937E+00        -6.191178E-01        +5.525066E-02
5.694817E+00        -6.180001E-01        +5.515146E-02
5.689701E+00        -6.168880E-01        +5.505246E-02
5.684590E+00        -6.157781E-01        +5.495348E-02
5.679484E+00        -6.146684E-01        +5.485450E-02
5.674382E+00        -6.135663E-01        +5.475629E-02
5.669284E+00        -6.124584E-01        +5.465829E-02
5.664191E+00        -6.113563E-01        +5.455951E-02
5.659103E+00        -6.102565E-01        +5.446209E-02
5.654019E+00        -6.091565E-01        +5.436431E-02
5.648940E+00        -6.080645E-01        +5.426632E-02
5.643866E+00        -6.069669E-01        +5.416912E-02
5.638796E+00        -6.058748E-01        +5.407135E-02
5.633730E+00        -6.047848E-01        +5.397413E-02
5.628670E+00        -6.036951E-01        +5.387716E-02
5.623613E+00        -6.026129E-01        +5.378094E-02
5.618561E+00        -6.015251E-01        +5.368416E-02
5.613514E+00        -6.004431E-01        +5.358796E-02
5.608472E+00        -5.993634E-01        +5.349120E-02
5.603433E+00        -5.982833E-01        +5.339497E-02
5.598400E+00        -5.972035E-01        +5.329900E-02
5.593371E+00        -5.961315E-01        +5.320379E-02
5.588346E+00        -5.950537E-01        +5.310801E-02
5.583326E+00        -5.939816E-01        +5.301280E-02
5.578310E+00        -5.929117E-01        +5.291702E-02
5.573299E+00        -5.918496E-01        +5.282182E-02
5.568293E+00        -5.907820E-01        +5.272762E-02
5.563291E+00        -5.897199E-01        +5.263285E-02
5.558293E+00        -5.886600E-01        +5.253785E-02
5.553300E+00        -5.876001E-01        +5.244364E-02
5.548311E+00        -5.865401E-01        +5.234964E-02
5.543327E+00        -5.854880E-01        +5.225565E-02
5.538347E+00        -5.844303E-01        +5.216166E-02
5.533372E+00        -5.833782E-01        +5.206767E-02
5.528402E+00        -5.823285E-01        +5.197447E-02
5.523435E+00        -5.812784E-01        +5.188069E-02
5.518473E+00        -5.802363E-01        +5.178747E-02
5.513516E+00        -5.791887E-01        +5.169449E-02
5.508563E+00        -5.781465E-01        +5.160150E-02
5.503615E+00        -5.771067E-01        +5.150929E-02
5.498671E+00        -5.760668E-01        +5.141652E-02
5.493731E+00        -5.750268E-01        +5.132430E-02
5.488796E+00        -5.739947E-01        +5.123231E-02
5.483866E+00        -5.729650E-01        +5.114034E-02
5.478939E+00        -5.719271E-01        +5.104833E-02
5.474017E+00        -5.709028E-01        +5.095634E-02
5.469100E+00        -5.698752E-01        +5.086513E-02
5.464187E+00        -5.688453E-01        +5.077336E-02
5.459279E+00        -5.678233E-01        +5.068216E-02
5.454374E+00        -5.668032E-01        +5.059115E-02
5.449475E+00        -5.657835E-01        +5.050018E-02
5.444579E+00        -5.647634E-01        +5.040995E-02
5.439688E+00        -5.637435E-01        +5.031918E-02
5.434802E+00        -5.627315E-01        +5.022898E-02
5.429920E+00        -5.617217E-01        +5.013899E-02
5.425042E+00        -5.607039E-01        +5.004822E-02
5.420168E+00        -5.596995E-01        +4.995877E-02
5.415299E+00        -5.586918E-01        +4.986900E-02
5.410435E+00        -5.576820E-01        +4.977903E-02
5.405574E+00        -5.566798E-01        +4.968980E-02
5.400719E+00        -5.556800E-01        +4.960082E-02
5.395867E+00        -5.546800E-01        +4.951182E-02
5.391020E+00        -5.536802E-01        +4.942284E-02
5.386177E+00        -5.526803E-01        +4.933384E-02
5.381338E+00        -5.516880E-01        +4.924484E-02
5.376504E+00        -5.506904E-01        +4.915663E-02
5.371674E+00        -5.496982E-01        +4.906864E-02
5.366849E+00        -5.487084E-01        +4.897988E-02
5.362028E+00        -5.477185E-01        +4.889166E-02
5.357211E+00        -5.467363E-01        +4.880445E-02
5.352399E+00        -5.457565E-01        +4.871669E-02
5.347591E+00        -5.447689E-01        +4.862947E-02
5.342787E+00        -5.437867E-01        +4.854170E-02
5.337987E+00        -5.428067E-01        +4.845448E-02
5.333192E+00        -5.418346E-01        +4.836749E-02
5.328401E+00        -5.408569E-01        +4.828050E-02
5.323614E+00        -5.398847E-01        +4.819428E-02
5.318832E+00        -5.389149E-01        +4.810751E-02
5.314054E+00        -5.379449E-01        +4.802130E-02
5.309281E+00        -5.369752E-01        +4.793454E-02
5.304511E+00        -5.360052E-01        +4.784832E-02
5.299746E+00        -5.350430E-01        +4.776233E-02
5.294985E+00        -5.340753E-01        +4.767633E-02
5.290229E+00        -5.331133E-01        +4.759113E-02
5.285476E+00        -5.321533E-01        +4.750535E-02
5.280728E+00        -5.311934E-01        +4.742013E-02
5.275984E+00        -5.302412E-01        +4.733514E-02
5.271245E+00        -5.292836E-01        +4.725015E-02
5.266510E+00        -5.283315E-01        +4.716517E-02
5.261779E+00        -5.273816E-01        +4.708018E-02
5.257052E+00        -5.264316E-01        +4.699595E-02
5.252329E+00        -5.254816E-01        +4.691118E-02
5.247611E+00        -5.245395E-01        +4.682697E-02
5.242897E+00        -5.235919E-01        +4.674298E-02
5.238187E+00        -5.226497E-01        +4.665898E-02
5.233482E+00        -5.217099E-01        +4.657500E-02
5.228781E+00        -5.207700E-01        +4.649179E-02
5.224083E+00        -5.198299E-01        +4.640800E-02
5.219391E+00        -5.188979E-01        +4.632480E-02
5.214702E+00        -5.179602E-01        +4.624180E-02
5.210018E+00        -5.170281E-01        +4.615882E-02
5.205337E+00        -5.160981E-01        +4.607581E-02
5.200661E+00        -5.151682E-01        +4.599282E-02
5.195989E+00        -5.142382E-01        +4.590983E-02
5.191322E+00        -5.133162E-01        +4.582762E-02
5.186658E+00        -5.123884E-01        +4.574562E-02
5.181999E+00        -5.114663E-01        +4.566286E-02
5.177344E+00        -5.105464E-01        +4.558064E-02
5.172693E+00        -5.096265E-01        +4.549942E-02
5.168046E+00        -5.087142E-01        +4.541765E-02
5.163404E+00        -5.077967E-01        +4.533567E-02
5.158765E+00        -5.068844E-01        +4.525444E-02
5.154131E+00        -5.059668E-01        +4.517345E-02
5.149501E+00        -5.050546E-01        +4.509169E-02
5.144875E+00        -5.041447E-01        +4.501047E-02
5.140254E+00        -5.032349E-01        +4.493026E-02
5.135636E+00        -5.023327E-01        +4.484949E-02
5.131023E+00        -5.014251E-01        +4.476850E-02
5.126413E+00        -5.005228E-01        +4.468827E-02
5.121808E+00        -4.996229E-01        +4.460828E-02
5.117207E+00        -4.987230E-01        +4.452829E-02
5.112610E+00        -4.978230E-01        +4.444829E-02
5.108018E+00        -4.969310E-01        +4.436831E-02
5.103429E+00        -4.960333E-01        +4.428832E-02
5.098844E+00        -4.951410E-01        +4.420909E-02
5.094264E+00        -4.942511E-01        +4.412933E-02
5.089688E+00        -4.933613E-01        +4.405011E-02
5.085116E+00        -4.924714E-01        +4.397112E-02
5.080548E+00        -4.915815E-01        +4.389213E-02
5.075984E+00        -4.906993E-01        +4.381314E-02
5.071424E+00        -4.898193E-01        +4.373414E-02
5.066868E+00        -4.889317E-01        +4.365592E-02
5.062317E+00        -4.880496E-01        +4.357717E-02
5.057769E+00        -4.871696E-01        +4.349894E-02
5.053225E+00        -4.862973E-01        +4.342094E-02
5.048686E+00        -4.854197E-01        +4.334295E-02
5.044151E+00        -4.845476E-01        +4.326496E-02
5.039620E+00        -4.836777E-01        +4.318697E-02
5.035092E+00        -4.828076E-01        +4.310974E-02
5.030569E+00        -4.819377E-01        +4.303198E-02
5.026050E+00        -4.810678E-01        +4.295476E-02
5.021535E+00        -4.801979E-01        +4.287776E-02
5.017024E+00        -4.793357E-01        +4.280077E-02
5.012517E+00        -4.784680E-01        +4.272378E-02
5.008015E+00        -4.776060E-01        +4.264757E-02
5.003516E+00        -4.767460E-01        +4.257080E-02
4.999021E+00        -4.758861E-01        +4.249380E-02
4.994530E+00        -4.750338E-01        +4.241758E-02
4.990044E+00        -4.741763E-01        +4.234159E-02
4.985561E+00        -4.733240E-01        +4.226560E-02
4.981082E+00        -4.724740E-01        +4.218960E-02
4.976608E+00        -4.716242E-01        +4.211361E-02
4.972137E+00        -4.707742E-01        +4.203838E-02
4.967671E+00        -4.699244E-01        +4.196263E-02
4.963208E+00        -4.690744E-01        +4.188740E-02
4.958750E+00        -4.682323E-01        +4.181165E-02
4.954295E+00        -4.673846E-01        +4.173641E-02
4.949845E+00        -4.665424E-01        +4.166143E-02
4.945398E+00        -4.657024E-01        +4.158720E-02
4.940956E+00        -4.648703E-01        +4.151245E-02
4.936517E+00        -4.640326E-01        +4.143745E-02
4.932083E+00        -4.631928E-01        +4.136323E-02
4.927652E+00        -4.623605E-01        +4.128923E-02
4.923225E+00        -4.615305E-01        +4.121446E-02
4.918803E+00        -4.607007E-01        +4.114102E-02
4.914384E+00        -4.598707E-01        +4.106725E-02
4.909969E+00        -4.590407E-01        +4.099325E-02
4.905559E+00        -4.582109E-01        +4.091927E-02
4.901152E+00        -4.573886E-01        +4.084604E-02
4.896749E+00        -4.565610E-01        +4.077228E-02
4.892350E+00        -4.557387E-01        +4.069905E-02
4.887955E+00        -4.549188E-01        +4.062605E-02
4.883565E+00        -4.540990E-01        +4.055308E-02
4.879178E+00        -4.532791E-01        +4.048008E-02
4.874795E+00        -4.524668E-01        +4.040786E-02
4.870415E+00        -4.516491E-01        +4.033508E-02
4.866040E+00        -4.508369E-01        +4.026209E-02
4.861669E+00        -4.500270E-01        +4.018987E-02
4.857302E+00        -4.492171E-01        +4.011788E-02
4.852938E+00        -4.484071E-01        +4.004588E-02
4.848579E+00        -4.475973E-01        +3.997390E-02
4.844223E+00        -4.467873E-01        +3.990190E-02
4.839872E+00        -4.459851E-01        +3.983068E-02
4.835524E+00        -4.451851E-01        +3.975892E-02
4.831180E+00        -4.443775E-01        +3.968769E-02
4.826840E+00        -4.435752E-01        +3.961593E-02
4.822504E+00        -4.427830E-01        +3.954470E-02
4.818172E+00        -4.419854E-01        +3.947371E-02
4.813844E+00        -4.411856E-01        +3.940272E-02
4.809519E+00        -4.403932E-01        +3.933248E-02
4.805199E+00        -4.395957E-01        +3.926173E-02
4.800882E+00        -4.388033E-01        +3.919073E-02
4.796570E+00        -4.380135E-01        +3.912051E-02
4.792261E+00        -4.372236E-01        +3.905052E-02
4.787956E+00        -4.364413E-01        +3.898053E-02
4.783655E+00        -4.356538E-01        +3.891053E-02
4.779358E+00        -4.348715E-01        +3.884054E-02
4.775064E+00        -4.340838E-01        +3.877054E-02
4.770775E+00        -4.333016E-01        +3.870056E-02
4.766489E+00        -4.325217E-01        +3.863132E-02
4.762207E+00        -4.317417E-01        +3.856156E-02
4.757929E+00        -4.309618E-01        +3.849233E-02
4.753655E+00        -4.301895E-01        +3.842334E-02
4.749385E+00        -4.294120E-01        +3.835435E-02
4.745118E+00        -4.286396E-01        +3.828535E-02
4.740856E+00        -4.278698E-01        +3.821637E-02
4.736597E+00        -4.270998E-01        +3.814813E-02
4.732342E+00        -4.263299E-01        +3.807938E-02
4.728091E+00        -4.255600E-01        +3.801115E-02
4.723844E+00        -4.247901E-01        +3.794316E-02
4.719600E+00        -4.240277E-01        +3.787440E-02
4.715360E+00        -4.232601E-01        +3.780616E-02
4.711124E+00        -4.224978E-01        +3.773817E-02
4.706892E+00        -4.217379E-01        +3.767094E-02
4.702664E+00        -4.209780E-01        +3.760319E-02
4.698440E+00        -4.202182E-01        +3.753520E-02
4.694219E+00        -4.194658E-01        +3.746796E-02
4.690002E+00        -4.187083E-01        +3.740097E-02
4.685789E+00        -4.179560E-01        +3.733398E-02
4.681580E+00        -4.171985E-01        +3.726699E-02
4.677374E+00        -4.164461E-01        +3.719999E-02
4.673172E+00        -4.156961E-01        +3.713299E-02
4.668974E+00        -4.149538E-01        +3.706600E-02
4.664780E+00        -4.142063E-01        +3.699977E-02
4.660590E+00        -4.134565E-01        +3.693302E-02
4.656403E+00        -4.127141E-01        +3.686678E-02
4.652220E+00        -4.119665E-01        +3.680003E-02
4.648041E+00        -4.112242E-01        +3.673456E-02
4.643865E+00        -4.104842E-01        +3.666803E-02
4.639694E+00        -4.097444E-01        +3.660257E-02
4.635526E+00        -4.090045E-01        +3.653682E-02
4.631362E+00        -4.082722E-01        +3.647083E-02
4.627201E+00        -4.075345E-01        +3.640558E-02
4.623045E+00        -4.068023E-01        +3.633984E-02
4.618892E+00        -4.060648E-01        +3.627461E-02
4.614742E+00        -4.053323E-01        +3.620960E-02
4.610597E+00        -4.046025E-01        +3.614462E-02
4.606455E+00        -4.038725E-01        +3.607962E-02
4.602317E+00        -4.031502E-01        +3.601463E-02
4.598183E+00        -4.024227E-01        +3.595040E-02
4.594052E+00        -4.017003E-01        +3.588564E-02
4.589925E+00        -4.009728E-01        +3.582064E-02
4.585802E+00        -4.002505E-01        +3.575641E-02
4.581683E+00        -3.995307E-01        +3.569243E-02
4.577567E+00        -3.988107E-01        +3.562843E-02
4.573455E+00        -3.980908E-01        +3.556444E-02
4.569346E+00        -3.973707E-01        +3.550044E-02
4.565242E+00        -3.966585E-01        +3.543645E-02
4.561141E+00        -3.959410E-01        +3.537322E-02
4.557043E+00        -3.952286E-01        +3.530946E-02
4.552949E+00        -3.945186E-01        +3.524622E-02
4.548860E+00        -3.938088E-01        +3.518248E-02
4.544773E+00        -3.930988E-01        +3.511923E-02
4.540691E+00        -3.923889E-01        +3.505625E-02
4.536612E+00        -3.916790E-01        +3.499325E-02
4.532536E+00        -3.909765E-01        +3.493025E-02
4.528465E+00        -3.902691E-01        +3.486802E-02
4.524397E+00        -3.895668E-01        +3.480527E-02
4.520332E+00        -3.888667E-01        +3.474227E-02
4.516272E+00        -3.881669E-01        +3.468004E-02
4.512215E+00        -3.874670E-01        +3.461805E-02
4.508161E+00        -3.867670E-01        +3.455605E-02
4.504111E+00        -3.860670E-01        +3.449329E-02
4.500065E+00        -3.853747E-01        +3.443106E-02
4.496023E+00        -3.846772E-01        +3.436983E-02
4.491984E+00        -3.839848E-01        +3.430807E-02
4.487949E+00        -3.832949E-01        +3.424608E-02
4.483917E+00        -3.826049E-01        +3.418484E-02
4.479889E+00        -3.819150E-01        +3.412309E-02
4.475865E+00        -3.812251E-01        +3.406186E-02
4.471844E+00        -3.805352E-01        +3.400086E-02
4.467827E+00        -3.798528E-01        +3.393987E-02
4.463813E+00        -3.791652E-01        +3.387887E-02
4.459804E+00        -3.784830E-01        +3.381789E-02
4.455797E+00        -3.778030E-01        +3.375688E-02
4.451794E+00        -3.771230E-01        +3.369664E-02
4.447795E+00        -3.764431E-01        +3.363589E-02
4.443800E+00        -3.757632E-01        +3.357566E-02
4.439808E+00        -3.750833E-01        +3.351491E-02
4.435820E+00        -3.744110E-01        +3.345468E-02
4.431835E+00        -3.737334E-01        +3.339468E-02
4.427854E+00        -3.730611E-01        +3.333469E-02
4.423876E+00        -3.723911E-01        +3.327469E-02
4.419902E+00        -3.717212E-01        +3.321545E-02
4.415931E+00        -3.710511E-01        +3.315569E-02
4.411965E+00        -3.703814E-01        +3.309571E-02
4.408001E+00        -3.697113E-01        +3.303647E-02
4.404041E+00        -3.690489E-01        +3.297671E-02
4.400085E+00        -3.683814E-01        +3.291748E-02
4.396133E+00        -3.677192E-01        +3.285849E-02
4.392183E+00        -3.670515E-01        +3.279949E-02
4.388238E+00        -3.663892E-01        +3.274050E-02
4.384296E+00        -3.657293E-01        +3.268151E-02
4.380357E+00        -3.650693E-01        +3.262326E-02
4.376422E+00        -3.644169E-01        +3.256451E-02
4.372491E+00        -3.637595E-01        +3.250628E-02
4.368563E+00        -3.630995E-01        +3.244753E-02
4.364639E+00        -3.624472E-01        +3.238929E-02
4.360718E+00        -3.617972E-01        +3.233129E-02
4.356801E+00        -3.611473E-01        +3.227330E-02
4.352887E+00        -3.604898E-01        +3.221531E-02
4.348977E+00        -3.598375E-01        +3.215732E-02
4.345070E+00        -3.591950E-01        +3.209932E-02
4.341167E+00        -3.585476E-01        +3.204133E-02
4.337267E+00        -3.578976E-01        +3.198408E-02
4.333371E+00        -3.572552E-01        +3.192634E-02
4.329478E+00        -3.566077E-01        +3.186909E-02
4.325589E+00        -3.559654E-01        +3.181210E-02
4.321703E+00        -3.553254E-01        +3.175510E-02
4.317821E+00        -3.546855E-01        +3.169811E-02
4.313942E+00        -3.540455E-01        +3.164112E-02
4.310067E+00        -3.534056E-01        +3.158413E-02
4.306195E+00        -3.527732E-01        +3.152713E-02
4.302327E+00        -3.521358E-01        +3.147089E-02
4.298462E+00        -3.515033E-01        +3.141414E-02
4.294600E+00        -3.508658E-01        +3.135789E-02
4.290742E+00        -3.502333E-01        +3.130114E-02
4.286888E+00        -3.496035E-01        +3.124491E-02
4.283037E+00        -3.489735E-01        +3.118891E-02
4.279189E+00        -3.483435E-01        +3.113291E-02
4.275345E+00        -3.477136E-01        +3.107692E-02
4.271505E+00        -3.470913E-01        +3.102093E-02
4.267668E+00        -3.464638E-01        +3.096494E-02
4.263834E+00        -3.458414E-01        +3.090969E-02
4.260004E+00        -3.452140E-01        +3.085395E-02
4.256177E+00        -3.445915E-01        +3.079871E-02
4.252353E+00        -3.439715E-01        +3.074370E-02
4.248533E+00        -3.433515E-01        +3.068796E-02
4.244717E+00        -3.427317E-01        +3.063272E-02
4.240904E+00        -3.421117E-01        +3.057773E-02
4.237094E+00        -3.414992E-01        +3.052273E-02
4.233288E+00        -3.408818E-01        +3.046774E-02
4.229485E+00        -3.402694E-01        +3.041349E-02
4.225686E+00        -3.396520E-01        +3.035875E-02
4.221890E+00        -3.390396E-01        +3.030451E-02
4.218097E+00        -3.384296E-01        +3.024976E-02
4.214308E+00        -3.378196E-01        +3.019551E-02
4.210522E+00        -3.372097E-01        +3.014152E-02
4.206740E+00        -3.365998E-01        +3.008678E-02
4.202961E+00        -3.359973E-01        +3.003253E-02
4.199185E+00        -3.353898E-01        +2.997853E-02
4.195413E+00        -3.347874E-01        +2.992529E-02
4.191644E+00        -3.341800E-01        +2.987154E-02
4.187879E+00        -3.335776E-01        +2.981755E-02
4.184117E+00        -3.329776E-01        +2.976431E-02
4.180358E+00        -3.323776E-01        +2.971056E-02
4.176603E+00        -3.317777E-01        +2.965732E-02
4.172851E+00        -3.311778E-01        +2.960357E-02
4.169102E+00        -3.305853E-01        +2.955032E-02
4.165357E+00        -3.299879E-01        +2.949733E-02
4.161615E+00        -3.293954E-01        +2.944433E-02
4.157877E+00        -3.287980E-01        +2.939134E-02
4.154142E+00        -3.282056E-01        +2.933910E-02
4.150410E+00        -3.276156E-01        +2.928635E-02
4.146682E+00        -3.270257E-01        +2.923336E-02
4.142957E+00        -3.264358E-01        +2.918112E-02
4.139235E+00        -3.258458E-01        +2.912837E-02
4.135517E+00        -3.252559E-01        +2.907613E-02
4.131802E+00        -3.246734E-01        +2.902413E-02
4.128090E+00        -3.240860E-01        +2.897213E-02
4.124382E+00        -3.235035E-01        +2.892014E-02
4.120677E+00        -3.229161E-01        +2.886815E-02
4.116975E+00        -3.223336E-01        +2.881615E-02
4.113277E+00        -3.217537E-01        +2.876416E-02
4.109582E+00        -3.211738E-01        +2.871216E-02
4.105890E+00        -3.205938E-01        +2.866091E-02
4.102201E+00        -3.200137E-01        +2.860916E-02
4.098516E+00        -3.194413E-01        +2.855791E-02
4.094835E+00        -3.188640E-01        +2.850693E-02
4.091156E+00        -3.182914E-01        +2.845518E-02
4.087481E+00        -3.177140E-01        +2.840393E-02
4.083809E+00        -3.171415E-01        +2.835294E-02
4.080141E+00        -3.165717E-01        +2.830195E-02
4.076475E+00        -3.160016E-01        +2.825169E-02
4.072813E+00        -3.154317E-01        +2.820095E-02
4.069155E+00        -3.148618E-01        +2.814996E-02
4.065499E+00        -3.142918E-01        +2.809971E-02
4.061847E+00        -3.137218E-01        +2.804897E-02
4.058198E+00        -3.131593E-01        +2.799872E-02
4.054553E+00        -3.125920E-01        +2.794798E-02
4.050911E+00        -3.120296E-01        +2.789774E-02
4.047272E+00        -3.114696E-01        +2.784774E-02
4.043636E+00        -3.109096E-01        +2.779774E-02
4.040003E+00        -3.103496E-01        +2.774774E-02
4.036374E+00        -3.097897E-01        +2.769775E-02
4.032748E+00        -3.092297E-01        +2.764850E-02
4.029126E+00        -3.086699E-01        +2.759877E-02
4.025506E+00        -3.081099E-01        +2.754876E-02
4.021890E+00        -3.075574E-01        +2.749952E-02
4.018277E+00        -3.070000E-01        +2.745052E-02
4.014667E+00        -3.064474E-01        +2.740078E-02
4.011061E+00        -3.058976E-01        +2.735153E-02
4.007458E+00        -3.053476E-01        +2.730254E-02
4.003858E+00        -3.047977E-01        +2.725354E-02
4.000261E+00        -3.042477E-01        +2.720454E-02
3.996668E+00        -3.036978E-01        +2.715556E-02
3.993077E+00        -3.031478E-01        +2.710655E-02
3.989490E+00        -3.025978E-01        +2.705830E-02
3.985906E+00        -3.020553E-01        +2.700956E-02
3.982326E+00        -3.015080E-01        +2.696057E-02
3.978748E+00        -3.009654E-01        +2.691231E-02
3.975174E+00        -3.004255E-01        +2.686432E-02
3.971603E+00        -2.998855E-01        +2.681558E-02
3.968036E+00        -2.993457E-01        +2.676734E-02
3.964471E+00        -2.988057E-01        +2.671934E-02
3.960910E+00        -2.982658E-01        +2.667135E-02
3.957352E+00        -2.977259E-01        +2.662335E-02
3.953797E+00        -2.971859E-01        +2.657536E-02
3.950245E+00        -2.966533E-01        +2.652810E-02
3.946696E+00        -2.961159E-01        +2.648036E-02
3.943151E+00        -2.955834E-01        +2.643237E-02
3.939609E+00        -2.950461E-01        +2.638512E-02
3.936070E+00        -2.945136E-01        +2.633812E-02
3.932534E+00        -2.939836E-01        +2.629038E-02
3.929001E+00        -2.934536E-01        +2.624313E-02
3.925472E+00        -2.929237E-01        +2.619614E-02
3.921945E+00        -2.923937E-01        +2.614913E-02
3.918422E+00        -2.918712E-01        +2.610214E-02
3.914902E+00        -2.913438E-01        +2.605514E-02
3.911385E+00        -2.908138E-01        +2.600815E-02
3.907872E+00        -2.902914E-01        +2.596116E-02
3.904361E+00        -2.897714E-01        +2.591490E-02
3.900854E+00        -2.892515E-01        +2.586817E-02
3.897350E+00        -2.887241E-01        +2.582191E-02
3.893849E+00        -2.882016E-01        +2.577518E-02
3.890351E+00        -2.876816E-01        +2.572892E-02
3.886856E+00        -2.871617E-01        +2.568292E-02
3.883364E+00        -2.866491E-01        +2.563692E-02
3.879876E+00        -2.861318E-01        +2.559094E-02
3.876391E+00        -2.856119E-01        +2.554494E-02
3.872908E+00        -2.850992E-01        +2.549894E-02
3.869429E+00        -2.845819E-01        +2.545294E-02
3.865953E+00        -2.840693E-01        +2.540695E-02
3.862480E+00        -2.835594E-01        +2.536169E-02
3.859011E+00        -2.830495E-01        +2.531597E-02
3.855544E+00        -2.825395E-01        +2.527071E-02
3.852081E+00        -2.820296E-01        +2.522498E-02
3.848620E+00        -2.815196E-01        +2.517971E-02
3.845163E+00        -2.810097E-01        +2.513472E-02
3.841709E+00        -2.804997E-01        +2.508899E-02
3.838258E+00        -2.799972E-01        +2.504373E-02
3.834810E+00        -2.794898E-01        +2.499874E-02
3.831365E+00        -2.789873E-01        +2.495374E-02
3.827923E+00        -2.784873E-01        +2.490948E-02
3.824484E+00        -2.779799E-01        +2.486474E-02
3.821049E+00        -2.774774E-01        +2.481975E-02
3.817616E+00        -2.769774E-01        +2.477549E-02
3.814187E+00        -2.764775E-01        +2.473076E-02
3.810760E+00        -2.759775E-01        +2.468650E-02
3.807337E+00        -2.754849E-01        +2.464177E-02
3.803917E+00        -2.749876E-01        +2.459751E-02
3.800500E+00        -2.744877E-01        +2.455352E-02
3.797086E+00        -2.739951E-01        +2.450952E-02
3.793675E+00        -2.734978E-01        +2.446553E-02
3.790267E+00        -2.730052E-01        +2.442153E-02
3.786862E+00        -2.725152E-01        +2.437753E-02
3.783460E+00        -2.720253E-01        +2.433353E-02
3.780062E+00        -2.715354E-01        +2.429029E-02
3.776666E+00        -2.710454E-01        +2.424655E-02
3.773273E+00        -2.705554E-01        +2.420255E-02
3.769884E+00        -2.700655E-01        +2.415930E-02
3.766497E+00        -2.695755E-01        +2.411556E-02
3.763114E+00        -2.690930E-01        +2.407231E-02
3.759733E+00        -2.686056E-01        +2.402930E-02
3.756356E+00        -2.681231E-01        +2.398631E-02
3.752981E+00        -2.676357E-01        +2.394331E-02
3.749610E+00        -2.671532E-01        +2.390032E-02
3.746242E+00        -2.666732E-01        +2.385733E-02
3.742876E+00        -2.661932E-01        +2.381432E-02
3.739514E+00        -2.657133E-01        +2.377133E-02
3.736155E+00        -2.652334E-01        +2.372834E-02
3.732798E+00        -2.647533E-01        +2.368607E-02
3.729445E+00        -2.642734E-01        +2.364334E-02
3.726095E+00        -2.637935E-01        +2.360108E-02
3.722748E+00        -2.633209E-01        +2.355836E-02
3.719404E+00        -2.628436E-01        +2.351610E-02
3.716062E+00        -2.623709E-01        +2.347409E-02
3.712724E+00        -2.619010E-01        +2.343210E-02
3.709389E+00        -2.614237E-01        +2.338937E-02
3.706057E+00        -2.609511E-01        +2.334711E-02
3.702728E+00        -2.604812E-01        +2.330512E-02
3.699401E+00        -2.600111E-01        +2.326385E-02
3.696078E+00        -2.595412E-01        +2.322212E-02
3.692758E+00        -2.590713E-01        +2.318013E-02
3.689441E+00        -2.586087E-01        +2.313814E-02
3.686126E+00        -2.581413E-01        +2.309687E-02
3.682815E+00        -2.576714E-01        +2.305514E-02
3.679507E+00        -2.572088E-01        +2.301388E-02
3.676201E+00        -2.567415E-01        +2.297288E-02
3.672899E+00        -2.562789E-01        +2.293115E-02
3.669600E+00        -2.558190E-01        +2.288990E-02
3.666303E+00        -2.553590E-01        +2.284889E-02
3.663010E+00        -2.548991E-01        +2.280790E-02
3.659719E+00        -2.544391E-01        +2.276690E-02
3.656431E+00        -2.539791E-01        +2.272590E-02
3.653147E+00        -2.535192E-01        +2.268491E-02
3.649865E+00        -2.530592E-01        +2.264465E-02
3.646586E+00        -2.526065E-01        +2.260391E-02
3.643311E+00        -2.521493E-01        +2.256293E-02
3.640038E+00        -2.516894E-01        +2.252266E-02
3.636768E+00        -2.512367E-01        +2.248193E-02
3.633501E+00        -2.507868E-01        +2.244167E-02
3.630237E+00        -2.503368E-01        +2.240167E-02
3.626976E+00        -2.498795E-01        +2.236095E-02
3.623718E+00        -2.494269E-01        +2.232069E-02
3.620462E+00        -2.489769E-01        +2.228068E-02
3.617210E+00        -2.485270E-01        +2.224069E-02
3.613961E+00        -2.480771E-01        +2.220070E-02
3.610714E+00        -2.476344E-01        +2.216069E-02
3.607471E+00        -2.471872E-01        +2.212071E-02
3.604230E+00        -2.467372E-01        +2.208144E-02
3.600992E+00        -2.462945E-01        +2.204171E-02
3.597757E+00        -2.458545E-01        +2.200171E-02
3.594525E+00        -2.454072E-01        +2.196244E-02
3.591296E+00        -2.449646E-01        +2.192272E-02
3.588070E+00        -2.445246E-01        +2.188345E-02
3.584847E+00        -2.440774E-01        +2.184446E-02
3.581627E+00        -2.436348E-01        +2.180474E-02
3.578409E+00        -2.432021E-01        +2.176546E-02
3.575195E+00        -2.427649E-01        +2.172647E-02
3.571983E+00        -2.423249E-01        +2.168747E-02
3.568774E+00        -2.418849E-01        +2.164848E-02
3.565569E+00        -2.414450E-01        +2.160949E-02
3.562365E+00        -2.410123E-01        +2.157048E-02
3.559165E+00        -2.405750E-01        +2.153222E-02
3.555968E+00        -2.401424E-01        +2.149349E-02
3.552774E+00        -2.397125E-01        +2.145450E-02
3.549582E+00        -2.392752E-01        +2.141623E-02
3.546394E+00        -2.388426E-01        +2.137751E-02
3.543208E+00        -2.384126E-01        +2.133924E-02
3.540025E+00        -2.379826E-01        +2.130125E-02
3.536845E+00        -2.375527E-01        +2.126252E-02
3.533668E+00        -2.371228E-01        +2.122426E-02
3.530493E+00        -2.366927E-01        +2.118625E-02
3.527322E+00        -2.362701E-01        +2.114826E-02
3.524153E+00        -2.358428E-01        +2.111026E-02
3.520987E+00        -2.354128E-01        +2.107226E-02
3.517824E+00        -2.349902E-01        +2.103427E-02
3.514664E+00        -2.345702E-01        +2.099627E-02
3.511507E+00        -2.341430E-01        +2.095901E-02
3.508353E+00        -2.337204E-01        +2.092129E-02
3.505201E+00        -2.333004E-01        +2.088329E-02
3.502052E+00        -2.328804E-01        +2.084602E-02
3.498906E+00        -2.324604E-01        +2.080902E-02
3.495763E+00        -2.320405E-01        +2.077130E-02
3.492623E+00        -2.316206E-01        +2.073403E-02
3.489485E+00        -2.312005E-01        +2.069703E-02
3.486351E+00        -2.307807E-01        +2.065931E-02
3.483219E+00        -2.303680E-01        +2.062205E-02
3.480090E+00        -2.299507E-01        +2.058505E-02
3.476964E+00        -2.295308E-01        +2.054806E-02
3.473840E+00        -2.291180E-01        +2.051105E-02
3.470719E+00        -2.287080E-01        +2.047405E-02
3.467602E+00        -2.282909E-01        +2.043779E-02
3.464487E+00        -2.278782E-01        +2.040107E-02
3.461374E+00        -2.274681E-01        +2.036406E-02
3.458265E+00        -2.270582E-01        +2.032780E-02
3.455158E+00        -2.266482E-01        +2.029107E-02
3.452055E+00        -2.262384E-01        +2.025481E-02
3.448954E+00        -2.258284E-01        +2.021809E-02
3.445855E+00        -2.254184E-01        +2.018181E-02
3.442760E+00        -2.250157E-01        +2.014582E-02
3.439667E+00        -2.246085E-01        +2.010909E-02
3.436577E+00        -2.242058E-01        +2.007282E-02
3.433490E+00        -2.237985E-01        +2.003683E-02
3.430406E+00        -2.233959E-01        +2.000083E-02
3.427324E+00        -2.229886E-01        +1.996483E-02
3.424245E+00        -2.225859E-01        +1.992883E-02
3.421169E+00        -2.221859E-01        +1.989357E-02
3.418096E+00        -2.217860E-01        +1.985785E-02
3.415026E+00        -2.213861E-01        +1.982186E-02
3.411958E+00        -2.209861E-01        +1.978658E-02
3.408893E+00        -2.205862E-01        +1.975086E-02
3.405830E+00        -2.201861E-01        +1.971558E-02
3.402771E+00        -2.197862E-01        +1.967987E-02
3.399714E+00        -2.193935E-01        +1.964459E-02
3.396660E+00        -2.189963E-01        +1.960960E-02
3.393609E+00        -2.186036E-01        +1.957388E-02
3.390560E+00        -2.182063E-01        +1.953860E-02
3.387515E+00        -2.178137E-01        +1.950361E-02
3.384472E+00        -2.174165E-01        +1.946862E-02
3.381431E+00        -2.170237E-01        +1.943361E-02
3.378394E+00        -2.166338E-01        +1.939862E-02
3.375359E+00        -2.162438E-01        +1.936363E-02
3.372327E+00        -2.158539E-01        +1.932863E-02
3.369297E+00        -2.154639E-01        +1.929435E-02
3.366270E+00        -2.150739E-01        +1.925963E-02
3.363247E+00        -2.146840E-01        +1.922464E-02
3.360225E+00        -2.142940E-01        +1.919036E-02
3.357207E+00        -2.139113E-01        +1.915637E-02
3.354191E+00        -2.135241E-01        +1.912165E-02
3.351178E+00        -2.131341E-01        +1.908738E-02
3.348167E+00        -2.127513E-01        +1.905265E-02
3.345160E+00        -2.123715E-01        +1.901839E-02
3.342155E+00        -2.119843E-01        +1.898439E-02
3.339152E+00        -2.116015E-01        +1.895038E-02
3.336153E+00        -2.112216E-01        +1.891640E-02
3.333156E+00        -2.108416E-01        +1.888240E-02
3.330162E+00        -2.104544E-01        +1.884840E-02
3.327170E+00        -2.100716E-01        +1.881440E-02
3.324181E+00        -2.096989E-01        +1.878040E-02
3.321195E+00        -2.093217E-01        +1.874713E-02
3.318212E+00        -2.089418E-01        +1.871342E-02
3.315231E+00        -2.085618E-01        +1.867942E-02
3.312253E+00        -2.081819E-01        +1.864615E-02
3.309277E+00        -2.078091E-01        +1.861242E-02
3.306304E+00        -2.074318E-01        +1.857914E-02
3.303334E+00        -2.070591E-01        +1.854543E-02
3.300367E+00        -2.066820E-01        +1.851216E-02
3.297402E+00        -2.063092E-01        +1.847916E-02
3.294440E+00        -2.059393E-01        +1.844616E-02
3.291480E+00        -2.055692E-01        +1.841244E-02
3.288524E+00        -2.051994E-01        +1.837917E-02
3.285570E+00        -2.048222E-01        +1.834618E-02
3.282618E+00        -2.044566E-01        +1.831317E-02
3.279669E+00        -2.040894E-01        +1.828018E-02
3.276723E+00        -2.037195E-01        +1.824790E-02
3.273780E+00        -2.033496E-01        +1.821519E-02
3.270839E+00        -2.029796E-01        +1.818219E-02
3.267900E+00        -2.026167E-01        +1.814919E-02
3.264965E+00        -2.022496E-01        +1.811692E-02
3.262032E+00        -2.018797E-01        +1.808420E-02
3.259101E+00        -2.015168E-01        +1.805192E-02
3.256174E+00        -2.011497E-01        +1.801921E-02
3.253249E+00        -2.007870E-01        +1.798693E-02
3.250326E+00        -2.004270E-01        +1.795493E-02
3.247406E+00        -2.000670E-01        +1.792221E-02
3.244489E+00        -1.997070E-01        +1.788994E-02
3.241575E+00        -1.993471E-01        +1.785794E-02
3.238663E+00        -1.989872E-01        +1.782595E-02
3.235753E+00        -1.986271E-01        +1.779394E-02
3.232847E+00        -1.982672E-01        +1.776195E-02
3.229943E+00        -1.979073E-01        +1.772996E-02
3.227041E+00        -1.975473E-01        +1.769796E-02
3.224142E+00        -1.971873E-01        +1.766596E-02
3.221246E+00        -1.968346E-01        +1.763469E-02
3.218352E+00        -1.964774E-01        +1.760297E-02
3.215461E+00        -1.961246E-01        +1.757097E-02
3.212573E+00        -1.957675E-01        +1.753970E-02
3.209687E+00        -1.954147E-01        +1.750798E-02
3.206803E+00        -1.950647E-01        +1.747670E-02
3.203923E+00        -1.947076E-01        +1.744499E-02
3.201044E+00        -1.943547E-01        +1.741370E-02
3.198169E+00        -1.940048E-01        +1.738271E-02
3.195296E+00        -1.936548E-01        +1.735171E-02
3.192426E+00        -1.933049E-01        +1.732000E-02
3.189558E+00        -1.929549E-01        +1.728872E-02
3.186693E+00        -1.926050E-01        +1.725773E-02
3.183830E+00        -1.922622E-01        +1.722673E-02
3.180970E+00        -1.919150E-01        +1.719573E-02
3.178112E+00        -1.915650E-01        +1.716473E-02
3.175257E+00        -1.912150E-01        +1.713373E-02
3.172405E+00        -1.908723E-01        +1.710346E-02
3.169555E+00        -1.905251E-01        +1.707274E-02
3.166708E+00        -1.901824E-01        +1.704174E-02
3.163863E+00        -1.898424E-01        +1.701146E-02
3.161021E+00        -1.894952E-01        +1.698075E-02
3.158181E+00        -1.891524E-01        +1.695047E-02
3.155344E+00        -1.888124E-01        +1.691975E-02
3.152510E+00        -1.884725E-01        +1.688948E-02
3.149678E+00        -1.881325E-01        +1.685876E-02
3.146848E+00        -1.877925E-01        +1.682848E-02
3.144022E+00        -1.874526E-01        +1.679849E-02
3.141197E+00        -1.871126E-01        +1.676848E-02
3.138376E+00        -1.867727E-01        +1.673850E-02
3.135556E+00        -1.864327E-01        +1.670777E-02
3.132740E+00        -1.861000E-01        +1.667750E-02
3.129925E+00        -1.857627E-01        +1.664750E-02
3.127114E+00        -1.854300E-01        +1.661751E-02
3.124305E+00        -1.850929E-01        +1.658823E-02
3.121498E+00        -1.847600E-01        +1.655851E-02
3.118694E+00        -1.844229E-01        +1.652851E-02
3.115892E+00        -1.840901E-01        +1.649851E-02
3.113093E+00        -1.837601E-01        +1.646923E-02
3.110297E+00        -1.834230E-01        +1.643952E-02
3.107503E+00        -1.830902E-01        +1.641024E-02
3.104711E+00        -1.827602E-01        +1.638052E-02
3.101922E+00        -1.824302E-01        +1.635124E-02
3.099136E+00        -1.821003E-01        +1.632154E-02
3.096352E+00        -1.817703E-01        +1.629226E-02
3.093570E+00        -1.814403E-01        +1.626325E-02
3.090791E+00        -1.811175E-01        +1.623354E-02
3.088015E+00        -1.807904E-01        +1.620426E-02
3.085241E+00        -1.804605E-01        +1.617527E-02
3.082469E+00        -1.801376E-01        +1.614626E-02
3.079700E+00        -1.798105E-01        +1.611727E-02
3.076933E+00        -1.794876E-01        +1.608827E-02
3.074169E+00        -1.791605E-01        +1.605927E-02
3.071408E+00        -1.788377E-01        +1.603028E-02
3.068649E+00        -1.785106E-01        +1.600200E-02
3.065892E+00        -1.781878E-01        +1.597328E-02
3.063138E+00        -1.778678E-01        +1.594429E-02
3.060386E+00        -1.775478E-01        +1.591529E-02
3.057637E+00        -1.772279E-01        +1.588700E-02
3.054890E+00        -1.769079E-01        +1.585829E-02
3.052146E+00        -1.765879E-01        +1.583001E-02
3.049404E+00        -1.762679E-01        +1.580130E-02
3.046665E+00        -1.759480E-01        +1.577302E-02
3.043928E+00        -1.756280E-01        +1.574502E-02
3.041194E+00        -1.753081E-01        +1.571631E-02
3.038462E+00        -1.749952E-01        +1.568803E-02
3.035732E+00        -1.746781E-01        +1.566002E-02
3.033005E+00        -1.743581E-01        +1.563203E-02
3.030281E+00        -1.740453E-01        +1.560404E-02
3.027559E+00        -1.737283E-01        +1.557604E-02
3.024839E+00        -1.734154E-01        +1.554804E-02
3.022122E+00        -1.731054E-01        +1.552005E-02
3.019407E+00        -1.727883E-01        +1.549205E-02
3.016694E+00        -1.724754E-01        +1.546404E-02
3.013984E+00        -1.721654E-01        +1.543605E-02
3.011277E+00        -1.718555E-01        +1.540805E-02
3.008572E+00        -1.715456E-01        +1.538077E-02
3.005869E+00        -1.712355E-01        +1.535306E-02
3.003169E+00        -1.709256E-01        +1.532506E-02
3.000471E+00        -1.706156E-01        +1.529777E-02
2.997776E+00        -1.703057E-01        +1.527078E-02
2.995083E+00        -1.699957E-01        +1.524307E-02
2.992392E+00        -1.696928E-01        +1.521578E-02
2.989704E+00        -1.693857E-01        +1.518807E-02
2.987018E+00        -1.690757E-01        +1.516078E-02
2.984335E+00        -1.687729E-01        +1.513379E-02
2.981654E+00        -1.684658E-01        +1.510679E-02
2.978976E+00        -1.681630E-01        +1.507909E-02
2.976300E+00        -1.678559E-01        +1.505180E-02
2.973626E+00        -1.675530E-01        +1.502480E-02
2.970955E+00        -1.672531E-01        +1.499781E-02
2.968286E+00        -1.669460E-01        +1.497081E-02
2.965620E+00        -1.666432E-01        +1.494382E-02
2.962956E+00        -1.663432E-01        +1.491682E-02
2.960294E+00        -1.660432E-01        +1.489053E-02
2.957635E+00        -1.657432E-01        +1.486382E-02
2.954978E+00        -1.654433E-01        +1.483683E-02
2.952323E+00        -1.651432E-01        +1.481053E-02
2.949671E+00        -1.648433E-01        +1.478383E-02
2.947021E+00        -1.645433E-01        +1.475683E-02
2.944374E+00        -1.642504E-01        +1.473054E-02
2.941729E+00        -1.639534E-01        +1.470384E-02
2.939086E+00        -1.636533E-01        +1.467754E-02
2.936446E+00        -1.633605E-01        +1.465155E-02
2.933808E+00        -1.630634E-01        +1.462484E-02
2.931173E+00        -1.627706E-01        +1.459856E-02
2.928540E+00        -1.624735E-01        +1.457256E-02
2.925909E+00        -1.621806E-01        +1.454656E-02
2.923281E+00        -1.618836E-01        +1.451986E-02
2.920655E+00        -1.615907E-01        +1.449357E-02
2.918031E+00        -1.613007E-01        +1.446757E-02
2.915410E+00        -1.610108E-01        +1.444158E-02
2.912791E+00        -1.607208E-01        +1.441558E-02
2.910174E+00        -1.604308E-01        +1.438958E-02
2.907560E+00        -1.601408E-01        +1.436429E-02
2.904948E+00        -1.598509E-01        +1.433858E-02
2.902338E+00        -1.595608E-01        +1.431258E-02
2.899731E+00        -1.592709E-01        +1.428659E-02
2.897126E+00        -1.589809E-01        +1.426130E-02
2.894524E+00        -1.586910E-01        +1.423560E-02
2.891923E+00        -1.584080E-01        +1.420959E-02
2.889326E+00        -1.581210E-01        +1.418431E-02
2.886730E+00        -1.578310E-01        +1.415860E-02
2.884137E+00        -1.575481E-01        +1.413331E-02
2.881546E+00        -1.572611E-01        +1.410831E-02
2.878957E+00        -1.569781E-01        +1.408260E-02
2.876371E+00        -1.566911E-01        +1.405732E-02
2.873787E+00        -1.564082E-01        +1.403232E-02
2.871206E+00        -1.561283E-01        +1.400662E-02
2.868627E+00        -1.558413E-01        +1.398133E-02
2.866050E+00        -1.555583E-01        +1.395633E-02
2.863475E+00        -1.552783E-01        +1.393133E-02
2.860903E+00        -1.549984E-01        +1.390634E-02
2.858333E+00        -1.547184E-01        +1.388134E-02
2.855765E+00        -1.544384E-01        +1.385634E-02
2.853200E+00        -1.541585E-01        +1.383134E-02
2.850637E+00        -1.538785E-01        +1.380635E-02
2.848076E+00        -1.535985E-01        +1.378135E-02
2.845517E+00        -1.533255E-01        +1.375705E-02
2.842961E+00        -1.530485E-01        +1.373235E-02
2.840407E+00        -1.527685E-01        +1.370735E-02
2.837856E+00        -1.524886E-01        +1.368306E-02
2.835306E+00        -1.522156E-01        +1.365835E-02
2.832759E+00        -1.519386E-01        +1.363336E-02
2.830215E+00        -1.516658E-01        +1.360907E-02
2.827672E+00        -1.513957E-01        +1.358436E-02
2.825132E+00        -1.511187E-01        +1.356007E-02
2.822594E+00        -1.508458E-01        +1.353607E-02
2.820059E+00        -1.505688E-01        +1.351138E-02
2.817525E+00        -1.502958E-01        +1.348708E-02
2.814994E+00        -1.500258E-01        +1.346308E-02
2.812466E+00        -1.497559E-01        +1.343909E-02
2.809939E+00        -1.494859E-01        +1.341438E-02
2.807415E+00        -1.492160E-01        +1.339009E-02
2.804893E+00        -1.489460E-01        +1.336609E-02
2.802373E+00        -1.486760E-01        +1.334209E-02
2.799856E+00        -1.484060E-01        +1.331810E-02
2.797341E+00        -1.481361E-01        +1.329410E-02
2.794828E+00        -1.478661E-01        +1.327010E-02
2.792317E+00        -1.475961E-01        +1.324681E-02
2.789809E+00        -1.473332E-01        +1.322311E-02
2.787303E+00        -1.470662E-01        +1.319911E-02
2.784799E+00        -1.467962E-01        +1.317511E-02
2.782297E+00        -1.465332E-01        +1.315182E-02
2.779798E+00        -1.462662E-01        +1.312812E-02
2.777301E+00        -1.460033E-01        +1.310412E-02
2.774806E+00        -1.457363E-01        +1.308083E-02
2.772313E+00        -1.454733E-01        +1.305712E-02
2.769823E+00        -1.452134E-01        +1.303383E-02
2.767334E+00        -1.449463E-01        +1.301012E-02
2.764848E+00        -1.446833E-01        +1.298683E-02
2.762365E+00        -1.444234E-01        +1.296384E-02
2.759883E+00        -1.441634E-01        +1.294013E-02
2.757404E+00        -1.439035E-01        +1.291684E-02
2.754927E+00        -1.436435E-01        +1.289384E-02
2.752452E+00        -1.433835E-01        +1.287084E-02
2.749980E+00        -1.431236E-01        +1.284785E-02
2.747509E+00        -1.428635E-01        +1.282485E-02
2.745041E+00        -1.426036E-01        +1.280185E-02
2.742575E+00        -1.423436E-01        +1.277815E-02
2.740112E+00        -1.420837E-01        +1.275486E-02
2.737650E+00        -1.418307E-01        +1.273256E-02
2.735191E+00        -1.415737E-01        +1.270986E-02
2.732734E+00        -1.413137E-01        +1.268687E-02
2.730279E+00        -1.410607E-01        +1.266387E-02
2.727826E+00        -1.408037E-01        +1.264087E-02
2.725376E+00        -1.405508E-01        +1.261857E-02
2.722928E+00        -1.402938E-01        +1.259588E-02
2.720481E+00        -1.400408E-01        +1.257287E-02
2.718038E+00        -1.397909E-01        +1.255058E-02
2.715596E+00        -1.395339E-01        +1.252788E-02
2.713157E+00        -1.392809E-01        +1.250559E-02
2.710719E+00        -1.390309E-01        +1.248288E-02
2.708284E+00        -1.387809E-01        +1.246059E-02
2.705851E+00        -1.385239E-01        +1.243789E-02
2.703421E+00        -1.382710E-01        +1.241560E-02
2.700992E+00        -1.380210E-01        +1.239359E-02
2.698566E+00        -1.377711E-01        +1.237090E-02
2.696142E+00        -1.375211E-01        +1.234860E-02
2.693720E+00        -1.372781E-01        +1.232660E-02
2.691300E+00        -1.370311E-01        +1.230460E-02
2.688882E+00        -1.367811E-01        +1.228260E-02
2.686467E+00        -1.365312E-01        +1.226061E-02
2.684053E+00        -1.362811E-01        +1.223791E-02
2.681642E+00        -1.360382E-01        +1.221561E-02
2.679233E+00        -1.357912E-01        +1.219431E-02
2.676826E+00        -1.355412E-01        +1.217261E-02
2.674422E+00        -1.352983E-01        +1.215062E-02
2.672019E+00        -1.350512E-01        +1.212862E-02
2.669619E+00        -1.348083E-01        +1.210662E-02
2.667221E+00        -1.345683E-01        +1.208463E-02
2.664825E+00        -1.343214E-01        +1.206333E-02
2.662431E+00        -1.340784E-01        +1.204163E-02
2.660039E+00        -1.338383E-01        +1.201963E-02
2.657650E+00        -1.335914E-01        +1.199833E-02
2.655262E+00        -1.333484E-01        +1.197663E-02
2.652877E+00        -1.331084E-01        +1.195534E-02
2.650494E+00        -1.328685E-01        +1.193364E-02
2.648113E+00        -1.326285E-01        +1.191234E-02
2.645734E+00        -1.323885E-01        +1.189064E-02
2.643357E+00        -1.321485E-01        +1.186934E-02
2.640983E+00        -1.319086E-01        +1.184765E-02
2.638610E+00        -1.316685E-01        +1.182635E-02
2.636240E+00        -1.314286E-01        +1.180535E-02
2.633872E+00        -1.311886E-01        +1.178435E-02
2.631506E+00        -1.309556E-01        +1.176336E-02
2.629142E+00        -1.307187E-01        +1.174166E-02
2.626780E+00        -1.304787E-01        +1.172036E-02
2.624420E+00        -1.302456E-01        +1.169936E-02
2.622063E+00        -1.300087E-01        +1.167836E-02
2.619707E+00        -1.297687E-01        +1.165736E-02
2.617354E+00        -1.295357E-01        +1.163637E-02
2.615003E+00        -1.292988E-01        +1.161537E-02
2.612654E+00        -1.290658E-01        +1.159437E-02
2.610307E+00        -1.288358E-01        +1.157407E-02
2.607962E+00        -1.285989E-01        +1.155338E-02
2.605619E+00        -1.283658E-01        +1.153238E-02
2.603279E+00        -1.281359E-01        +1.151138E-02
2.600940E+00        -1.279059E-01        +1.149108E-02
2.598603E+00        -1.276689E-01        +1.147038E-02
2.596269E+00        -1.274359E-01        +1.144939E-02
2.593937E+00        -1.272059E-01        +1.142909E-02
2.591607E+00        -1.269760E-01        +1.140839E-02
2.589279E+00        -1.267460E-01        +1.138809E-02
2.586953E+00        -1.265160E-01        +1.136740E-02
2.584629E+00        -1.262860E-01        +1.134709E-02
2.582307E+00        -1.260560E-01        +1.132640E-02
2.579987E+00        -1.258260E-01        +1.130609E-02
2.577670E+00        -1.256031E-01        +1.128610E-02
2.575354E+00        -1.253761E-01        +1.126541E-02
2.573040E+00        -1.251461E-01        +1.124510E-02
2.570729E+00        -1.249231E-01        +1.122510E-02
2.568420E+00        -1.246962E-01        +1.120511E-02
2.566112E+00        -1.244661E-01        +1.118510E-02
2.563807E+00        -1.242431E-01        +1.116511E-02
2.561504E+00        -1.240162E-01        +1.114511E-02
2.559203E+00        -1.237932E-01        +1.112442E-02
2.556904E+00        -1.235662E-01        +1.110411E-02
2.554607E+00        -1.233432E-01        +1.108412E-02
2.552312E+00        -1.231232E-01        +1.106481E-02
2.550020E+00        -1.228964E-01        +1.104513E-02
2.547729E+00        -1.226733E-01        +1.102512E-02
2.545440E+00        -1.224533E-01        +1.100512E-02
2.543154E+00        -1.222334E-01        +1.098513E-02
2.540869E+00        -1.220064E-01        +1.096513E-02
2.538587E+00        -1.217834E-01        +1.094583E-02
2.536306E+00        -1.215634E-01        +1.092613E-02
2.534028E+00        -1.213434E-01        +1.090614E-02
2.531751E+00        -1.211234E-01        +1.088683E-02
2.529477E+00        -1.209034E-01        +1.086714E-02
2.527205E+00        -1.206835E-01        +1.084784E-02
2.524935E+00        -1.204704E-01        +1.082815E-02
2.522666E+00        -1.202535E-01        +1.080884E-02
2.520400E+00        -1.200335E-01        +1.078915E-02
2.518136E+00        -1.198135E-01        +1.076984E-02
2.515874E+00        -1.195936E-01        +1.075084E-02
2.513614E+00        -1.193805E-01        +1.073115E-02
2.511356E+00        -1.191636E-01        +1.071185E-02
2.509100E+00        -1.189436E-01        +1.069285E-02
2.506846E+00        -1.187306E-01        +1.067316E-02
2.504594E+00        -1.185136E-01        +1.065385E-02
2.502344E+00        -1.183006E-01        +1.063485E-02
2.500096E+00        -1.180837E-01        +1.061586E-02
2.497850E+00        -1.178706E-01        +1.059686E-02
2.495607E+00        -1.176607E-01        +1.057787E-02
2.493365E+00        -1.174438E-01        +1.055887E-02
2.491125E+00        -1.172307E-01        +1.053987E-02
2.488887E+00        -1.170207E-01        +1.052087E-02
2.486651E+00        -1.168107E-01        +1.050187E-02
2.484417E+00        -1.165938E-01        +1.048287E-02
2.482186E+00        -1.163808E-01        +1.046388E-02
2.479956E+00        -1.161708E-01        +1.044488E-02
2.477728E+00        -1.159608E-01        +1.042657E-02
2.475502E+00        -1.157508E-01        +1.040788E-02
2.473279E+00        -1.155409E-01        +1.038888E-02
2.471057E+00        -1.153309E-01        +1.037058E-02
2.468837E+00        -1.151209E-01        +1.035189E-02
2.466619E+00        -1.149109E-01        +1.033289E-02
2.464403E+00        -1.147078E-01        +1.031458E-02
2.462190E+00        -1.145010E-01        +1.029589E-02
2.459978E+00        -1.142910E-01        +1.027758E-02
2.457768E+00        -1.140810E-01        +1.025890E-02
2.455560E+00        -1.138779E-01        +1.024059E-02
2.453354E+00        -1.136710E-01        +1.022190E-02
2.451150E+00        -1.134610E-01        +1.020359E-02
2.448948E+00        -1.132579E-01        +1.018490E-02
2.446748E+00        -1.130510E-01        +1.016659E-02
2.444550E+00        -1.128479E-01        +1.014859E-02
2.442354E+00        -1.126410E-01        +1.013059E-02
2.440160E+00        -1.124380E-01        +1.011190E-02
2.437968E+00        -1.122311E-01        +1.009360E-02
2.435778E+00        -1.120280E-01        +1.007560E-02
2.433590E+00        -1.118280E-01        +1.005760E-02
2.431404E+00        -1.116212E-01        +1.003960E-02
2.429220E+00        -1.114181E-01        +1.002161E-02
2.427038E+00        -1.112181E-01        +1.000354E-02
2.424858E+00        -1.110182E-01        +9.985515E-03
2.422679E+00        -1.108181E-01        +9.967511E-03
2.420503E+00        -1.106182E-01        +9.949584E-03
2.418329E+00        -1.104113E-01        +9.931689E-03
2.416156E+00        -1.102082E-01        +9.913855E-03
2.413986E+00        -1.100151E-01        +9.896060E-03
2.411817E+00        -1.098113E-01        +9.878258E-03
2.409651E+00        -1.096152E-01        +9.860465E-03
2.407486E+00        -1.094183E-01        +9.842732E-03
2.405323E+00        -1.092183E-01        +9.825031E-03
2.403162E+00        -1.090182E-01        +9.807331E-03
2.401004E+00        -1.088183E-01        +9.789708E-03
2.398847E+00        -1.086183E-01        +9.772109E-03
2.396692E+00        -1.084252E-01        +9.754510E-03
2.394539E+00        -1.082284E-01        +9.736980E-03
2.392388E+00        -1.080353E-01        +9.719414E-03
2.390239E+00        -1.078384E-01        +9.701954E-03
2.388092E+00        -1.076385E-01        +9.684488E-03
2.385946E+00        -1.074453E-01        +9.667053E-03
2.383803E+00        -1.072484E-01        +9.649657E-03
2.381662E+00        -1.070554E-01        +9.632331E-03
2.379522E+00        -1.068585E-01        +9.614960E-03
2.377384E+00        -1.066653E-01        +9.597695E-03
2.375249E+00        -1.064754E-01        +9.580433E-03
2.373115E+00        -1.062785E-01        +9.563202E-03
2.370983E+00        -1.060854E-01        +9.546002E-03
2.368853E+00        -1.058954E-01        +9.528803E-03
2.366725E+00        -1.057054E-01        +9.511673E-03
2.364599E+00        -1.055086E-01        +9.494575E-03
2.362475E+00        -1.053155E-01        +9.477478E-03
2.360353E+00        -1.051255E-01        +9.460450E-03
2.358233E+00        -1.049355E-01        +9.443386E-03
2.356114E+00        -1.047455E-01        +9.426420E-03
2.353998E+00        -1.045556E-01        +9.409458E-03
2.351883E+00        -1.043655E-01        +9.392525E-03
2.349770E+00        -1.041755E-01        +9.375625E-03
2.347659E+00        -1.039855E-01        +9.358725E-03
2.345551E+00        -1.037956E-01        +9.341903E-03
2.343443E+00        -1.036056E-01        +9.325097E-03
2.341338E+00        -1.034225E-01        +9.308368E-03
2.339235E+00        -1.032356E-01        +9.291603E-03
2.337134E+00        -1.030457E-01        +9.274876E-03
2.335034E+00        -1.028557E-01        +9.258174E-03
2.332937E+00        -1.026726E-01        +9.241549E-03
2.330841E+00        -1.024857E-01        +9.224948E-03
2.328747E+00        -1.023026E-01        +9.208349E-03
2.326655E+00        -1.021157E-01        +9.191750E-03
2.324565E+00        -1.019258E-01        +9.175220E-03
2.322477E+00        -1.017426E-01        +9.158724E-03
2.320391E+00        -1.015627E-01        +9.142228E-03
2.318306E+00        -1.013758E-01        +9.125793E-03
2.316224E+00        -1.011927E-01        +9.109399E-03
2.314143E+00        -1.010059E-01        +9.092999E-03
2.312064E+00        -1.008227E-01        +9.076599E-03
2.309987E+00        -1.006427E-01        +9.060269E-03
2.307912E+00        -1.004559E-01        +9.043971E-03
2.305839E+00        -1.002728E-01        +9.027743E-03
2.303767E+00        -1.000927E-01        +9.011471E-03
2.301698E+00        -9.991142E-02        +8.995245E-03
2.299630E+00        -9.972940E-02        +8.979044E-03
2.297564E+00        -9.954808E-02        +8.962912E-03
2.295500E+00        -9.936777E-02        +8.946813E-03
2.293438E+00        -9.918712E-02        +8.930716E-03
2.291378E+00        -9.900683E-02        +8.914619E-03
2.289320E+00        -9.882688E-02        +8.898592E-03
2.287263E+00        -9.864754E-02        +8.882590E-03
2.285208E+00        -9.846852E-02        +8.866589E-03
2.283156E+00        -9.828961E-02        +8.850665E-03
2.281105E+00        -9.811063E-02        +8.834699E-03
2.279056E+00        -9.793234E-02        +8.818838E-03
2.277008E+00        -9.775429E-02        +8.802966E-03
2.274963E+00        -9.757703E-02        +8.787139E-03
2.272919E+00        -9.740001E-02        +8.771338E-03
2.270877E+00        -9.722301E-02        +8.755538E-03
2.268837E+00        -9.704602E-02        +8.739739E-03
2.266799E+00        -9.686973E-02        +8.724010E-03
2.264763E+00        -9.669377E-02        +8.708314E-03
2.262728E+00        -9.651774E-02        +8.692680E-03
2.260696E+00        -9.634249E-02        +8.677018E-03
2.258665E+00        -9.616749E-02        +8.661386E-03
2.256636E+00        -9.599250E-02        +8.645856E-03
2.254609E+00        -9.581821E-02        +8.630291E-03
2.252583E+00        -9.564417E-02        +8.614755E-03
2.250560E+00        -9.547023E-02        +8.599261E-03
2.248538E+00        -9.529690E-02        +8.583760E-03
2.246518E+00        -9.512391E-02        +8.568329E-03
2.244500E+00        -9.495093E-02        +8.552931E-03
2.242484E+00        -9.477797E-02        +8.537535E-03
2.240469E+00        -9.460561E-02        +8.522132E-03
2.238457E+00        -9.443368E-02        +8.506807E-03
2.236446E+00        -9.426236E-02        +8.491507E-03
2.234437E+00        -9.409138E-02        +8.476209E-03
2.232430E+00        -9.392042E-02        +8.460980E-03
2.230424E+00        -9.374938E-02        +8.445777E-03
2.228421E+00        -9.357913E-02        +8.430583E-03
2.226419E+00        -9.340913E-02        +8.415383E-03
2.224419E+00        -9.323914E-02        +8.400253E-03
2.222421E+00        -9.306985E-02        +8.385156E-03
2.220424E+00        -9.290014E-02        +8.370054E-03
2.218430E+00        -9.273157E-02        +8.355028E-03
2.216437E+00        -9.256289E-02        +8.339960E-03
2.214446E+00        -9.239459E-02        +8.324930E-03
2.212456E+00        -9.222654E-02        +8.309926E-03
2.210469E+00        -9.205860E-02        +8.294999E-03
2.208483E+00        -9.189126E-02        +8.280098E-03
2.206499E+00        -9.172427E-02        +8.265199E-03
2.204517E+00        -9.155797E-02        +8.250302E-03
2.202537E+00        -9.139134E-02        +8.235474E-03
2.200558E+00        -9.122499E-02        +8.220672E-03
2.198581E+00        -9.105899E-02        +8.205872E-03
2.196606E+00        -9.089368E-02        +8.191073E-03
2.194633E+00        -9.072872E-02        +8.176344E-03
2.192662E+00        -9.056377E-02        +8.161649E-03
2.190692E+00        -9.039876E-02        +8.146949E-03
2.188724E+00        -9.023444E-02        +8.132317E-03
2.186758E+00        -9.007047E-02        +8.117652E-03
2.184793E+00        -8.990643E-02        +8.103017E-03
2.182831E+00        -8.974318E-02        +8.088491E-03
2.180870E+00        -8.958018E-02        +8.073924E-03
2.178911E+00        -8.941720E-02        +8.059394E-03
2.176953E+00        -8.925416E-02        +8.044890E-03
2.174998E+00        -8.909190E-02        +8.030396E-03
2.173044E+00        -8.892990E-02        +8.015964E-03
2.171092E+00        -8.876792E-02        +8.001498E-03
2.169142E+00        -8.860664E-02        +7.987137E-03
2.167193E+00        -8.844561E-02        +7.972768E-03
2.165246E+00        -8.828461E-02        +7.958368E-03
2.163301E+00        -8.812431E-02        +7.944038E-03
2.161358E+00        -8.796367E-02        +7.929742E-03
2.159416E+00        -8.780400E-02        +7.915508E-03
2.157476E+00        -8.764432E-02        +7.901240E-03
2.155538E+00        -8.748502E-02        +7.887010E-03
2.153602E+00        -8.732539E-02        +7.872814E-03
2.151667E+00        -8.716672E-02        +7.858680E-03
2.149734E+00        -8.700805E-02        +7.844513E-03
2.147803E+00        -8.684975E-02        +7.830383E-03
2.145874E+00        -8.669179E-02        +7.816287E-03
2.143946E+00        -8.653378E-02        +7.802254E-03
2.142020E+00        -8.637646E-02        +7.788187E-03
2.140096E+00        -8.621949E-02        +7.774158E-03
2.138174E+00        -8.606254E-02        +7.760230E-03
2.136253E+00        -8.590621E-02        +7.746262E-03
2.134334E+00        -8.575022E-02        +7.732331E-03
2.132417E+00        -8.559426E-02        +7.718435E-03
2.130501E+00        -8.543824E-02        +7.704533E-03
2.128587E+00        -8.528292E-02        +7.690634E-03
2.126675E+00        -8.512727E-02        +7.676804E-03
2.124764E+00        -8.497258E-02        +7.663001E-03
2.122856E+00        -8.481798E-02        +7.649207E-03
2.120949E+00        -8.466366E-02        +7.635409E-03
2.119044E+00        -8.450970E-02        +7.621679E-03
2.117140E+00        -8.435567E-02        +7.607978E-03
2.115238E+00        -8.420235E-02        +7.594278E-03
2.113338E+00        -8.404937E-02        +7.580580E-03
2.111439E+00        -8.389634E-02        +7.566945E-03
2.109543E+00        -8.374341E-02        +7.553352E-03
2.107648E+00        -8.359110E-02        +7.539753E-03
2.105754E+00        -8.343906E-02        +7.526150E-03
2.103863E+00        -8.328712E-02        +7.512623E-03
2.101973E+00        -8.313513E-02        +7.499124E-03
2.100085E+00        -8.298383E-02        +7.485627E-03
2.098198E+00        -8.283281E-02        +7.472125E-03
2.096313E+00        -8.268181E-02        +7.458693E-03
2.094430E+00        -8.253150E-02        +7.445228E-03
2.092549E+00        -8.238155E-02        +7.431867E-03
2.090669E+00        -8.223154E-02        +7.418499E-03
2.088791E+00        -8.208156E-02        +7.405101E-03
2.086914E+00        -8.193220E-02        +7.391765E-03
2.085040E+00        -8.178327E-02        +7.378472E-03
2.083167E+00        -8.163428E-02        +7.365173E-03
2.081295E+00        -8.148591E-02        +7.351937E-03
2.079426E+00        -8.133730E-02        +7.338743E-03
2.077558E+00        -8.118899E-02        +7.325544E-03
2.075691E+00        -8.104161E-02        +7.312341E-03
2.073827E+00        -8.089400E-02        +7.299146E-03
2.071964E+00        -8.074668E-02        +7.286014E-03
2.070102E+00        -8.059964E-02        +7.272911E-03
2.068243E+00        -8.045270E-02        +7.259816E-03
2.066385E+00        -8.030637E-02        +7.246717E-03
2.064529E+00        -8.016041E-02        +7.233687E-03
2.062674E+00        -8.001439E-02        +7.220686E-03
2.060821E+00        -7.986839E-02        +7.207687E-03
2.058970E+00        -7.972309E-02        +7.194690E-03
2.057120E+00        -7.957807E-02        +7.181755E-03
2.055272E+00        -7.943308E-02        +7.168856E-03
2.053426E+00        -7.928811E-02        +7.155959E-03
2.051581E+00        -7.914377E-02        +7.143058E-03
2.049738E+00        -7.899978E-02        +7.130159E-03
2.047897E+00        -7.885581E-02        +7.117330E-03
2.046057E+00        -7.871247E-02        +7.104529E-03
2.044219E+00        -7.856881E-02        +7.091730E-03
2.042383E+00        -7.842552E-02        +7.079001E-03
2.040548E+00        -7.828317E-02        +7.066233E-03
2.038715E+00        -7.814052E-02        +7.053501E-03
2.036884E+00        -7.799823E-02        +7.040806E-03
2.035054E+00        -7.785622E-02        +7.028172E-03
2.033226E+00        -7.771425E-02        +7.015507E-03
2.031400E+00        -7.757296E-02        +7.002879E-03
2.029575E+00        -7.743129E-02        +6.990279E-03
2.027752E+00        -7.728999E-02        +6.977682E-03
2.025930E+00        -7.714963E-02        +6.965147E-03
2.024110E+00        -7.700897E-02        +6.952581E-03
2.022292E+00        -7.686867E-02        +6.940051E-03
2.020475E+00        -7.672865E-02        +6.927549E-03
2.018660E+00        -7.658867E-02        +6.915118E-03
2.016847E+00        -7.644938E-02        +6.902655E-03
2.015035E+00        -7.631037E-02        +6.890221E-03
2.013225E+00        -7.617139E-02        +6.877823E-03
2.011416E+00        -7.603236E-02        +6.865421E-03
2.009609E+00        -7.589337E-02        +6.853089E-03
2.007804E+00        -7.575506E-02        +6.840725E-03
2.006000E+00        -7.561705E-02        +6.828390E-03
2.004198E+00        -7.547906E-02        +6.816159E-03
2.002398E+00        -7.534177E-02        +6.803896E-03
2.000599E+00        -7.520476E-02        +6.791596E-03
1.998802E+00        -7.506779E-02        +6.779365E-03
1.997007E+00        -7.493084E-02        +6.767170E-03
1.995213E+00        -7.479451E-02        +6.754970E-03
1.993420E+00        -7.465780E-02        +6.742834E-03
1.991630E+00        -7.452154E-02        +6.730673E-03
1.989840E+00        -7.438615E-02        +6.718535E-03
1.988053E+00        -7.425053E-02        +6.706506E-03
1.986267E+00        -7.411520E-02        +6.694440E-03
1.984483E+00        -7.398023E-02        +6.682343E-03
1.982700E+00        -7.384522E-02        +6.670309E-03
1.980919E+00        -7.371090E-02        +6.658311E-03
1.979139E+00        -7.357620E-02        +6.646309E-03
1.977362E+00        -7.344195E-02        +6.634382E-03
1.975585E+00        -7.330857E-02        +6.622412E-03
1.973811E+00        -7.317497E-02        +6.610485E-03
1.972037E+00        -7.304158E-02        +6.598580E-03
1.970266E+00        -7.290796E-02        +6.586685E-03
1.968496E+00        -7.277529E-02        +6.574852E-03
1.966728E+00        -7.264266E-02        +6.563055E-03
1.964961E+00        -7.251032E-02        +6.551255E-03
1.963196E+00        -7.237834E-02        +6.539457E-03
1.961432E+00        -7.224632E-02        +6.527655E-03
1.959670E+00        -7.211433E-02        +6.515856E-03
1.957910E+00        -7.198303E-02        +6.504127E-03
1.956151E+00        -7.185136E-02        +6.492427E-03
1.954394E+00        -7.172006E-02        +6.480729E-03
1.952638E+00        -7.158971E-02        +6.469095E-03
1.950884E+00        -7.145906E-02        +6.457430E-03
1.949131E+00        -7.132870E-02        +6.445794E-03
1.947381E+00        -7.119877E-02        +6.434202E-03
1.945631E+00        -7.106874E-02        +6.422599E-03
1.943883E+00        -7.093939E-02        +6.411065E-03
1.942137E+00        -7.080976E-02        +6.399501E-03
1.940393E+00        -7.068048E-02        +6.387973E-03
1.938649E+00        -7.055142E-02        +6.376468E-03
1.936908E+00        -7.042313E-02        +6.364973E-03
1.935168E+00        -7.029514E-02        +6.353540E-03
1.933430E+00        -7.016651E-02        +6.342143E-03
1.931693E+00        -7.003817E-02        +6.330677E-03
1.929957E+00        -6.991079E-02        +6.319240E-03
1.928224E+00        -6.978319E-02        +6.307912E-03
1.926492E+00        -6.965588E-02        +6.296548E-03
1.924761E+00        -6.952885E-02        +6.285213E-03
1.923032E+00        -6.940187E-02        +6.273914E-03
1.921304E+00        -6.927550E-02        +6.262612E-03
1.919579E+00        -6.914892E-02        +6.251319E-03
1.917854E+00        -6.902254E-02        +6.240082E-03
1.916131E+00        -6.889720E-02        +6.228816E-03
1.914410E+00        -6.877157E-02        +6.217585E-03
1.912690E+00        -6.864556E-02        +6.206385E-03
1.910972E+00        -6.852025E-02        +6.195254E-03
1.909255E+00        -6.839523E-02        +6.184086E-03
1.907540E+00        -6.827091E-02        +6.172954E-03
1.905827E+00        -6.814630E-02        +6.161859E-03
1.904115E+00        -6.802197E-02        +6.150760E-03
1.902404E+00        -6.789795E-02        +6.139658E-03
1.900695E+00        -6.777395E-02        +6.128625E-03
1.898988E+00        -6.764999E-02        +6.117563E-03
1.897282E+00        -6.752666E-02        +6.106530E-03
1.895578E+00        -6.740369E-02        +6.095533E-03
1.893875E+00        -6.728069E-02        +6.084533E-03
1.892173E+00        -6.715764E-02        +6.073596E-03
1.890474E+00        -6.703537E-02        +6.062702E-03
1.888775E+00        -6.691266E-02        +6.051798E-03
1.887079E+00        -6.679038E-02        +6.040904E-03
1.885384E+00        -6.666907E-02        +6.030006E-03
1.883690E+00        -6.654739E-02        +6.019105E-03
1.881998E+00        -6.642541E-02        +6.008273E-03
1.880307E+00        -6.630405E-02        +5.997472E-03
1.878618E+00        -6.618307E-02        +5.986673E-03
1.876930E+00        -6.606271E-02        +5.975872E-03
1.875244E+00        -6.594207E-02        +5.965139E-03
1.873560E+00        -6.582177E-02        +5.954378E-03
1.871877E+00        -6.570179E-02        +5.943645E-03
1.870195E+00        -6.558176E-02        +5.932944E-03
1.868515E+00        -6.546177E-02        +5.922245E-03
1.866837E+00        -6.534248E-02        +5.911615E-03
1.865160E+00        -6.522283E-02        +5.900950E-03
1.863484E+00        -6.510346E-02        +5.890314E-03
1.861810E+00        -6.498513E-02        +5.879715E-03
1.860138E+00        -6.486651E-02        +5.869119E-03
1.858467E+00        -6.474818E-02        +5.858586E-03
1.856797E+00        -6.462949E-02        +5.848018E-03
1.855129E+00        -6.451116E-02        +5.837485E-03
1.853463E+00        -6.439386E-02        +5.826989E-03
1.851798E+00        -6.427621E-02        +5.816490E-03
1.850134E+00        -6.415884E-02        +5.805988E-03
1.848472E+00        -6.404185E-02        +5.795555E-03
1.846812E+00        -6.392489E-02        +5.785093E-03
1.845153E+00        -6.380790E-02        +5.774660E-03
1.843495E+00        -6.369154E-02        +5.764258E-03
1.841839E+00        -6.357555E-02        +5.753860E-03
1.840184E+00        -6.345886E-02        +5.743524E-03
1.838531E+00        -6.334319E-02        +5.733225E-03
1.836880E+00        -6.322759E-02        +5.722864E-03
1.835230E+00        -6.311160E-02        +5.712531E-03
1.833581E+00        -6.299624E-02        +5.702230E-03
1.831934E+00        -6.288126E-02        +5.691998E-03
1.830288E+00        -6.276690E-02        +5.681731E-03
1.828644E+00        -6.265226E-02        +5.671499E-03
1.827001E+00        -6.253725E-02        +5.661298E-03
1.825360E+00        -6.242293E-02        +5.651100E-03
1.823720E+00        -6.230892E-02        +5.640900E-03
1.822082E+00        -6.219495E-02        +5.630768E-03
1.820445E+00        -6.208160E-02        +5.620602E-03
1.818810E+00        -6.196863E-02        +5.610471E-03
1.817176E+00        -6.185497E-02        +5.600371E-03
1.815544E+00        -6.174166E-02        +5.590275E-03
1.813913E+00        -6.162932E-02        +5.580241E-03
1.812283E+00        -6.151664E-02        +5.570173E-03
1.810655E+00        -6.140430E-02        +5.560140E-03
1.809029E+00        -6.129235E-02        +5.550144E-03
1.807404E+00        -6.118036E-02        +5.540145E-03
1.805780E+00        -6.106834E-02        +5.530144E-03
1.804158E+00        -6.095636E-02        +5.520212E-03
1.802537E+00        -6.084500E-02        +5.510245E-03
1.800918E+00        -6.073403E-02        +5.500313E-03
1.799300E+00        -6.062302E-02        +5.490413E-03
1.797684E+00        -6.051205E-02        +5.480516E-03
1.796069E+00        -6.040171E-02        +5.470616E-03
1.794456E+00        -6.029109E-02        +5.460786E-03
1.792844E+00        -6.018075E-02        +5.450986E-03
1.791233E+00        -6.007073E-02        +5.441119E-03
1.789624E+00        -5.996139E-02        +5.431286E-03
1.788016E+00        -5.985172E-02        +5.421550E-03
1.786410E+00        -5.974240E-02        +5.411787E-03
1.784805E+00        -5.963274E-02        +5.402052E-03
1.783202E+00        -5.952407E-02        +5.392290E-03
1.781600E+00        -5.941542E-02        +5.382555E-03
1.780000E+00        -5.930646E-02        +5.372859E-03
1.778401E+00        -5.919812E-02        +5.363225E-03
1.776803E+00        -5.909010E-02        +5.353558E-03
1.775207E+00        -5.898211E-02        +5.343925E-03
1.773612E+00        -5.887410E-02        +5.334325E-03
1.772019E+00        -5.876612E-02        +5.324662E-03
1.770427E+00        -5.865877E-02        +5.315092E-03
1.768837E+00        -5.855181E-02        +5.305530E-03
1.767248E+00        -5.844481E-02        +5.295931E-03
1.765660E+00        -5.833779E-02        +5.286395E-03
1.764074E+00        -5.823080E-02        +5.276896E-03
1.762489E+00        -5.812444E-02        +5.267396E-03
1.760906E+00        -5.801782E-02        +5.257898E-03
1.759324E+00        -5.791147E-02        +5.248398E-03
1.757744E+00        -5.780550E-02        +5.238967E-03
1.756165E+00        -5.770016E-02        +5.229503E-03
1.754587E+00        -5.759449E-02        +5.220066E-03
1.753011E+00        -5.748916E-02        +5.210668E-03
1.751436E+00        -5.738415E-02        +5.201268E-03
1.749863E+00        -5.727918E-02        +5.191936E-03
1.748291E+00        -5.717418E-02        +5.182571E-03
1.746721E+00        -5.706988E-02        +5.173241E-03
1.745151E+00        -5.696517E-02        +5.163936E-03
1.743584E+00        -5.686088E-02        +5.154641E-03
1.742017E+00        -5.675684E-02        +5.145338E-03
1.740453E+00        -5.665290E-02        +5.136044E-03
1.738889E+00        -5.654953E-02        +5.126807E-03
1.737327E+00        -5.644589E-02        +5.117609E-03
1.735766E+00        -5.634252E-02        +5.108342E-03
1.734207E+00        -5.623955E-02        +5.099110E-03
1.732649E+00        -5.613654E-02        +5.089975E-03
1.731093E+00        -5.603423E-02        +5.080814E-03
1.729538E+00        -5.593159E-02        +5.071615E-03
1.727984E+00        -5.582923E-02        +5.062479E-03
1.726432E+00        -5.572725E-02        +5.053382E-03
1.724881E+00        -5.562525E-02        +5.044282E-03
1.723331E+00        -5.552323E-02        +5.035180E-03
1.721783E+00        -5.542189E-02        +5.026081E-03
1.720237E+00        -5.532029E-02        +5.017051E-03
1.718691E+00        -5.521890E-02        +5.007983E-03
1.717147E+00        -5.511791E-02        +4.998949E-03
1.715605E+00        -5.501695E-02        +4.989953E-03
1.714064E+00        -5.491661E-02        +4.980955E-03
1.712524E+00        -5.481596E-02        +4.972019E-03
1.710986E+00        -5.471564E-02        +4.963057E-03
1.709449E+00        -5.461564E-02        +4.954123E-03
1.707913E+00        -5.451563E-02        +4.945157E-03
1.706379E+00        -5.441565E-02        +4.936224E-03
1.704846E+00        -5.431565E-02        +4.927389E-03
1.703314E+00        -5.421627E-02        +4.918522E-03
1.701784E+00        -5.411728E-02        +4.909624E-03
1.700255E+00        -5.401827E-02        +4.900788E-03
1.698728E+00        -5.391930E-02        +4.891991E-03
1.697202E+00        -5.382031E-02        +4.883127E-03
1.695677E+00        -5.372194E-02        +4.874291E-03
1.694154E+00        -5.362331E-02        +4.865558E-03
1.692632E+00        -5.352496E-02        +4.856793E-03
1.691112E+00        -5.342700E-02        +4.848062E-03
1.689593E+00        -5.332902E-02        +4.839299E-03
1.688075E+00        -5.323166E-02        +4.830563E-03
1.686558E+00        -5.313398E-02        +4.821861E-03
1.685043E+00        -5.303664E-02        +4.813162E-03
1.683530E+00        -5.293969E-02        +4.804467E-03
1.682017E+00        -5.284265E-02        +4.795829E-03
1.680506E+00        -5.274565E-02        +4.787230E-03
1.678997E+00        -5.264935E-02        +4.778569E-03
1.677488E+00        -5.255266E-02        +4.769931E-03
1.675982E+00        -5.245637E-02        +4.761337E-03
1.674476E+00        -5.236035E-02        +4.752800E-03
1.672972E+00        -5.226437E-02        +4.744237E-03
1.671469E+00        -5.216837E-02        +4.735702E-03
1.669967E+00        -5.207299E-02        +4.727135E-03
1.668467E+00        -5.197800E-02        +4.718602E-03
1.666968E+00        -5.188300E-02        +4.710101E-03
1.665471E+00        -5.178739E-02        +4.701605E-03
1.663975E+00        -5.169269E-02        +4.693171E-03
1.662480E+00        -5.159804E-02        +4.684706E-03
1.660987E+00        -5.150307E-02        +4.676274E-03
1.659495E+00        -5.140873E-02        +4.667811E-03
1.658004E+00        -5.131472E-02        +4.659375E-03
1.656514E+00        -5.122069E-02        +4.650972E-03
1.655026E+00        -5.112670E-02        +4.642638E-03
1.653540E+00        -5.103275E-02        +4.634279E-03
1.652054E+00        -5.093936E-02        +4.625876E-03
1.650570E+00        -5.084637E-02        +4.617542E-03
1.649087E+00        -5.075272E-02        +4.609241E-03
1.647606E+00        -5.066004E-02        +4.600944E-03
1.646126E+00        -5.056740E-02        +4.592645E-03
1.644647E+00        -5.047439E-02        +4.584345E-03
1.643170E+00        -5.038207E-02        +4.576112E-03
1.641694E+00        -5.028944E-02        +4.567849E-03
1.640219E+00        -5.019707E-02        +4.559613E-03
1.638745E+00        -5.010504E-02        +4.551411E-03
1.637273E+00        -5.001305E-02        +4.543212E-03
1.635803E+00        -4.992175E-02        +4.535018E-03
1.634333E+00        -4.983008E-02        +4.526815E-03
1.632865E+00        -4.973874E-02        +4.518681E-03
1.631398E+00        -4.964773E-02        +4.510517E-03
1.629933E+00        -4.955677E-02        +4.502385E-03
1.628468E+00        -4.946573E-02        +4.494281E-03
1.627006E+00        -4.937479E-02        +4.486187E-03
1.625544E+00        -4.928441E-02        +4.478085E-03
1.624084E+00        -4.919443E-02        +4.469988E-03
1.622625E+00        -4.910379E-02        +4.461952E-03
1.621167E+00        -4.901341E-02        +4.453951E-03
1.619711E+00        -4.892344E-02        +4.445889E-03
1.618256E+00        -4.883409E-02        +4.437855E-03
1.616802E+00        -4.874443E-02        +4.429854E-03
1.615350E+00        -4.865511E-02        +4.421857E-03
1.613899E+00        -4.856612E-02        +4.413922E-03
1.612449E+00        -4.847711E-02        +4.405958E-03
1.611000E+00        -4.838808E-02        +4.398020E-03
1.609553E+00        -4.829910E-02        +4.390122E-03
1.608107E+00        -4.821010E-02        +4.382222E-03
1.606663E+00        -4.812178E-02        +4.374326E-03
1.605219E+00        -4.803374E-02        +4.366423E-03
1.603777E+00        -4.794575E-02        +4.358524E-03
1.602337E+00        -4.785780E-02        +4.350692E-03
1.600897E+00        -4.776977E-02        +4.342826E-03
1.599459E+00        -4.768178E-02        +4.334991E-03
1.598022E+00        -4.759441E-02        +4.327191E-03
1.596587E+00        -4.750745E-02        +4.319395E-03
1.595153E+00        -4.741983E-02        +4.311597E-03
1.593720E+00        -4.733311E-02        +4.303797E-03
1.592288E+00        -4.724646E-02        +4.296061E-03
1.590858E+00        -4.715948E-02        +4.288299E-03
1.589428E+00        -4.707308E-02        +4.280559E-03
1.588001E+00        -4.698649E-02        +4.272864E-03
1.586574E+00        -4.690011E-02        +4.265163E-03
1.585149E+00        -4.681413E-02        +4.257465E-03
1.583725E+00        -4.672813E-02        +4.249765E-03
1.582302E+00        -4.664211E-02        +4.242128E-03
1.580881E+00        -4.655678E-02        +4.234467E-03
1.579461E+00        -4.647116E-02        +4.226833E-03
1.578042E+00        -4.638579E-02        +4.219233E-03
1.576624E+00        -4.630077E-02        +4.211631E-03
1.575208E+00        -4.621580E-02        +4.204034E-03
1.573793E+00        -4.613080E-02        +4.196435E-03
1.572379E+00        -4.604579E-02        +4.188898E-03
1.570967E+00        -4.596147E-02        +4.181338E-03
1.569555E+00        -4.587743E-02        +4.173798E-03
1.568146E+00        -4.579349E-02        +4.166304E-03
1.566737E+00        -4.570883E-02        +4.158739E-03
1.565329E+00        -4.562444E-02        +4.151201E-03
1.563923E+00        -4.554110E-02        +4.143766E-03
1.562518E+00        -4.545746E-02        +4.136303E-03
1.561115E+00        -4.537414E-02        +4.128871E-03
1.559712E+00        -4.529047E-02        +4.121404E-03
1.558311E+00        -4.520712E-02        +4.113969E-03
1.556911E+00        -4.512411E-02        +4.106569E-03
1.555513E+00        -4.504115E-02        +4.099173E-03
1.554115E+00        -4.495876E-02        +4.091771E-03
1.552719E+00        -4.487613E-02        +4.084372E-03
1.551325E+00        -4.479382E-02        +4.076977E-03
1.549931E+00        -4.471180E-02        +4.069639E-03
1.548539E+00        -4.462919E-02        +4.062342E-03
1.547148E+00        -4.454683E-02        +4.054979E-03
1.545758E+00        -4.446547E-02        +4.047643E-03
1.544369E+00        -4.438381E-02        +4.040341E-03
1.542982E+00        -4.430247E-02        +4.033044E-03
1.541596E+00        -4.422084E-02        +4.025809E-03
1.540211E+00        -4.413948E-02        +4.018545E-03
1.538827E+00        -4.405846E-02        +4.011307E-03
1.537445E+00        -4.397748E-02        +4.004110E-03
1.536064E+00        -4.389649E-02        +3.996847E-03
1.534684E+00        -4.381613E-02        +3.989611E-03
1.533305E+00        -4.373547E-02        +3.982410E-03
1.531928E+00        -4.365514E-02        +3.975276E-03
1.530552E+00        -4.357451E-02        +3.968114E-03
1.529177E+00        -4.349415E-02        +3.960978E-03
1.527803E+00        -4.341413E-02        +3.953813E-03
1.526431E+00        -4.333480E-02        +3.946680E-03
1.525059E+00        -4.325512E-02        +3.939577E-03
1.523689E+00        -4.317576E-02        +3.932478E-03
1.522321E+00        -4.309617E-02        +3.925382E-03
1.520953E+00        -4.301679E-02        +3.918280E-03
1.519587E+00        -4.293781E-02        +3.911183E-03
1.518222E+00        -4.285882E-02        +3.904147E-03
1.516858E+00        -4.277981E-02        +3.897147E-03
1.515495E+00        -4.270143E-02        +3.890082E-03
1.514134E+00        -4.262282E-02        +3.883049E-03
1.512774E+00        -4.254447E-02        +3.876050E-03
1.511415E+00        -4.246647E-02        +3.869051E-03
1.510057E+00        -4.238846E-02        +3.862050E-03
1.508701E+00        -4.231049E-02        +3.855117E-03
1.507345E+00        -4.223246E-02        +3.848150E-03
1.505991E+00        -4.215447E-02        +3.841215E-03
1.504638E+00        -4.207710E-02        +3.834315E-03
1.503287E+00        -4.199950E-02        +3.827419E-03
1.501936E+00        -4.192211E-02        +3.820517E-03
1.500587E+00        -4.184512E-02        +3.813618E-03
1.499239E+00        -4.176813E-02        +3.806719E-03
1.497892E+00        -4.169176E-02        +3.799819E-03
1.496547E+00        -4.161516E-02        +3.792986E-03
1.495202E+00        -4.153813E-02        +3.786120E-03
1.493859E+00        -4.146177E-02        +3.779285E-03
1.492517E+00        -4.138578E-02        +3.772485E-03
1.491177E+00        -4.130982E-02        +3.765690E-03
1.489837E+00        -4.123380E-02        +3.758888E-03
1.488499E+00        -4.115782E-02        +3.752154E-03
1.487161E+00        -4.108178E-02        +3.745387E-03
1.485826E+00        -4.100584E-02        +3.738592E-03
1.484491E+00        -4.093046E-02        +3.731855E-03
1.483157E+00        -4.085544E-02        +3.725154E-03
1.481825E+00        -4.078046E-02        +3.718393E-03
1.480494E+00        -4.070547E-02        +3.711657E-03
1.479164E+00        -4.063047E-02        +3.705021E-03
1.477835E+00        -4.055546E-02        +3.698357E-03
1.476507E+00        -4.048044E-02        +3.691656E-03
1.475181E+00        -4.040610E-02        +3.684958E-03
1.473856E+00        -4.033148E-02        +3.678323E-03
1.472532E+00        -4.025712E-02        +3.671724E-03
1.471209E+00        -4.018311E-02        +3.665060E-03
1.469888E+00        -4.010915E-02        +3.658427E-03
1.468567E+00        -4.003512E-02        +3.651825E-03
1.467248E+00        -3.996177E-02        +3.645290E-03
1.465930E+00        -3.988814E-02        +3.638728E-03
1.464613E+00        -3.981477E-02        +3.632128E-03
1.463297E+00        -3.974176E-02        +3.625590E-03
1.461983E+00        -3.966815E-02        +3.619030E-03
1.460669E+00        -3.959475E-02        +3.612490E-03
1.459357E+00        -3.952176E-02        +3.605992E-03
1.458046E+00        -3.944940E-02        +3.599492E-03
1.456737E+00        -3.937681E-02        +3.592997E-03
1.455428E+00        -3.930443E-02        +3.586495E-03
1.454121E+00        -3.923182E-02        +3.579998E-03
1.452814E+00        -3.915942E-02        +3.573558E-03
1.451509E+00        -3.908742E-02        +3.567159E-03
1.450205E+00        -3.901542E-02        +3.560696E-03
1.448903E+00        -3.894347E-02        +3.554264E-03
1.447601E+00        -3.887145E-02        +3.547862E-03
1.446301E+00        -3.880010E-02        +3.541465E-03
1.445001E+00        -3.872843E-02        +3.535062E-03
1.443703E+00        -3.865707E-02        +3.528663E-03
1.442406E+00        -3.858607E-02        +3.522326E-03
1.441111E+00        -3.851511E-02        +3.515967E-03
1.439816E+00        -3.844409E-02        +3.509629E-03
1.438523E+00        -3.837312E-02        +3.503332E-03
1.437230E+00        -3.830208E-02        +3.496965E-03
1.435939E+00        -3.823172E-02        +3.490630E-03
1.434649E+00        -3.816109E-02        +3.484330E-03
1.433361E+00        -3.809076E-02        +3.478034E-03
1.432073E+00        -3.802075E-02        +3.471796E-03
1.430787E+00        -3.795077E-02        +3.465536E-03
1.429501E+00        -3.788074E-02        +3.459296E-03
1.428217E+00        -3.781075E-02        +3.453034E-03
1.426934E+00        -3.774075E-02        +3.446798E-03
1.425652E+00        -3.767138E-02        +3.440598E-03
1.424372E+00        -3.760179E-02        +3.434402E-03
1.423092E+00        -3.753239E-02        +3.428200E-03
1.421814E+00        -3.746342E-02        +3.422002E-03
1.420536E+00        -3.739438E-02        +3.415799E-03
1.419260E+00        -3.732539E-02        +3.409663E-03
1.417985E+00        -3.725639E-02        +3.403501E-03
1.416712E+00        -3.718743E-02        +3.397368E-03
1.415439E+00        -3.711905E-02        +3.391204E-03
1.414167E+00        -3.705040E-02        +3.385065E-03
1.412897E+00        -3.698205E-02        +3.378968E-03
1.411628E+00        -3.691406E-02        +3.372869E-03
1.410360E+00        -3.684607E-02        +3.366770E-03
1.409093E+00        -3.677807E-02        +3.360734E-03
1.407827E+00        -3.671006E-02        +3.354670E-03
1.406562E+00        -3.664268E-02        +3.348632E-03
1.405299E+00        -3.657508E-02        +3.342573E-03
1.404036E+00        -3.650768E-02        +3.336533E-03
1.402775E+00        -3.644007E-02        +3.330535E-03
1.401515E+00        -3.637271E-02        +3.324536E-03
1.400256E+00        -3.630571E-02        +3.318537E-03
1.398998E+00        -3.623871E-02        +3.312537E-03
1.397741E+00        -3.617170E-02        +3.306536E-03
1.396486E+00        -3.610473E-02        +3.300540E-03
1.395231E+00        -3.603833E-02        +3.294601E-03
1.393978E+00        -3.597173E-02        +3.288640E-03
1.392726E+00        -3.590537E-02        +3.282705E-03
1.391475E+00        -3.583938E-02        +3.276806E-03
1.390225E+00        -3.577338E-02        +3.270906E-03
1.388976E+00        -3.570738E-02        +3.265006E-03
1.387728E+00        -3.564136E-02        +3.259106E-03
1.386481E+00        -3.557535E-02        +3.253204E-03
1.385236E+00        -3.550938E-02        +3.247307E-03
1.383991E+00        -3.544397E-02        +3.241468E-03
1.382748E+00        -3.537836E-02        +3.235607E-03
1.381506E+00        -3.531300E-02        +3.229771E-03
1.380265E+00        -3.524800E-02        +3.223909E-03
1.379025E+00        -3.518300E-02        +3.218072E-03
1.377786E+00        -3.511799E-02        +3.212271E-03
1.376549E+00        -3.505303E-02        +3.206475E-03
1.375312E+00        -3.498801E-02        +3.200736E-03
1.374077E+00        -3.492367E-02        +3.194976E-03
1.372842E+00        -3.485901E-02        +3.189174E-03
1.371609E+00        -3.479465E-02        +3.183438E-03
1.370377E+00        -3.473066E-02        +3.177677E-03
1.369146E+00        -3.466666E-02        +3.171940E-03
1.367916E+00        -3.460266E-02        +3.166178E-03
1.366687E+00        -3.453866E-02        +3.160440E-03
1.365459E+00        -3.447464E-02        +3.154739E-03
1.364233E+00        -3.441068E-02        +3.149043E-03
1.363007E+00        -3.434728E-02        +3.143403E-03
1.361783E+00        -3.428368E-02        +3.137743E-03
1.360559E+00        -3.422027E-02        +3.132041E-03
1.359337E+00        -3.415728E-02        +3.126405E-03
1.358116E+00        -3.409429E-02        +3.120743E-03
1.356896E+00        -3.403130E-02        +3.115107E-03
1.355677E+00        -3.396829E-02        +3.109507E-03
1.354459E+00        -3.390529E-02        +3.103906E-03
1.353243E+00        -3.384295E-02        +3.098310E-03
1.352027E+00        -3.378031E-02        +3.092709E-03
1.350812E+00        -3.371792E-02        +3.087108E-03
1.349599E+00        -3.365532E-02        +3.081510E-03
1.348387E+00        -3.359296E-02        +3.075975E-03
1.347175E+00        -3.353093E-02        +3.070410E-03
1.345965E+00        -3.346894E-02        +3.064874E-03
1.344756E+00        -3.340695E-02        +3.059312E-03
1.343548E+00        -3.334557E-02        +3.053775E-03
1.342341E+00        -3.328395E-02        +3.048276E-03
1.341135E+00        -3.322194E-02        +3.042775E-03
1.339931E+00        -3.316061E-02        +3.037279E-03
1.338727E+00        -3.309959E-02        +3.031778E-03
1.337524E+00        -3.303858E-02        +3.026339E-03
1.336323E+00        -3.297760E-02        +3.020880E-03
1.335122E+00        -3.291658E-02        +3.015440E-03
1.333923E+00        -3.285560E-02        +3.009980E-03
1.332725E+00        -3.279462E-02        +3.004544E-03
1.331527E+00        -3.273358E-02        +2.999079E-03
1.330331E+00        -3.267321E-02        +2.993642E-03
1.329136E+00        -3.261259E-02        +2.988243E-03
1.327942E+00        -3.255222E-02        +2.982844E-03
1.326749E+00        -3.249221E-02        +2.977506E-03
1.325558E+00        -3.243226E-02        +2.972148E-03
1.324367E+00        -3.237225E-02        +2.966748E-03
1.323177E+00        -3.231224E-02        +2.961409E-03
1.321988E+00        -3.225222E-02        +2.956046E-03
1.320801E+00        -3.219287E-02        +2.950711E-03
1.319614E+00        -3.213323E-02        +2.945409E-03
1.318429E+00        -3.207387E-02        +2.940050E-03
1.317245E+00        -3.201427E-02        +2.934714E-03
1.316061E+00        -3.195486E-02        +2.929411E-03
1.314879E+00        -3.189587E-02        +2.924175E-03
1.313698E+00        -3.183688E-02        +2.918914E-03
1.312518E+00        -3.177789E-02        +2.913615E-03
1.311339E+00        -3.171890E-02        +2.908316E-03
1.310161E+00        -3.165990E-02        +2.903078E-03
1.308984E+00        -3.160152E-02        +2.897879E-03
1.307808E+00        -3.154289E-02        +2.892617E-03
1.306633E+00        -3.148451E-02        +2.887378E-03
1.305459E+00        -3.142650E-02        +2.882178E-03
1.304287E+00        -3.136854E-02        +2.876982E-03
1.303115E+00        -3.131052E-02        +2.871781E-03
1.301944E+00        -3.125250E-02        +2.866579E-03
1.300775E+00        -3.119453E-02        +2.861382E-03
1.299606E+00        -3.113651E-02        +2.856243E-03
1.298439E+00        -3.107854E-02        +2.851083E-03
1.297272E+00        -3.102113E-02        +2.845943E-03
1.296107E+00        -3.096353E-02        +2.840783E-03
1.294943E+00        -3.090616E-02        +2.835647E-03
1.293779E+00        -3.084913E-02        +2.830544E-03
1.292617E+00        -3.079214E-02        +2.825446E-03
1.291456E+00        -3.073515E-02        +2.820347E-03
1.290296E+00        -3.067816E-02        +2.815248E-03
1.289137E+00        -3.062117E-02        +2.810149E-03
1.287979E+00        -3.056417E-02        +2.805050E-03
1.286822E+00        -3.050779E-02        +2.799950E-03
1.285666E+00        -3.045118E-02        +2.794913E-03
1.284511E+00        -3.039479E-02        +2.789851E-03
1.283357E+00        -3.033817E-02        +2.784813E-03
1.282204E+00        -3.028178E-02        +2.779813E-03
1.281052E+00        -3.022578E-02        +2.774751E-03
1.279901E+00        -3.016977E-02        +2.769712E-03
1.278752E+00        -3.011381E-02        +2.764716E-03
1.277603E+00        -3.005780E-02        +2.759777E-03
1.276455E+00        -3.000240E-02        +2.754814E-03
1.275309E+00        -2.994682E-02        +2.749818E-03
1.274163E+00        -2.989142E-02        +2.744817E-03
1.273018E+00        -2.983578E-02        +2.739877E-03
1.271875E+00        -2.978043E-02        +2.734918E-03
1.270732E+00        -2.972541E-02        +2.729978E-03
1.269591E+00        -2.967044E-02        +2.725081E-03
1.268450E+00        -2.961541E-02        +2.720118E-03
1.267311E+00        -2.956044E-02        +2.715182E-03
1.266172E+00        -2.950541E-02        +2.710280E-03
1.265035E+00        -2.945044E-02        +2.705382E-03
1.263899E+00        -2.939607E-02        +2.700485E-03
1.262763E+00        -2.934143E-02        +2.695644E-03
1.261629E+00        -2.928706E-02        +2.690784E-03
1.260495E+00        -2.923242E-02        +2.685882E-03
1.259363E+00        -2.917805E-02        +2.681046E-03
1.258232E+00        -2.912407E-02        +2.676186E-03
1.257102E+00        -2.907008E-02        +2.671349E-03
1.255972E+00        -2.901605E-02        +2.666546E-03
1.254844E+00        -2.896206E-02        +2.661748E-03
1.253717E+00        -2.890869E-02        +2.656888E-03
1.252590E+00        -2.885504E-02        +2.652108E-03
1.251465E+00        -2.880167E-02        +2.647348E-03
1.250341E+00        -2.874807E-02        +2.642550E-03
1.249218E+00        -2.869469E-02        +2.637751E-03
1.248096E+00        -2.864170E-02        +2.633014E-03
1.246974E+00        -2.858805E-02        +2.628249E-03
1.245854E+00        -2.853468E-02        +2.623450E-03
1.244735E+00        -2.848169E-02        +2.618713E-03
1.243617E+00        -2.842931E-02        +2.614014E-03
1.242500E+00        -2.837671E-02        +2.609254E-03
1.241384E+00        -2.832371E-02        +2.604517E-03
1.240268E+00        -2.827129E-02        +2.599813E-03
1.239154E+00        -2.821869E-02        +2.595115E-03
1.238041E+00        -2.816631E-02        +2.590477E-03
1.236929E+00        -2.811370E-02        +2.585817E-03
1.235818E+00        -2.806133E-02        +2.581118E-03
1.234708E+00        -2.800933E-02        +2.576419E-03
1.233599E+00        -2.795734E-02        +2.571781E-03
1.232490E+00        -2.790531E-02        +2.567117E-03
1.231383E+00        -2.785331E-02        +2.562480E-03
1.230277E+00        -2.780194E-02        +2.557881E-03
1.229172E+00        -2.775033E-02        +2.553221E-03
1.228068E+00        -2.769834E-02        +2.548583E-03
1.226965E+00        -2.764697E-02        +2.543984E-03
1.225862E+00        -2.759593E-02        +2.539382E-03
1.224761E+00        -2.754494E-02        +2.534783E-03
1.223661E+00        -2.749334E-02        +2.530246E-03
1.222562E+00        -2.744197E-02        +2.525686E-03
1.221463E+00        -2.739093E-02        +2.521083E-03
1.220366E+00        -2.733995E-02        +2.516546E-03
1.219270E+00        -2.728957E-02        +2.511986E-03
1.218175E+00        -2.723898E-02        +2.507449E-03
1.217080E+00        -2.718795E-02        +2.502947E-03
1.215987E+00        -2.713757E-02        +2.498387E-03
1.214895E+00        -2.708698E-02        +2.493850E-03
1.213803E+00        -2.703656E-02        +2.489348E-03
1.212713E+00        -2.698658E-02        +2.484850E-03
1.211623E+00        -2.693656E-02        +2.480348E-03
1.210535E+00        -2.688658E-02        +2.475850E-03
1.209448E+00        -2.683660E-02        +2.471414E-03
1.208361E+00        -2.678658E-02        +2.466951E-03
1.207276E+00        -2.673660E-02        +2.462453E-03
1.206191E+00        -2.668658E-02        +2.458013E-03
1.205108E+00        -2.663721E-02        +2.453615E-03
1.204025E+00        -2.658759E-02        +2.449153E-03
1.202943E+00        -2.653818E-02        +2.444713E-03
1.201863E+00        -2.648860E-02        +2.440316E-03
1.200783E+00        -2.643919E-02        +2.435915E-03
1.199704E+00        -2.639018E-02        +2.431514E-03
1.198627E+00        -2.634122E-02        +2.427117E-03
1.197550E+00        -2.629221E-02        +2.422717E-03
1.196474E+00        -2.624320E-02        +2.418316E-03
1.195399E+00        -2.619419E-02        +2.413916E-03
1.194326E+00        -2.614523E-02        +2.409581E-03
1.193253E+00        -2.609683E-02        +2.405220E-03
1.192181E+00        -2.604822E-02        +2.400881E-03
1.191110E+00        -2.599983E-02        +2.396520E-03
1.190040E+00        -2.595122E-02        +2.392181E-03
1.188971E+00        -2.590283E-02        +2.387882E-03
1.187903E+00        -2.585484E-02        +2.383583E-03
1.186836E+00        -2.580685E-02        +2.379223E-03
1.185769E+00        -2.575881E-02        +2.374881E-03
1.184704E+00        -2.571082E-02        +2.370643E-03
1.183640E+00        -2.566283E-02        +2.366383E-03
1.182577E+00        -2.561484E-02        +2.362085E-03
1.181514E+00        -2.556682E-02        +2.357783E-03
1.180453E+00        -2.551944E-02        +2.353545E-03
1.179393E+00        -2.547185E-02        +2.349287E-03
1.178333E+00        -2.542444E-02        +2.345046E-03
1.177275E+00        -2.537746E-02        +2.340787E-03
1.176217E+00        -2.532984E-02        +2.336547E-03
1.175160E+00        -2.528243E-02        +2.332346E-03
1.174105E+00        -2.523546E-02        +2.328088E-03
1.173050E+00        -2.518845E-02        +2.323848E-03
1.171996E+00        -2.514144E-02        +2.319648E-03
1.170943E+00        -2.509443E-02        +2.315508E-03
1.169892E+00        -2.504808E-02        +2.311351E-03
1.168841E+00        -2.500147E-02        +2.307151E-03
1.167791E+00        -2.495447E-02        +2.302952E-03
1.166742E+00        -2.490808E-02        +2.298752E-03
1.165694E+00        -2.486148E-02        +2.294614E-03
1.164646E+00        -2.481505E-02        +2.290450E-03
1.163600E+00        -2.476906E-02        +2.286312E-03
1.162555E+00        -2.472308E-02        +2.282214E-03
1.161511E+00        -2.467709E-02        +2.278055E-03
1.160467E+00        -2.463107E-02        +2.273914E-03
1.159425E+00        -2.458509E-02        +2.269816E-03
1.158383E+00        -2.453907E-02        +2.265714E-03
1.157343E+00        -2.449310E-02        +2.261617E-03
1.156303E+00        -2.444769E-02        +2.257516E-03
1.155264E+00        -2.440207E-02        +2.253416E-03
1.154226E+00        -2.435667E-02        +2.249376E-03
1.153190E+00        -2.431110E-02        +2.245319E-03
1.152154E+00        -2.426571E-02        +2.241219E-03
1.151119E+00        -2.422071E-02        +2.237180E-03
1.150085E+00        -2.417511E-02        +2.233120E-03
1.149051E+00        -2.412968E-02        +2.229078E-03
1.148019E+00        -2.408469E-02        +2.225079E-03
1.146988E+00        -2.403970E-02        +2.221020E-03
1.145958E+00        -2.399532E-02        +2.216982E-03
1.144928E+00        -2.395069E-02        +2.212980E-03
1.143900E+00        -2.390572E-02        +2.208983E-03
1.142872E+00        -2.386130E-02        +2.204982E-03
1.141845E+00        -2.381669E-02        +2.200981E-03
1.140820E+00        -2.377232E-02        +2.196984E-03
1.139795E+00        -2.372771E-02        +2.193044E-03
1.138771E+00        -2.368331E-02        +2.189084E-03
1.137748E+00        -2.363931E-02        +2.185084E-03
1.136726E+00        -2.359532E-02        +2.181145E-03
1.135705E+00        -2.355132E-02        +2.177185E-03
1.134684E+00        -2.350729E-02        +2.173243E-03
1.133665E+00        -2.346331E-02        +2.169345E-03
1.132647E+00        -2.341932E-02        +2.165447E-03
1.131629E+00        -2.337530E-02        +2.161485E-03
1.130613E+00        -2.333193E-02        +2.157548E-03
1.129597E+00        -2.328831E-02        +2.153647E-03
1.128582E+00        -2.324491E-02        +2.149746E-03
1.127569E+00        -2.320134E-02        +2.145910E-03
1.126556E+00        -2.315794E-02        +2.142050E-03
1.125544E+00        -2.311494E-02        +2.138150E-03
1.124533E+00        -2.307134E-02        +2.134251E-03
1.123522E+00        -2.302791E-02        +2.130408E-03
1.122513E+00        -2.298492E-02        +2.126549E-03
1.121505E+00        -2.294194E-02        +2.122712E-03
1.120497E+00        -2.289952E-02        +2.118850E-03
1.119491E+00        -2.285694E-02        +2.115012E-03
1.118485E+00        -2.281393E-02        +2.111211E-03
1.117480E+00        -2.277152E-02        +2.107351E-03
1.116476E+00        -2.272892E-02        +2.103511E-03
1.115473E+00        -2.268652E-02        +2.099711E-03
1.114471E+00        -2.264392E-02        +2.095911E-03
1.113470E+00        -2.260153E-02        +2.092112E-03
1.112470E+00        -2.255954E-02        +2.088314E-03
1.111471E+00        -2.251695E-02        +2.084576E-03
1.110472E+00        -2.247453E-02        +2.080814E-03
1.109475E+00        -2.243256E-02        +2.077016E-03
1.108478E+00        -2.239054E-02        +2.073275E-03
1.107482E+00        -2.234914E-02        +2.069515E-03
1.106487E+00        -2.230753E-02        +2.065775E-03
1.105493E+00        -2.226553E-02        +2.062015E-03
1.104500E+00        -2.222353E-02        +2.058276E-03
1.103508E+00        -2.218214E-02        +2.054577E-03
1.102517E+00        -2.214056E-02        +2.050878E-03
1.101526E+00        -2.209913E-02        +2.047176E-03
1.100537E+00        -2.205816E-02        +2.043419E-03
1.099548E+00        -2.201654E-02        +2.039738E-03
1.098561E+00        -2.197517E-02        +2.036081E-03
1.097574E+00        -2.193417E-02        +2.032381E-03
1.096588E+00        -2.189317E-02        +2.028681E-03
1.095603E+00        -2.185217E-02        +2.024982E-03
1.094618E+00        -2.181114E-02        +2.021339E-03
1.093635E+00        -2.177015E-02        +2.017681E-03
1.092653E+00        -2.172977E-02        +2.014042E-03
1.091671E+00        -2.168915E-02        +2.010381E-03
1.090690E+00        -2.164814E-02        +2.006740E-03
1.089711E+00        -2.160777E-02        +2.003084E-03
1.088732E+00        -2.156717E-02        +1.999444E-03
1.087754E+00        -2.152677E-02        +1.995844E-03
1.086777E+00        -2.148678E-02        +1.992245E-03
1.085800E+00        -2.144675E-02        +1.988643E-03
1.084825E+00        -2.140617E-02        +1.985044E-03
1.083850E+00        -2.136575E-02        +1.981443E-03
1.082877E+00        -2.132578E-02        +1.977846E-03
1.081904E+00        -2.128577E-02        +1.974245E-03
1.080932E+00        -2.124636E-02        +1.970645E-03
1.079961E+00        -2.120677E-02        +1.967105E-03
1.078991E+00        -2.116677E-02        +1.963546E-03
1.078022E+00        -2.112679E-02        +1.960008E-03
1.077053E+00        -2.108736E-02        +1.956446E-03
1.076086E+00        -2.104778E-02        +1.952908E-03
1.075119E+00        -2.100837E-02        +1.949347E-03
1.074153E+00        -2.096936E-02        +1.945807E-03
1.073188E+00        -2.092976E-02        +1.942307E-03
1.072224E+00        -2.089036E-02        +1.938808E-03
1.071261E+00        -2.085137E-02        +1.935309E-03
1.070299E+00        -2.081239E-02        +1.931750E-03
1.069337E+00        -2.077337E-02        +1.928209E-03
1.068377E+00        -2.073439E-02        +1.924771E-03
1.067417E+00        -2.069538E-02        +1.921310E-03
1.066458E+00        -2.065638E-02        +1.917810E-03
1.065500E+00        -2.061798E-02        +1.914311E-03
1.064543E+00        -2.057939E-02        +1.910871E-03
1.063587E+00        -2.054040E-02        +1.907413E-03
1.062631E+00        -2.050197E-02        +1.903971E-03
1.061677E+00        -2.046340E-02        +1.900514E-03
1.060723E+00        -2.042499E-02        +1.897073E-03
1.059770E+00        -2.038698E-02        +1.893613E-03
1.058818E+00        -2.034839E-02        +1.890173E-03
1.057867E+00        -2.030999E-02        +1.886774E-03
1.056917E+00        -2.027200E-02        +1.883375E-03
1.055967E+00        -2.023398E-02        +1.879914E-03
1.055019E+00        -2.019601E-02        +1.876476E-03
1.054071E+00        -2.015800E-02        +1.873076E-03
1.053124E+00        -2.011999E-02        +1.869676E-03
1.052178E+00        -2.008259E-02        +1.866336E-03
1.051233E+00        -2.004500E-02        +1.862977E-03
1.050288E+00        -2.000698E-02        +1.859575E-03
1.049345E+00        -1.996960E-02        +1.856177E-03
1.048402E+00        -1.993199E-02        +1.852836E-03
1.047460E+00        -1.989457E-02        +1.849476E-03
1.046519E+00        -1.985757E-02        +1.846135E-03
1.045579E+00        -1.981998E-02        +1.842777E-03
1.044640E+00        -1.978259E-02        +1.839437E-03
1.043702E+00        -1.974561E-02        +1.836139E-03
1.042764E+00        -1.970859E-02        +1.832779E-03
1.041827E+00        -1.967158E-02        +1.829437E-03
1.040891E+00        -1.963458E-02        +1.826137E-03
1.039956E+00        -1.959758E-02        +1.822838E-03
1.039022E+00        -1.956059E-02        +1.819539E-03
1.038089E+00        -1.952420E-02        +1.816241E-03
1.037156E+00        -1.948759E-02        +1.812939E-03
1.036225E+00        -1.945062E-02        +1.809642E-03
1.035294E+00        -1.941421E-02        +1.806342E-03
1.034364E+00        -1.937761E-02        +1.803102E-03
1.033435E+00        -1.934121E-02        +1.799843E-03
1.032506E+00        -1.930460E-02        +1.796541E-03
1.031579E+00        -1.926821E-02        +1.793303E-03
1.030652E+00        -1.923220E-02        +1.790043E-03
1.029726E+00        -1.919619E-02        +1.786802E-03
1.028801E+00        -1.916020E-02        +1.783602E-03
1.027877E+00        -1.912420E-02        +1.780344E-03
1.026954E+00        -1.908822E-02        +1.777105E-03
1.026031E+00        -1.905220E-02        +1.773903E-03
1.025109E+00        -1.901619E-02        +1.770703E-03
1.024188E+00        -1.898019E-02        +1.767503E-03
1.023268E+00        -1.894478E-02        +1.764303E-03
1.022349E+00        -1.890920E-02        +1.761104E-03
1.021431E+00        -1.887322E-02        +1.757906E-03
1.020513E+00        -1.883779E-02        +1.754705E-03
1.019597E+00        -1.880223E-02        +1.751507E-03
1.018681E+00        -1.876682E-02        +1.748308E-03
1.017766E+00        -1.873182E-02        +1.745167E-03
1.016851E+00        -1.869620E-02        +1.742006E-03
1.015938E+00        -1.866082E-02        +1.738808E-03
1.015025E+00        -1.862580E-02        +1.735666E-03
1.014113E+00        -1.859080E-02        +1.732507E-03
1.013202E+00        -1.855580E-02        +1.729366E-03
1.012292E+00        -1.852080E-02        +1.726267E-03
1.011383E+00        -1.848582E-02        +1.723109E-03
1.010474E+00        -1.845139E-02        +1.719967E-03
1.009567E+00        -1.841683E-02        +1.716870E-03
1.008660E+00        -1.838183E-02        +1.713770E-03
1.007754E+00        -1.834742E-02        +1.710671E-03
1.006848E+00        -1.831281E-02        +1.707569E-03
1.005944E+00        -1.827842E-02        +1.704470E-03
1.005040E+00        -1.824381E-02        +1.701370E-03
1.004137E+00        -1.820940E-02        +1.698269E-03
1.003235E+00        -1.817481E-02        +1.695170E-03
1.002334E+00        -1.814041E-02        +1.692130E-03
1.001434E+00        -1.810643E-02        +1.689073E-03
1.000534E+00        -1.807241E-02        +1.685971E-03
9.996352E-01        -1.803841E-02        +1.682931E-03
9.987372E-01        -1.800441E-02        +1.679872E-03
9.978401E-01        -1.797042E-02        +1.676832E-03
9.969437E-01        -1.793642E-02        +1.673773E-03
9.960481E-01        -1.790242E-02        +1.670732E-03
9.951533E-01        -1.786901E-02        +1.667732E-03
9.942594E-01        -1.783542E-02        +1.664674E-03
9.933662E-01        -1.780142E-02        +1.661633E-03
9.924739E-01        -1.776801E-02        +1.658633E-03
9.915823E-01        -1.773442E-02        +1.655634E-03
9.906916E-01        -1.770101E-02        +1.652634E-03
9.898016E-01        -1.766742E-02        +1.649634E-03
9.889124E-01        -1.763401E-02        +1.646634E-03
9.880241E-01        -1.760102E-02        +1.643635E-03
9.871365E-01        -1.756801E-02        +1.640694E-03
9.862498E-01        -1.753443E-02        +1.637735E-03
9.853638E-01        -1.750102E-02        +1.634736E-03
9.844786E-01        -1.746802E-02        +1.631736E-03
9.835943E-01        -1.743502E-02        +1.628795E-03
9.827107E-01        -1.740202E-02        +1.625837E-03
9.818279E-01        -1.736961E-02        +1.622896E-03
9.809459E-01        -1.733702E-02        +1.619937E-03
9.800647E-01        -1.730402E-02        +1.616996E-03
9.791843E-01        -1.727161E-02        +1.614096E-03
9.783047E-01        -1.723903E-02        +1.611138E-03
9.774259E-01        -1.720603E-02        +1.608197E-03
9.765478E-01        -1.717361E-02        +1.605297E-03
9.756706E-01        -1.714103E-02        +1.602398E-03
9.747941E-01        -1.710862E-02        +1.599498E-03
9.739184E-01        -1.707662E-02        +1.596598E-03
9.730436E-01        -1.704403E-02        +1.593699E-03
9.721695E-01        -1.701162E-02        +1.590799E-03
9.712961E-01        -1.697962E-02        +1.587899E-03
9.704236E-01        -1.694762E-02        +1.584999E-03
9.695519E-01        -1.691562E-02        +1.582158E-03
9.686809E-01        -1.688362E-02        +1.579300E-03
9.678107E-01        -1.685162E-02        +1.576400E-03
9.669413E-01        -1.681962E-02        +1.573559E-03
9.660727E-01        -1.678821E-02        +1.570701E-03
9.652049E-01        -1.675663E-02        +1.567860E-03
9.643378E-01        -1.672463E-02        +1.565001E-03
9.634715E-01        -1.669321E-02        +1.562160E-03
9.626060E-01        -1.666163E-02        +1.559302E-03
9.617413E-01        -1.663022E-02        +1.556461E-03
9.608773E-01        -1.659863E-02        +1.553661E-03
9.600142E-01        -1.656722E-02        +1.550861E-03
9.591518E-01        -1.653564E-02        +1.548062E-03
9.582902E-01        -1.650422E-02        +1.545204E-03
9.574293E-01        -1.647322E-02        +1.542421E-03
9.565692E-01        -1.644222E-02        +1.539662E-03
9.557099E-01        -1.641122E-02        +1.536863E-03
9.548514E-01        -1.638023E-02        +1.534063E-03
9.539936E-01        -1.634922E-02        +1.531263E-03
9.531367E-01        -1.631823E-02        +1.528464E-03
9.522804E-01        -1.628723E-02        +1.525664E-03
9.514250E-01        -1.625623E-02        +1.522923E-03
9.505703E-01        -1.622523E-02        +1.520164E-03
9.497164E-01        -1.619482E-02        +1.517365E-03
9.488633E-01        -1.616424E-02        +1.514624E-03
9.480109E-01        -1.613324E-02        +1.511865E-03
9.471593E-01        -1.610282E-02        +1.509124E-03
9.463084E-01        -1.607224E-02        +1.506424E-03
9.454583E-01        -1.604182E-02        +1.503666E-03
9.446090E-01        -1.601182E-02        +1.500925E-03
9.437605E-01        -1.598124E-02        +1.498225E-03
9.429127E-01        -1.595083E-02        +1.495467E-03
9.420656E-01        -1.592083E-02        +1.492725E-03
9.412194E-01        -1.589083E-02        +1.490026E-03
9.403738E-01        -1.586024E-02        +1.487326E-03
9.395291E-01        -1.582983E-02        +1.484626E-03
9.386851E-01        -1.579983E-02        +1.481927E-03
9.378419E-01        -1.576983E-02        +1.479227E-03
9.369994E-01        -1.574042E-02        +1.476527E-03
9.361577E-01        -1.571084E-02        +1.473886E-03
9.353167E-01        -1.568084E-02        +1.471228E-03
9.344765E-01        -1.565084E-02        +1.468528E-03
9.336370E-01        -1.562142E-02        +1.465828E-03
9.327983E-01        -1.559184E-02        +1.463187E-03
9.319604E-01        -1.556184E-02        +1.460529E-03
9.311232E-01        -1.553242E-02        +1.457887E-03
9.302867E-01        -1.550284E-02        +1.455229E-03
9.294511E-01        -1.547343E-02        +1.452588E-03
9.286161E-01        -1.544443E-02        +1.449988E-03
9.277819E-01        -1.541485E-02        +1.447330E-03
9.269485E-01        -1.538543E-02        +1.444689E-03
9.261158E-01        -1.535643E-02        +1.442089E-03
9.252838E-01        -1.532743E-02        +1.439431E-03
9.244526E-01        -1.529843E-02        +1.436789E-03
9.236222E-01        -1.526944E-02        +1.434190E-03
9.227925E-01        -1.524044E-02        +1.431590E-03
9.219635E-01        -1.521144E-02        +1.428990E-03
9.211353E-01        -1.518244E-02        +1.426390E-03
9.203078E-01        -1.515344E-02        +1.423791E-03
9.194811E-01        -1.512444E-02        +1.421249E-03
9.186551E-01        -1.509602E-02        +1.418691E-03
9.178299E-01        -1.506744E-02        +1.416091E-03
9.170054E-01        -1.503845E-02        +1.413492E-03
9.161816E-01        -1.501003E-02        +1.410950E-03
9.153586E-01        -1.498145E-02        +1.408392E-03
9.145363E-01        -1.495303E-02        +1.405792E-03
9.137148E-01        -1.492503E-02        +1.403251E-03
9.128940E-01        -1.489645E-02        +1.400693E-03
9.120739E-01        -1.486803E-02        +1.398151E-03
9.112546E-01        -1.484004E-02        +1.395652E-03
9.104360E-01        -1.481146E-02        +1.393094E-03
9.096181E-01        -1.478304E-02        +1.390552E-03
9.088010E-01        -1.475504E-02        +1.388052E-03
9.079846E-01        -1.472704E-02        +1.385494E-03
9.071690E-01        -1.469904E-02        +1.382953E-03
9.063540E-01        -1.467104E-02        +1.380453E-03
9.055398E-01        -1.464304E-02        +1.377953E-03
9.047264E-01        -1.461505E-02        +1.375454E-03
9.039136E-01        -1.458762E-02        +1.372954E-03
9.031016E-01        -1.456005E-02        +1.370454E-03
9.022904E-01        -1.453205E-02        +1.367954E-03
9.014798E-01        -1.450463E-02        +1.365454E-03
9.006700E-01        -1.447705E-02        +1.362955E-03
8.998609E-01        -1.444905E-02        +1.360513E-03
8.990526E-01        -1.442164E-02        +1.358055E-03
8.982449E-01        -1.439406E-02        +1.355555E-03
8.974380E-01        -1.436664E-02        +1.353113E-03
8.966319E-01        -1.433964E-02        +1.350656E-03
8.958264E-01        -1.431206E-02        +1.348214E-03
8.950217E-01        -1.428464E-02        +1.345757E-03
8.942176E-01        -1.425764E-02        +1.343257E-03
8.934144E-01        -1.423065E-02        +1.340815E-03
8.926118E-01        -1.420365E-02        +1.338415E-03
8.918099E-01        -1.417665E-02        +1.335957E-03
8.910088E-01        -1.414965E-02        +1.333515E-03
8.902084E-01        -1.412265E-02        +1.331116E-03
8.894087E-01        -1.409565E-02        +1.328716E-03
8.886097E-01        -1.406865E-02        +1.326316E-03
8.878115E-01        -1.404166E-02        +1.323859E-03
8.870140E-01        -1.401524E-02        +1.321417E-03
8.862171E-01        -1.398866E-02        +1.319017E-03
8.854210E-01        -1.396166E-02        +1.316617E-03
8.846257E-01        -1.393524E-02        +1.314217E-03
8.838310E-01        -1.390867E-02        +1.311818E-03
8.830370E-01        -1.388167E-02        +1.309475E-03
8.822438E-01        -1.385524E-02        +1.307118E-03
8.814512E-01        -1.382924E-02        +1.304718E-03
8.806594E-01        -1.380267E-02        +1.302318E-03
8.798683E-01        -1.377625E-02        +1.299976E-03
8.790779E-01        -1.375025E-02        +1.297619E-03
8.782882E-01        -1.372368E-02        +1.295277E-03
8.774992E-01        -1.369725E-02        +1.292919E-03
8.767110E-01        -1.367126E-02        +1.290520E-03
8.759234E-01        -1.364526E-02        +1.288177E-03
8.751365E-01        -1.361926E-02        +1.285820E-03
8.743504E-01        -1.359326E-02        +1.283478E-03
8.735650E-01        -1.356726E-02        +1.281178E-03
8.727802E-01        -1.354126E-02        +1.278878E-03
8.719962E-01        -1.351527E-02        +1.276521E-03
8.712129E-01        -1.348984E-02        +1.274179E-03
8.704302E-01        -1.346427E-02        +1.271879E-03
8.696483E-01        -1.343827E-02        +1.269579E-03
8.688671E-01        -1.341285E-02        +1.267280E-03
8.680866E-01        -1.338728E-02        +1.264980E-03
8.673068E-01        -1.336128E-02        +1.262680E-03
8.665276E-01        -1.333585E-02        +1.260380E-03
8.657492E-01        -1.331028E-02        +1.258080E-03
8.649715E-01        -1.328486E-02        +1.255781E-03
8.641945E-01        -1.325986E-02        +1.253481E-03
8.634182E-01        -1.323429E-02        +1.251181E-03
8.626425E-01        -1.320886E-02        +1.248881E-03
8.618676E-01        -1.318386E-02        +1.246639E-03
8.610934E-01        -1.315829E-02        +1.244382E-03
8.603199E-01        -1.313287E-02        +1.242082E-03
8.595470E-01        -1.310787E-02        +1.239840E-03
8.587749E-01        -1.308287E-02        +1.237583E-03
8.580034E-01        -1.305787E-02        +1.235340E-03
8.572327E-01        -1.303288E-02        +1.233083E-03
8.564626E-01        -1.300788E-02        +1.230840E-03
8.556932E-01        -1.298288E-02        +1.228583E-03
8.549245E-01        -1.295788E-02        +1.226341E-03
8.541566E-01        -1.293346E-02        +1.224141E-03
8.533893E-01        -1.290889E-02        +1.221884E-03
8.526226E-01        -1.288389E-02        +1.219641E-03
8.518567E-01        -1.285946E-02        +1.217442E-03
8.510915E-01        -1.283489E-02        +1.215242E-03
8.503269E-01        -1.281047E-02        +1.213042E-03
8.495631E-01        -1.278590E-02        +1.210843E-03
8.487999E-01        -1.276147E-02        +1.208643E-03
8.480374E-01        -1.273690E-02        +1.206443E-03
8.472756E-01        -1.271247E-02        +1.204243E-03
8.465145E-01        -1.268791E-02        +1.202043E-03
8.457540E-01        -1.266348E-02        +1.199843E-03
8.449943E-01        -1.263948E-02        +1.197644E-03
8.442352E-01        -1.261548E-02        +1.195444E-03
8.434768E-01        -1.259148E-02        +1.193244E-03
8.427191E-01        -1.256692E-02        +1.191101E-03
8.419621E-01        -1.254249E-02        +1.188945E-03
8.412057E-01        -1.251849E-02        +1.186745E-03
8.404501E-01        -1.249449E-02        +1.184602E-03
8.396951E-01        -1.247050E-02        +1.182445E-03
8.389408E-01        -1.244650E-02        +1.180303E-03
8.381871E-01        -1.242307E-02        +1.178146E-03
8.374342E-01        -1.239950E-02        +1.176003E-03
8.366819E-01        -1.237550E-02        +1.173846E-03
8.359303E-01        -1.235151E-02        +1.171703E-03
8.351794E-01        -1.232808E-02        +1.169604E-03
8.344291E-01        -1.230451E-02        +1.167447E-03
8.336795E-01        -1.228051E-02        +1.165304E-03
8.329306E-01        -1.225709E-02        +1.163204E-03
8.321824E-01        -1.223352E-02        +1.161104E-03
8.314348E-01        -1.221009E-02        +1.159005E-03
8.306879E-01        -1.218652E-02        +1.156848E-03
8.299417E-01        -1.216310E-02        +1.154705E-03
8.291962E-01        -1.214010E-02        +1.152605E-03
8.284513E-01        -1.211653E-02        +1.150506E-03
8.277071E-01        -1.209310E-02        +1.148406E-03
8.269635E-01        -1.207010E-02        +1.146306E-03
8.262206E-01        -1.204711E-02        +1.144263E-03
8.254784E-01        -1.202411E-02        +1.142206E-03
8.247369E-01        -1.200054E-02        +1.140107E-03
8.239960E-01        -1.197711E-02        +1.138007E-03
8.232558E-01        -1.195412E-02        +1.135907E-03
8.225163E-01        -1.193169E-02        +1.133864E-03
8.217774E-01        -1.190855E-02        +1.131807E-03
8.210392E-01        -1.188569E-02        +1.129708E-03
8.203016E-01        -1.186313E-02        +1.127664E-03
8.195647E-01        -1.184013E-02        +1.125608E-03
8.188285E-01        -1.181713E-02        +1.123565E-03
8.180929E-01        -1.179470E-02        +1.121508E-03
8.173580E-01        -1.177214E-02        +1.119465E-03
8.166238E-01        -1.174914E-02        +1.117466E-03
8.158902E-01        -1.172671E-02        +1.115409E-03
8.151573E-01        -1.170415E-02        +1.113366E-03
8.144250E-01        -1.168172E-02        +1.111366E-03
8.136934E-01        -1.165915E-02        +1.109310E-03
8.129624E-01        -1.163672E-02        +1.107266E-03
8.122321E-01        -1.161416E-02        +1.105267E-03
8.115025E-01        -1.159173E-02        +1.103267E-03
8.107735E-01        -1.156973E-02        +1.101267E-03
8.100452E-01        -1.154717E-02        +1.099267E-03
8.093175E-01        -1.152473E-02        +1.097268E-03
8.085905E-01        -1.150274E-02        +1.095268E-03
8.078641E-01        -1.148074E-02        +1.093211E-03
8.071384E-01        -1.145874E-02        +1.091225E-03
8.064133E-01        -1.143674E-02        +1.089268E-03
8.056889E-01        -1.141475E-02        +1.087268E-03
8.049652E-01        -1.139275E-02        +1.085269E-03
8.042420E-01        -1.137075E-02        +1.083269E-03
8.035196E-01        -1.134876E-02        +1.081269E-03
8.027978E-01        -1.132676E-02        +1.079326E-03
8.020766E-01        -1.130476E-02        +1.077370E-03
8.013561E-01        -1.128277E-02        +1.075370E-03
8.006362E-01        -1.126133E-02        +1.073426E-03
7.999170E-01        -1.123977E-02        +1.071470E-03
7.991984E-01        -1.121777E-02        +1.069527E-03
7.984805E-01        -1.119634E-02        +1.067571E-03
7.977632E-01        -1.117478E-02        +1.065627E-03
7.970465E-01        -1.115278E-02        +1.063671E-03
7.963305E-01        -1.113135E-02        +1.061727E-03
7.956152E-01        -1.111035E-02        +1.059828E-03
7.949005E-01        -1.108879E-02        +1.057872E-03
7.941864E-01        -1.106736E-02        +1.055928E-03
7.934730E-01        -1.104580E-02        +1.054028E-03
7.927602E-01        -1.102437E-02        +1.052072E-03
7.920480E-01        -1.100337E-02        +1.050129E-03
7.913365E-01        -1.098237E-02        +1.048229E-03
7.906257E-01        -1.096081E-02        +1.046329E-03
7.899154E-01        -1.093938E-02        +1.044429E-03
7.892058E-01        -1.091838E-02        +1.042529E-03
7.884969E-01        -1.089739E-02        +1.040630E-03
7.877886E-01        -1.087639E-02        +1.038730E-03
7.870809E-01        -1.085539E-02        +1.036830E-03
7.863738E-01        -1.083439E-02        +1.034930E-03
7.856674E-01        -1.081340E-02        +1.033030E-03
7.849616E-01        -1.079240E-02        +1.031131E-03
7.842565E-01        -1.077141E-02        +1.029231E-03
7.835520E-01        -1.075097E-02        +1.027387E-03
7.828481E-01        -1.073041E-02        +1.025531E-03
7.821449E-01        -1.070942E-02        +1.023631E-03
7.814422E-01        -1.068842E-02        +1.021788E-03
7.807403E-01        -1.066799E-02        +1.019932E-03
7.800389E-01        -1.064742E-02        +1.018032E-03
7.793382E-01        -1.062699E-02        +1.016188E-03
7.786381E-01        -1.060643E-02        +1.014332E-03
7.779386E-01        -1.058543E-02        +1.012489E-03
7.772398E-01        -1.056500E-02        +1.010633E-03
7.765416E-01        -1.054500E-02        +1.008789E-03
7.758440E-01        -1.052445E-02        +1.006933E-03
7.751471E-01        -1.050401E-02        +1.005090E-03
7.744507E-01        -1.048345E-02        +1.003233E-03
7.737550E-01        -1.046302E-02        +1.001390E-03
7.730600E-01        -1.044302E-02        +9.995845E-04
7.723655E-01        -1.042303E-02        +9.977689E-04
7.716717E-01        -1.040303E-02        +9.959492E-04
7.709785E-01        -1.038247E-02        +9.941294E-04
7.702859E-01        -1.036204E-02        +9.923095E-04
7.695939E-01        -1.034204E-02        +9.904952E-04
7.689026E-01        -1.032204E-02        +9.886855E-04
7.682119E-01        -1.030205E-02        +9.868813E-04
7.675218E-01        -1.028205E-02        +9.850815E-04
7.668323E-01        -1.026205E-02        +9.832816E-04
7.661434E-01        -1.024206E-02        +9.814817E-04
7.654552E-01        -1.022262E-02        +9.796875E-04
7.647676E-01        -1.020307E-02        +9.778978E-04
7.640806E-01        -1.018307E-02        +9.761080E-04
7.633942E-01        -1.016307E-02        +9.743237E-04
7.627084E-01        -1.014308E-02        +9.725438E-04
7.620233E-01        -1.012364E-02        +9.707697E-04
7.613387E-01        -1.010408E-02        +9.689941E-04
7.606548E-01        -1.008465E-02        +9.672200E-04
7.599715E-01        -1.006509E-02        +9.654558E-04
7.592888E-01        -1.004566E-02        +9.636903E-04
7.586067E-01        -1.002610E-02        +9.619260E-04
7.579253E-01        -1.000667E-02        +9.601664E-04
7.572444E-01        -9.987109E-03        +9.584121E-04
7.565642E-01        -9.967673E-03        +9.566623E-04
7.558845E-01        -9.948117E-03        +9.549123E-04
7.552055E-01        -9.928736E-03        +9.531682E-04
7.545271E-01        -9.909618E-03        +9.514228E-04
7.538493E-01        -9.890378E-03        +9.496841E-04
7.531721E-01        -9.871181E-03        +9.479487E-04
7.524955E-01        -9.851985E-03        +9.462144E-04
7.518195E-01        -9.832845E-03        +9.444846E-04
7.511442E-01        -9.813751E-03        +9.427549E-04
7.504694E-01        -9.794654E-03        +9.410306E-04
7.497952E-01        -9.775612E-03        +9.393106E-04
7.491217E-01        -9.756618E-03        +9.375909E-04
7.484487E-01        -9.737621E-03        +9.358766E-04
7.477764E-01        -9.718683E-03        +9.341668E-04
7.471046E-01        -9.699785E-03        +9.324569E-04
7.464335E-01        -9.680890E-03        +9.307527E-04
7.457630E-01        -9.662051E-03        +9.290529E-04
7.450930E-01        -9.643254E-03        +9.273529E-04
7.444237E-01        -9.624515E-03        +9.256532E-04
7.437550E-01        -9.605820E-03        +9.239590E-04
7.430869E-01        -9.587125E-03        +9.222692E-04
7.424193E-01        -9.568428E-03        +9.205792E-04
7.417524E-01        -9.549788E-03        +9.188950E-04
7.410861E-01        -9.531193E-03        +9.172153E-04
7.404203E-01        -9.512596E-03        +9.155352E-04
7.397552E-01        -9.494057E-03        +9.138611E-04
7.390907E-01        -9.475563E-03        +9.121913E-04
7.384267E-01        -9.457121E-03        +9.105213E-04
7.377634E-01        -9.438726E-03        +9.088571E-04
7.371007E-01        -9.420332E-03        +9.071919E-04
7.364385E-01        -9.401936E-03        +9.055275E-04
7.357770E-01        -9.383597E-03        +9.038733E-04
7.351160E-01        -9.365300E-03        +9.022178E-04
7.344556E-01        -9.347060E-03        +9.005635E-04
7.337959E-01        -9.328867E-03        +8.989194E-04
7.331367E-01        -9.310671E-03        +8.972739E-04
7.324781E-01        -9.292475E-03        +8.956296E-04
7.318201E-01        -9.274336E-03        +8.939898E-04
7.311627E-01        -9.256241E-03        +8.923555E-04
7.305059E-01        -9.238201E-03        +8.907202E-04
7.298496E-01        -9.220204E-03        +8.890912E-04
7.291940E-01        -9.202210E-03        +8.874659E-04
7.285390E-01        -9.184216E-03        +8.858362E-04
7.278845E-01        -9.166275E-03        +8.842118E-04
7.272306E-01        -9.148379E-03        +8.825919E-04
7.265774E-01        -9.130542E-03        +8.809778E-04
7.259247E-01        -9.112692E-03        +8.793680E-04
7.252725E-01        -9.094849E-03        +8.777579E-04
7.246210E-01        -9.077110E-03        +8.761481E-04
7.239701E-01        -9.059416E-03        +8.745439E-04
7.233197E-01        -9.041720E-03        +8.729440E-04
7.226700E-01        -9.024027E-03        +8.713443E-04
7.220208E-01        -9.006387E-03        +8.697500E-04
7.213722E-01        -8.988792E-03        +8.681546E-04
7.207242E-01        -8.971198E-03        +8.665603E-04
7.200767E-01        -8.953657E-03        +8.649759E-04
7.194299E-01        -8.936164E-03        +8.633906E-04
7.187836E-01        -8.918668E-03        +8.618063E-04
7.181379E-01        -8.901228E-03        +8.602319E-04
7.174928E-01        -8.883835E-03        +8.586566E-04
7.168482E-01        -8.866438E-03        +8.570821E-04
7.162043E-01        -8.849100E-03        +8.555124E-04
7.155609E-01        -8.831805E-03        +8.539425E-04
7.149181E-01        -8.814510E-03        +8.523782E-04
7.142759E-01        -8.797216E-03        +8.508184E-04
7.136342E-01        -8.779975E-03        +8.492584E-04
7.129932E-01        -8.762782E-03        +8.476988E-04
7.123527E-01        -8.745643E-03        +8.461444E-04
7.117128E-01        -8.728549E-03        +8.445946E-04
7.110734E-01        -8.711452E-03        +8.430502E-04
7.104346E-01        -8.694357E-03        +8.415047E-04
7.097965E-01        -8.677321E-03        +8.399606E-04
7.091588E-01        -8.660324E-03        +8.384206E-04
7.085218E-01        -8.643331E-03        +8.368864E-04
7.078853E-01        -8.626391E-03        +8.353509E-04
7.072494E-01        -8.609497E-03        +8.338166E-04
7.066141E-01        -8.592603E-03        +8.322924E-04
7.059793E-01        -8.575764E-03        +8.307669E-04
7.053451E-01        -8.558969E-03        +8.292426E-04
7.047115E-01        -8.542175E-03        +8.277228E-04
7.040784E-01        -8.525435E-03        +8.262028E-04
7.034459E-01        -8.508685E-03        +8.246884E-04
7.028140E-01        -8.491946E-03        +8.231786E-04
7.021827E-01        -8.475308E-03        +8.216689E-04
7.015519E-01        -8.458713E-03        +8.201590E-04
7.009217E-01        -8.442120E-03        +8.186547E-04
7.002920E-01        -8.425525E-03        +8.171547E-04
6.996630E-01        -8.408988E-03        +8.156551E-04
6.990344E-01        -8.392491E-03        +8.141550E-04
6.984065E-01        -8.375999E-03        +8.126608E-04
6.977791E-01        -8.359505E-03        +8.111709E-04
6.971523E-01        -8.343067E-03        +8.096866E-04
6.965260E-01        -8.326672E-03        +8.082012E-04
6.959003E-01        -8.310332E-03        +8.067168E-04
6.952752E-01        -8.294039E-03        +8.052371E-04
6.946506E-01        -8.277745E-03        +8.037572E-04
6.940266E-01        -8.261451E-03        +8.022829E-04
6.934031E-01        -8.245211E-03        +8.008129E-04
6.927802E-01        -8.229017E-03        +7.993430E-04
6.921579E-01        -8.212825E-03        +7.978787E-04
6.915361E-01        -8.196630E-03        +7.964133E-04
6.909149E-01        -8.180492E-03        +7.949490E-04
6.902942E-01        -8.164397E-03        +7.934891E-04
6.896741E-01        -8.148359E-03        +7.920347E-04
6.890546E-01        -8.132366E-03        +7.905850E-04
6.884356E-01        -8.116372E-03        +7.891351E-04
6.878172E-01        -8.100379E-03        +7.876853E-04
6.871993E-01        -8.084385E-03        +7.862354E-04
6.865820E-01        -8.068447E-03        +7.847911E-04
6.859652E-01        -8.052553E-03        +7.833511E-04
6.853490E-01        -8.036715E-03        +7.819113E-04
6.847333E-01        -8.020920E-03        +7.804768E-04
6.841182E-01        -8.005127E-03        +7.790470E-04
6.835037E-01        -7.989335E-03        +7.776173E-04
6.828897E-01        -7.973597E-03        +7.761874E-04
6.822762E-01        -7.957902E-03        +7.747629E-04
6.816633E-01        -7.942208E-03        +7.733431E-04
6.810510E-01        -7.926516E-03        +7.719233E-04
6.804392E-01        -7.910877E-03        +7.705035E-04
6.798279E-01        -7.895283E-03        +7.690835E-04
6.792172E-01        -7.879690E-03        +7.676691E-04
6.786071E-01        -7.864153E-03        +7.662593E-04
6.779975E-01        -7.848659E-03        +7.648550E-04
6.773884E-01        -7.833165E-03        +7.634495E-04
6.767799E-01        -7.817673E-03        +7.620452E-04
6.761719E-01        -7.802233E-03        +7.606452E-04
6.755645E-01        -7.786840E-03        +7.592509E-04
6.749576E-01        -7.771501E-03        +7.578555E-04
6.743513E-01        -7.756154E-03        +7.564611E-04
6.737455E-01        -7.740815E-03        +7.550712E-04
6.731403E-01        -7.725523E-03        +7.536869E-04
6.725356E-01        -7.710285E-03        +7.523016E-04
6.719315E-01        -7.695093E-03        +7.509173E-04
6.713279E-01        -7.679901E-03        +7.495374E-04
6.707248E-01        -7.664707E-03        +7.481629E-04
6.701223E-01        -7.649514E-03        +7.467877E-04
6.695203E-01        -7.634376E-03        +7.454132E-04
6.689188E-01        -7.619282E-03        +7.440432E-04
6.683179E-01        -7.604244E-03        +7.426734E-04
6.677176E-01        -7.589198E-03        +7.413091E-04
6.671178E-01        -7.574160E-03        +7.399493E-04
6.665185E-01        -7.559222E-03        +7.385894E-04
6.659197E-01        -7.544273E-03        +7.372294E-04
6.653215E-01        -7.529335E-03        +7.358750E-04
6.647239E-01        -7.514445E-03        +7.345198E-04
6.641267E-01        -7.499550E-03        +7.331652E-04
6.635301E-01        -7.484712E-03        +7.318208E-04
6.629341E-01        -7.469867E-03        +7.304756E-04
6.623385E-01        -7.455081E-03        +7.291310E-04
6.617436E-01        -7.440337E-03        +7.277914E-04
6.611491E-01        -7.425598E-03        +7.264514E-04
6.605552E-01        -7.410906E-03        +7.251170E-04
6.599618E-01        -7.396213E-03        +7.237817E-04
6.593689E-01        -7.381520E-03        +7.224472E-04
6.587766E-01        -7.366883E-03        +7.211228E-04
6.581848E-01        -7.352290E-03        +7.197974E-04
6.575936E-01        -7.337700E-03        +7.184731E-04
6.570028E-01        -7.323160E-03        +7.171531E-04
6.564126E-01        -7.308667E-03        +7.158332E-04
6.558230E-01        -7.294177E-03        +7.145135E-04
6.552338E-01        -7.279684E-03        +7.131989E-04
6.546452E-01        -7.265246E-03        +7.118891E-04
6.540572E-01        -7.250856E-03        +7.105794E-04
6.534696E-01        -7.236463E-03        +7.092694E-04
6.528826E-01        -7.222071E-03        +7.079650E-04
6.522961E-01        -7.207734E-03        +7.066597E-04
6.517101E-01        -7.193441E-03        +7.053552E-04
6.511247E-01        -7.179150E-03        +7.040608E-04
6.505398E-01        -7.164859E-03        +7.027656E-04
6.499554E-01        -7.150621E-03        +7.014711E-04
6.493715E-01        -7.136429E-03        +7.001811E-04
6.487882E-01        -7.122238E-03        +6.988914E-04
6.482054E-01        -7.108100E-03        +6.976015E-04
6.476231E-01        -7.093954E-03        +6.963171E-04
6.470413E-01        -7.079870E-03        +6.950371E-04
6.464600E-01        -7.065823E-03        +6.937571E-04
6.458793E-01        -7.051732E-03        +6.924773E-04
6.452991E-01        -7.037695E-03        +6.912029E-04
6.447194E-01        -7.023703E-03        +6.899330E-04
6.441403E-01        -7.009714E-03        +6.886632E-04
6.435616E-01        -6.995775E-03        +6.873932E-04
6.429835E-01        -6.981884E-03        +6.861234E-04
6.424059E-01        -6.967992E-03        +6.848589E-04
6.418288E-01        -6.954101E-03        +6.835990E-04
6.412523E-01        -6.940265E-03        +6.823393E-04
6.406762E-01        -6.926472E-03        +6.810847E-04
6.401007E-01        -6.912682E-03        +6.798295E-04
6.395257E-01        -6.898891E-03        +6.785750E-04
6.389512E-01        -6.885154E-03        +6.773252E-04
6.383772E-01        -6.871408E-03        +6.760752E-04
6.378037E-01        -6.857670E-03        +6.748307E-04
6.372308E-01        -6.844034E-03        +6.735909E-04
6.366583E-01        -6.830388E-03        +6.723509E-04
6.360864E-01        -6.816751E-03        +6.711111E-04
6.355150E-01        -6.803160E-03        +6.698712E-04
6.349441E-01        -6.789623E-03        +6.686367E-04
6.343737E-01        -6.776078E-03        +6.674068E-04
6.338039E-01        -6.762543E-03        +6.661771E-04
6.332345E-01        -6.749051E-03        +6.649471E-04
6.326657E-01        -6.735614E-03        +6.637227E-04
6.320973E-01        -6.722168E-03        +6.624973E-04
6.315295E-01        -6.708732E-03        +6.612728E-04
6.309622E-01        -6.695342E-03        +6.600530E-04
6.303954E-01        -6.681951E-03        +6.588385E-04
6.298291E-01        -6.668614E-03        +6.576232E-04
6.292633E-01        -6.655323E-03        +6.564087E-04
6.286980E-01        -6.642032E-03        +6.551988E-04
6.281333E-01        -6.628743E-03        +6.539890E-04
6.275690E-01        -6.615506E-03        +6.527845E-04
6.270053E-01        -6.602263E-03        +6.515793E-04
6.264420E-01        -6.589079E-03        +6.503747E-04
6.258793E-01        -6.575936E-03        +6.491803E-04
6.253170E-01        -6.562744E-03        +6.479849E-04
6.247553E-01        -6.549608E-03        +6.467851E-04
6.241941E-01        -6.536518E-03        +6.455906E-04
6.236333E-01        -6.523426E-03        +6.444006E-04
6.230731E-01        -6.510390E-03        +6.432108E-04
6.225134E-01        -6.497347E-03        +6.420263E-04
6.219542E-01        -6.484311E-03        +6.408411E-04
6.213955E-01        -6.471374E-03        +6.396566E-04
6.208373E-01        -6.458431E-03        +6.384767E-04
6.202796E-01        -6.445495E-03        +6.372969E-04
6.197224E-01        -6.432605E-03        +6.361224E-04
6.191657E-01        -6.419715E-03        +6.349471E-04
6.186094E-01        -6.406823E-03        +6.337724E-04
6.180537E-01        -6.393987E-03        +6.326025E-04
6.174985E-01        -6.381197E-03        +6.314380E-04
6.169438E-01        -6.368408E-03        +6.302728E-04
6.163896E-01        -6.355618E-03        +6.291083E-04
6.158359E-01        -6.342882E-03        +6.279484E-04
6.152827E-01        -6.330139E-03        +6.267886E-04
6.147300E-01        -6.317404E-03        +6.256287E-04
6.141777E-01        -6.304766E-03        +6.244741E-04
6.136260E-01        -6.292123E-03        +6.233242E-04
6.130748E-01        -6.279488E-03        +6.221744E-04
6.125241E-01        -6.266899E-03        +6.210246E-04
6.119738E-01        -6.254308E-03        +6.198746E-04
6.114241E-01        -6.241773E-03        +6.187301E-04
6.108748E-01        -6.229229E-03        +6.175848E-04
6.103261E-01        -6.216694E-03        +6.164404E-04
6.097778E-01        -6.204204E-03        +6.153058E-04
6.092300E-01        -6.191768E-03        +6.141705E-04
6.086827E-01        -6.179325E-03        +6.130306E-04
6.081359E-01        -6.166889E-03        +6.118960E-04
6.075896E-01        -6.154499E-03        +6.107661E-04
6.070438E-01        -6.142110E-03        +6.096416E-04
6.064985E-01        -6.129775E-03        +6.085164E-04
6.059537E-01        -6.117487E-03        +6.073919E-04
6.054094E-01        -6.105198E-03        +6.062667E-04
6.048655E-01        -6.092908E-03        +6.051421E-04
6.043221E-01        -6.080618E-03        +6.040221E-04
6.037793E-01        -6.068384E-03        +6.029077E-04
6.032369E-01        -6.056142E-03        +6.017925E-04
6.026950E-01        -6.043960E-03        +6.006779E-04
6.021536E-01        -6.031818E-03        +5.995680E-04
6.016127E-01        -6.019630E-03        +5.984635E-04
6.010722E-01        -6.007493E-03        +5.973582E-04
6.005323E-01        -5.995405E-03        +5.962537E-04
5.999928E-01        -5.983316E-03        +5.951484E-04
5.994538E-01        -5.971280E-03        +5.940438E-04
5.989153E-01        -5.959238E-03        +5.929440E-04
5.983773E-01        -5.947202E-03        +5.918494E-04
5.978398E-01        -5.935215E-03        +5.907543E-04
5.973027E-01        -5.923279E-03        +5.896596E-04
5.967662E-01        -5.911338E-03        +5.885698E-04
5.962301E-01        -5.899403E-03        +5.874799E-04
5.956945E-01        -5.887514E-03        +5.863954E-04
5.951593E-01        -5.875624E-03        +5.853100E-04
5.946247E-01        -5.863737E-03        +5.842255E-04
5.940905E-01        -5.851901E-03        +5.831455E-04
5.935569E-01        -5.840114E-03        +5.820658E-04
5.930237E-01        -5.828326E-03        +5.809912E-04
5.924909E-01        -5.816537E-03        +5.799159E-04
5.919587E-01        -5.804803E-03        +5.788414E-04
5.914269E-01        -5.793061E-03        +5.777714E-04
5.908956E-01        -5.781325E-03        +5.767015E-04
5.903648E-01        -5.769638E-03        +5.756316E-04
5.898345E-01        -5.758004E-03        +5.745671E-04
5.893046E-01        -5.746362E-03        +5.735018E-04
5.887753E-01        -5.734729E-03        +5.724374E-04
5.882464E-01        -5.723141E-03        +5.713775E-04
5.877179E-01        -5.711552E-03        +5.703175E-04
5.871900E-01        -5.700018E-03        +5.692630E-04
5.866625E-01        -5.688477E-03        +5.682078E-04
5.861355E-01        -5.676942E-03        +5.671532E-04
5.856089E-01        -5.665454E-03        +5.661032E-04
5.850829E-01        -5.653968E-03        +5.650587E-04
5.845573E-01        -5.642533E-03        +5.640135E-04
5.840322E-01        -5.631146E-03        +5.629636E-04
5.835075E-01        -5.619757E-03        +5.619189E-04
5.829834E-01        -5.608371E-03        +5.608792E-04
5.824596E-01        -5.596981E-03        +5.598391E-04
5.819364E-01        -5.585648E-03        +5.588046E-04
5.814137E-01        -5.574309E-03        +5.577695E-04
5.808914E-01        -5.562975E-03        +5.567349E-04
5.803695E-01        -5.551686E-03        +5.557048E-04
5.798482E-01        -5.540452E-03        +5.546750E-04
5.793273E-01        -5.529212E-03        +5.536451E-04
5.788069E-01        -5.517979E-03        +5.526153E-04
5.782869E-01        -5.506790E-03        +5.515905E-04
5.777674E-01        -5.495603E-03        +5.505706E-04
5.772484E-01        -5.484469E-03        +5.495508E-04
5.767299E-01        -5.473330E-03        +5.485310E-04
5.762118E-01        -5.462196E-03        +5.475110E-04
5.756942E-01        -5.451109E-03        +5.464965E-04
5.751770E-01        -5.440022E-03        +5.454812E-04
5.746603E-01        -5.428988E-03        +5.444666E-04
5.741441E-01        -5.418002E-03        +5.434567E-04
5.736283E-01        -5.406961E-03        +5.424520E-04
5.731130E-01        -5.395927E-03        +5.414468E-04
5.725982E-01        -5.384995E-03        +5.404423E-04
5.720838E-01        -5.374055E-03        +5.394371E-04
5.715699E-01        -5.363121E-03        +5.384325E-04
5.710565E-01        -5.352183E-03        +5.374379E-04
5.705435E-01        -5.341302E-03        +5.364427E-04
5.700309E-01        -5.330461E-03        +5.354427E-04
5.695189E-01        -5.319577E-03        +5.344482E-04
5.690073E-01        -5.308743E-03        +5.334583E-04
5.684961E-01        -5.297955E-03        +5.324683E-04
5.679854E-01        -5.287169E-03        +5.314784E-04
5.674752E-01        -5.276384E-03        +5.304938E-04
5.669654E-01        -5.265649E-03        +5.295086E-04
5.664561E-01        -5.254911E-03        +5.285240E-04
5.659473E-01        -5.244179E-03        +5.275442E-04
5.654389E-01        -5.233493E-03        +5.265643E-04
5.649309E-01        -5.222806E-03        +5.255843E-04
5.644234E-01        -5.212172E-03        +5.246096E-04
5.639164E-01        -5.201534E-03        +5.236345E-04
5.634098E-01        -5.190900E-03        +5.226598E-04
5.629037E-01        -5.180315E-03        +5.216899E-04
5.623980E-01        -5.169781E-03        +5.207200E-04
5.618928E-01        -5.159243E-03        +5.197501E-04
5.613881E-01        -5.148711E-03        +5.187856E-04
5.608838E-01        -5.138173E-03        +5.178204E-04
5.603799E-01        -5.127639E-03        +5.168557E-04
5.598765E-01        -5.117206E-03        +5.158958E-04
5.593736E-01        -5.106769E-03        +5.149359E-04
5.588711E-01        -5.096336E-03        +5.139813E-04
5.583690E-01        -5.085897E-03        +5.130260E-04
5.578674E-01        -5.075464E-03        +5.120713E-04
5.573663E-01        -5.065132E-03        +5.111215E-04
5.568656E-01        -5.054794E-03        +5.101716E-04
5.563654E-01        -5.044410E-03        +5.092218E-04
5.558656E-01        -5.034077E-03        +5.082771E-04
5.553662E-01        -5.023790E-03        +5.073318E-04
5.548673E-01        -5.013505E-03        +5.063872E-04
5.543689E-01        -5.003273E-03        +5.054473E-04
5.538709E-01        -4.993036E-03        +5.045074E-04
5.533733E-01        -4.982802E-03        +5.035674E-04
5.528762E-01        -4.972617E-03        +5.026275E-04
5.523796E-01        -4.962434E-03        +5.016930E-04
5.518834E-01        -4.952250E-03        +5.007579E-04
5.513876E-01        -4.942116E-03        +4.998231E-04
5.508923E-01        -4.931980E-03        +4.988932E-04
5.503974E-01        -4.921847E-03        +4.979685E-04
5.499030E-01        -4.911763E-03        +4.970434E-04
5.494090E-01        -4.901678E-03        +4.961187E-04
5.489154E-01        -4.891592E-03        +4.951935E-04
5.484223E-01        -4.881560E-03        +4.942688E-04
5.479297E-01        -4.871577E-03        +4.933490E-04
5.474375E-01        -4.861593E-03        +4.924291E-04
5.469457E-01        -4.851608E-03        +4.915144E-04
5.464544E-01        -4.841624E-03        +4.905993E-04
5.459635E-01        -4.831692E-03        +4.896846E-04
5.454730E-01        -4.821755E-03        +4.887746E-04
5.449830E-01        -4.811823E-03        +4.878647E-04
5.444935E-01        -4.801940E-03        +4.869549E-04
5.440043E-01        -4.792106E-03        +4.860449E-04
5.435156E-01        -4.782270E-03        +4.851402E-04
5.430274E-01        -4.772439E-03        +4.842404E-04
5.425396E-01        -4.762603E-03        +4.833352E-04
5.420522E-01        -4.752771E-03        +4.824305E-04
5.415653E-01        -4.742988E-03        +4.815359E-04
5.410788E-01        -4.733256E-03        +4.806407E-04
5.405927E-01        -4.723520E-03        +4.797408E-04
5.401071E-01        -4.713789E-03        +4.788461E-04
5.396219E-01        -4.704104E-03        +4.779562E-04
5.391372E-01        -4.694422E-03        +4.770663E-04
5.386528E-01        -4.684737E-03        +4.761763E-04
5.381690E-01        -4.675107E-03        +4.752865E-04
5.376855E-01        -4.665470E-03        +4.744017E-04
5.372025E-01        -4.655839E-03        +4.735166E-04
5.367199E-01        -4.646255E-03        +4.726319E-04
5.362378E-01        -4.636673E-03        +4.717520E-04
5.357561E-01        -4.627089E-03        +4.708721E-04
5.352748E-01        -4.617558E-03        +4.699922E-04
5.347940E-01        -4.608024E-03        +4.691124E-04
5.343135E-01        -4.598491E-03        +4.682375E-04
5.338336E-01        -4.589010E-03        +4.673677E-04
5.333540E-01        -4.579578E-03        +4.664977E-04
5.328749E-01        -4.570143E-03        +4.656279E-04
5.323962E-01        -4.560660E-03        +4.647579E-04
5.319179E-01        -4.551228E-03        +4.638879E-04
5.314401E-01        -4.541846E-03        +4.630181E-04
5.309627E-01        -4.532463E-03        +4.621534E-04
5.304857E-01        -4.523080E-03        +4.612934E-04
5.300092E-01        -4.513750E-03        +4.604336E-04
5.295331E-01        -4.504416E-03        +4.595737E-04
5.290574E-01        -4.495085E-03        +4.587137E-04
5.285821E-01        -4.485801E-03        +4.578590E-04
5.281073E-01        -4.476520E-03        +4.570039E-04
5.276329E-01        -4.467238E-03        +4.561492E-04
5.271589E-01        -4.458007E-03        +4.552992E-04
5.266853E-01        -4.448823E-03        +4.544492E-04
5.262122E-01        -4.439590E-03        +4.535994E-04
5.257395E-01        -4.430360E-03        +4.527495E-04
5.252672E-01        -4.421177E-03        +4.519047E-04
5.247954E-01        -4.412048E-03        +4.510597E-04
5.243239E-01        -4.402913E-03        +4.502149E-04
5.238529E-01        -4.393783E-03        +4.493750E-04
5.233823E-01        -4.384700E-03        +4.485350E-04
5.229122E-01        -4.375619E-03        +4.476952E-04
5.224424E-01        -4.366536E-03        +4.468604E-04
5.219731E-01        -4.357455E-03        +4.460253E-04
5.215042E-01        -4.348425E-03        +4.451906E-04
5.210358E-01        -4.339393E-03        +4.443556E-04
5.205677E-01        -4.330362E-03        +4.435208E-04
5.201001E-01        -4.321381E-03        +4.426909E-04
5.196329E-01        -4.312400E-03        +4.418662E-04
5.191661E-01        -4.303418E-03        +4.410411E-04
5.186997E-01        -4.294488E-03        +4.402163E-04
5.182337E-01        -4.285605E-03        +4.393911E-04
5.177682E-01        -4.276724E-03        +4.385665E-04
5.173031E-01        -4.267843E-03        +4.377466E-04
5.168384E-01        -4.258962E-03        +4.369267E-04
5.163741E-01        -4.250081E-03        +4.361119E-04
5.159102E-01        -4.241251E-03        +4.352967E-04
5.154468E-01        -4.232419E-03        +4.344821E-04
5.149837E-01        -4.223588E-03        +4.336669E-04
5.145211E-01        -4.214807E-03        +4.328521E-04
5.140589E-01        -4.206026E-03        +4.320422E-04
5.135971E-01        -4.197245E-03        +4.312323E-04
5.131358E-01        -4.188517E-03        +4.304277E-04
5.126748E-01        -4.179836E-03        +4.296225E-04
5.122143E-01        -4.171104E-03        +4.288178E-04
5.117541E-01        -4.162374E-03        +4.280126E-04
5.112944E-01        -4.153693E-03        +4.272079E-04
5.108351E-01        -4.145064E-03        +4.264080E-04
5.103762E-01        -4.136432E-03        +4.256080E-04
5.099177E-01        -4.127802E-03        +4.248132E-04
5.094597E-01        -4.119224E-03        +4.240183E-04
5.090020E-01        -4.110591E-03        +4.232234E-04
5.085448E-01        -4.102014E-03        +4.224336E-04
5.080879E-01        -4.093481E-03        +4.216384E-04
5.076315E-01        -4.084901E-03        +4.208437E-04
5.071755E-01        -4.076373E-03        +4.200589E-04
5.067199E-01        -4.067893E-03        +4.192739E-04
5.062647E-01        -4.059361E-03        +4.184839E-04
5.058099E-01        -4.050883E-03        +4.176991E-04
5.053555E-01        -4.042451E-03        +4.169192E-04
5.049016E-01        -4.033973E-03        +4.161394E-04
5.044480E-01        -4.025544E-03        +4.153542E-04
5.039948E-01        -4.017112E-03        +4.145745E-04
5.035421E-01        -4.008684E-03        +4.137995E-04
5.030898E-01        -4.000305E-03        +4.130197E-04
5.026378E-01        -3.991924E-03        +4.122448E-04
5.021863E-01        -3.983597E-03        +4.114698E-04
5.017352E-01        -3.975266E-03        +4.106950E-04
5.012845E-01        -3.966938E-03        +4.099251E-04
5.008341E-01        -3.958605E-03        +4.091550E-04
5.003842E-01        -3.950278E-03        +4.083903E-04
4.999347E-01        -3.941999E-03        +4.076252E-04
4.994856E-01        -3.933771E-03        +4.068553E-04
4.990369E-01        -3.925540E-03        +4.060905E-04
4.985886E-01        -3.917312E-03        +4.053305E-04
4.981408E-01        -3.909083E-03        +4.045708E-04
4.976933E-01        -3.900855E-03        +4.038108E-04
4.972462E-01        -3.892676E-03        +4.030509E-04
4.967995E-01        -3.884496E-03        +4.022909E-04
4.963532E-01        -3.876368E-03        +4.015361E-04
4.959073E-01        -3.868238E-03        +4.007810E-04
4.954619E-01        -3.860112E-03        +4.000264E-04
4.950168E-01        -3.852033E-03        +3.992764E-04
4.945721E-01        -3.843902E-03        +3.985264E-04
4.941278E-01        -3.835826E-03        +3.977765E-04
4.936839E-01        -3.827796E-03        +3.970265E-04
4.932404E-01        -3.819717E-03        +3.962817E-04
4.927974E-01        -3.811691E-03        +3.955368E-04
4.923547E-01        -3.803662E-03        +3.947920E-04
4.919124E-01        -3.795634E-03        +3.940520E-04
4.914705E-01        -3.787655E-03        +3.933121E-04
4.910290E-01        -3.779677E-03        +3.925721E-04
4.905879E-01        -3.771749E-03        +3.918322E-04
4.901472E-01        -3.763820E-03        +3.910923E-04
4.897069E-01        -3.755842E-03        +3.903575E-04
4.892670E-01        -3.747916E-03        +3.896225E-04
4.888275E-01        -3.740038E-03        +3.888877E-04
4.883883E-01        -3.732159E-03        +3.881576E-04
4.879496E-01        -3.724281E-03        +3.874277E-04
4.875113E-01        -3.716455E-03        +3.866979E-04
4.870733E-01        -3.708625E-03        +3.859678E-04
4.866358E-01        -3.700799E-03        +3.852431E-04
4.861986E-01        -3.692970E-03        +3.845180E-04
4.857619E-01        -3.685144E-03        +3.837932E-04
4.853255E-01        -3.677366E-03        +3.830733E-04
4.848895E-01        -3.669639E-03        +3.823482E-04
4.844539E-01        -3.661910E-03        +3.816233E-04
4.840188E-01        -3.654134E-03        +3.809087E-04
4.835840E-01        -3.646408E-03        +3.801936E-04
4.831495E-01        -3.638729E-03        +3.794736E-04
4.827155E-01        -3.631052E-03        +3.787588E-04
4.822819E-01        -3.623376E-03        +3.780438E-04
4.818486E-01        -3.615697E-03        +3.773289E-04
4.814158E-01        -3.608021E-03        +3.766190E-04
4.809833E-01        -3.600395E-03        +3.759090E-04
4.805513E-01        -3.592768E-03        +3.751992E-04
4.801196E-01        -3.585142E-03        +3.744944E-04
4.796883E-01        -3.577565E-03        +3.737893E-04
4.792574E-01        -3.569988E-03        +3.730845E-04
4.788268E-01        -3.562410E-03        +3.723794E-04
4.783967E-01        -3.554885E-03        +3.716746E-04
4.779669E-01        -3.547357E-03        +3.709746E-04
4.775376E-01        -3.539832E-03        +3.702748E-04
4.771086E-01        -3.532356E-03        +3.695748E-04
4.766800E-01        -3.524879E-03        +3.688799E-04
4.762518E-01        -3.517403E-03        +3.681849E-04
4.758240E-01        -3.509926E-03        +3.674850E-04
4.753965E-01        -3.502449E-03        +3.667901E-04
4.749695E-01        -3.495025E-03        +3.661003E-04
4.745428E-01        -3.487598E-03        +3.654103E-04
4.741165E-01        -3.480172E-03        +3.647203E-04
4.736906E-01        -3.472796E-03        +3.640304E-04
4.732651E-01        -3.465420E-03        +3.633405E-04
4.728399E-01        -3.458044E-03        +3.626556E-04
4.724152E-01        -3.450669E-03        +3.619707E-04
4.719908E-01        -3.443343E-03        +3.612858E-04
4.715668E-01        -3.436068E-03        +3.606058E-04
4.711432E-01        -3.428741E-03        +3.599208E-04
4.707200E-01        -3.421417E-03        +3.592411E-04
4.702971E-01        -3.414140E-03        +3.585660E-04
4.698746E-01        -3.406865E-03        +3.578861E-04
4.694525E-01        -3.399640E-03        +3.572061E-04
4.690308E-01        -3.392414E-03        +3.565313E-04
4.686095E-01        -3.385190E-03        +3.558563E-04
4.681885E-01        -3.377964E-03        +3.551814E-04
4.677679E-01        -3.370739E-03        +3.545114E-04
4.673477E-01        -3.363563E-03        +3.538415E-04
4.669279E-01        -3.356389E-03        +3.531716E-04
4.665085E-01        -3.349214E-03        +3.525018E-04
4.660894E-01        -3.342089E-03        +3.518368E-04
4.656707E-01        -3.334964E-03        +3.511718E-04
4.652524E-01        -3.327840E-03        +3.505070E-04
4.648344E-01        -3.320764E-03        +3.498419E-04
4.644169E-01        -3.313690E-03        +3.491771E-04
4.639997E-01        -3.306615E-03        +3.485172E-04
4.635828E-01        -3.299540E-03        +3.478571E-04
4.631664E-01        -3.292465E-03        +3.471973E-04
4.627503E-01        -3.285390E-03        +3.465373E-04
4.623346E-01        -3.278366E-03        +3.458824E-04
4.619193E-01        -3.271392E-03        +3.452274E-04
4.615044E-01        -3.264368E-03        +3.445726E-04
4.610898E-01        -3.257395E-03        +3.439227E-04
4.606756E-01        -3.250470E-03        +3.432727E-04
4.602618E-01        -3.243496E-03        +3.426228E-04
4.598483E-01        -3.236521E-03        +3.419728E-04
4.594352E-01        -3.229598E-03        +3.413229E-04
4.590225E-01        -3.222674E-03        +3.406730E-04
4.586101E-01        -3.215749E-03        +3.400280E-04
4.581982E-01        -3.208876E-03        +3.393832E-04
4.577866E-01        -3.202003E-03        +3.387383E-04
4.573753E-01        -3.195128E-03        +3.380982E-04
4.569644E-01        -3.188254E-03        +3.374582E-04
4.565540E-01        -3.181432E-03        +3.368185E-04
4.561438E-01        -3.174607E-03        +3.361784E-04
4.557341E-01        -3.167785E-03        +3.355386E-04
4.553247E-01        -3.161011E-03        +3.348986E-04
4.549156E-01        -3.154237E-03        +3.342636E-04
4.545070E-01        -3.147464E-03        +3.336287E-04
4.540987E-01        -3.140691E-03        +3.329938E-04
4.536908E-01        -3.133918E-03        +3.323639E-04
4.532832E-01        -3.127144E-03        +3.317339E-04
4.528760E-01        -3.120421E-03        +3.311039E-04
4.524692E-01        -3.113748E-03        +3.304740E-04
4.520627E-01        -3.107025E-03        +3.298440E-04
4.516566E-01        -3.100351E-03        +3.292141E-04
4.512509E-01        -3.093729E-03        +3.285892E-04
4.508455E-01        -3.087056E-03        +3.279642E-04
4.504405E-01        -3.080383E-03        +3.273393E-04
4.500359E-01        -3.073711E-03        +3.267194E-04
4.496316E-01        -3.067088E-03        +3.260994E-04
4.492277E-01        -3.060516E-03        +3.254795E-04
4.488242E-01        -3.053944E-03        +3.248597E-04
4.484210E-01        -3.047321E-03        +3.242397E-04
4.480182E-01        -3.040749E-03        +3.236248E-04
4.476157E-01        -3.034226E-03        +3.230098E-04
4.472136E-01        -3.027654E-03        +3.223949E-04
4.468119E-01        -3.021082E-03        +3.217800E-04
4.464105E-01        -3.014560E-03        +3.211650E-04
4.460095E-01        -3.008088E-03        +3.205551E-04
4.456088E-01        -3.001615E-03        +3.199451E-04
4.452085E-01        -2.995143E-03        +3.193352E-04
4.448086E-01        -2.988672E-03        +3.187253E-04
4.444090E-01        -2.982200E-03        +3.181203E-04
4.440098E-01        -2.975728E-03        +3.175154E-04
4.436109E-01        -2.969256E-03        +3.169104E-04
4.432124E-01        -2.962835E-03        +3.163055E-04
4.428143E-01        -2.956463E-03        +3.157006E-04
4.424165E-01        -2.950041E-03        +3.151006E-04
4.420190E-01        -2.943619E-03        +3.145006E-04
4.416220E-01        -2.937249E-03        +3.139007E-04
4.412253E-01        -2.930927E-03        +3.133008E-04
4.408289E-01        -2.924606E-03        +3.127058E-04
4.404329E-01        -2.918234E-03        +3.121109E-04
4.400372E-01        -2.911912E-03        +3.115109E-04
4.396420E-01        -2.905593E-03        +3.109161E-04
4.392470E-01        -2.899271E-03        +3.103260E-04
4.388524E-01        -2.892999E-03        +3.097361E-04
4.384582E-01        -2.886729E-03        +3.091462E-04
4.380643E-01        -2.880458E-03        +3.085562E-04
4.376708E-01        -2.874187E-03        +3.079663E-04
4.372776E-01        -2.867966E-03        +3.073763E-04
4.368848E-01        -2.861746E-03        +3.067863E-04
4.364924E-01        -2.855526E-03        +3.062015E-04
4.361003E-01        -2.849305E-03        +3.056166E-04
4.357085E-01        -2.843084E-03        +3.050315E-04
4.353171E-01        -2.836913E-03        +3.044516E-04
4.349260E-01        -2.830742E-03        +3.038716E-04
4.345353E-01        -2.824572E-03        +3.032916E-04
4.341450E-01        -2.818452E-03        +3.027118E-04
4.337550E-01        -2.812333E-03        +3.021318E-04
4.333653E-01        -2.806211E-03        +3.015518E-04
4.329760E-01        -2.800091E-03        +3.009768E-04
4.325871E-01        -2.793972E-03        +3.004020E-04
4.321985E-01        -2.787902E-03        +2.998270E-04
4.318102E-01        -2.781831E-03        +2.992520E-04
4.314223E-01        -2.775761E-03        +2.986771E-04
4.310348E-01        -2.769692E-03        +2.981072E-04
4.306476E-01        -2.763673E-03        +2.975373E-04
4.302607E-01        -2.757652E-03        +2.969673E-04
4.298742E-01        -2.751632E-03        +2.963973E-04
4.294881E-01        -2.745614E-03        +2.958324E-04
4.291022E-01        -2.739593E-03        +2.952674E-04
4.287168E-01        -2.733625E-03        +2.947025E-04
4.283316E-01        -2.727654E-03        +2.941375E-04
4.279469E-01        -2.721687E-03        +2.935727E-04
4.275624E-01        -2.715717E-03        +2.930126E-04
4.271784E-01        -2.709798E-03        +2.924528E-04
4.267946E-01        -2.703878E-03        +2.918928E-04
4.264112E-01        -2.697959E-03        +2.913328E-04
4.260282E-01        -2.692091E-03        +2.907729E-04
4.256455E-01        -2.686172E-03        +2.902130E-04
4.252631E-01        -2.680253E-03        +2.896580E-04
4.248811E-01        -2.674384E-03        +2.891031E-04
4.244994E-01        -2.668564E-03        +2.885481E-04
4.241181E-01        -2.662747E-03        +2.879932E-04
4.237371E-01        -2.656879E-03        +2.874382E-04
4.233564E-01        -2.651059E-03        +2.868882E-04
4.229761E-01        -2.645241E-03        +2.863383E-04
4.225961E-01        -2.639422E-03        +2.857883E-04
4.222165E-01        -2.633654E-03        +2.852384E-04
4.218372E-01        -2.627885E-03        +2.846884E-04
4.214583E-01        -2.622117E-03        +2.841434E-04
4.210797E-01        -2.616349E-03        +2.835986E-04
4.207014E-01        -2.610581E-03        +2.830535E-04
4.203235E-01        -2.604813E-03        +2.825136E-04
4.199459E-01        -2.599094E-03        +2.819687E-04
4.195687E-01        -2.593427E-03        +2.814237E-04
4.191918E-01        -2.587709E-03        +2.808838E-04
4.188152E-01        -2.581991E-03        +2.803438E-04
4.184390E-01        -2.576323E-03        +2.798039E-04
4.180631E-01        -2.570655E-03        +2.792689E-04
4.176875E-01        -2.564987E-03        +2.787339E-04
4.173123E-01        -2.559369E-03        +2.781940E-04
4.169374E-01        -2.553752E-03        +2.776590E-04
4.165629E-01        -2.548085E-03        +2.771291E-04
4.161887E-01        -2.542467E-03        +2.765942E-04
4.158148E-01        -2.536900E-03        +2.760591E-04
4.154413E-01        -2.531284E-03        +2.755292E-04
4.150681E-01        -2.525666E-03        +2.749993E-04
4.146952E-01        -2.520098E-03        +2.744693E-04
4.143227E-01        -2.514532E-03        +2.739394E-04
4.139505E-01        -2.509014E-03        +2.734094E-04
4.135787E-01        -2.503499E-03        +2.728845E-04
4.132071E-01        -2.497931E-03        +2.723595E-04
4.128359E-01        -2.492413E-03        +2.718344E-04
4.124651E-01        -2.486946E-03        +2.713146E-04
4.120946E-01        -2.481431E-03        +2.707898E-04
4.117244E-01        -2.475914E-03        +2.702647E-04
4.113545E-01        -2.470447E-03        +2.697447E-04
4.109850E-01        -2.464981E-03        +2.692248E-04
4.106158E-01        -2.459514E-03        +2.687048E-04
4.102469E-01        -2.454096E-03        +2.681848E-04
4.098784E-01        -2.448682E-03        +2.676698E-04
4.095102E-01        -2.443216E-03        +2.671550E-04
4.091423E-01        -2.437798E-03        +2.666399E-04
4.087748E-01        -2.432432E-03        +2.661251E-04
4.084076E-01        -2.427018E-03        +2.656101E-04
4.080407E-01        -2.421600E-03        +2.651001E-04
4.076741E-01        -2.416234E-03        +2.645852E-04
4.073079E-01        -2.410868E-03        +2.640701E-04
4.069420E-01        -2.405551E-03        +2.635602E-04
4.065765E-01        -2.400238E-03        +2.630552E-04
4.062112E-01        -2.394871E-03        +2.625503E-04
4.058463E-01        -2.389554E-03        +2.620403E-04
4.054818E-01        -2.384241E-03        +2.615305E-04
4.051175E-01        -2.378923E-03        +2.610254E-04
4.047536E-01        -2.373659E-03        +2.605206E-04
4.043900E-01        -2.368394E-03        +2.600155E-04
4.040267E-01        -2.363128E-03        +2.595155E-04
4.036638E-01        -2.357863E-03        +2.590156E-04
4.033012E-01        -2.352598E-03        +2.585157E-04
4.029389E-01        -2.347382E-03        +2.580157E-04
4.025769E-01        -2.342168E-03        +2.575157E-04
4.022153E-01        -2.336952E-03        +2.570158E-04
4.018539E-01        -2.331737E-03        +2.565158E-04
4.014929E-01        -2.326521E-03        +2.560158E-04
4.011323E-01        -2.321357E-03        +2.555208E-04
4.007719E-01        -2.316192E-03        +2.550259E-04
4.004119E-01        -2.311027E-03        +2.545309E-04
4.000522E-01        -2.305863E-03        +2.540409E-04
3.996928E-01        -2.300698E-03        +2.535509E-04
3.993338E-01        -2.295583E-03        +2.530562E-04
3.989751E-01        -2.290470E-03        +2.525660E-04
3.986167E-01        -2.285306E-03        +2.520812E-04
3.982586E-01        -2.280191E-03        +2.515912E-04
3.979008E-01        -2.275126E-03        +2.511012E-04
3.975434E-01        -2.270062E-03        +2.506113E-04
3.971863E-01        -2.264950E-03        +2.501263E-04
3.968295E-01        -2.259883E-03        +2.496415E-04
3.964730E-01        -2.254870E-03        +2.491563E-04
3.961168E-01        -2.249806E-03        +2.486715E-04
3.957610E-01        -2.244743E-03        +2.481864E-04
3.954055E-01        -2.239728E-03        +2.477065E-04
3.950503E-01        -2.234715E-03        +2.472266E-04
3.946954E-01        -2.229700E-03        +2.467466E-04
3.943408E-01        -2.224687E-03        +2.462666E-04
3.939866E-01        -2.219673E-03        +2.457867E-04
3.936327E-01        -2.214710E-03        +2.453068E-04
3.932790E-01        -2.209746E-03        +2.448315E-04
3.929258E-01        -2.204784E-03        +2.443568E-04
3.925728E-01        -2.199820E-03        +2.438817E-04
3.922201E-01        -2.194905E-03        +2.434068E-04
3.918678E-01        -2.189994E-03        +2.429318E-04
3.915158E-01        -2.185031E-03        +2.424619E-04
3.911641E-01        -2.180117E-03        +2.419871E-04
3.908127E-01        -2.175253E-03        +2.415120E-04
3.904616E-01        -2.170341E-03        +2.410420E-04
3.901109E-01        -2.165428E-03        +2.405769E-04
3.897604E-01        -2.160564E-03        +2.401121E-04
3.894103E-01        -2.155702E-03        +2.396421E-04
3.890605E-01        -2.150840E-03        +2.391722E-04
3.887110E-01        -2.146026E-03        +2.387071E-04
3.883618E-01        -2.141215E-03        +2.382423E-04
3.880129E-01        -2.136352E-03        +2.377771E-04
3.876644E-01        -2.131539E-03        +2.373173E-04
3.873161E-01        -2.126776E-03        +2.368524E-04
3.869682E-01        -2.121966E-03        +2.363873E-04
3.866206E-01        -2.117152E-03        +2.359274E-04
3.862732E-01        -2.112389E-03        +2.354673E-04
3.859263E-01        -2.107628E-03        +2.350075E-04
3.855796E-01        -2.102866E-03        +2.345475E-04
3.852332E-01        -2.098104E-03        +2.340875E-04
3.848871E-01        -2.093341E-03        +2.336324E-04
3.845414E-01        -2.088628E-03        +2.331776E-04
3.841959E-01        -2.083918E-03        +2.327224E-04
3.838508E-01        -2.079205E-03        +2.322677E-04
3.835060E-01        -2.074495E-03        +2.318126E-04
3.831615E-01        -2.069782E-03        +2.313626E-04
3.828173E-01        -2.065121E-03        +2.309127E-04
3.824734E-01        -2.060459E-03        +2.304579E-04
3.821298E-01        -2.055797E-03        +2.300027E-04
3.817865E-01        -2.051136E-03        +2.295528E-04
3.814436E-01        -2.046476E-03        +2.291029E-04
3.811009E-01        -2.041813E-03        +2.286577E-04
3.807586E-01        -2.037201E-03        +2.282130E-04
3.804165E-01        -2.032592E-03        +2.277630E-04
3.800748E-01        -2.027979E-03        +2.273179E-04
3.797334E-01        -2.023370E-03        +2.268731E-04
3.793922E-01        -2.018757E-03        +2.264279E-04
3.790514E-01        -2.014196E-03        +2.259879E-04
3.787109E-01        -2.009635E-03        +2.255432E-04
3.783707E-01        -2.005075E-03        +2.250980E-04
3.780308E-01        -2.000514E-03        +2.246581E-04
3.776912E-01        -1.995953E-03        +2.242181E-04
3.773519E-01        -1.991393E-03        +2.237781E-04
3.770130E-01        -1.986834E-03        +2.233383E-04
3.766743E-01        -1.982322E-03        +2.228983E-04
3.763359E-01        -1.977813E-03        +2.224631E-04
3.759978E-01        -1.973300E-03        +2.220283E-04
3.756601E-01        -1.968840E-03        +2.215933E-04
3.753226E-01        -1.964332E-03        +2.211584E-04
3.749855E-01        -1.959821E-03        +2.207234E-04
3.746486E-01        -1.955360E-03        +2.202885E-04
3.743121E-01        -1.950901E-03        +2.198535E-04
3.739758E-01        -1.946440E-03        +2.194234E-04
3.736399E-01        -1.942030E-03        +2.189935E-04
3.733042E-01        -1.937621E-03        +2.185635E-04
3.729689E-01        -1.933162E-03        +2.181336E-04
3.726338E-01        -1.928750E-03        +2.177036E-04
3.722991E-01        -1.924343E-03        +2.172737E-04
3.719646E-01        -1.919931E-03        +2.168437E-04
3.716305E-01        -1.915572E-03        +2.164186E-04
3.712967E-01        -1.911213E-03        +2.159939E-04
3.709631E-01        -1.906853E-03        +2.155686E-04
3.706299E-01        -1.902446E-03        +2.151439E-04
3.702969E-01        -1.898082E-03        +2.147187E-04
3.699643E-01        -1.893775E-03        +2.142988E-04
3.696319E-01        -1.889416E-03        +2.138788E-04
3.692999E-01        -1.885058E-03        +2.134541E-04
3.689681E-01        -1.880746E-03        +2.130288E-04
3.686367E-01        -1.876440E-03        +2.126089E-04
3.683055E-01        -1.872128E-03        +2.121937E-04
3.679747E-01        -1.867822E-03        +2.117790E-04
3.676441E-01        -1.863511E-03        +2.113590E-04
3.673139E-01        -1.859253E-03        +2.109391E-04
3.669839E-01        -1.854994E-03        +2.105239E-04
3.666542E-01        -1.850735E-03        +2.101091E-04
3.663249E-01        -1.846478E-03        +2.096940E-04
3.659958E-01        -1.842219E-03        +2.092793E-04
3.656670E-01        -1.838008E-03        +2.088641E-04
3.653385E-01        -1.833802E-03        +2.084541E-04
3.650103E-01        -1.829544E-03        +2.080441E-04
3.646824E-01        -1.825334E-03        +2.076342E-04
3.643548E-01        -1.821128E-03        +2.072242E-04
3.640275E-01        -1.816918E-03        +2.068142E-04
3.637005E-01        -1.812760E-03        +2.064043E-04
3.633738E-01        -1.808602E-03        +2.059944E-04
3.630474E-01        -1.804445E-03        +2.055844E-04
3.627213E-01        -1.800287E-03        +2.051793E-04
3.623954E-01        -1.796129E-03        +2.047745E-04
3.620699E-01        -1.791972E-03        +2.043646E-04
3.617446E-01        -1.787814E-03        +2.039593E-04
3.614197E-01        -1.783705E-03        +2.035594E-04
3.610950E-01        -1.779599E-03        +2.031547E-04
3.607706E-01        -1.775441E-03        +2.027495E-04
3.604465E-01        -1.771331E-03        +2.023495E-04
3.601227E-01        -1.767274E-03        +2.019495E-04
3.597992E-01        -1.763169E-03        +2.015496E-04
3.594760E-01        -1.759060E-03        +2.011496E-04
3.591531E-01        -1.755003E-03        +2.007497E-04
3.588305E-01        -1.750946E-03        +2.003498E-04
3.585081E-01        -1.746889E-03        +1.999545E-04
3.581861E-01        -1.742833E-03        +1.995598E-04
3.578643E-01        -1.738775E-03        +1.991598E-04
3.575428E-01        -1.734766E-03        +1.987646E-04
3.572216E-01        -1.730761E-03        +1.983699E-04
3.569007E-01        -1.726752E-03        +1.979747E-04
3.565801E-01        -1.722748E-03        +1.975847E-04
3.562598E-01        -1.718739E-03        +1.971900E-04
3.559398E-01        -1.714783E-03        +1.967948E-04
3.556200E-01        -1.710779E-03        +1.964048E-04
3.553006E-01        -1.706771E-03        +1.960149E-04
3.549814E-01        -1.702814E-03        +1.956249E-04
3.546625E-01        -1.698857E-03        +1.952350E-04
3.543439E-01        -1.694901E-03        +1.948450E-04
3.540256E-01        -1.690945E-03        +1.944551E-04
3.537076E-01        -1.687037E-03        +1.940699E-04
3.533898E-01        -1.683133E-03        +1.936851E-04
3.530724E-01        -1.679177E-03        +1.932999E-04
3.527552E-01        -1.675269E-03        +1.929152E-04
3.524383E-01        -1.671366E-03        +1.925300E-04
3.521217E-01        -1.667457E-03        +1.921453E-04
3.518054E-01        -1.663601E-03        +1.917601E-04
3.514894E-01        -1.659746E-03        +1.913801E-04
3.511736E-01        -1.655843E-03        +1.910001E-04
3.508581E-01        -1.651934E-03        +1.906154E-04
3.505430E-01        -1.648080E-03        +1.902302E-04
3.502281E-01        -1.644271E-03        +1.898503E-04
3.499135E-01        -1.640469E-03        +1.894751E-04
3.495991E-01        -1.636613E-03        +1.891003E-04
3.492851E-01        -1.632758E-03        +1.887204E-04
3.489713E-01        -1.628950E-03        +1.883404E-04
3.486578E-01        -1.625147E-03        +1.879651E-04
3.483446E-01        -1.621340E-03        +1.875905E-04
3.480317E-01        -1.617538E-03        +1.872152E-04
3.477190E-01        -1.613729E-03        +1.868405E-04
3.474067E-01        -1.609975E-03        +1.864653E-04
3.470946E-01        -1.606220E-03        +1.860906E-04
3.467828E-01        -1.602465E-03        +1.857154E-04
3.464713E-01        -1.598710E-03        +1.853454E-04
3.461600E-01        -1.594955E-03        +1.849754E-04
3.458491E-01        -1.591201E-03        +1.846055E-04
3.455384E-01        -1.587446E-03        +1.842355E-04
3.452280E-01        -1.583692E-03        +1.838656E-04
3.449179E-01        -1.579985E-03        +1.834956E-04
3.446080E-01        -1.576283E-03        +1.831256E-04
3.442985E-01        -1.572576E-03        +1.827604E-04
3.439892E-01        -1.568875E-03        +1.823957E-04
3.436802E-01        -1.565168E-03        +1.820258E-04
3.433714E-01        -1.561513E-03        +1.816605E-04
3.430630E-01        -1.557860E-03        +1.812959E-04
3.427548E-01        -1.554205E-03        +1.809306E-04
3.424469E-01        -1.550551E-03        +1.805706E-04
3.421393E-01        -1.546897E-03        +1.802060E-04
3.418319E-01        -1.543243E-03        +1.798407E-04
3.415248E-01        -1.539589E-03        +1.794807E-04
3.412180E-01        -1.535935E-03        +1.791207E-04
3.409115E-01        -1.532282E-03        +1.787608E-04
3.406053E-01        -1.528676E-03        +1.784008E-04
3.402993E-01        -1.525075E-03        +1.780408E-04
3.399936E-01        -1.521468E-03        +1.776809E-04
3.396882E-01        -1.517915E-03        +1.773256E-04
3.393830E-01        -1.514314E-03        +1.769709E-04
3.390782E-01        -1.510708E-03        +1.766110E-04
3.387736E-01        -1.507155E-03        +1.762558E-04
3.384692E-01        -1.503601E-03        +1.759010E-04
3.381652E-01        -1.500048E-03        +1.755458E-04
3.378614E-01        -1.496495E-03        +1.751911E-04
3.375579E-01        -1.492942E-03        +1.748359E-04
3.372547E-01        -1.489389E-03        +1.744859E-04
3.369517E-01        -1.485836E-03        +1.741359E-04
3.366490E-01        -1.482329E-03        +1.737813E-04
3.363466E-01        -1.478830E-03        +1.734260E-04
3.360445E-01        -1.475325E-03        +1.730761E-04
3.357426E-01        -1.471825E-03        +1.727261E-04
3.354410E-01        -1.468319E-03        +1.723761E-04
3.351396E-01        -1.464866E-03        +1.720308E-04
3.348386E-01        -1.461414E-03        +1.716862E-04
3.345378E-01        -1.457914E-03        +1.713362E-04
3.342373E-01        -1.454409E-03        +1.709910E-04
3.339370E-01        -1.450955E-03        +1.706463E-04
3.336370E-01        -1.447503E-03        +1.702963E-04
3.333373E-01        -1.444051E-03        +1.699510E-04
3.330379E-01        -1.440646E-03        +1.696111E-04
3.327387E-01        -1.437246E-03        +1.692664E-04
3.324398E-01        -1.433794E-03        +1.689211E-04
3.321412E-01        -1.430389E-03        +1.685812E-04
3.318428E-01        -1.426990E-03        +1.682365E-04
3.315447E-01        -1.423585E-03        +1.678912E-04
3.312469E-01        -1.420187E-03        +1.675513E-04
3.309493E-01        -1.416781E-03        +1.672113E-04
3.306520E-01        -1.413428E-03        +1.668713E-04
3.303550E-01        -1.410030E-03        +1.665361E-04
3.300582E-01        -1.406625E-03        +1.662014E-04
3.297617E-01        -1.403273E-03        +1.658614E-04
3.294655E-01        -1.399922E-03        +1.655215E-04
3.291695E-01        -1.396570E-03        +1.651861E-04
3.288738E-01        -1.393218E-03        +1.648515E-04
3.285784E-01        -1.389914E-03        +1.645116E-04
3.282832E-01        -1.386616E-03        +1.641762E-04
3.279883E-01        -1.383264E-03        +1.638463E-04
3.276937E-01        -1.379960E-03        +1.635117E-04
3.273993E-01        -1.376662E-03        +1.631763E-04
3.271052E-01        -1.373357E-03        +1.628464E-04
3.268114E-01        -1.370060E-03        +1.625165E-04
3.265178E-01        -1.366755E-03        +1.621865E-04
3.262245E-01        -1.363504E-03        +1.618565E-04
3.259314E-01        -1.360253E-03        +1.615219E-04
3.256386E-01        -1.356955E-03        +1.611912E-04
3.253461E-01        -1.353697E-03        +1.608666E-04
3.250538E-01        -1.350453E-03        +1.605366E-04
3.247618E-01        -1.347195E-03        +1.602066E-04
3.244701E-01        -1.343999E-03        +1.598767E-04
3.241786E-01        -1.340748E-03        +1.595513E-04
3.238874E-01        -1.337497E-03        +1.592268E-04
3.235965E-01        -1.334293E-03        +1.589015E-04
3.233058E-01        -1.331096E-03        +1.585769E-04
3.230153E-01        -1.327845E-03        +1.582515E-04
3.227252E-01        -1.324641E-03        +1.579269E-04
3.224353E-01        -1.321491E-03        +1.576016E-04
3.221456E-01        -1.318294E-03        +1.572816E-04
3.218562E-01        -1.315090E-03        +1.569616E-04
3.215671E-01        -1.311940E-03        +1.566417E-04
3.212782E-01        -1.308789E-03        +1.563170E-04
3.209896E-01        -1.305639E-03        +1.559917E-04
3.207013E-01        -1.302490E-03        +1.556718E-04
3.204132E-01        -1.299339E-03        +1.553565E-04
3.201253E-01        -1.296189E-03        +1.550418E-04
3.198378E-01        -1.293039E-03        +1.547219E-04
3.195504E-01        -1.289888E-03        +1.544018E-04
3.192634E-01        -1.286786E-03        +1.540819E-04
3.189766E-01        -1.283690E-03        +1.537666E-04
3.186901E-01        -1.280587E-03        +1.534520E-04
3.184038E-01        -1.277490E-03        +1.531367E-04
3.181177E-01        -1.274386E-03        +1.528220E-04
3.178320E-01        -1.271291E-03        +1.525067E-04
3.175465E-01        -1.268188E-03        +1.521922E-04
3.172612E-01        -1.265138E-03        +1.518768E-04
3.169762E-01        -1.262088E-03        +1.515668E-04
3.166915E-01        -1.258993E-03        +1.512569E-04
3.164070E-01        -1.255890E-03        +1.509423E-04
3.161227E-01        -1.252839E-03        +1.506269E-04
3.158388E-01        -1.249791E-03        +1.503170E-04
3.155550E-01        -1.246787E-03        +1.500069E-04
3.152716E-01        -1.243793E-03        +1.497016E-04
3.149883E-01        -1.240743E-03        +1.493970E-04
3.147054E-01        -1.237694E-03        +1.490871E-04
3.144227E-01        -1.234691E-03        +1.487771E-04
3.141402E-01        -1.231695E-03        +1.484671E-04
3.138580E-01        -1.228692E-03        +1.481617E-04
3.135761E-01        -1.225698E-03        +1.478572E-04
3.132944E-01        -1.222694E-03        +1.475518E-04
3.130130E-01        -1.219746E-03        +1.472473E-04
3.127318E-01        -1.216751E-03        +1.469419E-04
3.124508E-01        -1.213748E-03        +1.466372E-04
3.121702E-01        -1.210800E-03        +1.463320E-04
3.118897E-01        -1.207850E-03        +1.460319E-04
3.116096E-01        -1.204903E-03        +1.457274E-04
3.113296E-01        -1.201953E-03        +1.454220E-04
3.110500E-01        -1.199005E-03        +1.451221E-04
3.107705E-01        -1.196102E-03        +1.448220E-04
3.104914E-01        -1.193209E-03        +1.445221E-04
3.102125E-01        -1.190260E-03        +1.442222E-04
3.099338E-01        -1.187311E-03        +1.439222E-04
3.096554E-01        -1.184409E-03        +1.436222E-04
3.093772E-01        -1.181514E-03        +1.433268E-04
3.090993E-01        -1.178612E-03        +1.430323E-04
3.088216E-01        -1.175764E-03        +1.427323E-04
3.085442E-01        -1.172870E-03        +1.424323E-04
3.082670E-01        -1.169968E-03        +1.421369E-04
3.079901E-01        -1.167120E-03        +1.418424E-04
3.077134E-01        -1.164225E-03        +1.415470E-04
3.074370E-01        -1.161324E-03        +1.412524E-04
3.071608E-01        -1.158476E-03        +1.409570E-04
3.068849E-01        -1.155628E-03        +1.406625E-04
3.066092E-01        -1.152825E-03        +1.403671E-04
3.063338E-01        -1.150032E-03        +1.400771E-04
3.060586E-01        -1.147184E-03        +1.397872E-04
3.057837E-01        -1.144337E-03        +1.394972E-04
3.055090E-01        -1.141535E-03        +1.392072E-04
3.052345E-01        -1.138741E-03        +1.389172E-04
3.049603E-01        -1.135893E-03        +1.386227E-04
3.046864E-01        -1.133092E-03        +1.383319E-04
3.044127E-01        -1.130299E-03        +1.380474E-04
3.041392E-01        -1.127497E-03        +1.377573E-04
3.038660E-01        -1.124749E-03        +1.374674E-04
3.035930E-01        -1.121955E-03        +1.371774E-04
3.033203E-01        -1.119154E-03        +1.368920E-04
3.030478E-01        -1.116407E-03        +1.366074E-04
3.027756E-01        -1.113660E-03        +1.363175E-04
3.025036E-01        -1.110912E-03        +1.360321E-04
3.022319E-01        -1.108166E-03        +1.357476E-04
3.019604E-01        -1.105418E-03        +1.354622E-04
3.016891E-01        -1.102671E-03        +1.351822E-04
3.014181E-01        -1.099924E-03        +1.348976E-04
3.011473E-01        -1.097222E-03        +1.346122E-04
3.008768E-01        -1.094530E-03        +1.343323E-04
3.006065E-01        -1.091783E-03        +1.340523E-04
3.003365E-01        -1.089082E-03        +1.337678E-04
3.000667E-01        -1.086389E-03        +1.334824E-04
2.997971E-01        -1.083687E-03        +1.332023E-04
2.995278E-01        -1.080995E-03        +1.329224E-04
2.992588E-01        -1.078294E-03        +1.326425E-04
2.989899E-01        -1.075601E-03        +1.323670E-04
2.987213E-01        -1.072900E-03        +1.320925E-04
2.984530E-01        -1.070254E-03        +1.318125E-04
2.981849E-01        -1.067607E-03        +1.315326E-04
2.979170E-01        -1.064960E-03        +1.312526E-04
2.976494E-01        -1.062315E-03        +1.309772E-04
2.973820E-01        -1.059668E-03        +1.307026E-04
2.971149E-01        -1.057021E-03        +1.304272E-04
2.968480E-01        -1.054375E-03        +1.301527E-04
2.965813E-01        -1.051728E-03        +1.298773E-04
2.963149E-01        -1.049127E-03        +1.296028E-04
2.960487E-01        -1.046536E-03        +1.293273E-04
2.957828E-01        -1.043890E-03        +1.290574E-04
2.955171E-01        -1.041289E-03        +1.287829E-04
2.952516E-01        -1.038697E-03        +1.285074E-04
2.949864E-01        -1.036096E-03        +1.282375E-04
2.947214E-01        -1.033504E-03        +1.279675E-04
2.944566E-01        -1.030903E-03        +1.276975E-04
2.941921E-01        -1.028357E-03        +1.274275E-04
2.939278E-01        -1.025766E-03        +1.271575E-04
2.936638E-01        -1.023166E-03        +1.268876E-04
2.934000E-01        -1.020620E-03        +1.266176E-04
2.931364E-01        -1.018073E-03        +1.263476E-04
2.928731E-01        -1.015527E-03        +1.260777E-04
2.926100E-01        -1.012981E-03        +1.258077E-04
2.923471E-01        -1.010435E-03        +1.255422E-04
2.920845E-01        -1.007890E-03        +1.252777E-04
2.918221E-01        -1.005344E-03        +1.250077E-04
2.915600E-01        -1.002844E-03        +1.247423E-04
2.912981E-01        -1.000353E-03        +1.244778E-04
2.910364E-01        -9.978070E-04        +1.242124E-04
2.907749E-01        -9.953060E-04        +1.239478E-04
2.905137E-01        -9.928150E-04        +1.236824E-04
2.902528E-01        -9.902700E-04        +1.234225E-04
2.899920E-01        -9.877689E-04        +1.231624E-04
2.897315E-01        -9.853232E-04        +1.228979E-04
2.894713E-01        -9.828333E-04        +1.226326E-04
2.892112E-01        -9.803327E-04        +1.223725E-04
2.889514E-01        -9.778870E-04        +1.221126E-04
2.886918E-01        -9.754414E-04        +1.218525E-04
2.884325E-01        -9.729513E-04        +1.215926E-04
2.881734E-01        -9.704513E-04        +1.213326E-04
2.879145E-01        -9.680058E-04        +1.210726E-04
2.876559E-01        -9.655604E-04        +1.208127E-04
2.873975E-01        -9.631603E-04        +1.205527E-04
2.871393E-01        -9.607516E-04        +1.202927E-04
2.868814E-01        -9.582938E-04        +1.200373E-04
2.866237E-01        -9.558691E-04        +1.197828E-04
2.863662E-01        -9.534482E-04        +1.195228E-04
2.861089E-01        -9.510324E-04        +1.192673E-04
2.858519E-01        -9.486219E-04        +1.190129E-04
2.855951E-01        -9.462164E-04        +1.187574E-04
2.853386E-01        -9.438167E-04        +1.185029E-04
2.850823E-01        -9.414266E-04        +1.182475E-04
2.848262E-01        -9.390414E-04        +1.179930E-04
2.845703E-01        -9.366557E-04        +1.177375E-04
2.843147E-01        -9.342758E-04        +1.174876E-04
2.840593E-01        -9.319056E-04        +1.172376E-04
2.838041E-01        -9.295361E-04        +1.169831E-04
2.835491E-01        -9.271698E-04        +1.167276E-04
2.832944E-01        -9.248152E-04        +1.164776E-04
2.830399E-01        -9.224603E-04        +1.162276E-04
2.827857E-01        -9.201106E-04        +1.159777E-04
2.825316E-01        -9.177697E-04        +1.157277E-04
2.822778E-01        -9.154349E-04        +1.154777E-04
2.820243E-01        -9.131008E-04        +1.152278E-04
2.817709E-01        -9.107701E-04        +1.149778E-04
2.815178E-01        -9.084500E-04        +1.147278E-04
2.812649E-01        -9.061351E-04        +1.144823E-04
2.810122E-01        -9.038200E-04        +1.142378E-04
2.807598E-01        -9.015101E-04        +1.139879E-04
2.805076E-01        -8.992104E-04        +1.137424E-04
2.802556E-01        -8.969160E-04        +1.134979E-04
2.800039E-01        -8.946218E-04        +1.132480E-04
2.797523E-01        -8.923313E-04        +1.130024E-04
2.795010E-01        -8.900471E-04        +1.127580E-04
2.792499E-01        -8.877667E-04        +1.125125E-04
2.789991E-01        -8.854973E-04        +1.122726E-04
2.787485E-01        -8.832334E-04        +1.120281E-04
2.784980E-01        -8.809677E-04        +1.117825E-04
2.782479E-01        -8.787086E-04        +1.115426E-04
2.779979E-01        -8.764539E-04        +1.112981E-04
2.777482E-01        -8.742044E-04        +1.110527E-04
2.774987E-01        -8.719647E-04        +1.108127E-04
2.772494E-01        -8.697257E-04        +1.105727E-04
2.770003E-01        -8.674900E-04        +1.103327E-04
2.767515E-01        -8.652660E-04        +1.100927E-04
2.765029E-01        -8.630419E-04        +1.098528E-04
2.762545E-01        -8.608219E-04        +1.096128E-04
2.760063E-01        -8.586078E-04        +1.093728E-04
2.757584E-01        -8.563984E-04        +1.091373E-04
2.755107E-01        -8.541942E-04        +1.089029E-04
2.752632E-01        -8.519904E-04        +1.086629E-04
2.750159E-01        -8.497904E-04        +1.084229E-04
2.747689E-01        -8.476010E-04        +1.081874E-04
2.745220E-01        -8.454166E-04        +1.079529E-04
2.742754E-01        -8.432373E-04        +1.077130E-04
2.740290E-01        -8.410634E-04        +1.074774E-04
2.737829E-01        -8.388898E-04        +1.072431E-04
2.735369E-01        -8.367194E-04        +1.070075E-04
2.732912E-01        -8.345603E-04        +1.067775E-04
2.730457E-01        -8.324065E-04        +1.065431E-04
2.728004E-01        -8.302525E-04        +1.063076E-04
2.725554E-01        -8.281037E-04        +1.060732E-04
2.723105E-01        -8.259639E-04        +1.058376E-04
2.720659E-01        -8.238258E-04        +1.056077E-04
2.718215E-01        -8.216910E-04        +1.053777E-04
2.715773E-01        -8.195626E-04        +1.051477E-04
2.713334E-01        -8.174382E-04        +1.049178E-04
2.710896E-01        -8.153195E-04        +1.046877E-04
2.708461E-01        -8.132003E-04        +1.044578E-04
2.706028E-01        -8.110910E-04        +1.042234E-04
2.703597E-01        -8.089871E-04        +1.039923E-04
2.701168E-01        -8.068831E-04        +1.037678E-04
2.698742E-01        -8.047842E-04        +1.035379E-04
2.696318E-01        -8.026951E-04        +1.033079E-04
2.693895E-01        -8.006106E-04        +1.030779E-04
2.691475E-01        -7.985267E-04        +1.028523E-04
2.689058E-01        -7.964481E-04        +1.026280E-04
2.686642E-01        -7.943744E-04        +1.023980E-04
2.684229E-01        -7.923060E-04        +1.021725E-04
2.681817E-01        -7.902416E-04        +1.019480E-04
2.679408E-01        -7.881823E-04        +1.017225E-04
2.677001E-01        -7.861285E-04        +1.014981E-04
2.674596E-01        -7.840750E-04        +1.012681E-04
2.672194E-01        -7.820267E-04        +1.010426E-04
2.669793E-01        -7.799869E-04        +1.008225E-04
2.667395E-01        -7.779538E-04        +1.005982E-04
2.664999E-01        -7.759207E-04        +1.003726E-04
2.662605E-01        -7.738913E-04        +1.001527E-04
2.660213E-01        -7.718674E-04        +9.993089E-05
2.657823E-01        -7.698438E-04        +9.970777E-05
2.655436E-01        -7.678299E-04        +9.948629E-05
2.653050E-01        -7.658212E-04        +9.926526E-05
2.650667E-01        -7.638125E-04        +9.904431E-05
2.648286E-01        -7.618094E-04        +9.882378E-05
2.645907E-01        -7.598104E-04        +9.860381E-05
2.643530E-01        -7.578215E-04        +9.838381E-05
2.641155E-01        -7.558330E-04        +9.816425E-05
2.638783E-01        -7.538490E-04        +9.794577E-05
2.636412E-01        -7.518709E-04        +9.772730E-05
2.634044E-01        -7.498922E-04        +9.750880E-05
2.631678E-01        -7.479236E-04        +9.729128E-05
2.629314E-01        -7.459603E-04        +9.707431E-05
2.626952E-01        -7.439970E-04        +9.685732E-05
2.624592E-01        -7.420374E-04        +9.664033E-05
2.622234E-01        -7.400838E-04        +9.642377E-05
2.619878E-01        -7.381347E-04        +9.620819E-05
2.617525E-01        -7.361917E-04        +9.599326E-05
2.615174E-01        -7.342487E-04        +9.577831E-05
2.612824E-01        -7.323092E-04        +9.556326E-05
2.610477E-01        -7.303804E-04        +9.534874E-05
2.608132E-01        -7.284571E-04        +9.513476E-05
2.605789E-01        -7.265338E-04        +9.492122E-05
2.603448E-01        -7.246147E-04        +9.470822E-05
2.601110E-01        -7.227025E-04        +9.449531E-05
2.598773E-01        -7.207889E-04        +9.428274E-05
2.596439E-01        -7.188804E-04        +9.407081E-05
2.594106E-01        -7.169810E-04        +9.385877E-05
2.591776E-01        -7.150835E-04        +9.364726E-05
2.589448E-01        -7.131893E-04        +9.343631E-05
2.587121E-01        -7.113008E-04        +9.322569E-05
2.584797E-01        -7.094124E-04        +9.301572E-05
2.582475E-01        -7.075335E-04        +9.280573E-05
2.580156E-01        -7.056609E-04        +9.259627E-05
2.577838E-01        -7.037875E-04        +9.238727E-05
2.575522E-01        -7.019182E-04        +9.217827E-05
2.573208E-01        -7.000551E-04        +9.196970E-05
2.570897E-01        -6.981967E-04        +9.176177E-05
2.568587E-01        -6.963429E-04        +9.155418E-05
2.566280E-01        -6.944900E-04        +9.134724E-05
2.563975E-01        -6.926413E-04        +9.114029E-05
2.561671E-01        -6.907978E-04        +9.093368E-05
2.559370E-01        -6.889591E-04        +9.072772E-05
2.557071E-01        -6.871258E-04        +9.052175E-05
2.554774E-01        -6.852931E-04        +9.031621E-05
2.552479E-01        -6.834642E-04        +9.011123E-05
2.550186E-01        -6.816408E-04        +8.990625E-05
2.547895E-01        -6.798218E-04        +8.970169E-05
2.545606E-01        -6.780083E-04        +8.949770E-05
2.543320E-01        -6.762004E-04        +8.929422E-05
2.541035E-01        -6.743969E-04        +8.909122E-05
2.538752E-01        -6.725933E-04        +8.888821E-05
2.536472E-01        -6.707953E-04        +8.868528E-05
2.534193E-01        -6.690017E-04        +8.848270E-05
2.531917E-01        -6.672131E-04        +8.828120E-05
2.529642E-01        -6.654298E-04        +8.807973E-05
2.527370E-01        -6.636469E-04        +8.787823E-05
2.525099E-01        -6.618674E-04        +8.767763E-05
2.522831E-01        -6.600948E-04        +8.747724E-05
2.520565E-01        -6.583262E-04        +8.727716E-05
2.518300E-01        -6.565578E-04        +8.707768E-05
2.516038E-01        -6.547935E-04        +8.687816E-05
2.513778E-01        -6.530403E-04        +8.667920E-05
2.511520E-01        -6.512876E-04        +8.648067E-05
2.509264E-01        -6.495344E-04        +8.628226E-05
2.507010E-01        -6.477855E-04        +8.608416E-05
2.504758E-01        -6.460466E-04        +8.588675E-05
2.502507E-01        -6.443081E-04        +8.568913E-05
2.500259E-01        -6.425741E-04        +8.549215E-05
2.498013E-01        -6.408465E-04        +8.529561E-05
2.495769E-01        -6.391174E-04        +8.509963E-05
2.493527E-01        -6.373946E-04        +8.490365E-05
2.491287E-01        -6.356757E-04        +8.470810E-05
2.489049E-01        -6.339623E-04        +8.451312E-05
2.486814E-01        -6.322541E-04        +8.431822E-05
2.484580E-01        -6.305506E-04        +8.412367E-05
2.482348E-01        -6.288473E-04        +8.392968E-05
2.480118E-01        -6.271439E-04        +8.373570E-05
2.477890E-01        -6.254497E-04        +8.354214E-05
2.475664E-01        -6.237620E-04        +8.334916E-05
2.473440E-01        -6.220729E-04        +8.315617E-05
2.471218E-01        -6.203896E-04        +8.296362E-05
2.468998E-01        -6.187105E-04        +8.277163E-05
2.466780E-01        -6.170372E-04        +8.257964E-05
2.464564E-01        -6.153637E-04        +8.238809E-05
2.462350E-01        -6.136948E-04        +8.219711E-05
2.460138E-01        -6.120313E-04        +8.200656E-05
2.457928E-01        -6.103681E-04        +8.181614E-05
2.455720E-01        -6.087090E-04        +8.162560E-05
2.453514E-01        -6.070557E-04        +8.143605E-05
2.451310E-01        -6.054067E-04        +8.124707E-05
2.449108E-01        -6.037635E-04        +8.105809E-05
2.446908E-01        -6.021245E-04        +8.086912E-05
2.444710E-01        -6.004869E-04        +8.068058E-05
2.442514E-01        -5.988518E-04        +8.049261E-05
2.440320E-01        -5.972242E-04        +8.030507E-05
2.438128E-01        -5.955954E-04        +8.011767E-05
2.435937E-01        -5.939714E-04        +7.993006E-05
2.433749E-01        -5.923526E-04        +7.974353E-05
2.431563E-01        -5.907390E-04        +7.955757E-05
2.429379E-01        -5.891258E-04        +7.937162E-05
2.427196E-01        -5.875164E-04        +7.918558E-05
2.425016E-01        -5.859129E-04        +7.900006E-05
2.422837E-01        -5.843134E-04        +7.881503E-05
2.420661E-01        -5.827204E-04        +7.863052E-05
2.418486E-01        -5.811262E-04        +7.844607E-05
2.416314E-01        -5.795332E-04        +7.826157E-05
2.414143E-01        -5.779440E-04        +7.807799E-05
2.411975E-01        -5.763650E-04        +7.789506E-05
2.409808E-01        -5.747866E-04        +7.771205E-05
2.407643E-01        -5.732116E-04        +7.752905E-05
2.405480E-01        -5.716439E-04        +7.734649E-05
2.403319E-01        -5.700743E-04        +7.716450E-05
2.401160E-01        -5.685104E-04        +7.698251E-05
2.399003E-01        -5.669466E-04        +7.680096E-05
2.396848E-01        -5.653875E-04        +7.661998E-05
2.394695E-01        -5.638386E-04        +7.643901E-05
2.392544E-01        -5.622906E-04        +7.625848E-05
2.390395E-01        -5.607413E-04        +7.607851E-05
2.388247E-01        -5.591970E-04        +7.589848E-05
2.386102E-01        -5.576577E-04        +7.571896E-05
2.383959E-01        -5.561242E-04        +7.554002E-05
2.381817E-01        -5.545943E-04        +7.536100E-05
2.379677E-01        -5.530659E-04        +7.518241E-05
2.377540E-01        -5.515412E-04        +7.500449E-05
2.375404E-01        -5.500229E-04        +7.482649E-05
2.373270E-01        -5.485032E-04        +7.464850E-05
2.371138E-01        -5.469893E-04        +7.447094E-05
2.369008E-01        -5.454798E-04        +7.429439E-05
2.366880E-01        -5.439717E-04        +7.411799E-05
2.364754E-01        -5.424666E-04        +7.394145E-05
2.362629E-01        -5.409680E-04        +7.376541E-05
2.360507E-01        -5.394687E-04        +7.358946E-05
2.358387E-01        -5.379752E-04        +7.341395E-05
2.356268E-01        -5.364849E-04        +7.323893E-05
2.354151E-01        -5.350002E-04        +7.306435E-05
2.352037E-01        -5.335169E-04        +7.289000E-05
2.349924E-01        -5.320373E-04        +7.271586E-05
2.347813E-01        -5.305634E-04        +7.254245E-05
2.345704E-01        -5.290935E-04        +7.236890E-05
2.343596E-01        -5.276242E-04        +7.219585E-05
2.341491E-01        -5.261548E-04        +7.202289E-05
2.339388E-01        -5.246951E-04        +7.184994E-05
2.337286E-01        -5.232403E-04        +7.167735E-05
2.335187E-01        -5.217869E-04        +7.150542E-05
2.333089E-01        -5.203324E-04        +7.133384E-05
2.330993E-01        -5.188822E-04        +7.116285E-05
2.328899E-01        -5.174379E-04        +7.099186E-05
2.326807E-01        -5.159978E-04        +7.082088E-05
2.324717E-01        -5.145594E-04        +7.065035E-05
2.322628E-01        -5.131230E-04        +7.048031E-05
2.320542E-01        -5.116948E-04        +7.031079E-05
2.318457E-01        -5.102643E-04        +7.014134E-05
2.316375E-01        -5.088405E-04        +6.997185E-05
2.314294E-01        -5.074203E-04        +6.980285E-05
2.312215E-01        -5.060017E-04        +6.963429E-05
2.310138E-01        -5.045854E-04        +6.946632E-05
2.308063E-01        -5.031769E-04        +6.929835E-05
2.305989E-01        -5.017664E-04        +6.913074E-05
2.303918E-01        -5.003619E-04        +6.896337E-05
2.301848E-01        -4.989611E-04        +6.879622E-05
2.299780E-01        -4.975622E-04        +6.862979E-05
2.297714E-01        -4.961664E-04        +6.846323E-05
2.295650E-01        -4.947774E-04        +6.829725E-05
2.293588E-01        -4.933869E-04        +6.813128E-05
2.291528E-01        -4.920023E-04        +6.796575E-05
2.289469E-01        -4.906214E-04        +6.780031E-05
2.287412E-01        -4.892463E-04        +6.763515E-05
2.285358E-01        -4.878720E-04        +6.747080E-05
2.283305E-01        -4.864971E-04        +6.730624E-05
2.281254E-01        -4.851266E-04        +6.714227E-05
2.279204E-01        -4.837612E-04        +6.697823E-05
2.277157E-01        -4.824009E-04        +6.681471E-05
2.275111E-01        -4.810415E-04        +6.665169E-05
2.273067E-01        -4.796850E-04        +6.648869E-05
2.271026E-01        -4.783365E-04        +6.632621E-05
2.268985E-01        -4.769849E-04        +6.616415E-05
2.266947E-01        -4.756396E-04        +6.600219E-05
2.264911E-01        -4.742950E-04        +6.584066E-05
2.262876E-01        -4.729542E-04        +6.567922E-05
2.260843E-01        -4.716187E-04        +6.551765E-05
2.258812E-01        -4.702875E-04        +6.535708E-05
2.256783E-01        -4.689585E-04        +6.519668E-05
2.254756E-01        -4.676276E-04        +6.503615E-05
2.252730E-01        -4.663061E-04        +6.487655E-05
2.250707E-01        -4.649870E-04        +6.471719E-05
2.248685E-01        -4.636657E-04        +6.455762E-05
2.246665E-01        -4.623546E-04        +6.439864E-05
2.244647E-01        -4.610451E-04        +6.424009E-05
2.242630E-01        -4.597337E-04        +6.408164E-05
2.240616E-01        -4.584286E-04        +6.392312E-05
2.238603E-01        -4.571274E-04        +6.376512E-05
2.236592E-01        -4.558315E-04        +6.360756E-05
2.234583E-01        -4.545357E-04        +6.345059E-05
2.232575E-01        -4.532399E-04        +6.329355E-05
2.230570E-01        -4.519492E-04        +6.313661E-05
2.228566E-01        -4.506631E-04        +6.298003E-05
2.226564E-01        -4.493815E-04        +6.282405E-05
2.224564E-01        -4.481015E-04        +6.266807E-05
2.222566E-01        -4.468201E-04        +6.251254E-05
2.220569E-01        -4.455481E-04        +6.235752E-05
2.218574E-01        -4.442779E-04        +6.220252E-05
2.216581E-01        -4.430062E-04        +6.204753E-05
2.214590E-01        -4.417447E-04        +6.189299E-05
2.212601E-01        -4.404849E-04        +6.173903E-05
2.210613E-01        -4.392230E-04        +6.158502E-05
2.208627E-01        -4.379670E-04        +6.143144E-05
2.206643E-01        -4.367149E-04        +6.127846E-05
2.204661E-01        -4.354686E-04        +6.112550E-05
2.202680E-01        -4.342224E-04        +6.097247E-05
2.200702E-01        -4.329766E-04        +6.081996E-05
2.198725E-01        -4.317343E-04        +6.066797E-05
2.196750E-01        -4.304985E-04        +6.051600E-05
2.194776E-01        -4.292660E-04        +6.036397E-05
2.192805E-01        -4.280357E-04        +6.021245E-05
2.190835E-01        -4.268035E-04        +6.006145E-05
2.188867E-01        -4.255767E-04        +5.991089E-05
2.186901E-01        -4.243546E-04        +5.976051E-05
2.184936E-01        -4.231381E-04        +5.960991E-05
2.182973E-01        -4.219214E-04        +5.945990E-05
2.181012E-01        -4.207051E-04        +5.931034E-05
2.179053E-01        -4.194926E-04        +5.916137E-05
2.177096E-01        -4.182860E-04        +5.901242E-05
2.175140E-01        -4.170790E-04        +5.886342E-05
2.173186E-01        -4.158767E-04        +5.871485E-05
2.171234E-01        -4.146805E-04        +5.856646E-05
2.169283E-01        -4.134833E-04        +5.841785E-05
2.167335E-01        -4.122911E-04        +5.827034E-05
2.165388E-01        -4.110999E-04        +5.812335E-05
2.163442E-01        -4.099068E-04        +5.797589E-05
2.161499E-01        -4.087240E-04        +5.782877E-05
2.159557E-01        -4.075421E-04        +5.768235E-05
2.157617E-01        -4.063594E-04        +5.753578E-05
2.155679E-01        -4.051869E-04        +5.738981E-05
2.153743E-01        -4.040156E-04        +5.724386E-05
2.151808E-01        -4.028422E-04        +5.709827E-05
2.149875E-01        -4.016753E-04        +5.695329E-05
2.147944E-01        -4.005124E-04        +5.680832E-05
2.146014E-01        -3.993504E-04        +5.666330E-05
2.144086E-01        -3.981872E-04        +5.651872E-05
2.142160E-01        -3.970340E-04        +5.637474E-05
2.140236E-01        -3.958827E-04        +5.623078E-05
2.138313E-01        -3.947287E-04        +5.608677E-05
2.136392E-01        -3.935812E-04        +5.594319E-05
2.134473E-01        -3.924382E-04        +5.580021E-05
2.132556E-01        -3.912964E-04        +5.565726E-05
2.130640E-01        -3.901525E-04        +5.551467E-05
2.128726E-01        -3.890188E-04        +5.537268E-05
2.126814E-01        -3.878873E-04        +5.523072E-05
2.124903E-01        -3.867539E-04        +5.508870E-05
2.122994E-01        -3.856259E-04        +5.494712E-05
2.121087E-01        -3.844981E-04        +5.480614E-05
2.119182E-01        -3.833742E-04        +5.466519E-05
2.117278E-01        -3.822555E-04        +5.452418E-05
2.115376E-01        -3.811376E-04        +5.438361E-05
2.113476E-01        -3.800241E-04        +5.424364E-05
2.111577E-01        -3.789160E-04        +5.410362E-05
2.109680E-01        -3.778076E-04        +5.396363E-05
2.107785E-01        -3.766992E-04        +5.382407E-05
2.105892E-01        -3.755953E-04        +5.368512E-05
2.104000E-01        -3.744967E-04        +5.354611E-05
2.102110E-01        -3.733984E-04        +5.340755E-05
2.100222E-01        -3.723002E-04        +5.326959E-05
2.098335E-01        -3.712058E-04        +5.313158E-05
2.096450E-01        -3.701169E-04        +5.299359E-05
2.094567E-01        -3.690286E-04        +5.285562E-05
2.092685E-01        -3.679442E-04        +5.271802E-05
2.090805E-01        -3.668652E-04        +5.258103E-05
2.088927E-01        -3.657865E-04        +5.244447E-05
2.087051E-01        -3.647079E-04        +5.230811E-05
2.085176E-01        -3.636330E-04        +5.217152E-05
2.083303E-01        -3.625642E-04        +5.203555E-05
2.081431E-01        -3.614950E-04        +5.189994E-05
2.079561E-01        -3.604260E-04        +5.176452E-05
2.077693E-01        -3.593613E-04        +5.162896E-05
2.075827E-01        -3.583027E-04        +5.149400E-05
2.073962E-01        -3.572432E-04        +5.135900E-05
2.072099E-01        -3.561879E-04        +5.122443E-05
2.070238E-01        -3.551393E-04        +5.109047E-05
2.068378E-01        -3.540898E-04        +5.095647E-05
2.066520E-01        -3.530404E-04        +5.082290E-05
2.064663E-01        -3.519948E-04        +5.068945E-05
2.062809E-01        -3.509558E-04        +5.055593E-05
2.060956E-01        -3.499165E-04        +5.042295E-05
2.059104E-01        -3.488762E-04        +5.029033E-05
2.057255E-01        -3.478413E-04        +5.015798E-05
2.055406E-01        -3.468115E-04        +5.002534E-05
2.053560E-01        -3.457818E-04        +4.989339E-05
2.051715E-01        -3.447518E-04        +4.976179E-05
2.049872E-01        -3.437261E-04        +4.963081E-05
2.048031E-01        -3.427064E-04        +4.949986E-05
2.046191E-01        -3.416864E-04        +4.936886E-05
2.044353E-01        -3.406707E-04        +4.923788E-05
2.042516E-01        -3.396605E-04        +4.910727E-05
2.040682E-01        -3.386506E-04        +4.897734E-05
2.038848E-01        -3.376397E-04        +4.884729E-05
2.037017E-01        -3.366301E-04        +4.871734E-05
2.035187E-01        -3.356238E-04        +4.858776E-05
2.033359E-01        -3.346235E-04        +4.845879E-05
2.031532E-01        -3.336271E-04        +4.832977E-05
2.029707E-01        -3.326324E-04        +4.820120E-05
2.027884E-01        -3.316364E-04        +4.807282E-05
2.026062E-01        -3.306458E-04        +4.794422E-05
2.024242E-01        -3.296555E-04        +4.781624E-05
2.022424E-01        -3.286689E-04        +4.768869E-05
2.020607E-01        -3.276879E-04        +4.756169E-05
2.018792E-01        -3.267071E-04        +4.743430E-05
2.016978E-01        -3.257259E-04        +4.730669E-05
2.015166E-01        -3.247491E-04        +4.718011E-05
2.013356E-01        -3.237742E-04        +4.705414E-05
2.011548E-01        -3.228018E-04        +4.692819E-05
2.009741E-01        -3.218368E-04        +4.680221E-05
2.007935E-01        -3.208656E-04        +4.667618E-05
2.006131E-01        -3.198983E-04        +4.655058E-05
2.004329E-01        -3.189368E-04        +4.642519E-05
2.002529E-01        -3.179803E-04        +4.630006E-05
2.000730E-01        -3.170248E-04        +4.617566E-05
1.998933E-01        -3.160676E-04        +4.605110E-05
1.997137E-01        -3.151161E-04        +4.592668E-05
1.995343E-01        -3.141684E-04        +4.580252E-05
1.993550E-01        -3.132225E-04        +4.567908E-05
1.991760E-01        -3.122757E-04        +4.555515E-05
1.989970E-01        -3.113334E-04        +4.543152E-05
1.988183E-01        -3.103918E-04        +4.530858E-05
1.986397E-01        -3.094540E-04        +4.518600E-05
1.984612E-01        -3.085218E-04        +4.506356E-05
1.982829E-01        -3.075898E-04        +4.494097E-05
1.981048E-01        -3.066580E-04        +4.481900E-05
1.979269E-01        -3.057264E-04        +4.469705E-05
1.977491E-01        -3.047982E-04        +4.457547E-05
1.975714E-01        -3.038754E-04        +4.445404E-05
1.973939E-01        -3.029575E-04        +4.433245E-05
1.972166E-01        -3.020412E-04        +4.421188E-05
1.970395E-01        -3.011231E-04        +4.409153E-05
1.968624E-01        -3.002103E-04        +4.397088E-05
1.966856E-01        -2.992980E-04        +4.385093E-05
1.965089E-01        -2.983856E-04        +4.373093E-05
1.963324E-01        -2.974769E-04        +4.361096E-05
1.961560E-01        -2.965739E-04        +4.349136E-05
1.959798E-01        -2.956710E-04        +4.337197E-05
1.958038E-01        -2.947728E-04        +4.325283E-05
1.956279E-01        -2.938764E-04        +4.313443E-05
1.954521E-01        -2.929768E-04        +4.301540E-05
1.952766E-01        -2.920837E-04        +4.289687E-05
1.951011E-01        -2.911945E-04        +4.277883E-05
1.949259E-01        -2.903078E-04        +4.266129E-05
1.947508E-01        -2.894186E-04        +4.254390E-05
1.945758E-01        -2.885348E-04        +4.242628E-05
1.944010E-01        -2.876519E-04        +4.230929E-05
1.942264E-01        -2.867728E-04        +4.219232E-05
1.940519E-01        -2.858951E-04        +4.207532E-05
1.938776E-01        -2.850200E-04        +4.195875E-05
1.937034E-01        -2.841519E-04        +4.184274E-05
1.935294E-01        -2.832784E-04        +4.172675E-05
1.933556E-01        -2.824094E-04        +4.161080E-05
1.931819E-01        -2.815455E-04        +4.149521E-05
1.930083E-01        -2.806812E-04        +4.138018E-05
1.928350E-01        -2.798177E-04        +4.126525E-05
1.926617E-01        -2.789575E-04        +4.115021E-05
1.924887E-01        -2.781040E-04        +4.103568E-05
1.923157E-01        -2.772492E-04        +4.092123E-05
1.921430E-01        -2.763950E-04        +4.080669E-05
1.919704E-01        -2.755411E-04        +4.069311E-05
1.917979E-01        -2.746906E-04        +4.057968E-05
1.916256E-01        -2.738461E-04        +4.046609E-05
1.914535E-01        -2.730020E-04        +4.035272E-05
1.912815E-01        -2.721615E-04        +4.023954E-05
1.911097E-01        -2.713232E-04        +4.012716E-05
1.909380E-01        -2.704822E-04        +4.001457E-05
1.907665E-01        -2.696474E-04        +3.990219E-05
1.905951E-01        -2.688164E-04        +3.978958E-05
1.904239E-01        -2.679879E-04        +3.967801E-05
1.902528E-01        -2.671575E-04        +3.956659E-05
1.900819E-01        -2.663322E-04        +3.945501E-05
1.899112E-01        -2.655069E-04        +3.934406E-05
1.897406E-01        -2.646820E-04        +3.923307E-05
1.895701E-01        -2.638609E-04        +3.912204E-05
1.893998E-01        -2.630455E-04        +3.901146E-05
1.892297E-01        -2.622302E-04        +3.890149E-05
1.890597E-01        -2.614152E-04        +3.879150E-05
1.888899E-01        -2.606041E-04        +3.868153E-05
1.887202E-01        -2.597941E-04        +3.857153E-05
1.885507E-01        -2.589828E-04        +3.846197E-05
1.883813E-01        -2.581773E-04        +3.835296E-05
1.882121E-01        -2.573756E-04        +3.824399E-05
1.880430E-01        -2.565755E-04        +3.813539E-05
1.878741E-01        -2.557737E-04        +3.802701E-05
1.877053E-01        -2.549777E-04        +3.791840E-05
1.875367E-01        -2.541818E-04        +3.781043E-05
1.873682E-01        -2.533898E-04        +3.770242E-05
1.871999E-01        -2.526039E-04        +3.759484E-05
1.870317E-01        -2.518174E-04        +3.748743E-05
1.868637E-01        -2.510310E-04        +3.737985E-05
1.866958E-01        -2.502445E-04        +3.727284E-05
1.865281E-01        -2.494580E-04        +3.716626E-05
1.863606E-01        -2.486760E-04        +3.705990E-05
1.861932E-01        -2.478996E-04        +3.695332E-05
1.860259E-01        -2.471230E-04        +3.684731E-05
1.858588E-01        -2.463502E-04        +3.674133E-05
1.856918E-01        -2.455791E-04        +3.663571E-05
1.855250E-01        -2.448062E-04        +3.653073E-05
1.853584E-01        -2.440396E-04        +3.642578E-05
1.851918E-01        -2.432722E-04        +3.632073E-05
1.850255E-01        -2.425096E-04        +3.621578E-05
1.848593E-01        -2.417487E-04        +3.611080E-05
1.846932E-01        -2.409852E-04        +3.600619E-05
1.845273E-01        -2.402278E-04        +3.590221E-05
1.843615E-01        -2.394703E-04        +3.579819E-05
1.841959E-01        -2.387168E-04        +3.569462E-05
1.840305E-01        -2.379698E-04        +3.559127E-05
1.838651E-01        -2.372179E-04        +3.548763E-05
1.837000E-01        -2.364649E-04        +3.538468E-05
1.835350E-01        -2.357211E-04        +3.528210E-05
1.833701E-01        -2.349790E-04        +3.517969E-05
1.832054E-01        -2.342352E-04        +3.507712E-05
1.830408E-01        -2.334972E-04        +3.497512E-05
1.828763E-01        -2.327589E-04        +3.487308E-05
1.827121E-01        -2.320214E-04        +3.477114E-05
1.825479E-01        -2.312871E-04        +3.466951E-05
1.823839E-01        -2.305588E-04        +3.456811E-05
1.822201E-01        -2.298264E-04        +3.446655E-05
1.820564E-01        -2.290924E-04        +3.436595E-05
1.818929E-01        -2.283683E-04        +3.426559E-05
1.817295E-01        -2.276454E-04        +3.416500E-05
1.815662E-01        -2.269206E-04        +3.406458E-05
1.814031E-01        -2.262023E-04        +3.396399E-05
1.812402E-01        -2.254836E-04        +3.386443E-05
1.810774E-01        -2.247647E-04        +3.376505E-05
1.809147E-01        -2.240497E-04        +3.366544E-05
1.807522E-01        -2.233408E-04        +3.356646E-05
1.805898E-01        -2.226278E-04        +3.346745E-05
1.804276E-01        -2.219169E-04        +3.336848E-05
1.802655E-01        -2.212139E-04        +3.326988E-05
1.801036E-01        -2.205048E-04        +3.317151E-05
1.799418E-01        -2.197992E-04        +3.307291E-05
1.797801E-01        -2.190996E-04        +3.297489E-05
1.796186E-01        -2.184001E-04        +3.287730E-05
1.794573E-01        -2.177010E-04        +3.277994E-05
1.792961E-01        -2.170051E-04        +3.268235E-05
1.791350E-01        -2.163154E-04        +3.258534E-05
1.789741E-01        -2.156222E-04        +3.248836E-05
1.788133E-01        -2.149261E-04        +3.239136E-05
1.786527E-01        -2.142403E-04        +3.229479E-05
1.784922E-01        -2.135563E-04        +3.219879E-05
1.783318E-01        -2.128697E-04        +3.210276E-05
1.781716E-01        -2.121892E-04        +3.200677E-05
1.780116E-01        -2.115095E-04        +3.191081E-05
1.778517E-01        -2.108292E-04        +3.181523E-05
1.776919E-01        -2.101485E-04        +3.172022E-05
1.775323E-01        -2.094723E-04        +3.162524E-05
1.773728E-01        -2.088017E-04        +3.153024E-05
1.772135E-01        -2.081275E-04        +3.143527E-05
1.770543E-01        -2.074545E-04        +3.134067E-05
1.768952E-01        -2.067894E-04        +3.124665E-05
1.767363E-01        -2.061229E-04        +3.115267E-05
1.765776E-01        -2.054588E-04        +3.105871E-05
1.764189E-01        -2.047915E-04        +3.096507E-05
1.762605E-01        -2.041305E-04        +3.087173E-05
1.761021E-01        -2.034727E-04        +3.077810E-05
1.759439E-01        -2.028178E-04        +3.068511E-05
1.757859E-01        -2.021606E-04        +3.059215E-05
1.756280E-01        -2.015091E-04        +3.049956E-05
1.754702E-01        -2.008577E-04        +3.040716E-05
1.753126E-01        -2.002063E-04        +3.031458E-05
1.751551E-01        -1.995549E-04        +3.022258E-05
1.749977E-01        -1.989067E-04        +3.013095E-05
1.748405E-01        -1.982612E-04        +3.003957E-05
1.746835E-01        -1.976141E-04        +2.994801E-05
1.745265E-01        -1.969758E-04        +2.985697E-05
1.743698E-01        -1.963402E-04        +2.976603E-05
1.742131E-01        -1.956976E-04        +2.967500E-05
1.740566E-01        -1.950590E-04        +2.958401E-05
1.739003E-01        -1.944273E-04        +2.949345E-05
1.737440E-01        -1.937947E-04        +2.940341E-05
1.735880E-01        -1.931624E-04        +2.931346E-05
1.734320E-01        -1.925342E-04        +2.922343E-05
1.732762E-01        -1.919079E-04        +2.913384E-05
1.731206E-01        -1.912791E-04        +2.904448E-05
1.729651E-01        -1.906563E-04        +2.895490E-05
1.728097E-01        -1.900336E-04        +2.886589E-05
1.726544E-01        -1.894110E-04        +2.877687E-05
1.724993E-01        -1.887920E-04        +2.868827E-05
1.723444E-01        -1.881754E-04        +2.859992E-05
1.721896E-01        -1.875561E-04        +2.851133E-05
1.720349E-01        -1.869425E-04        +2.842333E-05
1.718803E-01        -1.863293E-04        +2.833530E-05
1.717259E-01        -1.857203E-04        +2.824771E-05
1.715717E-01        -1.851133E-04        +2.816075E-05
1.714176E-01        -1.845038E-04        +2.807338E-05
1.712636E-01        -1.839004E-04        +2.798578E-05
1.711097E-01        -1.832963E-04        +2.789876E-05
1.709560E-01        -1.826928E-04        +2.781217E-05
1.708024E-01        -1.820932E-04        +2.772576E-05
1.706490E-01        -1.814955E-04        +2.763919E-05
1.704957E-01        -1.808955E-04        +2.755319E-05
1.703425E-01        -1.803014E-04        +2.746718E-05
1.701895E-01        -1.797074E-04        +2.738159E-05
1.700366E-01        -1.791130E-04        +2.729620E-05
1.698839E-01        -1.785229E-04        +2.721063E-05
1.697313E-01        -1.779347E-04        +2.712564E-05
1.695788E-01        -1.773442E-04        +2.704063E-05
1.694265E-01        -1.767599E-04        +2.695566E-05
1.692743E-01        -1.761753E-04        +2.687106E-05
1.691222E-01        -1.755906E-04        +2.678666E-05
1.689703E-01        -1.750100E-04        +2.670207E-05
1.688185E-01        -1.744312E-04        +2.661807E-05
1.686669E-01        -1.738505E-04        +2.653450E-05
1.685153E-01        -1.732753E-04        +2.645107E-05
1.683640E-01        -1.727006E-04        +2.636752E-05
1.682127E-01        -1.721292E-04        +2.628449E-05
1.680616E-01        -1.715602E-04        +2.620151E-05
1.679106E-01        -1.709888E-04        +2.611850E-05
1.677598E-01        -1.704236E-04        +2.603553E-05
1.676091E-01        -1.698582E-04        +2.595293E-05
1.674585E-01        -1.692926E-04        +2.587092E-05
1.673081E-01        -1.687272E-04        +2.578894E-05
1.671578E-01        -1.681616E-04        +2.570695E-05
1.670076E-01        -1.675997E-04        +2.562493E-05
1.668576E-01        -1.670440E-04        +2.554335E-05
1.667077E-01        -1.664881E-04        +2.546196E-05
1.665580E-01        -1.659324E-04        +2.538039E-05
1.664083E-01        -1.653760E-04        +2.529936E-05
1.662589E-01        -1.648242E-04        +2.521880E-05
1.661095E-01        -1.642739E-04        +2.513839E-05
1.659603E-01        -1.637216E-04        +2.505780E-05
1.658112E-01        -1.631753E-04        +2.497780E-05
1.656622E-01        -1.626287E-04        +2.489778E-05
1.655134E-01        -1.620823E-04        +2.481780E-05
1.653647E-01        -1.615396E-04        +2.473780E-05
1.652162E-01        -1.609992E-04        +2.465822E-05
1.650678E-01        -1.604564E-04        +2.457885E-05
1.649195E-01        -1.599195E-04        +2.449924E-05
1.647714E-01        -1.593828E-04        +2.442066E-05
1.646233E-01        -1.588456E-04        +2.434224E-05
1.644754E-01        -1.583124E-04        +2.426324E-05
1.643277E-01        -1.577815E-04        +2.418466E-05
1.641801E-01        -1.572483E-04        +2.410668E-05
1.640326E-01        -1.567210E-04        +2.402868E-05
1.638852E-01        -1.561935E-04        +2.395066E-05
1.637380E-01        -1.556661E-04        +2.387307E-05
1.635909E-01        -1.551386E-04        +2.379568E-05
1.634440E-01        -1.546151E-04        +2.371811E-05
1.632972E-01        -1.540936E-04        +2.364113E-05
1.631505E-01        -1.535697E-04        +2.356413E-05
1.630039E-01        -1.530518E-04        +2.348712E-05
1.628575E-01        -1.525339E-04        +2.341053E-05
1.627112E-01        -1.520160E-04        +2.333453E-05
1.625650E-01        -1.515017E-04        +2.325814E-05
1.624190E-01        -1.509898E-04        +2.318155E-05
1.622731E-01        -1.504755E-04        +2.310595E-05
1.621273E-01        -1.499670E-04        +2.303055E-05
1.619817E-01        -1.494588E-04        +2.295497E-05
1.618361E-01        -1.489501E-04        +2.287954E-05
1.616908E-01        -1.484418E-04        +2.280398E-05
1.615455E-01        -1.479369E-04        +2.272896E-05
1.614004E-01        -1.474383E-04        +2.265437E-05
1.612554E-01        -1.469356E-04        +2.257998E-05
1.611105E-01        -1.464305E-04        +2.250535E-05
1.609658E-01        -1.459316E-04        +2.243137E-05
1.608212E-01        -1.454364E-04        +2.235738E-05
1.606768E-01        -1.449437E-04        +2.228342E-05
1.605324E-01        -1.444482E-04        +2.220940E-05
1.603882E-01        -1.439552E-04        +2.213580E-05
1.602441E-01        -1.434596E-04        +2.206241E-05
1.601002E-01        -1.429704E-04        +2.198883E-05
1.599564E-01        -1.424810E-04        +2.191584E-05
1.598127E-01        -1.419952E-04        +2.184323E-05
1.596691E-01        -1.415117E-04        +2.177084E-05
1.595257E-01        -1.410259E-04        +2.169825E-05
1.593824E-01        -1.405422E-04        +2.162587E-05
1.592392E-01        -1.400562E-04        +2.155325E-05
1.590961E-01        -1.395760E-04        +2.148123E-05
1.589532E-01        -1.390960E-04        +2.140963E-05
1.588104E-01        -1.386198E-04        +2.133825E-05
1.586678E-01        -1.381459E-04        +2.126667E-05
1.585252E-01        -1.376693E-04        +2.119565E-05
1.583828E-01        -1.371951E-04        +2.112466E-05
1.582406E-01        -1.367188E-04        +2.105370E-05
1.580984E-01        -1.362481E-04        +2.098268E-05
1.579564E-01        -1.357777E-04        +2.091209E-05
1.578145E-01        -1.353109E-04        +2.084171E-05
1.576727E-01        -1.348462E-04        +2.077108E-05
1.575311E-01        -1.343793E-04        +2.070111E-05
1.573896E-01        -1.339185E-04        +2.063112E-05
1.572482E-01        -1.334536E-04        +2.056151E-05
1.571069E-01        -1.329863E-04        +2.049211E-05
1.569658E-01        -1.325291E-04        +2.042252E-05
1.568248E-01        -1.320741E-04        +2.035352E-05
1.566839E-01        -1.316127E-04        +2.028452E-05
1.565432E-01        -1.311553E-04        +2.021555E-05
1.564025E-01        -1.307036E-04        +2.014691E-05
1.562620E-01        -1.302521E-04        +2.007853E-05
1.561217E-01        -1.298008E-04        +2.000995E-05
1.559814E-01        -1.293490E-04        +1.994194E-05
1.558413E-01        -1.288973E-04        +1.987395E-05
1.557013E-01        -1.284454E-04        +1.980596E-05
1.555614E-01        -1.279973E-04        +1.973795E-05
1.554217E-01        -1.275554E-04        +1.967036E-05
1.552821E-01        -1.271134E-04        +1.960337E-05
1.551426E-01        -1.266713E-04        +1.953638E-05
1.550032E-01        -1.262289E-04        +1.946937E-05
1.548640E-01        -1.257868E-04        +1.940239E-05
1.547249E-01        -1.253445E-04        +1.933541E-05
1.545859E-01        -1.249058E-04        +1.926879E-05
1.544470E-01        -1.244732E-04        +1.920279E-05
1.543082E-01        -1.240366E-04        +1.913676E-05
1.541696E-01        -1.235978E-04        +1.907078E-05
1.540311E-01        -1.231650E-04        +1.900478E-05
1.538928E-01        -1.227362E-04        +1.893882E-05
1.537545E-01        -1.223093E-04        +1.887318E-05
1.536164E-01        -1.218764E-04        +1.880820E-05
1.534784E-01        -1.214472E-04        +1.874282E-05
1.533405E-01        -1.210239E-04        +1.867758E-05
1.532028E-01        -1.206009E-04        +1.861323E-05
1.530652E-01        -1.201776E-04        +1.854824E-05
1.529277E-01        -1.197543E-04        +1.848363E-05
1.527903E-01        -1.193307E-04        +1.841925E-05
1.526530E-01        -1.189071E-04        +1.835461E-05
1.525159E-01        -1.184874E-04        +1.829063E-05
1.523789E-01        -1.180737E-04        +1.822702E-05
1.522420E-01        -1.176561E-04        +1.816364E-05
1.521052E-01        -1.172360E-04        +1.810001E-05
1.519686E-01        -1.168222E-04        +1.803666E-05
1.518321E-01        -1.164121E-04        +1.797305E-05
1.516957E-01        -1.160042E-04        +1.791005E-05
1.515594E-01        -1.155900E-04        +1.784705E-05
1.514233E-01        -1.151797E-04        +1.778445E-05
1.512873E-01        -1.147755E-04        +1.772209E-05
1.511514E-01        -1.143673E-04        +1.765948E-05
1.510156E-01        -1.139566E-04        +1.759748E-05
1.508799E-01        -1.135520E-04        +1.753547E-05
1.507444E-01        -1.131513E-04        +1.747349E-05
1.506090E-01        -1.127529E-04        +1.741150E-05
1.504737E-01        -1.123482E-04        +1.734988E-05
1.503385E-01        -1.119471E-04        +1.728850E-05
1.502034E-01        -1.115521E-04        +1.722686E-05
1.500685E-01        -1.111572E-04        +1.716588E-05
1.499337E-01        -1.107621E-04        +1.710489E-05
1.497990E-01        -1.103670E-04        +1.704427E-05
1.496644E-01        -1.099717E-04        +1.698388E-05
1.495300E-01        -1.095766E-04        +1.692329E-05
1.493957E-01        -1.091851E-04        +1.686293E-05
1.492615E-01        -1.087959E-04        +1.680231E-05
1.491274E-01        -1.084041E-04        +1.674231E-05
1.489934E-01        -1.080185E-04        +1.668268E-05
1.488596E-01        -1.076330E-04        +1.662333E-05
1.487259E-01        -1.072473E-04        +1.656372E-05
1.485923E-01        -1.068615E-04        +1.650435E-05
1.484588E-01        -1.064794E-04        +1.644473E-05
1.483254E-01        -1.060996E-04        +1.638572E-05
1.481922E-01        -1.057174E-04        +1.632674E-05
1.480590E-01        -1.053374E-04        +1.626809E-05
1.479260E-01        -1.049550E-04        +1.620972E-05
1.477932E-01        -1.045790E-04        +1.615114E-05
1.476604E-01        -1.042026E-04        +1.609313E-05
1.475277E-01        -1.038260E-04        +1.603474E-05
1.473952E-01        -1.034534E-04        +1.597651E-05
1.472628E-01        -1.030832E-04        +1.591914E-05
1.471305E-01        -1.027103E-04        +1.586114E-05
1.469983E-01        -1.023397E-04        +1.580351E-05
1.468663E-01        -1.019669E-04        +1.574654E-05
1.467344E-01        -1.016002E-04        +1.568918E-05
1.466026E-01        -1.012333E-04        +1.563157E-05
1.464709E-01        -1.008663E-04        +1.557495E-05
1.463393E-01        -1.004992E-04        +1.551857E-05
1.462078E-01        -1.001357E-04        +1.546156E-05
1.460765E-01        -9.977488E-05        +1.540496E-05
1.459453E-01        -9.941144E-05        +1.534897E-05
1.458142E-01        -9.905415E-05        +1.529298E-05
1.456832E-01        -9.869671E-05        +1.523698E-05
1.455523E-01        -9.833537E-05        +1.518097E-05
1.454215E-01        -9.797519E-05        +1.512533E-05
1.452909E-01        -9.762392E-05        +1.506998E-05
1.451604E-01        -9.726627E-05        +1.501437E-05
1.450300E-01        -9.691222E-05        +1.495937E-05
1.448997E-01        -9.656055E-05        +1.490437E-05
1.447695E-01        -9.620631E-05        +1.484936E-05
1.446395E-01        -9.585844E-05        +1.479439E-05
1.445096E-01        -9.550671E-05        +1.473978E-05
1.443797E-01        -9.515363E-05        +1.468537E-05
1.442500E-01        -9.480867E-05        +1.463075E-05
1.441205E-01        -9.446259E-05        +1.457679E-05
1.439910E-01        -9.411650E-05        +1.452279E-05
1.438617E-01        -9.377198E-05        +1.446881E-05
1.437324E-01        -9.342868E-05        +1.441479E-05
1.436033E-01        -9.308615E-05        +1.436118E-05
1.434743E-01        -9.274430E-05        +1.430818E-05
1.433454E-01        -9.240393E-05        +1.425481E-05
1.432166E-01        -9.206480E-05        +1.420117E-05
1.430880E-01        -9.172707E-05        +1.414820E-05
1.429595E-01        -9.138964E-05        +1.409522E-05
1.428310E-01        -9.105322E-05        +1.404257E-05
1.427027E-01        -9.071820E-05        +1.399020E-05
1.425745E-01        -9.038376E-05        +1.393758E-05
1.424465E-01        -9.005113E-05        +1.388562E-05
1.423185E-01        -8.971914E-05        +1.383361E-05
1.421906E-01        -8.938807E-05        +1.378159E-05
1.420629E-01        -8.905812E-05        +1.372961E-05
1.419353E-01        -8.872903E-05        +1.367799E-05
1.418078E-01        -8.840084E-05        +1.362663E-05
1.416804E-01        -8.807358E-05        +1.357500E-05
1.415531E-01        -8.774756E-05        +1.352399E-05
1.414260E-01        -8.742294E-05        +1.347302E-05
1.412989E-01        -8.709874E-05        +1.342201E-05
1.411720E-01        -8.677629E-05        +1.337102E-05
1.410452E-01        -8.645436E-05        +1.332003E-05
1.409185E-01        -8.613311E-05        +1.326941E-05
1.407919E-01        -8.581335E-05        +1.321941E-05
1.406654E-01        -8.549445E-05        +1.316904E-05
1.405390E-01        -8.517646E-05        +1.311840E-05
1.404128E-01        -8.485965E-05        +1.306879E-05
1.402867E-01        -8.454374E-05        +1.301944E-05
1.401606E-01        -8.422847E-05        +1.296942E-05
1.400347E-01        -8.391433E-05        +1.291980E-05
1.399089E-01        -8.360115E-05        +1.287043E-05
1.397833E-01        -8.328943E-05        +1.282084E-05
1.396577E-01        -8.297865E-05        +1.277183E-05
1.395322E-01        -8.266848E-05        +1.272282E-05
1.394069E-01        -8.235971E-05        +1.267421E-05
1.392817E-01        -8.205126E-05        +1.262586E-05
1.391565E-01        -8.174379E-05        +1.257683E-05
1.390315E-01        -8.143774E-05        +1.252821E-05
1.389066E-01        -8.113236E-05        +1.248021E-05
1.387819E-01        -8.082835E-05        +1.243225E-05
1.386572E-01        -8.052475E-05        +1.238424E-05
1.385326E-01        -8.022234E-05        +1.233623E-05
1.384082E-01        -7.992079E-05        +1.228825E-05
1.382838E-01        -7.962016E-05        +1.224060E-05
1.381596E-01        -7.932044E-05        +1.219324E-05
1.380355E-01        -7.902223E-05        +1.214562E-05
1.379115E-01        -7.872456E-05        +1.209863E-05
1.377876E-01        -7.842756E-05        +1.205163E-05
1.376638E-01        -7.813207E-05        +1.200462E-05
1.375402E-01        -7.783736E-05        +1.195802E-05
1.374166E-01        -7.754308E-05        +1.191164E-05
1.372932E-01        -7.725017E-05        +1.186503E-05
1.371699E-01        -7.695792E-05        +1.181868E-05
1.370466E-01        -7.666700E-05        +1.177202E-05
1.369235E-01        -7.637681E-05        +1.172603E-05
1.368005E-01        -7.608728E-05        +1.168040E-05
1.366776E-01        -7.579895E-05        +1.163504E-05
1.365548E-01        -7.551123E-05        +1.158903E-05
1.364322E-01        -7.522492E-05        +1.154343E-05
1.363096E-01        -7.493906E-05        +1.149805E-05
1.361872E-01        -7.465460E-05        +1.145244E-05
1.360648E-01        -7.437059E-05        +1.140743E-05
1.359426E-01        -7.408794E-05        +1.136244E-05
1.358205E-01        -7.380555E-05        +1.131745E-05
1.356985E-01        -7.352447E-05        +1.127283E-05
1.355766E-01        -7.324463E-05        +1.122847E-05
1.354548E-01        -7.296496E-05        +1.118383E-05
1.353331E-01        -7.268621E-05        +1.113983E-05
1.352115E-01        -7.240881E-05        +1.109583E-05
1.350901E-01        -7.213281E-05        +1.105185E-05
1.349687E-01        -7.185684E-05        +1.100784E-05
1.348475E-01        -7.158206E-05        +1.096386E-05
1.347263E-01        -7.130791E-05        +1.091984E-05
1.346053E-01        -7.103456E-05        +1.087622E-05
1.344844E-01        -7.076186E-05        +1.083323E-05
1.343636E-01        -7.049074E-05        +1.078987E-05
1.342429E-01        -7.022050E-05        +1.074625E-05
1.341223E-01        -6.995081E-05        +1.070325E-05
1.340018E-01        -6.968179E-05        +1.066025E-05
1.338814E-01        -6.941393E-05        +1.061761E-05
1.337612E-01        -6.914657E-05        +1.057527E-05
1.336410E-01        -6.888031E-05        +1.053263E-05
1.335209E-01        -6.861523E-05        +1.049025E-05
1.334010E-01        -6.835068E-05        +1.044763E-05
1.332812E-01        -6.808701E-05        +1.040565E-05
1.331614E-01        -6.782405E-05        +1.036363E-05
1.330418E-01        -6.756225E-05        +1.032164E-05
1.329223E-01        -6.730137E-05        +1.028002E-05
1.328029E-01        -6.704108E-05        +1.023866E-05
1.326836E-01        -6.678139E-05        +1.019703E-05
1.325644E-01        -6.652290E-05        +1.015603E-05
1.324453E-01        -6.626509E-05        +1.011503E-05
1.323263E-01        -6.600843E-05        +1.007366E-05
1.322075E-01        -6.575227E-05        +1.003242E-05
1.320887E-01        -6.549689E-05        +9.991969E-06
1.319700E-01        -6.524241E-05        +9.950978E-06
1.318515E-01        -6.498901E-05        +9.910435E-06
1.317331E-01        -6.473623E-05        +9.869991E-06
1.316147E-01        -6.448391E-05        +9.829610E-06
1.314965E-01        -6.423297E-05        +9.789398E-06
1.313784E-01        -6.398268E-05        +9.749347E-06
1.312603E-01        -6.373339E-05        +9.709360E-06
1.311424E-01        -6.348458E-05        +9.669505E-06
1.310246E-01        -6.323668E-05        +9.629748E-06
1.309069E-01        -6.298977E-05        +9.590125E-06
1.307893E-01        -6.274341E-05        +9.550664E-06
1.306718E-01        -6.249768E-05        +9.511301E-06
1.305544E-01        -6.225320E-05        +9.472072E-06
1.304372E-01        -6.200952E-05        +9.433039E-06
1.303200E-01        -6.176689E-05        +9.394070E-06
1.302029E-01        -6.152454E-05        +9.355200E-06
1.300860E-01        -6.128293E-05        +9.316461E-06
1.299691E-01        -6.104182E-05        +9.277824E-06
1.298524E-01        -6.080242E-05        +9.239382E-06
1.297357E-01        -6.056343E-05        +9.201005E-06
1.296192E-01        -6.032497E-05        +9.162759E-06
1.295027E-01        -6.008720E-05        +9.124616E-06
1.293864E-01        -5.985055E-05        +9.086630E-06
1.292702E-01        -5.961486E-05        +9.048716E-06
1.291540E-01        -5.937990E-05        +9.010932E-06
1.290380E-01        -5.914573E-05        +8.973315E-06
1.289221E-01        -5.891185E-05        +8.935824E-06
1.288063E-01        -5.867892E-05        +8.898405E-06
1.286906E-01        -5.844689E-05        +8.861147E-06
1.285750E-01        -5.821578E-05        +8.823989E-06
1.284595E-01        -5.798527E-05        +8.786929E-06
1.283441E-01        -5.775505E-05        +8.750004E-06
1.282288E-01        -5.752615E-05        +8.713206E-06
1.281136E-01        -5.729845E-05        +8.676478E-06
1.279985E-01        -5.707071E-05        +8.639914E-06
1.278835E-01        -5.684359E-05        +8.603448E-06
1.277686E-01        -5.661767E-05        +8.567118E-06
1.276539E-01        -5.639266E-05        +8.530945E-06
1.275392E-01        -5.616866E-05        +8.494813E-06
1.274246E-01        -5.594456E-05        +8.458843E-06
1.273101E-01        -5.572117E-05        +8.422973E-06
1.271958E-01        -5.549916E-05        +8.387233E-06
1.270815E-01        -5.527765E-05        +8.351596E-06
1.269674E-01        -5.505713E-05        +8.316118E-06
1.268533E-01        -5.483649E-05        +8.280681E-06
1.267393E-01        -5.461745E-05        +8.245406E-06
1.266255E-01        -5.439917E-05        +8.210262E-06
1.265117E-01        -5.418098E-05        +8.175186E-06
1.263981E-01        -5.396389E-05        +8.140240E-06
1.262846E-01        -5.374782E-05        +8.105429E-06
1.261711E-01        -5.353246E-05        +8.070715E-06
1.260578E-01        -5.331786E-05        +8.036103E-06
1.259445E-01        -5.310339E-05        +8.001624E-06
1.258314E-01        -5.288968E-05        +7.967275E-06
1.257184E-01        -5.267666E-05        +7.933026E-06
1.256054E-01        -5.246465E-05        +7.898845E-06
1.254926E-01        -5.225352E-05        +7.864794E-06
1.253799E-01        -5.204324E-05        +7.830879E-06
1.252672E-01        -5.183282E-05        +7.797098E-06
1.251547E-01        -5.162379E-05        +7.763410E-06
1.250423E-01        -5.141545E-05        +7.729794E-06
1.249299E-01        -5.120774E-05        +7.696311E-06
1.248177E-01        -5.100026E-05        +7.662958E-06
1.247056E-01        -5.079406E-05        +7.629741E-06
1.245936E-01        -5.058844E-05        +7.596652E-06
1.244816E-01        -5.038392E-05        +7.563604E-06
1.243698E-01        -5.017955E-05        +7.530714E-06
1.242581E-01        -4.997579E-05        +7.497896E-06
1.241465E-01        -4.977326E-05        +7.465242E-06
1.240349E-01        -4.957089E-05        +7.432623E-06
1.239235E-01        -4.936932E-05        +7.400104E-06
1.238122E-01        -4.916836E-05        +7.367785E-06
1.237010E-01        -4.896862E-05        +7.335595E-06
1.235899E-01        -4.876888E-05        +7.303440E-06
1.234788E-01        -4.856964E-05        +7.271357E-06
1.233679E-01        -4.837177E-05        +7.239438E-06
1.232571E-01        -4.817418E-05        +7.207648E-06
1.231464E-01        -4.797760E-05        +7.175930E-06
1.230357E-01        -4.778145E-05        +7.144311E-06
1.229252E-01        -4.758574E-05        +7.112793E-06
1.228148E-01        -4.739096E-05        +7.081439E-06
1.227045E-01        -4.719718E-05        +7.050185E-06
1.225942E-01        -4.700384E-05        +7.019003E-06
1.224841E-01        -4.681096E-05        +6.987950E-06
1.223741E-01        -4.661905E-05        +6.956997E-06
1.222641E-01        -4.642752E-05        +6.926116E-06
1.221543E-01        -4.623645E-05        +6.895364E-06
1.220446E-01        -4.604638E-05        +6.864712E-06
1.219349E-01        -4.585711E-05        +6.834168E-06
1.218254E-01        -4.566859E-05        +6.803781E-06
1.217160E-01        -4.548039E-05        +6.773430E-06
1.216066E-01        -4.529296E-05        +6.743187E-06
1.214974E-01        -4.510631E-05        +6.713102E-06
1.213882E-01        -4.491979E-05        +6.683060E-06
1.212792E-01        -4.473441E-05        +6.653211E-06
1.211703E-01        -4.454960E-05        +6.623427E-06
1.210614E-01        -4.436499E-05        +6.593687E-06
1.209527E-01        -4.418152E-05        +6.564139E-06
1.208440E-01        -4.399842E-05        +6.534630E-06
1.207354E-01        -4.381562E-05        +6.505192E-06
1.206270E-01        -4.363396E-05        +6.475946E-06
1.205186E-01        -4.345310E-05        +6.446774E-06
1.204104E-01        -4.327305E-05        +6.417694E-06
1.203022E-01        -4.309307E-05        +6.388659E-06
1.201941E-01        -4.291374E-05        +6.359789E-06
1.200862E-01        -4.273489E-05        +6.331046E-06
1.199783E-01        -4.255682E-05        +6.302378E-06
1.198705E-01        -4.237972E-05        +6.273811E-06
1.197628E-01        -4.220321E-05        +6.245344E-06
1.196552E-01        -4.202706E-05        +6.216978E-06
1.195477E-01        -4.185152E-05        +6.188713E-06
1.194404E-01        -4.167641E-05        +6.160540E-06
1.193331E-01        -4.150210E-05        +6.132412E-06
1.192259E-01        -4.132845E-05        +6.104450E-06
1.191188E-01        -4.115502E-05        +6.076589E-06
1.190118E-01        -4.098260E-05        +6.048829E-06
1.189048E-01        -4.081103E-05        +6.021143E-06
1.187980E-01        -4.064020E-05        +5.993585E-06
1.186913E-01        -4.046928E-05        +5.966128E-06
1.185847E-01        -4.029910E-05        +5.938772E-06
1.184782E-01        -4.013016E-05        +5.911516E-06
1.183717E-01        -3.996103E-05        +5.884301E-06
1.182654E-01        -3.979271E-05        +5.857184E-06
1.181592E-01        -3.962530E-05        +5.830232E-06
1.180530E-01        -3.945774E-05        +5.803355E-06
1.179470E-01        -3.929159E-05        +5.776570E-06
1.178410E-01        -3.912559E-05        +5.749832E-06
1.177351E-01        -3.896024E-05        +5.723259E-06
1.176294E-01        -3.879537E-05        +5.696778E-06
1.175237E-01        -3.863129E-05        +5.670343E-06
1.174181E-01        -3.846783E-05        +5.644039E-06
1.173127E-01        -3.830482E-05        +5.617831E-06
1.172073E-01        -3.814231E-05        +5.591730E-06
1.171020E-01        -3.798048E-05        +5.565700E-06
1.169968E-01        -3.781950E-05        +5.539801E-06
1.168917E-01        -3.765856E-05        +5.513939E-06
1.167867E-01        -3.749895E-05        +5.488178E-06
1.166818E-01        -3.733924E-05        +5.462518E-06
1.165770E-01        -3.717984E-05        +5.436995E-06
1.164722E-01        -3.702129E-05        +5.411579E-06
1.163676E-01        -3.686386E-05        +5.386224E-06
1.162631E-01        -3.670703E-05        +5.360970E-06
1.161586E-01        -3.655002E-05        +5.335758E-06
1.160543E-01        -3.639381E-05        +5.310642E-06
1.159500E-01        -3.623840E-05        +5.285668E-06
1.158459E-01        -3.608317E-05        +5.260785E-06
1.157418E-01        -3.592904E-05        +5.235950E-06
1.156378E-01        -3.577488E-05        +5.211246E-06
1.155340E-01        -3.562155E-05        +5.186637E-06
1.154302E-01        -3.546902E-05        +5.162136E-06
1.153265E-01        -3.531643E-05        +5.137672E-06
1.152229E-01        -3.516514E-05        +5.113344E-06
1.151194E-01        -3.501386E-05        +5.089148E-06
1.150160E-01        -3.486291E-05        +5.064953E-06
1.149126E-01        -3.471276E-05        +5.040807E-06
1.148094E-01        -3.456338E-05        +5.016851E-06
1.147063E-01        -3.441430E-05        +4.992996E-06
1.146032E-01        -3.426569E-05        +4.969185E-06
1.145003E-01        -3.411757E-05        +4.945469E-06
1.143974E-01        -3.397030E-05        +4.921862E-06
1.142947E-01        -3.382374E-05        +4.898314E-06
1.141920E-01        -3.367743E-05        +4.874845E-06
1.140894E-01        -3.353172E-05        +4.851477E-06
1.139869E-01        -3.338633E-05        +4.828212E-06
1.138845E-01        -3.324154E-05        +4.805048E-06
1.137822E-01        -3.309707E-05        +4.781952E-06
1.136800E-01        -3.295359E-05        +4.758926E-06
1.135779E-01        -3.281076E-05        +4.736033E-06
1.134759E-01        -3.266820E-05        +4.713177E-06
1.133739E-01        -3.252619E-05        +4.690435E-06
1.132721E-01        -3.238461E-05        +4.667847E-06
1.131703E-01        -3.224353E-05        +4.645274E-06
1.130687E-01        -3.210288E-05        +4.622790E-06
1.129671E-01        -3.196275E-05        +4.600355E-06
1.128656E-01        -3.182295E-05        +4.578053E-06
1.127642E-01        -3.168410E-05        +4.555822E-06
1.126629E-01        -3.154591E-05        +4.533724E-06
1.125617E-01        -3.140770E-05        +4.511663E-06
1.124606E-01        -3.127013E-05        +4.489703E-06
1.123596E-01        -3.113349E-05        +4.467810E-06
1.122586E-01        -3.099636E-05        +4.445968E-06
1.121578E-01        -3.086038E-05        +4.424279E-06
1.120570E-01        -3.072528E-05        +4.402606E-06
1.119564E-01        -3.059060E-05        +4.381056E-06
1.118558E-01        -3.045574E-05        +4.359587E-06
1.117553E-01        -3.032183E-05        +4.338220E-06
1.116549E-01        -3.018795E-05        +4.316955E-06
1.115546E-01        -3.005537E-05        +4.295757E-06
1.114544E-01        -2.992276E-05        +4.274597E-06
1.113543E-01        -2.979048E-05        +4.253538E-06
1.112543E-01        -2.965917E-05        +4.232581E-06
1.111543E-01        -2.952837E-05        +4.211705E-06
1.110545E-01        -2.939768E-05        +4.190918E-06
1.109547E-01        -2.926718E-05        +4.170182E-06
1.108550E-01        -2.913767E-05        +4.149578E-06
1.107555E-01        -2.900891E-05        +4.129032E-06
1.106560E-01        -2.888036E-05        +4.108567E-06
1.105566E-01        -2.875244E-05        +4.088170E-06
1.104572E-01        -2.862437E-05        +4.067789E-06
1.103580E-01        -2.849675E-05        +4.047565E-06
1.102589E-01        -2.837012E-05        +4.027474E-06
1.101598E-01        -2.824400E-05        +4.007365E-06
1.100609E-01        -2.811833E-05        +3.987348E-06
1.099620E-01        -2.799317E-05        +3.967444E-06
1.098632E-01        -2.786834E-05        +3.947611E-06
1.097645E-01        -2.774415E-05        +3.927877E-06
1.096659E-01        -2.761994E-05        +3.908148E-06
1.095674E-01        -2.749639E-05        +3.888588E-06
1.094690E-01        -2.737380E-05        +3.869095E-06
1.093707E-01        -2.725088E-05        +3.849639E-06
1.092724E-01        -2.712882E-05        +3.830265E-06
1.091742E-01        -2.700740E-05        +3.810994E-06
1.090762E-01        -2.688643E-05        +3.791810E-06
1.089782E-01        -2.676598E-05        +3.772643E-06
1.088803E-01        -2.664551E-05        +3.753579E-06
1.087825E-01        -2.652537E-05        +3.734617E-06
1.086848E-01        -2.640621E-05        +3.715757E-06
1.085871E-01        -2.628757E-05        +3.696946E-06
1.084896E-01        -2.616903E-05        +3.678191E-06
1.083921E-01        -2.605071E-05        +3.659519E-06
1.082947E-01        -2.593337E-05        +3.640915E-06
1.081975E-01        -2.581680E-05        +3.622401E-06
1.081003E-01        -2.570008E-05        +3.604002E-06
1.080032E-01        -2.558369E-05        +3.585606E-06
1.079061E-01        -2.546783E-05        +3.567261E-06
1.078092E-01        -2.535242E-05        +3.549069E-06
1.077124E-01        -2.523765E-05        +3.530914E-06
1.076156E-01        -2.512309E-05        +3.512842E-06
1.075189E-01        -2.500918E-05        +3.494873E-06
1.074223E-01        -2.489559E-05        +3.476973E-06
1.073258E-01        -2.478265E-05        +3.459108E-06
1.072294E-01        -2.467003E-05        +3.441347E-06
1.071331E-01        -2.455807E-05        +3.423653E-06
1.070369E-01        -2.444608E-05        +3.406030E-06
1.069407E-01        -2.433431E-05        +3.388524E-06
1.068446E-01        -2.422354E-05        +3.371019E-06
1.067487E-01        -2.411318E-05        +3.353604E-06
1.066528E-01        -2.400271E-05        +3.336304E-06
1.065570E-01        -2.389321E-05        +3.319042E-06
1.064612E-01        -2.378361E-05        +3.301829E-06
1.063656E-01        -2.367509E-05        +3.284672E-06
1.062701E-01        -2.356624E-05        +3.267616E-06
1.061746E-01        -2.345826E-05        +3.250646E-06
1.060792E-01        -2.335093E-05        +3.233778E-06
1.059839E-01        -2.324359E-05        +3.216978E-06
1.058887E-01        -2.313658E-05        +3.200215E-06
1.057936E-01        -2.303056E-05        +3.183520E-06
1.056986E-01        -2.292485E-05        +3.166862E-06
1.056036E-01        -2.281903E-05        +3.150289E-06
1.055087E-01        -2.271419E-05        +3.133819E-06
1.054140E-01        -2.260913E-05        +3.117434E-06
1.053193E-01        -2.250495E-05        +3.101069E-06
1.052247E-01        -2.240141E-05        +3.084806E-06
1.051301E-01        -2.229776E-05        +3.068595E-06
1.050357E-01        -2.219455E-05        +3.052438E-06
1.049413E-01        -2.209187E-05        +3.036365E-06
1.048471E-01        -2.198930E-05        +3.020413E-06
1.047529E-01        -2.188729E-05        +3.004512E-06
1.046588E-01        -2.178626E-05        +2.988648E-06
1.045648E-01        -2.168489E-05        +2.972852E-06
1.044708E-01        -2.158407E-05        +2.957076E-06
1.043770E-01        -2.148369E-05        +2.941420E-06
1.042832E-01        -2.138385E-05        +2.925815E-06
1.041895E-01        -2.128434E-05        +2.910281E-06
1.040959E-01        -2.118549E-05        +2.894848E-06
1.040024E-01        -2.108663E-05        +2.879419E-06
1.039090E-01        -2.098809E-05        +2.864125E-06
1.038157E-01        -2.089021E-05        +2.848867E-06
1.037224E-01        -2.079256E-05        +2.833696E-06
1.036292E-01        -2.069556E-05        +2.818593E-06
1.035361E-01        -2.059856E-05        +2.803494E-06
1.034431E-01        -2.050189E-05        +2.788464E-06
1.033502E-01        -2.040587E-05        +2.773569E-06
1.032574E-01        -2.031018E-05        +2.758711E-06
1.031646E-01        -2.021505E-05        +2.743906E-06
1.030719E-01        -2.011991E-05        +2.729137E-06
1.029793E-01        -2.002510E-05        +2.714471E-06
1.028868E-01        -1.993095E-05        +2.699874E-06
1.027944E-01        -1.983712E-05        +2.685313E-06
1.027021E-01        -1.974396E-05        +2.670854E-06
1.026098E-01        -1.965069E-05        +2.656449E-06
1.025176E-01        -1.955775E-05        +2.642081E-06
1.024255E-01        -1.946546E-05        +2.627781E-06
1.023335E-01        -1.937351E-05        +2.613518E-06
1.022416E-01        -1.928222E-05        +2.599357E-06
1.021498E-01        -1.919092E-05        +2.585266E-06
1.020580E-01        -1.909985E-05        +2.571195E-06
1.019663E-01        -1.900944E-05        +2.557227E-06
1.018747E-01        -1.891937E-05        +2.543328E-06
1.017832E-01        -1.882995E-05        +2.529465E-06
1.016918E-01        -1.874053E-05        +2.515705E-06
1.016004E-01        -1.865134E-05        +2.501999E-06
1.015091E-01        -1.856281E-05        +2.488296E-06
1.014180E-01        -1.847438E-05        +2.474644E-06
1.013268E-01        -1.838608E-05        +2.461065E-06
1.012358E-01        -1.829854E-05        +2.447603E-06
1.011449E-01        -1.821133E-05        +2.434211E-06
1.010540E-01        -1.812469E-05        +2.420840E-06
1.009632E-01        -1.803804E-05        +2.407538E-06
1.008725E-01        -1.795172E-05        +2.394272E-06
1.007819E-01        -1.786573E-05        +2.381076E-06
1.006914E-01        -1.777975E-05        +2.367916E-06
1.006009E-01        -1.769499E-05        +2.354844E-06
1.005106E-01        -1.761033E-05        +2.341855E-06
1.004203E-01        -1.752557E-05        +2.328888E-06
1.003301E-01        -1.744114E-05        +2.315991E-06
1.002399E-01        -1.735728E-05        +2.303149E-06
1.001499E-01        -1.727385E-05        +2.290423E-06
1.000599E-01        -1.719098E-05        +2.277653E-06
9.997005E-02        -1.710816E-05        +2.264993E-06
9.988024E-02        -1.702562E-05        +2.252393E-06
9.979052E-02        -1.694373E-05        +2.239829E-06
9.970088E-02        -1.686183E-05        +2.227364E-06
9.961131E-02        -1.678022E-05        +2.214964E-06
9.952183E-02        -1.669927E-05        +2.202566E-06
9.943243E-02        -1.661830E-05        +2.190234E-06
9.934311E-02        -1.653765E-05        +2.178002E-06
9.925386E-02        -1.645763E-05        +2.165769E-06
9.916470E-02        -1.637794E-05        +2.153637E-06
9.907562E-02        -1.629856E-05        +2.141505E-06
9.898662E-02        -1.621883E-05        +2.129506E-06
9.889770E-02        -1.614008E-05        +2.117507E-06
9.880886E-02        -1.606197E-05        +2.105542E-06
9.872010E-02        -1.598386E-05        +2.093677E-06
9.863141E-02        -1.590571E-05        +2.081877E-06
9.854281E-02        -1.582789E-05        +2.070111E-06
9.845429E-02        -1.575071E-05        +2.058413E-06
9.836585E-02        -1.567385E-05        +2.046748E-06
9.827748E-02        -1.559763E-05        +2.035148E-06
9.818920E-02        -1.552140E-05        +2.023583E-06
9.810099E-02        -1.544514E-05        +2.012117E-06
9.801287E-02        -1.536922E-05        +2.000685E-06
9.792482E-02        -1.529393E-05        +1.989252E-06
9.783685E-02        -1.521895E-05        +1.977953E-06
9.774897E-02        -1.514464E-05        +1.966688E-06
9.766116E-02        -1.507030E-05        +1.955489E-06
9.757343E-02        -1.499595E-05        +1.944291E-06
9.748577E-02        -1.492190E-05        +1.933124E-06
9.739820E-02        -1.484850E-05        +1.922058E-06
9.731071E-02        -1.477543E-05        +1.911060E-06
9.722329E-02        -1.470268E-05        +1.900094E-06
9.713595E-02        -1.462990E-05        +1.889194E-06
9.704870E-02        -1.455812E-05        +1.878330E-06
9.696151E-02        -1.448596E-05        +1.867530E-06
9.687441E-02        -1.441447E-05        +1.856764E-06
9.678739E-02        -1.434296E-05        +1.846066E-06
9.670044E-02        -1.427177E-05        +1.835399E-06
9.661358E-02        -1.420124E-05        +1.824801E-06
9.652679E-02        -1.413068E-05        +1.814235E-06
9.644007E-02        -1.406042E-05        +1.803735E-06
9.635344E-02        -1.399084E-05        +1.793270E-06
9.626688E-02        -1.392123E-05        +1.782870E-06
9.618041E-02        -1.385194E-05        +1.772505E-06
9.609401E-02        -1.378297E-05        +1.762239E-06
9.600768E-02        -1.371364E-05        +1.752006E-06
9.592144E-02        -1.364530E-05        +1.741774E-06
9.583527E-02        -1.357762E-05        +1.731642E-06
9.574918E-02        -1.350992E-05        +1.721476E-06
9.566317E-02        -1.344220E-05        +1.711410E-06
9.557723E-02        -1.337480E-05        +1.701410E-06
9.549137E-02        -1.330805E-05        +1.691444E-06
9.540559E-02        -1.324128E-05        +1.681545E-06
9.531989E-02        -1.317484E-05        +1.671680E-06
9.523426E-02        -1.310872E-05        +1.661880E-06
9.514871E-02        -1.304256E-05        +1.652114E-06
9.506324E-02        -1.297741E-05        +1.642415E-06
9.497784E-02        -1.291191E-05        +1.632749E-06
9.489252E-02        -1.284705E-05        +1.623150E-06
9.480728E-02        -1.278219E-05        +1.613551E-06
9.472211E-02        -1.271763E-05        +1.603985E-06
9.463702E-02        -1.265373E-05        +1.594486E-06
9.455200E-02        -1.258982E-05        +1.585019E-06
9.446707E-02        -1.252623E-05        +1.575653E-06
9.438221E-02        -1.246296E-05        +1.566354E-06
9.429742E-02        -1.239934E-05        +1.557055E-06
9.421271E-02        -1.233669E-05        +1.547788E-06
9.412808E-02        -1.227438E-05        +1.538589E-06
9.404352E-02        -1.221172E-05        +1.529390E-06
9.395904E-02        -1.214971E-05        +1.520256E-06
9.387464E-02        -1.208801E-05        +1.511225E-06
9.379031E-02        -1.202697E-05        +1.502159E-06
9.370605E-02        -1.196592E-05        +1.493191E-06
9.362188E-02        -1.190487E-05        +1.484260E-06
9.353777E-02        -1.184411E-05        +1.475326E-06
9.345375E-02        -1.178402E-05        +1.466527E-06
9.336980E-02        -1.172392E-05        +1.457728E-06
9.328592E-02        -1.166380E-05        +1.448961E-06
9.320212E-02        -1.160399E-05        +1.440262E-06
9.311840E-02        -1.154485E-05        +1.431564E-06
9.303475E-02        -1.148569E-05        +1.422897E-06
9.295117E-02        -1.142652E-05        +1.414330E-06
9.286767E-02        -1.136767E-05        +1.405798E-06
9.278425E-02        -1.130947E-05        +1.397265E-06
9.270090E-02        -1.125126E-05        +1.388833E-06
9.261762E-02        -1.119336E-05        +1.380398E-06
9.253442E-02        -1.113613E-05        +1.372067E-06
9.245130E-02        -1.107888E-05        +1.363700E-06
9.236825E-02        -1.102162E-05        +1.355401E-06
9.228527E-02        -1.096468E-05        +1.347134E-06
9.220237E-02        -1.090840E-05        +1.338935E-06
9.211954E-02        -1.085210E-05        +1.330768E-06
9.203679E-02        -1.079579E-05        +1.322669E-06
9.195411E-02        -1.073980E-05        +1.314602E-06
9.187151E-02        -1.068447E-05        +1.306603E-06
9.178898E-02        -1.062912E-05        +1.298604E-06
9.170652E-02        -1.057376E-05        +1.290637E-06
9.162414E-02        -1.051872E-05        +1.282738E-06
9.154184E-02        -1.046435E-05        +1.274839E-06
9.145960E-02        -1.040995E-05        +1.266972E-06
9.137744E-02        -1.035588E-05        +1.259173E-06
9.129536E-02        -1.030214E-05        +1.251407E-06
9.121334E-02        -1.024804E-05        +1.243707E-06
9.113141E-02        -1.019461E-05        +1.236040E-06
9.104954E-02        -1.014148E-05        +1.228441E-06
9.096775E-02        -1.008902E-05        +1.220842E-06
9.088603E-02        -1.003623E-05        +1.213274E-06
9.080439E-02        -9.983392E-06        +1.205776E-06
9.072282E-02        -9.931578E-06        +1.198276E-06
9.064132E-02        -9.879395E-06        +1.190809E-06
9.055989E-02        -9.827718E-06        +1.183410E-06
9.047854E-02        -9.775917E-06        +1.176043E-06
9.039726E-02        -9.724610E-06        +1.168743E-06
9.031606E-02        -9.673465E-06        +1.161444E-06
9.023493E-02        -9.622612E-06        +1.154178E-06
9.015387E-02        -9.572008E-06        +1.146978E-06
9.007288E-02        -9.521589E-06        +1.139811E-06
8.999197E-02        -9.471393E-06        +1.132712E-06
8.991113E-02        -9.421460E-06        +1.125613E-06
8.983036E-02        -9.371715E-06        +1.118546E-06
8.974966E-02        -9.322191E-06        +1.111546E-06
8.966904E-02        -9.272930E-06        +1.104547E-06
8.958849E-02        -9.223853E-06        +1.097580E-06
8.950801E-02        -9.174994E-06        +1.090681E-06
8.942760E-02        -9.126397E-06        +1.083781E-06
8.934727E-02        -9.077996E-06        +1.076914E-06
8.926700E-02        -9.029777E-06        +1.070114E-06
8.918681E-02        -8.981785E-06        +1.063347E-06
8.910670E-02        -8.934055E-06        +1.056648E-06
8.902665E-02        -8.886505E-06        +1.049949E-06
8.894668E-02        -8.839179E-06        +1.043282E-06
8.886677E-02        -8.792110E-06        +1.036682E-06
8.878694E-02        -8.745236E-06        +1.030082E-06
8.870719E-02        -8.698560E-06        +1.023516E-06
8.862750E-02        -8.652070E-06        +1.017016E-06
8.854788E-02        -8.605795E-06        +1.010517E-06
8.846834E-02        -8.559783E-06        +1.004053E-06
8.838887E-02        -8.513963E-06        +9.976636E-07
8.830947E-02        -8.468336E-06        +9.912871E-07
8.823014E-02        -8.422894E-06        +9.849473E-07
8.815088E-02        -8.377677E-06        +9.786374E-07
8.807169E-02        -8.332714E-06        +9.723607E-07
8.799257E-02        -8.287915E-06        +9.661206E-07
8.791353E-02        -8.243276E-06        +9.599112E-07
8.783455E-02        -8.198919E-06        +9.537341E-07
8.775565E-02        -8.154794E-06        +9.475946E-07
8.767682E-02        -8.110794E-06        +9.414849E-07
8.759806E-02        -8.066986E-06        +9.354084E-07
8.751937E-02        -8.023397E-06        +9.293687E-07
8.744075E-02        -7.980072E-06        +9.233588E-07
8.736220E-02        -7.936904E-06        +9.173821E-07
8.728372E-02        -7.893891E-06        +9.114422E-07
8.720531E-02        -7.851135E-06        +9.055322E-07
8.712697E-02        -7.808571E-06        +8.996522E-07
8.704870E-02        -7.766202E-06        +8.938054E-07
8.697051E-02        -7.724023E-06        +8.879961E-07
8.689238E-02        -7.682036E-06        +8.822160E-07
8.681432E-02        -7.640243E-06        +8.764658E-07
8.673634E-02        -7.598647E-06        +8.707465E-07
8.665842E-02        -7.557233E-06        +8.650563E-07
8.658057E-02        -7.516016E-06        +8.593994E-07
8.650280E-02        -7.474994E-06        +8.537799E-07
8.642509E-02        -7.434189E-06        +8.481866E-07
8.634745E-02        -7.393610E-06        +8.426197E-07
8.626989E-02        -7.353161E-06        +8.370903E-07
8.619239E-02        -7.312904E-06        +8.315902E-07
8.611496E-02        -7.272837E-06        +8.261201E-07
8.603760E-02        -7.232964E-06        +8.206801E-07
8.596031E-02        -7.193253E-06        +8.152700E-07
8.588309E-02        -7.153692E-06        +8.098932E-07
8.580594E-02        -7.114396E-06        +8.045501E-07
8.572886E-02        -7.075294E-06        +7.992302E-07
8.565185E-02        -7.036357E-06        +7.939403E-07
8.557491E-02        -6.997574E-06        +7.886805E-07
8.549803E-02        -6.959012E-06        +7.834501E-07
8.542123E-02        -6.920580E-06        +7.782504E-07
8.534450E-02        -6.882343E-06        +7.730808E-07
8.526783E-02        -6.844294E-06        +7.679405E-07
8.519123E-02        -6.806439E-06        +7.628272E-07
8.511470E-02        -6.768778E-06        +7.577402E-07
8.503824E-02        -6.731279E-06        +7.526871E-07
8.496185E-02        -6.693936E-06        +7.476603E-07
8.488553E-02        -6.656824E-06        +7.426673E-07
8.480927E-02        -6.619833E-06        +7.376968E-07
8.473309E-02        -6.583040E-06        +7.327540E-07
8.465697E-02        -6.546436E-06        +7.278369E-07
8.458092E-02        -6.509996E-06        +7.229536E-07
8.450494E-02        -6.473681E-06        +7.180968E-07
8.442903E-02        -6.437560E-06        +7.132737E-07
8.435319E-02        -6.401633E-06        +7.084707E-07
8.427741E-02        -6.365896E-06        +7.036935E-07
8.420170E-02        -6.330353E-06        +6.989502E-07
8.412606E-02        -6.294973E-06        +6.942301E-07
8.405049E-02        -6.259720E-06        +6.895369E-07
8.397499E-02        -6.224629E-06        +6.848671E-07
8.389955E-02        -6.189691E-06        +6.802267E-07
8.382418E-02        -6.154986E-06        +6.756165E-07
8.374888E-02        -6.120406E-06        +6.710333E-07
8.367365E-02        -6.086022E-06        +6.664734E-07
8.359848E-02        -6.051796E-06        +6.619430E-07
8.352339E-02        -6.017702E-06        +6.574402E-07
8.344836E-02        -5.983798E-06        +6.529600E-07
8.337339E-02        -5.950053E-06        +6.485063E-07
8.329850E-02        -5.916439E-06        +6.440765E-07
8.322367E-02        -5.883017E-06        +6.396731E-07
8.314891E-02        -5.849790E-06        +6.352931E-07
8.307421E-02        -5.816722E-06        +6.309426E-07
8.299959E-02        -5.783785E-06        +6.266196E-07
8.292503E-02        -5.751008E-06        +6.223195E-07
8.285053E-02        -5.718354E-06        +6.180457E-07
8.277611E-02        -5.685899E-06        +6.137959E-07
8.270175E-02        -5.653637E-06        +6.095725E-07
8.262746E-02        -5.621539E-06        +6.053725E-07
8.255323E-02        -5.589531E-06        +6.011989E-07
8.247907E-02        -5.557683E-06        +5.970455E-07
8.240498E-02        -5.526068E-06        +5.929154E-07
8.233096E-02        -5.494549E-06        +5.888155E-07
8.225700E-02        -5.463153E-06        +5.847421E-07
8.218310E-02        -5.431949E-06        +5.806884E-07
8.210928E-02        -5.400915E-06        +5.766585E-07
8.203552E-02        -5.370003E-06        +5.726551E-07
8.196182E-02        -5.339253E-06        +5.686714E-07
8.188820E-02        -5.308634E-06        +5.647116E-07
8.181463E-02        -5.278203E-06        +5.607777E-07
8.174114E-02        -5.247942E-06        +5.568646E-07
8.166771E-02        -5.217773E-06        +5.529744E-07
8.159435E-02        -5.187732E-06        +5.491111E-07
8.152105E-02        -5.157883E-06        +5.452707E-07
8.144782E-02        -5.128200E-06        +5.414574E-07
8.137465E-02        -5.098641E-06        +5.376607E-07
8.130155E-02        -5.069247E-06        +5.338835E-07
8.122852E-02        -5.039982E-06        +5.301372E-07
8.115555E-02        -5.010878E-06        +5.264069E-07
8.108264E-02        -4.981898E-06        +5.227031E-07
8.100981E-02        -4.953088E-06        +5.190201E-07
8.093703E-02        -4.924399E-06        +5.153594E-07
8.086433E-02        -4.895879E-06        +5.117263E-07
8.079168E-02        -4.867449E-06        +5.081125E-07
8.071911E-02        -4.839151E-06        +5.045162E-07
8.064660E-02        -4.811046E-06        +5.009391E-07
8.057415E-02        -4.783104E-06        +4.973923E-07
8.050177E-02        -4.755259E-06        +4.938620E-07
8.042945E-02        -4.727538E-06        +4.903553E-07
8.035720E-02        -4.699984E-06        +4.868650E-07
8.028502E-02        -4.672559E-06        +4.834018E-07
8.021290E-02        -4.645296E-06        +4.799584E-07
8.014084E-02        -4.618159E-06        +4.765379E-07
8.006885E-02        -4.591187E-06        +4.731414E-07
7.999692E-02        -4.564310E-06        +4.697578E-07
7.992506E-02        -4.537561E-06        +4.663944E-07
7.985326E-02        -4.510975E-06        +4.630539E-07
7.978153E-02        -4.484488E-06        +4.597375E-07
7.970986E-02        -4.458125E-06        +4.564371E-07
7.963825E-02        -4.431926E-06        +4.531633E-07
7.956671E-02        -4.405856E-06        +4.499067E-07
7.949524E-02        -4.379952E-06        +4.466666E-07
7.942382E-02        -4.354140E-06        +4.434527E-07
7.935248E-02        -4.328460E-06        +4.402565E-07
7.928119E-02        -4.302940E-06        +4.370757E-07
7.920997E-02        -4.277518E-06        +4.339191E-07
7.913882E-02        -4.252226E-06        +4.307789E-07
7.906773E-02        -4.227097E-06        +4.276624E-07
7.899670E-02        -4.202063E-06        +4.245618E-07
7.892573E-02        -4.177155E-06        +4.214849E-07
7.885483E-02        -4.152414E-06        +4.184214E-07
7.878400E-02        -4.127771E-06        +4.153782E-07
7.871322E-02        -4.103251E-06        +4.123543E-07
7.864252E-02        -4.078902E-06        +4.093511E-07
7.857187E-02        -4.054644E-06        +4.063674E-07
7.850129E-02        -4.030486E-06        +4.034040E-07
7.843077E-02        -4.006453E-06        +4.004573E-07
7.836031E-02        -3.982585E-06        +3.975266E-07
7.828992E-02        -3.958815E-06        +3.946200E-07
7.821959E-02        -3.935140E-06        +3.917264E-07
7.814933E-02        -3.911596E-06        +3.888531E-07
7.807912E-02        -3.888212E-06        +3.859992E-07
7.800898E-02        -3.864928E-06        +3.831625E-07
7.793891E-02        -3.841773E-06        +3.803423E-07
7.786889E-02        -3.818749E-06        +3.775454E-07
7.779894E-02        -3.795785E-06        +3.747618E-07
7.772905E-02        -3.772986E-06        +3.719951E-07
7.765923E-02        -3.750316E-06        +3.692447E-07
7.758947E-02        -3.727782E-06        +3.665182E-07
7.751977E-02        -3.705305E-06        +3.638045E-07
7.745013E-02        -3.682992E-06        +3.611078E-07
7.738055E-02        -3.660776E-06        +3.584270E-07
7.731104E-02        -3.638659E-06        +3.557704E-07
7.724159E-02        -3.616668E-06        +3.531237E-07
7.717220E-02        -3.594813E-06        +3.504930E-07
7.710288E-02        -3.573017E-06        +3.478865E-07
7.703362E-02        -3.551388E-06        +3.452930E-07
7.696442E-02        -3.529854E-06        +3.427163E-07
7.689528E-02        -3.508447E-06        +3.401557E-07
7.682620E-02        -3.487176E-06        +3.376158E-07
7.675719E-02        -3.465965E-06        +3.350853E-07
7.668823E-02        -3.444917E-06        +3.325783E-07
7.661934E-02        -3.423969E-06        +3.300847E-07
7.655052E-02        -3.403119E-06        +3.276083E-07
7.648175E-02        -3.382364E-06        +3.251445E-07
7.641305E-02        -3.361708E-06        +3.226979E-07
7.634440E-02        -3.341175E-06        +3.202640E-07
7.627582E-02        -3.320782E-06        +3.178504E-07
7.620730E-02        -3.300447E-06        +3.154536E-07
7.613884E-02        -3.280247E-06        +3.130699E-07
7.607045E-02        -3.260107E-06        +3.107064E-07
7.600211E-02        -3.240132E-06        +3.083596E-07
7.593384E-02        -3.220256E-06        +3.060229E-07
7.586562E-02        -3.200474E-06        +3.036990E-07
7.579747E-02        -3.180792E-06        +3.013923E-07
7.572938E-02        -3.161237E-06        +2.991016E-07
7.566135E-02        -3.141818E-06        +2.968318E-07
7.559339E-02        -3.122430E-06        +2.945684E-07
7.552548E-02        -3.103167E-06        +2.923245E-07
7.545763E-02        -3.084039E-06        +2.900977E-07
7.538985E-02        -3.064942E-06        +2.878811E-07
7.532212E-02        -3.045970E-06        +2.856771E-07
7.525446E-02        -3.027167E-06        +2.834905E-07
7.518686E-02        -3.008432E-06        +2.813168E-07
7.511932E-02        -2.989754E-06        +2.791631E-07
7.505184E-02        -2.971243E-06        +2.770234E-07
7.498442E-02        -2.952800E-06        +2.748896E-07
7.491706E-02        -2.934414E-06        +2.727759E-07
7.484976E-02        -2.916196E-06        +2.706791E-07
7.478252E-02        -2.898045E-06        +2.685923E-07
7.471534E-02        -2.879952E-06        +2.665184E-07
7.464822E-02        -2.862027E-06        +2.644616E-07
7.458117E-02        -2.844201E-06        +2.624181E-07
7.451417E-02        -2.826440E-06        +2.603912E-07
7.444723E-02        -2.808737E-06        +2.583743E-07
7.438035E-02        -2.791202E-06        +2.563705E-07
7.431354E-02        -2.773737E-06        +2.543839E-07
7.424678E-02        -2.756328E-06        +2.524070E-07
7.418008E-02        -2.739056E-06        +2.504431E-07
7.411344E-02        -2.721842E-06        +2.484932E-07
7.404687E-02        -2.704768E-06        +2.465527E-07
7.398035E-02        -2.687750E-06        +2.446328E-07
7.391389E-02        -2.670869E-06        +2.427189E-07
7.384749E-02        -2.654047E-06        +2.408251E-07
7.378116E-02        -2.637365E-06        +2.389455E-07
7.371488E-02        -2.620709E-06        +2.370717E-07
7.364866E-02        -2.604151E-06        +2.352148E-07
7.358250E-02        -2.587690E-06        +2.333680E-07
7.351640E-02        -2.571328E-06        +2.315342E-07
7.345036E-02        -2.555064E-06        +2.297144E-07
7.338438E-02        -2.538898E-06        +2.279036E-07
7.331845E-02        -2.522828E-06        +2.261136E-07
7.325259E-02        -2.506828E-06        +2.243268E-07
7.318679E-02        -2.490887E-06        +2.225531E-07
7.312104E-02        -2.475082E-06        +2.207961E-07
7.305536E-02        -2.459337E-06        +2.190495E-07
7.298973E-02        -2.443729E-06        +2.173155E-07
7.292416E-02        -2.428149E-06        +2.155956E-07
7.285865E-02        -2.412666E-06        +2.138818E-07
7.279320E-02        -2.397283E-06        +2.121849E-07
7.272781E-02        -2.381968E-06        +2.104981E-07
7.266248E-02        -2.366712E-06        +2.088213E-07
7.259720E-02        -2.351591E-06        +2.071573E-07
7.253199E-02        -2.336531E-06        +2.055076E-07
7.246683E-02        -2.321608E-06        +2.038637E-07
7.240173E-02        -2.306714E-06        +2.022368E-07
7.233669E-02        -2.291917E-06        +2.006199E-07
7.227171E-02        -2.277190E-06        +1.990131E-07
7.220679E-02        -2.262521E-06        +1.974193E-07
7.214193E-02        -2.247991E-06        +1.958395E-07
7.207712E-02        -2.233487E-06        +1.942626E-07
7.201237E-02        -2.219082E-06        +1.926986E-07
7.194768E-02        -2.204776E-06        +1.911517E-07
7.188305E-02        -2.190569E-06        +1.896119E-07
7.181848E-02        -2.176430E-06        +1.880781E-07
7.175396E-02        -2.162348E-06        +1.865611E-07
7.168950E-02        -2.148405E-06        +1.850542E-07
7.162510E-02        -2.134461E-06        +1.835573E-07
7.156076E-02        -2.120576E-06        +1.820735E-07
7.149648E-02        -2.106859E-06        +1.806037E-07
7.143225E-02        -2.093209E-06        +1.791367E-07
7.136808E-02        -2.079589E-06        +1.776798E-07
7.130397E-02        -2.066067E-06        +1.762359E-07
7.123992E-02        -2.052615E-06        +1.748061E-07
7.117592E-02        -2.039219E-06        +1.733792E-07
7.111198E-02        -2.025963E-06        +1.719652E-07
7.104810E-02        -2.012735E-06        +1.705653E-07
7.098428E-02        -1.999606E-06        +1.691685E-07
7.092051E-02        -1.986545E-06        +1.677845E-07
7.085680E-02        -1.973513E-06        +1.664146E-07
7.079315E-02        -1.960580E-06        +1.650478E-07
7.072956E-02        -1.947745E-06        +1.636939E-07
7.066602E-02        -1.934979E-06        +1.623540E-07
7.060254E-02        -1.922271E-06        +1.610171E-07
7.053911E-02        -1.909701E-06        +1.596900E-07
7.047575E-02        -1.897132E-06        +1.583762E-07
7.041244E-02        -1.884620E-06        +1.570763E-07
7.034919E-02        -1.872248E-06        +1.557794E-07
7.028599E-02        -1.859903E-06        +1.544924E-07
7.022285E-02        -1.847628E-06        +1.532155E-07
7.015977E-02        -1.835410E-06        +1.519457E-07
7.009674E-02        -1.823332E-06        +1.506816E-07
7.003377E-02        -1.811253E-06        +1.494347E-07
6.997086E-02        -1.799232E-06        +1.481978E-07
6.990801E-02        -1.787352E-06        +1.469680E-07
6.984521E-02        -1.775498E-06        +1.457411E-07
6.978246E-02        -1.763713E-06        +1.445269E-07
6.971978E-02        -1.751988E-06        +1.433272E-07
6.965715E-02        -1.740402E-06        +1.421302E-07
6.959457E-02        -1.728813E-06        +1.409432E-07
6.953205E-02        -1.717283E-06        +1.397662E-07
6.946959E-02        -1.705893E-06        +1.385963E-07
6.940719E-02        -1.694504E-06        +1.374325E-07
6.934484E-02        -1.683170E-06        +1.362826E-07
6.928254E-02        -1.671976E-06        +1.351355E-07
6.922031E-02        -1.660783E-06        +1.339987E-07
6.915812E-02        -1.649615E-06        +1.328716E-07
6.909600E-02        -1.638549E-06        +1.317547E-07
6.903393E-02        -1.627581E-06        +1.306478E-07
6.897191E-02        -1.616681E-06        +1.295478E-07
6.890996E-02        -1.605812E-06        +1.284509E-07
6.884805E-02        -1.595040E-06        +1.273639E-07
6.878621E-02        -1.584339E-06        +1.262870E-07
6.872441E-02        -1.573664E-06        +1.252170E-07
6.866268E-02        -1.563091E-06        +1.241530E-07
6.860100E-02        -1.552586E-06        +1.231032E-07
6.853937E-02        -1.542079E-06        +1.220561E-07
6.847780E-02        -1.531631E-06        +1.210191E-07
6.841629E-02        -1.521324E-06        +1.199893E-07
6.835483E-02        -1.511015E-06        +1.189652E-07
6.829342E-02        -1.500763E-06        +1.179552E-07
6.823207E-02        -1.490652E-06        +1.169483E-07
6.817078E-02        -1.480541E-06        +1.159484E-07
6.810954E-02        -1.470457E-06        +1.149514E-07
6.804836E-02        -1.460473E-06        +1.139674E-07
6.798723E-02        -1.450559E-06        +1.129946E-07
6.792615E-02        -1.440671E-06        +1.120204E-07
6.786514E-02        -1.430886E-06        +1.110606E-07
6.780417E-02        -1.421168E-06        +1.101035E-07
6.774326E-02        -1.411450E-06        +1.091565E-07
6.768241E-02        -1.401790E-06        +1.082196E-07
6.762161E-02        -1.392270E-06        +1.072897E-07
6.756086E-02        -1.382748E-06        +1.063626E-07
6.750017E-02        -1.373256E-06        +1.054427E-07
6.743953E-02        -1.363862E-06        +1.045257E-07
6.737895E-02        -1.354539E-06        +1.036216E-07
6.731842E-02        -1.345215E-06        +1.027288E-07
6.725795E-02        -1.335949E-06        +1.018318E-07
6.719753E-02        -1.326823E-06        +1.009477E-07
6.713717E-02        -1.317697E-06        +1.000758E-07
6.707686E-02        -1.308599E-06        +9.920208E-08
6.701660E-02        -1.299599E-06        +9.833814E-08
6.695640E-02        -1.290671E-06        +9.748100E-08
6.689625E-02        -1.281741E-06        +9.663008E-08
6.683616E-02        -1.272840E-06        +9.578595E-08
6.677612E-02        -1.264038E-06        +9.494806E-08
6.671613E-02        -1.255305E-06        +9.411712E-08
6.665620E-02        -1.246602E-06        +9.329267E-08
6.659632E-02        -1.237997E-06        +9.247404E-08
6.653650E-02        -1.229435E-06        +9.166263E-08
6.647672E-02        -1.220857E-06        +9.085661E-08
6.641701E-02        -1.212422E-06        +9.005751E-08
6.635734E-02        -1.203985E-06        +8.926424E-08
6.629773E-02        -1.195577E-06        +8.847733E-08
6.623818E-02        -1.187269E-06        +8.769694E-08
6.617867E-02        -1.179030E-06        +8.692194E-08
6.611923E-02        -1.170792E-06        +8.615358E-08
6.605983E-02        -1.162581E-06        +8.539062E-08
6.600049E-02        -1.154441E-06        +8.463445E-08
6.594120E-02        -1.146357E-06        +8.388425E-08
6.588196E-02        -1.138386E-06        +8.313971E-08
6.582278E-02        -1.130373E-06        +8.240054E-08
6.576365E-02        -1.122459E-06        +8.166734E-08
6.570457E-02        -1.114615E-06        +8.094009E-08
6.564555E-02        -1.106771E-06        +8.021893E-08
6.558658E-02        -1.098955E-06        +7.950345E-08
6.552766E-02        -1.091238E-06        +7.879321E-08
6.546880E-02        -1.083593E-06        +7.808906E-08
6.540999E-02        -1.075946E-06        +7.739058E-08
6.535123E-02        -1.068328E-06        +7.669736E-08
6.529252E-02        -1.060779E-06        +7.600981E-08
6.523387E-02        -1.053260E-06        +7.532735E-08
6.517527E-02        -1.045840E-06        +7.465015E-08
6.511672E-02        -1.038490E-06        +7.397891E-08
6.505822E-02        -1.031139E-06        +7.331336E-08
6.499978E-02        -1.023818E-06        +7.265288E-08
6.494139E-02        -1.016567E-06        +7.199738E-08
6.488305E-02        -1.009314E-06        +7.134714E-08
6.482477E-02        -1.002092E-06        +7.070241E-08
6.476653E-02        -9.949664E-07        +7.006212E-08
6.470835E-02        -9.879159E-07        +6.942762E-08
6.465022E-02        -9.808805E-07        +6.879838E-08
6.459215E-02        -9.738839E-07        +6.817465E-08
6.453412E-02        -9.669368E-07        +6.755508E-08
6.447615E-02        -9.600259E-07        +6.694059E-08
6.441823E-02        -9.531642E-07        +6.633136E-08
6.436036E-02        -9.463460E-07        +6.572754E-08
6.430255E-02        -9.395640E-07        +6.512809E-08
6.424478E-02        -9.328301E-07        +6.453351E-08
6.418707E-02        -9.261437E-07        +6.394373E-08
6.412941E-02        -9.194968E-07        +6.335850E-08
6.407180E-02        -9.128891E-07        +6.277868E-08
6.401425E-02        -9.063219E-07        +6.220323E-08
6.395674E-02        -8.997957E-07        +6.163237E-08
6.389929E-02        -8.933171E-07        +6.106617E-08
6.384189E-02        -8.868780E-07        +6.050510E-08
6.378454E-02        -8.804781E-07        +5.994786E-08
6.372724E-02        -8.741177E-07        +5.939604E-08
6.366999E-02        -8.677995E-07        +5.884820E-08
6.361279E-02        -8.615250E-07        +5.830463E-08
6.355565E-02        -8.552867E-07        +5.776615E-08
6.349856E-02        -8.490921E-07        +5.723236E-08
6.344151E-02        -8.429288E-07        +5.670248E-08
6.338452E-02        -8.368088E-07        +5.617695E-08
6.332758E-02        -8.307326E-07        +5.565613E-08
6.327070E-02        -8.246926E-07        +5.513939E-08
6.321386E-02        -8.186953E-07        +5.462655E-08
6.315707E-02        -8.127304E-07        +5.411798E-08
6.310034E-02        -8.068059E-07        +5.361420E-08
6.304365E-02        -8.009200E-07        +5.311433E-08
6.298702E-02        -7.950717E-07        +5.261854E-08
6.293044E-02        -7.892587E-07        +5.212703E-08
6.287391E-02        -7.834894E-07        +5.163993E-08
6.281743E-02        -7.777526E-07        +5.115640E-08
6.276100E-02        -7.720553E-07        +5.067729E-08
6.270462E-02        -7.663948E-07        +5.020175E-08
6.264829E-02        -7.607667E-07        +4.973063E-08
6.259201E-02        -7.551781E-07        +4.926307E-08
6.253578E-02        -7.496291E-07        +4.879994E-08
6.247961E-02        -7.441178E-07        +4.834017E-08
6.242348E-02        -7.386352E-07        +4.788431E-08
6.236740E-02        -7.331879E-07        +4.743245E-08
6.231138E-02        -7.277855E-07        +4.698467E-08
6.225540E-02        -7.224117E-07        +4.654052E-08
6.219948E-02        -7.170714E-07        +4.610001E-08
6.214360E-02        -7.117669E-07        +4.566386E-08
6.208778E-02        -7.064959E-07        +4.523078E-08
6.203201E-02        -7.012645E-07        +4.480126E-08
6.197628E-02        -6.960690E-07        +4.437582E-08
6.192061E-02        -6.909041E-07        +4.395330E-08
6.186498E-02        -6.857708E-07        +4.353514E-08
6.180941E-02        -6.806753E-07        +4.312034E-08
6.175388E-02        -6.756114E-07        +4.270918E-08
6.169841E-02        -6.705853E-07        +4.230138E-08
6.164298E-02        -6.655880E-07        +4.189722E-08
6.158761E-02        -6.606213E-07        +4.149614E-08
6.153228E-02        -6.556862E-07        +4.109826E-08
6.147701E-02        -6.507890E-07        +4.070446E-08
6.142178E-02        -6.459235E-07        +4.031403E-08
6.136661E-02        -6.410929E-07        +3.992651E-08
6.131148E-02        -6.362868E-07        +3.954309E-08
6.125640E-02        -6.315177E-07        +3.916222E-08
6.120138E-02        -6.267792E-07        +3.878515E-08
6.114640E-02        -6.220725E-07        +3.841102E-08
6.109147E-02        -6.173999E-07        +3.803988E-08
6.103659E-02        -6.127527E-07        +3.767203E-08
6.098176E-02        -6.081425E-07        +3.730791E-08
6.092698E-02        -6.035621E-07        +3.694679E-08
6.087225E-02        -5.990115E-07        +3.658867E-08
6.081756E-02        -5.944899E-07        +3.623349E-08
6.076293E-02        -5.899989E-07        +3.588139E-08
6.070835E-02        -5.855378E-07        +3.553257E-08
6.065381E-02        -5.811057E-07        +3.518713E-08
6.059932E-02        -5.767033E-07        +3.484397E-08
6.054489E-02        -5.723317E-07        +3.450417E-08
6.049050E-02        -5.679891E-07        +3.416775E-08
6.043616E-02        -5.636764E-07        +3.383361E-08
6.038187E-02        -5.593935E-07        +3.350276E-08
6.032763E-02        -5.551405E-07        +3.317536E-08
6.027343E-02        -5.509165E-07        +3.285019E-08
6.021929E-02        -5.467205E-07        +3.252808E-08
6.016519E-02        -5.425491E-07        +3.220865E-08
6.011115E-02        -5.384128E-07        +3.189155E-08
6.005715E-02        -5.342983E-07        +3.157769E-08
6.000320E-02        -5.302138E-07        +3.126728E-08
5.994929E-02        -5.261585E-07        +3.095881E-08
5.989544E-02        -5.221310E-07        +3.065297E-08
5.984164E-02        -5.181262E-07        +3.035059E-08
5.978788E-02        -5.141506E-07        +3.005043E-08
5.973417E-02        -5.102050E-07        +2.975300E-08
5.968051E-02        -5.062864E-07        +2.945786E-08
5.962690E-02        -5.023906E-07        +2.916574E-08
5.957334E-02        -4.985247E-07        +2.887634E-08
5.951982E-02        -4.946853E-07        +2.858917E-08
5.946635E-02        -4.908685E-07        +2.830502E-08
5.941293E-02        -4.870817E-07        +2.802360E-08
5.935956E-02        -4.833221E-07        +2.774418E-08
5.930624E-02        -4.795852E-07        +2.746706E-08
5.925296E-02        -4.758748E-07        +2.719289E-08
5.919973E-02        -4.721872E-07        +2.692118E-08
5.914655E-02        -4.685295E-07        +2.665132E-08
5.909342E-02        -4.648990E-07        +2.638491E-08
5.904034E-02        -4.612913E-07        +2.612051E-08
5.898730E-02        -4.577101E-07        +2.585807E-08
5.893431E-02        -4.541489E-07        +2.559792E-08
5.888137E-02        -4.506104E-07        +2.534050E-08
5.882847E-02        -4.471013E-07        +2.508533E-08
5.877563E-02        -4.436201E-07        +2.483293E-08
5.872283E-02        -4.401582E-07        +2.458250E-08
5.867008E-02        -4.367191E-07        +2.433436E-08
5.861737E-02        -4.333066E-07        +2.408863E-08
5.856472E-02        -4.299175E-07        +2.384451E-08
5.851211E-02        -4.265522E-07        +2.360308E-08
5.845954E-02        -4.232046E-07        +2.336362E-08
5.840703E-02        -4.198894E-07        +2.312649E-08
5.835456E-02        -4.165891E-07        +2.289206E-08
5.830214E-02        -4.133189E-07        +2.265936E-08
5.824977E-02        -4.100731E-07        +2.242822E-08
5.819744E-02        -4.068423E-07        +2.219978E-08
5.814516E-02        -4.036388E-07        +2.197335E-08
5.809293E-02        -4.004580E-07        +2.174920E-08
5.804074E-02        -3.973013E-07        +2.152748E-08
5.798860E-02        -3.941600E-07        +2.130704E-08
5.793651E-02        -3.910461E-07        +2.108862E-08
5.788447E-02        -3.879522E-07        +2.087249E-08
5.783247E-02        -3.848805E-07        +2.065877E-08
5.778051E-02        -3.818328E-07        +2.044631E-08
5.772861E-02        -3.788012E-07        +2.023617E-08
5.767675E-02        -3.757964E-07        +2.002846E-08
5.762494E-02        -3.728116E-07        +1.982203E-08
5.757317E-02        -3.698464E-07        +1.961758E-08
5.752145E-02        -3.669039E-07        +1.941514E-08
5.746978E-02        -3.639861E-07        +1.921472E-08
5.741816E-02        -3.610811E-07        +1.901603E-08
5.736658E-02        -3.581983E-07        +1.881887E-08
5.731504E-02        -3.553423E-07        +1.862413E-08
5.726356E-02        -3.525042E-07        +1.843072E-08
5.721212E-02        -3.496812E-07        +1.823929E-08
5.716072E-02        -3.468849E-07        +1.804983E-08
5.710937E-02        -3.441060E-07        +1.786212E-08
5.705807E-02        -3.413427E-07        +1.767596E-08
5.700681E-02        -3.386062E-07        +1.749224E-08
5.695560E-02        -3.358871E-07        +1.730953E-08
5.690444E-02        -3.331835E-07        +1.712838E-08
5.685332E-02        -3.305040E-07        +1.694966E-08
5.680225E-02        -3.278402E-07        +1.677223E-08
5.675122E-02        -3.252004E-07        +1.659650E-08
5.670024E-02        -3.225735E-07        +1.642207E-08
5.664931E-02        -3.199694E-07        +1.624964E-08
5.659842E-02        -3.173895E-07        +1.607920E-08
5.654758E-02        -3.148224E-07        +1.591050E-08
5.649678E-02        -3.122723E-07        +1.574277E-08
5.644603E-02        -3.097376E-07        +1.557661E-08
5.639532E-02        -3.072299E-07        +1.541289E-08
5.634466E-02        -3.047396E-07        +1.525017E-08
5.629404E-02        -3.022616E-07        +1.508872E-08
5.624347E-02        -2.998038E-07        +1.492900E-08
5.619295E-02        -2.973661E-07        +1.477057E-08
5.614247E-02        -2.949454E-07        +1.461413E-08
5.609204E-02        -2.925375E-07        +1.445942E-08
5.604165E-02        -2.901492E-07        +1.430570E-08
5.599131E-02        -2.877811E-07        +1.415327E-08
5.594101E-02        -2.854326E-07        +1.400281E-08
5.589075E-02        -2.831011E-07        +1.385408E-08
5.584055E-02        -2.807830E-07        +1.370638E-08
5.579038E-02        -2.784813E-07        +1.355992E-08
5.574027E-02        -2.761957E-07        +1.341522E-08
5.569020E-02        -2.739343E-07        +1.327151E-08
5.564017E-02        -2.716826E-07        +1.312906E-08
5.559019E-02        -2.694465E-07        +1.298834E-08
5.554025E-02        -2.672347E-07        +1.284889E-08
5.549035E-02        -2.650326E-07        +1.271115E-08
5.544051E-02        -2.628438E-07        +1.257446E-08
5.539070E-02        -2.606742E-07        +1.243899E-08
5.534095E-02        -2.585253E-07        +1.230529E-08
5.529123E-02        -2.563929E-07        +1.217256E-08
5.524156E-02        -2.542707E-07        +1.204111E-08
5.519194E-02        -2.521614E-07        +1.191140E-08
5.514236E-02        -2.500718E-07        +1.178268E-08
5.509282E-02        -2.479992E-07        +1.165495E-08
5.504333E-02        -2.459395E-07        +1.152850E-08
5.499389E-02        -2.439000E-07        +1.140379E-08
5.494448E-02        -2.418744E-07        +1.128005E-08
5.489513E-02        -2.398574E-07        +1.115735E-08
5.484581E-02        -2.378645E-07        +1.103588E-08
5.479655E-02        -2.358821E-07        +1.091591E-08
5.474732E-02        -2.339117E-07        +1.079645E-08
5.469814E-02        -2.319588E-07        +1.067873E-08
5.464900E-02        -2.300184E-07        +1.056227E-08
5.459991E-02        -2.280955E-07        +1.044728E-08
5.455086E-02        -2.261850E-07        +1.033256E-08
5.450186E-02        -2.242921E-07        +1.021911E-08
5.445290E-02        -2.224115E-07        +1.010739E-08
5.440398E-02        -2.205481E-07        +9.996549E-09
5.435511E-02        -2.186949E-07        +9.886538E-09
5.430628E-02        -2.168542E-07        +9.777838E-09
5.425750E-02        -2.150309E-07        +9.670224E-09
5.420876E-02        -2.132201E-07        +9.563629E-09
5.416006E-02        -2.114265E-07        +9.458125E-09
5.411141E-02        -2.096430E-07        +9.353734E-09
5.406280E-02        -2.078720E-07        +9.250381E-09
5.401424E-02        -2.061185E-07        +9.148022E-09
5.396571E-02        -2.043745E-07        +9.046755E-09
5.391724E-02        -2.026410E-07        +8.946474E-09
5.386880E-02        -2.009196E-07        +8.847212E-09
5.382041E-02        -1.992185E-07        +8.748916E-09
5.377206E-02        -1.975318E-07        +8.651660E-09
5.372376E-02        -1.958506E-07        +8.555370E-09
5.367550E-02        -1.941866E-07        +8.460120E-09
5.362728E-02        -1.925351E-07        +8.365763E-09
5.357910E-02        -1.908981E-07        +8.272326E-09
5.353097E-02        -1.892666E-07        +8.179902E-09
5.348289E-02        -1.876527E-07        +8.088464E-09
5.343484E-02        -1.860509E-07        +7.997901E-09
5.338684E-02        -1.844640E-07        +7.908277E-09
5.333888E-02        -1.828822E-07        +7.819595E-09
5.329097E-02        -1.813180E-07        +7.731777E-09
5.324309E-02        -1.797633E-07        +7.644883E-09
5.319527E-02        -1.782218E-07        +7.558872E-09
5.314748E-02        -1.766971E-07        +7.473785E-09
5.309974E-02        -1.751800E-07        +7.389537E-09
5.305204E-02        -1.736681E-07        +7.306156E-09
5.300438E-02        -1.721760E-07        +7.223598E-09
5.295676E-02        -1.706985E-07        +7.141908E-09
5.290919E-02        -1.692239E-07        +7.061056E-09
5.286166E-02        -1.677617E-07        +6.981074E-09
5.281418E-02        -1.663171E-07        +6.901929E-09
5.276673E-02        -1.648821E-07        +6.823611E-09
5.271933E-02        -1.634546E-07        +6.746058E-09
5.267197E-02        -1.620350E-07        +6.669347E-09
5.262466E-02        -1.606376E-07        +6.593402E-09
5.257738E-02        -1.592424E-07        +6.518283E-09
5.253015E-02        -1.578574E-07        +6.443902E-09
5.248296E-02        -1.564850E-07        +6.370318E-09
5.243582E-02        -1.551274E-07        +6.297518E-09
5.238871E-02        -1.537748E-07        +6.225426E-09
5.234165E-02        -1.524397E-07        +6.154146E-09
5.229463E-02        -1.511119E-07        +6.083635E-09
5.224765E-02        -1.497892E-07        +6.013822E-09
5.220072E-02        -1.484841E-07        +5.944719E-09
5.215383E-02        -1.471889E-07        +5.876340E-09
5.210698E-02        -1.459010E-07        +5.808731E-09
5.206017E-02        -1.446182E-07        +5.741818E-09
5.201340E-02        -1.433528E-07        +5.675603E-09
5.196668E-02        -1.420975E-07        +5.610099E-09
5.191999E-02        -1.408518E-07        +5.545252E-09
5.187335E-02        -1.396164E-07        +5.481068E-09
5.182676E-02        -1.383885E-07        +5.417643E-09
5.178020E-02        -1.371655E-07        +5.354828E-09
5.173368E-02        -1.359599E-07        +5.292710E-09
5.168721E-02        -1.347618E-07        +5.231277E-09
5.164078E-02        -1.335688E-07        +5.170468E-09
5.159439E-02        -1.323932E-07        +5.110330E-09
5.154804E-02        -1.312249E-07        +5.050790E-09
5.150173E-02        -1.300617E-07        +4.991874E-09
5.145547E-02        -1.289135E-07        +4.933642E-09
5.140925E-02        -1.277679E-07        +4.876008E-09
5.136306E-02        -1.266345E-07        +4.818986E-09
5.131692E-02        -1.255162E-07        +4.762622E-09
5.127083E-02        -1.244006E-07        +4.706794E-09
5.122477E-02        -1.232947E-07        +4.651578E-09
5.117875E-02        -1.221961E-07        +4.597009E-09
5.113278E-02        -1.211030E-07        +4.542976E-09
5.108684E-02        -1.200269E-07        +4.489529E-09
5.104095E-02        -1.189584E-07        +4.436693E-09
5.099510E-02        -1.178925E-07        +4.384429E-09
5.094929E-02        -1.168365E-07        +4.332689E-09
5.090352E-02        -1.157905E-07        +4.281522E-09
5.085780E-02        -1.147547E-07        +4.230891E-09
5.081211E-02        -1.137286E-07        +4.180822E-09
5.076646E-02        -1.127098E-07        +4.131277E-09
5.072086E-02        -1.116964E-07        +4.082316E-09
5.067530E-02        -1.106978E-07        +4.033880E-09
5.062977E-02        -1.097015E-07        +3.985980E-09
5.058429E-02        -1.087128E-07        +3.938542E-09
5.053885E-02        -1.077293E-07        +3.891676E-09
5.049345E-02        -1.067605E-07        +3.845310E-09
5.044809E-02        -1.057969E-07        +3.799443E-09
5.040277E-02        -1.048455E-07        +3.754075E-09
5.035750E-02        -1.038920E-07        +3.709216E-09
5.031226E-02        -1.029557E-07        +3.664846E-09
5.026706E-02        -1.020267E-07        +3.620976E-09
5.022191E-02        -1.011006E-07        +3.577589E-09
5.017679E-02        -1.001834E-07        +3.534643E-09
5.013172E-02        -9.927364E-08        +3.492255E-09
5.008668E-02        -9.837141E-08        +3.450256E-09
5.004169E-02        -9.747661E-08        +3.408693E-09
4.999674E-02        -9.658953E-08        +3.367629E-09
4.995182E-02        -9.570948E-08        +3.327029E-09
4.990695E-02        -9.483735E-08        +3.286864E-09
4.986212E-02        -9.397220E-08        +3.247198E-09
4.981733E-02        -9.311403E-08        +3.207981E-09
4.977258E-02        -9.226283E-08        +3.169115E-09
4.972786E-02        -9.141843E-08        +3.130714E-09
4.968319E-02        -9.058120E-08        +3.092747E-09
4.963856E-02        -8.975120E-08        +3.055229E-09
4.959397E-02        -8.892868E-08        +3.018062E-09
4.954942E-02        -8.811214E-08        +2.981369E-09
4.950491E-02        -8.730210E-08        +2.945076E-09
4.946044E-02        -8.649953E-08        +2.909183E-09
4.941601E-02        -8.570321E-08        +2.873690E-09
4.937161E-02        -8.491370E-08        +2.838588E-09
4.932726E-02        -8.413109E-08        +2.803895E-09
4.928295E-02        -8.335473E-08        +2.769576E-09
4.923868E-02        -8.258511E-08        +2.735609E-09
4.919445E-02        -8.182147E-08        +2.702116E-09
4.915026E-02        -8.106409E-08        +2.668998E-09
4.910610E-02        -8.031327E-08        +2.636172E-09
4.906199E-02        -7.956887E-08        +2.603705E-09
4.901792E-02        -7.883121E-08        +2.571687E-09
4.897388E-02        -7.809937E-08        +2.539987E-09
4.892989E-02        -7.737370E-08        +2.508670E-09
4.888594E-02        -7.665402E-08        +2.477678E-09
4.884202E-02        -7.594018E-08        +2.447080E-09
4.879815E-02        -7.523275E-08        +2.416863E-09
4.875431E-02        -7.453164E-08        +2.386939E-09
4.871051E-02        -7.383580E-08        +2.357317E-09
4.866675E-02        -7.314595E-08        +2.328045E-09
4.862304E-02        -7.246226E-08        +2.299204E-09
4.857936E-02        -7.178441E-08        +2.270582E-09
4.853572E-02        -7.111231E-08        +2.242287E-09
4.849212E-02        -7.044547E-08        +2.214366E-09
4.844856E-02        -6.978462E-08        +2.186771E-09
4.840503E-02        -6.912938E-08        +2.159519E-09
4.836155E-02        -6.847955E-08        +2.132526E-09
4.831811E-02        -6.783546E-08        +2.105881E-09
4.827470E-02        -6.719649E-08        +2.079482E-09
4.823134E-02        -6.656367E-08        +2.053464E-09
4.818801E-02        -6.593620E-08        +2.027716E-09
4.814472E-02        -6.531350E-08        +2.002219E-09
4.810147E-02        -6.469704E-08        +1.977071E-09
4.805826E-02        -6.408510E-08        +1.952175E-09
4.801509E-02        -6.347892E-08        +1.927629E-09
4.797196E-02        -6.287774E-08        +1.903309E-09
4.792886E-02        -6.228143E-08        +1.879284E-09
4.788581E-02        -6.169027E-08        +1.855565E-09
4.784279E-02        -6.110423E-08        +1.832116E-09
4.779981E-02        -6.052370E-08        +1.808918E-09
4.775687E-02        -5.994769E-08        +1.786070E-09
4.771397E-02        -5.937718E-08        +1.763423E-09
4.767111E-02        -5.881119E-08        +1.741002E-09
4.762829E-02        -5.825071E-08        +1.718882E-09
4.758550E-02        -5.769436E-08        +1.697032E-09
4.754276E-02        -5.714315E-08        +1.675413E-09
4.750005E-02        -5.659683E-08        +1.654090E-09
4.745738E-02        -5.605526E-08        +1.633043E-09
4.741475E-02        -5.551822E-08        +1.612196E-09
4.737215E-02        -5.498631E-08        +1.591570E-09
4.732960E-02        -5.445829E-08        +1.571225E-09
4.728708E-02        -5.393566E-08        +1.551076E-09
4.724460E-02        -5.341705E-08        +1.531178E-09
4.720216E-02        -5.290271E-08        +1.511605E-09
4.715976E-02        -5.239338E-08        +1.492158E-09
4.711739E-02        -5.188869E-08        +1.472933E-09
4.707507E-02        -5.138815E-08        +1.453987E-09
4.703278E-02        -5.089175E-08        +1.435264E-09
4.699053E-02        -5.040011E-08        +1.416791E-09
4.694832E-02        -4.991275E-08        +1.398469E-09
4.690614E-02        -4.942979E-08        +1.380418E-09
4.686401E-02        -4.895046E-08        +1.362573E-09
4.682191E-02        -4.847604E-08        +1.344924E-09
4.677985E-02        -4.800613E-08        +1.327501E-09
4.673782E-02        -4.753938E-08        +1.310325E-09
4.669584E-02        -4.707702E-08        +1.293304E-09
4.665389E-02        -4.661931E-08        +1.276529E-09
4.661198E-02        -4.616537E-08        +1.259906E-09
4.657011E-02        -4.571495E-08        +1.243533E-09
4.652827E-02        -4.526920E-08        +1.227283E-09
4.648648E-02        -4.482732E-08        +1.211262E-09
4.644472E-02        -4.438886E-08        +1.195488E-09
4.640299E-02        -4.395481E-08        +1.179837E-09
4.636131E-02        -4.352439E-08        +1.164390E-09
4.631966E-02        -4.309839E-08        +1.149140E-09
4.627805E-02        -4.267566E-08        +1.134091E-09
4.623648E-02        -4.225695E-08        +1.119218E-09
4.619495E-02        -4.184202E-08        +1.104496E-09
4.615345E-02        -4.143025E-08        +1.090022E-09
4.611199E-02        -4.102251E-08        +1.075673E-09
4.607057E-02        -4.061854E-08        +1.061500E-09
4.602918E-02        -4.021774E-08        +1.047475E-09
4.598783E-02        -3.982097E-08        +1.033675E-09
4.594652E-02        -3.942798E-08        +1.019952E-09
4.590524E-02        -3.903816E-08        +1.006489E-09
4.586401E-02        -3.865220E-08        +9.931795E-10
4.582281E-02        -3.826943E-08        +9.800205E-10
4.578164E-02        -3.789034E-08        +9.670193E-10
4.574052E-02        -3.751437E-08        +9.541797E-10
4.569943E-02        -3.714157E-08        +9.414929E-10
4.565837E-02        -3.677247E-08        +9.289690E-10
4.561736E-02        -3.640672E-08        +9.165990E-10
4.557638E-02        -3.604466E-08        +9.043794E-10
4.553544E-02        -3.568563E-08        +8.923157E-10
4.549453E-02        -3.532978E-08        +8.803926E-10
4.545366E-02        -3.497746E-08        +8.686204E-10
4.541283E-02        -3.462766E-08        +8.569990E-10
4.537204E-02        -3.428164E-08        +8.455261E-10
4.533128E-02        -3.393856E-08        +8.341889E-10
4.529056E-02        -3.359875E-08        +8.229875E-10
4.524987E-02        -3.326239E-08        +8.119317E-10
4.520922E-02        -3.292830E-08        +8.010145E-10
4.516861E-02        -3.259748E-08        +7.902306E-10
4.512804E-02        -3.227044E-08        +7.795851E-10
4.508750E-02        -3.194610E-08        +7.690680E-10
4.504699E-02        -3.162420E-08        +7.586816E-10
4.500653E-02        -3.130591E-08        +7.484337E-10
4.496610E-02        -3.098981E-08        +7.383067E-10
4.492570E-02        -3.067691E-08        +7.283080E-10
4.488535E-02        -3.036762E-08        +7.184403E-10
4.484502E-02        -3.006044E-08        +7.086911E-10
4.480474E-02        -2.975613E-08        +6.990702E-10
4.476449E-02        -2.945425E-08        +6.895627E-10
4.472428E-02        -2.915591E-08        +6.801837E-10
4.468410E-02        -2.885977E-08        +6.709208E-10
4.464396E-02        -2.856665E-08        +6.617712E-10
4.460386E-02        -2.827656E-08        +6.527400E-10
4.456379E-02        -2.798918E-08        +6.438198E-10
4.452376E-02        -2.770407E-08        +6.350181E-10
4.448376E-02        -2.742192E-08        +6.263251E-10
4.444380E-02        -2.714254E-08        +6.177429E-10
4.440387E-02        -2.686537E-08        +6.092695E-10
4.436399E-02        -2.659105E-08        +6.009090E-10
4.432413E-02        -2.631886E-08        +5.926528E-10
4.428432E-02        -2.604952E-08        +5.845019E-10
4.424454E-02        -2.578238E-08        +5.764573E-10
4.420479E-02        -2.551796E-08        +5.685116E-10
4.416508E-02        -2.525581E-08        +5.606667E-10
4.412541E-02        -2.499669E-08        +5.529226E-10
4.408577E-02        -2.474004E-08        +5.452799E-10
4.404616E-02        -2.448508E-08        +5.377388E-10
4.400660E-02        -2.423348E-08        +5.302877E-10
4.396706E-02        -2.398327E-08        +5.229388E-10
4.392757E-02        -2.373591E-08        +5.156825E-10
4.388811E-02        -2.349075E-08        +5.085177E-10
4.384868E-02        -2.324831E-08        +5.014494E-10
4.380929E-02        -2.300790E-08        +4.944720E-10
4.376994E-02        -2.276952E-08        +4.875853E-10
4.373062E-02        -2.253334E-08        +4.807852E-10
4.369133E-02        -2.229989E-08        +4.740691E-10
4.365209E-02        -2.206852E-08        +4.674506E-10
4.361287E-02        -2.183906E-08        +4.609095E-10
4.357369E-02        -2.161187E-08        +4.544541E-10
4.353455E-02        -2.138746E-08        +4.480922E-10
4.349544E-02        -2.116478E-08        +4.418042E-10
4.345637E-02        -2.094361E-08        +4.356022E-10
4.341733E-02        -2.072517E-08        +4.294742E-10
4.337833E-02        -2.050876E-08        +4.234345E-10
4.333936E-02        -2.029431E-08        +4.174741E-10
4.330043E-02        -2.008189E-08        +4.115919E-10
4.326153E-02        -1.987168E-08        +4.057814E-10
4.322267E-02        -1.966402E-08        +4.000517E-10
4.318384E-02        -1.945757E-08        +3.943988E-10
4.314505E-02        -1.925314E-08        +3.888166E-10
4.310629E-02        -1.905069E-08        +3.833061E-10
4.306757E-02        -1.885027E-08        +3.778740E-10
4.302888E-02        -1.865181E-08        +3.725111E-10
4.299023E-02        -1.845539E-08        +3.672190E-10
4.295161E-02        -1.826093E-08        +3.619962E-10
4.291302E-02        -1.806846E-08        +3.568428E-10
4.287448E-02        -1.787781E-08        +3.517589E-10
4.283596E-02        -1.768834E-08        +3.467380E-10
4.279748E-02        -1.750113E-08        +3.417929E-10
4.275903E-02        -1.731641E-08        +3.369073E-10
4.272062E-02        -1.713272E-08        +3.320847E-10
4.268225E-02        -1.695054E-08        +3.273304E-10
4.264390E-02        -1.677081E-08        +3.226367E-10
4.260560E-02        -1.659238E-08        +3.180124E-10
4.256732E-02        -1.641589E-08        +3.134465E-10
4.252909E-02        -1.624123E-08        +3.089423E-10
4.249088E-02        -1.606799E-08        +3.044965E-10
4.245271E-02        -1.589729E-08        +3.001113E-10
4.241457E-02        -1.572756E-08        +2.957857E-10
4.237647E-02        -1.555911E-08        +2.915182E-10
4.233841E-02        -1.539267E-08        +2.873038E-10
4.230037E-02        -1.522794E-08        +2.831478E-10
4.226237E-02        -1.506470E-08        +2.790501E-10
4.222441E-02        -1.490378E-08        +2.750053E-10
4.218648E-02        -1.474331E-08        +2.710201E-10
4.214858E-02        -1.458483E-08        +2.670897E-10
4.211072E-02        -1.442836E-08        +2.632047E-10
4.207289E-02        -1.427341E-08        +2.593769E-10
4.203509E-02        -1.411915E-08        +2.556010E-10
4.199733E-02        -1.396744E-08        +2.518810E-10
4.195961E-02        -1.381675E-08        +2.482039E-10
4.192191E-02        -1.366725E-08        +2.445779E-10
4.188425E-02        -1.351977E-08        +2.410077E-10
4.184663E-02        -1.337383E-08        +2.374804E-10
4.180904E-02        -1.322859E-08        +2.340028E-10
4.177148E-02        -1.308563E-08        +2.305724E-10
4.173396E-02        -1.294340E-08        +2.271874E-10
4.169647E-02        -1.280344E-08        +2.238572E-10
4.165901E-02        -1.266395E-08        +2.205667E-10
4.162159E-02        -1.252647E-08        +2.173191E-10
4.158420E-02        -1.239051E-08        +2.141189E-10
4.154684E-02        -1.225501E-08        +2.109607E-10
4.150952E-02        -1.212153E-08        +2.078483E-10
4.147223E-02        -1.198956E-08        +2.047727E-10
4.143497E-02        -1.185805E-08        +2.017497E-10
4.139775E-02        -1.172857E-08        +1.987620E-10
4.136056E-02        -1.160060E-08        +1.958192E-10
4.132341E-02        -1.147313E-08        +1.929117E-10
4.128629E-02        -1.134764E-08        +1.900492E-10
4.124920E-02        -1.122367E-08        +1.872211E-10
4.121215E-02        -1.110019E-08        +1.844388E-10
4.117512E-02        -1.097843E-08        +1.816903E-10
4.113814E-02        -1.085773E-08        +1.789882E-10
4.110118E-02        -1.073798E-08        +1.763176E-10
4.106426E-02        -1.061949E-08        +1.736850E-10
4.102737E-02        -1.050275E-08        +1.710846E-10
4.099051E-02        -1.038700E-08        +1.685240E-10
4.095369E-02        -1.027228E-08        +1.660015E-10
4.091690E-02        -1.015854E-08        +1.635111E-10
4.088015E-02        -1.004594E-08        +1.610612E-10
4.084342E-02        -9.934708E-09        +1.586456E-10
4.080673E-02        -9.824596E-09        +1.562553E-10
4.077008E-02        -9.715604E-09        +1.539054E-10
4.073345E-02        -9.607697E-09        +1.515900E-10
4.069686E-02        -9.500963E-09        +1.492997E-10
4.066030E-02        -9.395244E-09        +1.470469E-10
4.062378E-02        -9.290645E-09        +1.448268E-10
4.058728E-02        -9.187108E-09        +1.426413E-10
4.055082E-02        -9.084669E-09        +1.404785E-10
4.051439E-02        -8.983244E-09        +1.383480E-10
4.047800E-02        -8.882916E-09        +1.362531E-10
4.044164E-02        -8.783603E-09        +1.341828E-10
4.040531E-02        -8.685335E-09        +1.321477E-10
4.036901E-02        -8.588007E-09        +1.301347E-10
4.033275E-02        -8.491752E-09        +1.281521E-10
4.029652E-02        -8.396435E-09        +1.261994E-10
4.026032E-02        -8.302165E-09        +1.242742E-10
4.022415E-02        -8.208811E-09        +1.223736E-10
4.018802E-02        -8.116476E-09        +1.205086E-10
4.015192E-02        -8.025111E-09        +1.186635E-10
4.011585E-02        -7.934640E-09        +1.168430E-10
4.007981E-02        -7.845085E-09        +1.150553E-10
4.004380E-02        -7.756501E-09        +1.132846E-10
4.000783E-02        -7.668859E-09        +1.115495E-10
3.997189E-02        -7.582163E-09        +1.098343E-10
3.993599E-02        -7.496310E-09        +1.081418E-10
3.990011E-02        -7.411350E-09        +1.064764E-10
3.986427E-02        -7.327361E-09        +1.048336E-10
3.982846E-02        -7.244190E-09        +1.032185E-10
3.979268E-02        -7.161890E-09        +1.016232E-10
3.975693E-02        -7.080409E-09        +1.000495E-10
3.972122E-02        -6.999845E-09        +9.850169E-11
3.968554E-02        -6.920153E-09        +9.697527E-11
3.964989E-02        -6.841255E-09        +9.547129E-11
3.961427E-02        -6.763176E-09        +9.398845E-11
3.957868E-02        -6.685970E-09        +9.252753E-11
3.954313E-02        -6.609557E-09        +9.108871E-11
3.950760E-02        -6.533864E-09        +8.967016E-11
3.947211E-02        -6.459066E-09        +8.827217E-11
3.943666E-02        -6.385084E-09        +8.689550E-11
3.940123E-02        -6.311853E-09        +8.553889E-11
3.936583E-02        -6.239342E-09        +8.420144E-11
3.933047E-02        -6.167648E-09        +8.288407E-11
3.929514E-02        -6.096726E-09        +8.158586E-11
3.925984E-02        -6.026524E-09        +8.030712E-11
3.922457E-02        -5.957095E-09        +7.904655E-11
3.918934E-02        -5.888405E-09        +7.780504E-11
3.915413E-02        -5.820469E-09        +7.658134E-11
3.911896E-02        -5.753249E-09        +7.537647E-11
3.908382E-02        -5.686725E-09        +7.418877E-11
3.904871E-02        -5.620899E-09        +7.301902E-11
3.901363E-02        -5.555792E-09        +7.186675E-11
3.897858E-02        -5.491436E-09        +7.073066E-11
3.894357E-02        -5.427719E-09        +6.961207E-11
3.890859E-02        -5.364698E-09        +6.851074E-11
3.887363E-02        -5.302334E-09        +6.742451E-11
3.883871E-02        -5.240608E-09        +6.635532E-11
3.880382E-02        -5.179579E-09        +6.530184E-11
3.876897E-02        -5.119265E-09        +6.426386E-11
3.873414E-02        -5.059585E-09        +6.324153E-11
3.869934E-02        -5.000449E-09        +6.223471E-11
3.866458E-02        -4.942027E-09        +6.124259E-11
3.862985E-02        -4.884280E-09        +6.026598E-11
3.859514E-02        -4.827114E-09        +5.930328E-11
3.856047E-02        -4.770563E-09        +5.835560E-11
3.852583E-02        -4.714610E-09        +5.742188E-11
3.849123E-02        -4.659270E-09        +5.650239E-11
3.845665E-02        -4.604536E-09        +5.559638E-11
3.842210E-02        -4.550454E-09        +5.470379E-11
3.838759E-02        -4.496908E-09        +5.382575E-11
3.835310E-02        -4.443923E-09        +5.295988E-11
3.831865E-02        -4.391496E-09        +5.210778E-11
3.828423E-02        -4.339723E-09        +5.126811E-11
3.824984E-02        -4.288470E-09        +5.044173E-11
3.821548E-02        -4.237794E-09        +4.962701E-11
3.818115E-02        -4.187638E-09        +4.882558E-11
3.814685E-02        -4.138059E-09        +4.803559E-11
3.811258E-02        -4.089001E-09        +4.725812E-11
3.807834E-02        -4.040519E-09        +4.649209E-11
3.804414E-02        -3.992549E-09        +4.573858E-11
3.800996E-02        -3.945088E-09        +4.499551E-11
3.797582E-02        -3.898216E-09        +4.426496E-11
3.794170E-02        -3.851829E-09        +4.354440E-11
3.790762E-02        -3.805955E-09        +4.283527E-11
3.787356E-02        -3.760567E-09        +4.213746E-11
3.783954E-02        -3.715691E-09        +4.145008E-11
3.780555E-02        -3.671314E-09        +4.077345E-11
3.777159E-02        -3.627413E-09        +4.010680E-11
3.773766E-02        -3.583957E-09        +3.945037E-11
3.770376E-02        -3.541078E-09        +3.880448E-11
3.766989E-02        -3.498675E-09        +3.816803E-11
3.763605E-02        -3.456671E-09        +3.754211E-11
3.760224E-02        -3.415113E-09        +3.692519E-11
3.756846E-02        -3.374108E-09        +3.631771E-11
3.753471E-02        -3.333503E-09        +3.572055E-11
3.750099E-02        -3.293342E-09        +3.513183E-11
3.746731E-02        -3.253725E-09        +3.455282E-11
3.743365E-02        -3.214441E-09        +3.398209E-11
3.740002E-02        -3.175634E-09        +3.342090E-11
3.736642E-02        -3.137249E-09        +3.286794E-11
3.733286E-02        -3.099353E-09        +3.232413E-11
3.729932E-02        -3.061845E-09        +3.178871E-11
3.726581E-02        -3.024737E-09        +3.126096E-11
3.723234E-02        -2.988040E-09        +3.074268E-11
3.719889E-02        -2.951754E-09        +3.023147E-11
3.716548E-02        -2.915933E-09        +2.972842E-11
3.713209E-02        -2.880447E-09        +2.923321E-11
3.709873E-02        -2.845438E-09        +2.874600E-11
3.706541E-02        -2.810818E-09        +2.826671E-11
3.703211E-02        -2.776509E-09        +2.779450E-11
3.699884E-02        -2.742622E-09        +2.733007E-11
3.696561E-02        -2.709201E-09        +2.687300E-11
3.693240E-02        -2.676070E-09        +2.642334E-11
3.689922E-02        -2.643284E-09        +2.597991E-11
3.686608E-02        -2.610963E-09        +2.554384E-11
3.683296E-02        -2.578954E-09        +2.511519E-11
3.679987E-02        -2.547324E-09        +2.469277E-11
3.676681E-02        -2.516016E-09        +2.427735E-11
3.673378E-02        -2.485108E-09        +2.386870E-11
3.670079E-02        -2.454587E-09        +2.346619E-11
3.666782E-02        -2.424380E-09        +2.306978E-11
3.663488E-02        -2.394550E-09        +2.268014E-11
3.660197E-02        -2.365021E-09        +2.229652E-11
3.656909E-02        -2.335815E-09        +2.191889E-11
3.653624E-02        -2.306986E-09        +2.154750E-11
3.650342E-02        -2.278458E-09        +2.118266E-11
3.647062E-02        -2.250243E-09        +2.082294E-11
3.643786E-02        -2.222394E-09        +2.046911E-11
3.640513E-02        -2.194789E-09        +2.012050E-11
3.637243E-02        -2.167562E-09        +1.977791E-11
3.633975E-02        -2.140650E-09        +1.944099E-11
3.630711E-02        -2.114101E-09        +1.910940E-11
3.627449E-02        -2.087768E-09        +1.878350E-11
3.624191E-02        -2.061765E-09        +1.846270E-11
3.620935E-02        -2.036110E-09        +1.814680E-11
3.617682E-02        -2.010678E-09        +1.783592E-11
3.614432E-02        -1.985569E-09        +1.753004E-11
3.611186E-02        -1.960823E-09        +1.722926E-11
3.607942E-02        -1.936293E-09        +1.693340E-11
3.604700E-02        -1.912033E-09        +1.664223E-11
3.601462E-02        -1.888026E-09        +1.635560E-11
3.598227E-02        -1.864398E-09        +1.607431E-11
3.594995E-02        -1.841047E-09        +1.579669E-11
3.591765E-02        -1.817913E-09        +1.552456E-11
3.588539E-02        -1.795064E-09        +1.525651E-11
3.585315E-02        -1.772430E-09        +1.499261E-11
3.582094E-02        -1.750098E-09        +1.473328E-11
3.578876E-02        -1.728044E-09        +1.447740E-11
3.575662E-02        -1.706219E-09        +1.422638E-11
3.572449E-02        -1.684682E-09        +1.397943E-11
3.569240E-02        -1.663430E-09        +1.373713E-11
3.566034E-02        -1.642379E-09        +1.349806E-11
3.562831E-02        -1.621550E-09        +1.326299E-11
3.559630E-02        -1.601016E-09        +1.303186E-11
3.556432E-02        -1.580760E-09        +1.280452E-11
3.553238E-02        -1.560712E-09        +1.258070E-11
3.550046E-02        -1.540858E-09        +1.236137E-11
3.546857E-02        -1.521227E-09        +1.214506E-11
3.543670E-02        -1.501868E-09        +1.193212E-11
3.540487E-02        -1.482738E-09        +1.172360E-11
3.537307E-02        -1.463865E-09        +1.151753E-11
3.534129E-02        -1.445131E-09        +1.131518E-11
3.530954E-02        -1.426676E-09        +1.111607E-11
3.527782E-02        -1.408443E-09        +1.092074E-11
3.524613E-02        -1.390468E-09        +1.072842E-11
3.521447E-02        -1.372615E-09        +1.053932E-11
3.518284E-02        -1.354985E-09        +1.035380E-11
3.515123E-02        -1.337628E-09        +1.017067E-11
3.511965E-02        -1.320472E-09        +9.991101E-12
3.508810E-02        -1.303517E-09        +9.813876E-12
3.505658E-02        -1.286763E-09        +9.640049E-12
3.502509E-02        -1.270188E-09        +9.469187E-12
3.499363E-02        -1.253757E-09        +9.301134E-12
3.496219E-02        -1.237600E-09        +9.135858E-12
3.493079E-02        -1.221650E-09        +8.973477E-12
3.489941E-02        -1.205873E-09        +8.813697E-12
3.486806E-02        -1.190240E-09        +8.656703E-12
3.483673E-02        -1.174860E-09        +8.502326E-12
3.480544E-02        -1.159608E-09        +8.350528E-12
3.477417E-02        -1.144551E-09        +8.201290E-12
3.474294E-02        -1.129700E-09        +8.054664E-12
3.471173E-02        -1.115045E-09        +7.910444E-12
3.468054E-02        -1.100565E-09        +7.768721E-12
3.464939E-02        -1.086212E-09        +7.629374E-12
3.461826E-02        -1.072055E-09        +7.492369E-12
3.458717E-02        -1.058104E-09        +7.357738E-12
3.455610E-02        -1.044327E-09        +7.225428E-12
3.452505E-02        -1.030669E-09        +7.095285E-12
3.449404E-02        -1.017216E-09        +6.967392E-12
3.446305E-02        -1.003933E-09        +6.841666E-12
3.443209E-02        -9.907573E-10        +6.718128E-12
3.440116E-02        -9.777738E-10        +6.596698E-12
3.437026E-02        -9.649489E-10        +6.477353E-12
3.433938E-02        -9.522752E-10        +6.360001E-12
3.430854E-02        -9.397700E-10        +6.244751E-12
3.427772E-02        -9.274059E-10        +6.131393E-12
3.424692E-02        -9.151965E-10        +6.020008E-12
3.421616E-02        -9.031420E-10        +5.910623E-12
3.418542E-02        -8.912324E-10        +5.803032E-12
3.415471E-02        -8.794658E-10        +5.697328E-12
3.412403E-02        -8.678479E-10        +5.593432E-12
3.409338E-02        -8.563730E-10        +5.491343E-12
3.406275E-02        -8.450432E-10        +5.391029E-12
3.403215E-02        -8.338521E-10        +5.292480E-12
3.400158E-02        -8.227940E-10        +5.195582E-12
3.397104E-02        -8.118768E-10        +5.100447E-12
3.394052E-02        -8.010947E-10        +5.006890E-12
3.391003E-02        -7.904457E-10        +4.914940E-12
3.387957E-02        -7.799333E-10        +4.824620E-12
3.384913E-02        -7.695426E-10        +4.735912E-12
3.381873E-02        -7.592919E-10        +4.648706E-12
3.378835E-02        -7.491608E-10        +4.563092E-12
3.375799E-02        -7.391573E-10        +4.478823E-12
3.372767E-02        -7.292858E-10        +4.396167E-12
3.369737E-02        -7.195319E-10        +4.314969E-12
3.366710E-02        -7.098989E-10        +4.235157E-12
3.363686E-02        -7.003868E-10        +4.156695E-12
3.360664E-02        -6.909924E-10        +4.079671E-12
3.357645E-02        -6.817188E-10        +4.003976E-12
3.354629E-02        -6.725640E-10        +3.929645E-12
3.351615E-02        -6.635170E-10        +3.856539E-12
3.348604E-02        -6.545830E-10        +3.784798E-12
3.345596E-02        -6.457677E-10        +3.714284E-12
3.342591E-02        -6.370632E-10        +3.645077E-12
3.339588E-02        -6.284667E-10        +3.577112E-12
3.336588E-02        -6.199790E-10        +3.510274E-12
3.333591E-02        -6.115963E-10        +3.444642E-12
3.330596E-02        -6.033252E-10        +3.380174E-12
3.327604E-02        -5.951493E-10        +3.316834E-12
3.324615E-02        -5.870842E-10        +3.254679E-12
3.321629E-02        -5.791256E-10        +3.193609E-12
3.318645E-02        -5.712595E-10        +3.133567E-12
3.315663E-02        -5.634973E-10        +3.074669E-12
3.312685E-02        -5.558306E-10        +3.016796E-12
3.309709E-02        -5.482622E-10        +2.959932E-12
3.306736E-02        -5.407925E-10        +2.904131E-12
3.303765E-02        -5.334132E-10        +2.849260E-12
3.300798E-02        -5.261350E-10        +2.795471E-12
3.297832E-02        -5.189449E-10        +2.742573E-12
3.294870E-02        -5.118538E-10        +2.690677E-12
3.291910E-02        -5.048453E-10        +2.639691E-12
3.288953E-02        -4.979333E-10        +2.589667E-12
3.285998E-02        -4.911019E-10        +2.540454E-12
3.283047E-02        -4.843636E-10        +2.492163E-12
3.280097E-02        -4.777094E-10        +2.444745E-12
3.277151E-02        -4.711403E-10        +2.398227E-12
3.274207E-02        -4.646598E-10        +2.352520E-12
3.271266E-02        -4.582658E-10        +2.307676E-12
3.268327E-02        -4.519446E-10        +2.263564E-12
3.265391E-02        -4.457120E-10        +2.220316E-12
3.262458E-02        -4.395581E-10        +2.177814E-12
3.259527E-02        -4.334771E-10        +2.136140E-12
3.256599E-02        -4.274847E-10        +2.095135E-12
3.253673E-02        -4.215689E-10        +2.054978E-12
3.250751E-02        -4.157280E-10        +2.015540E-12
3.247830E-02        -4.099617E-10        +1.976780E-12
3.244913E-02        -4.042681E-10        +1.938739E-12
3.241998E-02        -3.986474E-10        +1.901388E-12
3.239086E-02        -3.931112E-10        +1.864743E-12
3.236176E-02        -3.876359E-10        +1.828769E-12
3.233269E-02        -3.822334E-10        +1.793420E-12
3.230364E-02        -3.769056E-10        +1.758743E-12
3.227462E-02        -3.716427E-10        +1.724691E-12
3.224563E-02        -3.664562E-10        +1.691302E-12
3.221666E-02        -3.613308E-10        +1.658448E-12
3.218772E-02        -3.562740E-10        +1.626278E-12
3.215881E-02        -3.512820E-10        +1.594690E-12
3.212992E-02        -3.463628E-10        +1.563638E-12
3.210106E-02        -3.414983E-10        +1.533248E-12
3.207222E-02        -3.367029E-10        +1.503373E-12
3.204341E-02        -3.319739E-10        +1.474081E-12
3.201462E-02        -3.272982E-10        +1.445283E-12
3.198586E-02        -3.226910E-10        +1.417010E-12
3.195713E-02        -3.181445E-10        +1.389320E-12
3.192842E-02        -3.136571E-10        +1.362125E-12
3.189974E-02        -3.092303E-10        +1.335433E-12
3.187109E-02        -3.048620E-10        +1.309245E-12
3.184245E-02        -3.005456E-10        +1.283543E-12
3.181385E-02        -2.962970E-10        +1.258332E-12
3.178527E-02        -2.920977E-10        +1.233538E-12
3.175672E-02        -2.879510E-10        +1.209246E-12
3.172819E-02        -2.838635E-10        +1.185430E-12
3.169969E-02        -2.798345E-10        +1.162037E-12
3.167121E-02        -2.758548E-10        +1.139098E-12
3.164276E-02        -2.719277E-10        +1.116526E-12
3.161434E-02        -2.680591E-10        +1.094494E-12
3.158594E-02        -2.642377E-10        +1.072778E-12
3.155756E-02        -2.604597E-10        +1.051479E-12
3.152921E-02        -2.567403E-10        +1.030663E-12
3.150089E-02        -2.530714E-10        +1.010225E-12
3.147259E-02        -2.494518E-10        +9.900965E-13
3.144432E-02        -2.458827E-10        +9.703965E-13
3.141607E-02        -2.423609E-10        +9.510626E-13
3.138785E-02        -2.388818E-10        +9.321018E-13
3.135966E-02        -2.354532E-10        +9.135077E-13
3.133149E-02        -2.320718E-10        +8.952542E-13
3.130334E-02        -2.287319E-10        +8.773531E-13
3.127522E-02        -2.254405E-10        +8.597928E-13
3.124712E-02        -2.221885E-10        +8.425614E-13
3.121905E-02        -2.189791E-10        +8.256688E-13
3.119101E-02        -2.158202E-10        +8.090988E-13
3.116299E-02        -2.127066E-10        +7.928437E-13
3.113500E-02        -2.096276E-10        +7.769013E-13
3.110703E-02        -2.065960E-10        +7.612617E-13
3.107908E-02        -2.036038E-10        +7.459135E-13
3.105116E-02        -2.006522E-10        +7.308717E-13
3.102327E-02        -1.977411E-10        +7.161146E-13
3.099540E-02        -1.948694E-10        +7.016427E-13
3.096756E-02        -1.920362E-10        +6.874532E-13
3.093974E-02        -1.892365E-10        +6.735371E-13
3.091195E-02        -1.864833E-10        +6.598854E-13
3.088418E-02        -1.837637E-10        +6.464992E-13
3.085643E-02        -1.810874E-10        +6.333706E-13
3.082871E-02        -1.784378E-10        +6.205003E-13
3.080102E-02        -1.758345E-10        +6.078744E-13
3.077335E-02        -1.732608E-10        +5.954962E-13
3.074571E-02        -1.707196E-10        +5.833641E-13
3.071809E-02        -1.682179E-10        +5.714559E-13
3.069049E-02        -1.657538E-10        +5.597895E-13
3.066292E-02        -1.633201E-10        +5.483453E-13
3.063538E-02        -1.609189E-10        +5.371253E-13
3.060786E-02        -1.585552E-10        +5.261292E-13
3.058036E-02        -1.562212E-10        +5.153411E-13
3.055289E-02        -1.539176E-10        +5.047652E-13
3.052545E-02        -1.516464E-10        +4.943991E-13
3.049802E-02        -1.494120E-10        +4.842296E-13
3.047063E-02        -1.472068E-10        +4.742716E-13
3.044326E-02        -1.450253E-10        +4.645019E-13
3.041591E-02        -1.428814E-10        +4.549225E-13
3.038858E-02        -1.407651E-10        +4.455355E-13
3.036129E-02        -1.386741E-10        +4.363277E-13
3.033401E-02        -1.366199E-10        +4.273031E-13
3.030676E-02        -1.345941E-10        +4.184602E-13
3.027954E-02        -1.325908E-10        +4.097970E-13
3.025234E-02        -1.306170E-10        +4.013003E-13
3.022516E-02        -1.286730E-10        +3.929643E-13
3.019801E-02        -1.267574E-10        +3.848000E-13
3.017088E-02        -1.248634E-10        +3.768002E-13
3.014378E-02        -1.229998E-10        +3.689541E-13
3.011670E-02        -1.211639E-10        +3.612667E-13
3.008965E-02        -1.193505E-10        +3.537369E-13
3.006262E-02        -1.175646E-10        +3.463478E-13
3.003561E-02        -1.158006E-10        +3.391075E-13
3.000863E-02        -1.140649E-10        +3.320168E-13
2.998167E-02        -1.123509E-10        +3.250649E-13
2.995474E-02        -1.106652E-10        +3.182544E-13
2.992783E-02        -1.090014E-10        +3.115809E-13
2.990094E-02        -1.073632E-10        +3.050363E-13
2.987408E-02        -1.057394E-10        +2.986252E-13
2.984725E-02        -1.041459E-10        +2.923494E-13
2.982044E-02        -1.025802E-10        +2.861886E-13
2.979365E-02        -1.010329E-10        +2.801608E-13
2.976688E-02        -9.950109E-11        +2.742461E-13
2.974014E-02        -9.799564E-11        +2.684587E-13
2.971343E-02        -9.651212E-11        +2.627846E-13
2.968674E-02        -9.504877E-11        +2.572275E-13
2.966007E-02        -9.360699E-11        +2.517796E-13
2.963342E-02        -9.218561E-11        +2.464409E-13
2.960680E-02        -9.078395E-11        +2.412114E-13
2.958021E-02        -8.940339E-11        +2.360851E-13
2.955363E-02        -8.804192E-11        +2.310661E-13
2.952709E-02        -8.670046E-11        +2.261561E-13
2.950056E-02        -8.537811E-11        +2.213355E-13
2.947406E-02        -8.407506E-11        +2.166161E-13
2.944758E-02        -8.279062E-11        +2.119939E-13
2.942113E-02        -8.152447E-11        +2.074648E-13
2.939470E-02        -8.027634E-11        +2.030311E-13
2.936829E-02        -7.904664E-11        +1.986807E-13
2.934191E-02        -7.783443E-11        +1.944273E-13
2.931555E-02        -7.663984E-11        +1.902554E-13
2.928922E-02        -7.546253E-11        +1.861744E-13
2.926291E-02        -7.430225E-11        +1.821788E-13
2.923662E-02        -7.315922E-11        +1.782566E-13
2.921036E-02        -7.203205E-11        +1.744234E-13
2.918412E-02        -7.092213E-11        +1.706676E-13
2.915790E-02        -6.982726E-11        +1.669833E-13
2.913171E-02        -6.874885E-11        +1.633800E-13
2.910554E-02        -6.768669E-11        +1.598521E-13
2.907939E-02        -6.663879E-11        +1.563877E-13
2.905327E-02        -6.560715E-11        +1.530042E-13
2.902717E-02        -6.459097E-11        +1.496962E-13
2.900110E-02        -6.358904E-11        +1.464491E-13
2.897504E-02        -6.260099E-11        +1.432642E-13
2.894901E-02        -6.162860E-11        +1.401542E-13
2.892301E-02        -6.066985E-11        +1.371010E-13
2.889703E-02        -5.972576E-11        +1.341213E-13
2.887107E-02        -5.879536E-11        +1.311952E-13
2.884513E-02        -5.787804E-11        +1.283348E-13
2.881922E-02        -5.697475E-11        +1.255291E-13
2.879333E-02        -5.608435E-11        +1.227891E-13
2.876747E-02        -5.520737E-11        +1.201017E-13
2.874162E-02        -5.434355E-11        +1.174730E-13
2.871581E-02        -5.349248E-11        +1.149020E-13
2.869001E-02        -5.265377E-11        +1.123756E-13
2.866424E-02        -5.182749E-11        +1.099139E-13
2.863849E-02        -5.101370E-11        +1.074939E-13
2.861276E-02        -5.021121E-11        +1.051255E-13
2.858706E-02        -4.942154E-11        +1.028139E-13
2.856138E-02        -4.864297E-11        +1.005449E-13
2.853572E-02        -4.787610E-11        +9.832866E-14
2.851009E-02        -4.712064E-11        +9.615801E-14
2.848448E-02        -4.637689E-11        +9.403209E-14
2.845889E-02        -4.564405E-11        +9.195092E-14
2.843332E-02        -4.492193E-11        +8.991412E-14
2.840778E-02        -4.421039E-11        +8.792088E-14
2.838226E-02        -4.351019E-11        +8.597000E-14
2.835676E-02        -4.281949E-11        +8.405990E-14
2.833129E-02        -4.214040E-11        +8.219113E-14
2.830584E-02        -4.147061E-11        +8.036213E-14
2.828041E-02        -4.081136E-11        +7.857234E-14
2.825501E-02        -4.016149E-11        +7.682043E-14
2.822963E-02        -3.952154E-11        +7.510672E-14
2.820427E-02        -3.889133E-11        +7.342882E-14
2.817893E-02        -3.827024E-11        +7.178654E-14
2.815362E-02        -3.765913E-11        +7.017972E-14
2.812833E-02        -3.705714E-11        +6.860752E-14
2.810306E-02        -3.646470E-11        +6.706895E-14
2.807781E-02        -3.588040E-11        +6.556323E-14
2.805259E-02        -3.530506E-11        +6.409073E-14
2.802739E-02        -3.473805E-11        +6.264969E-14
2.800221E-02        -3.418060E-11        +6.123888E-14
2.797706E-02        -3.363130E-11        +5.985989E-14
2.795193E-02        -3.309014E-11        +5.850974E-14
2.792682E-02        -3.255753E-11        +5.718865E-14
2.790173E-02        -3.203225E-11        +5.589684E-14
2.787666E-02        -3.151574E-11        +5.463210E-14
2.785162E-02        -3.100717E-11        +5.339553E-14
2.782660E-02        -3.050576E-11        +5.218565E-14
2.780161E-02        -3.001248E-11        +5.100211E-14
2.777663E-02        -2.952677E-11        +4.984398E-14
2.775168E-02        -2.904820E-11        +4.871181E-14
2.772675E-02        -2.857678E-11        +4.760353E-14
2.770184E-02        -2.811312E-11        +4.651914E-14
2.767696E-02        -2.765660E-11        +4.545907E-14
2.765209E-02        -2.720686E-11        +4.442209E-14
2.762725E-02        -2.676405E-11        +4.340762E-14
2.760244E-02        -2.632777E-11        +4.241607E-14
2.757764E-02        -2.589889E-11        +4.144522E-14
2.755287E-02        -2.547613E-11        +4.049647E-14
2.752812E-02        -2.505953E-11        +3.956843E-14
2.750339E-02        -2.464989E-11        +3.866050E-14
2.747868E-02        -2.424702E-11        +3.777311E-14
2.745400E-02        -2.385009E-11        +3.690499E-14
2.742933E-02        -2.345834E-11        +3.605544E-14
2.740469E-02        -2.307353E-11        +3.522516E-14
2.738007E-02        -2.269468E-11        +3.441343E-14
2.735548E-02        -2.232195E-11        +3.361914E-14
2.733090E-02        -2.195485E-11        +3.284246E-14
2.730635E-02        -2.159305E-11        +3.208364E-14
2.728182E-02        -2.123723E-11        +3.134095E-14
2.725732E-02        -2.088732E-11        +3.061530E-14
2.723283E-02        -2.054243E-11        +2.990529E-14
2.720837E-02        -2.020328E-11        +2.921151E-14
2.718392E-02        -1.986834E-11        +2.853320E-14
2.715950E-02        -1.953951E-11        +2.786992E-14
2.713511E-02        -1.921640E-11        +2.722104E-14
2.711073E-02        -1.889732E-11        +2.658685E-14
2.708638E-02        -1.858354E-11        +2.596748E-14
2.706205E-02        -1.827536E-11        +2.536125E-14
2.703773E-02        -1.797121E-11        +2.476853E-14
2.701345E-02        -1.767229E-11        +2.418945E-14
2.698918E-02        -1.737803E-11        +2.362369E-14
2.696493E-02        -1.708794E-11        +2.307009E-14
2.694071E-02        -1.680295E-11        +2.252949E-14
2.691651E-02        -1.652256E-11        +2.200065E-14
2.689233E-02        -1.624572E-11        +2.148315E-14
2.686817E-02        -1.597447E-11        +2.097823E-14
2.684404E-02        -1.570713E-11        +2.048448E-14
2.681992E-02        -1.544323E-11        +2.000168E-14
2.679583E-02        -1.518485E-11        +1.953048E-14
2.677176E-02        -1.492963E-11        +1.906881E-14
2.674771E-02        -1.467841E-11        +1.861873E-14
2.672368E-02        -1.443135E-11        +1.817862E-14
2.669968E-02        -1.418900E-11        +1.774847E-14
2.667569E-02        -1.394972E-11        +1.732730E-14
2.665173E-02        -1.371453E-11        +1.691627E-14
2.662779E-02        -1.348313E-11        +1.651503E-14
2.660387E-02        -1.325490E-11        +1.612276E-14
2.657997E-02        -1.303066E-11        +1.573928E-14
2.655609E-02        -1.281021E-11        +1.536415E-14
2.653223E-02        -1.259295E-11        +1.499843E-14
2.650840E-02        -1.237957E-11        +1.464022E-14
2.648459E-02        -1.216936E-11        +1.429080E-14
2.646079E-02        -1.196287E-11        +1.394921E-14
2.643702E-02        -1.175945E-11        +1.361574E-14
2.641328E-02        -1.155929E-11        +1.329020E-14
2.638955E-02        -1.136266E-11        +1.297151E-14
2.636584E-02        -1.116840E-11        +1.265998E-14
2.634216E-02        -1.097801E-11        +1.235620E-14
2.631849E-02        -1.079054E-11        +1.205864E-14
2.629485E-02        -1.060613E-11        +1.176882E-14
2.627123E-02        -1.042472E-11        +1.148516E-14
2.624763E-02        -1.024629E-11        +1.120849E-14
2.622405E-02        -1.007078E-11        +1.093862E-14
2.620049E-02        -9.897938E-12        +1.067455E-14
2.617696E-02        -9.728102E-12        +1.041595E-14
2.615344E-02        -9.560885E-12        +1.016404E-14
2.612995E-02        -9.396430E-12        +9.918128E-15
2.610648E-02        -9.234667E-12        +9.677741E-15
2.608302E-02        -9.075509E-12        +9.442885E-15
2.605959E-02        -8.919011E-12        +9.213537E-15
2.603618E-02        -8.765087E-12        +8.989603E-15
2.601279E-02        -8.613657E-12        +8.770797E-15
2.598943E-02        -8.464764E-12        +8.557296E-15
2.596608E-02        -8.318201E-12        +8.348613E-15
2.594275E-02        -8.174051E-12        +8.144885E-15
2.591945E-02        -8.032400E-12        +7.946016E-15
2.589617E-02        -7.892979E-12        +7.751798E-15
2.587290E-02        -7.755875E-12        +7.562010E-15
2.584966E-02        -7.621087E-12        +7.376839E-15
2.582644E-02        -7.488430E-12        +7.195959E-15
2.580324E-02        -7.358031E-12        +7.019373E-15
2.578006E-02        -7.229745E-12        +6.847023E-15
2.575690E-02        -7.103636E-12        +6.678667E-15
2.573376E-02        -6.979605E-12        +6.514287E-15
2.571065E-02        -6.857640E-12        +6.353851E-15
2.568755E-02        -6.737680E-12        +6.197140E-15
2.566447E-02        -6.619636E-12        +6.044188E-15
2.564142E-02        -6.503639E-12        +5.894896E-15
2.561839E-02        -6.389618E-12        +5.749179E-15
2.559537E-02        -6.277427E-12        +5.606858E-15
2.557238E-02        -6.167098E-12        +5.467912E-15
2.554941E-02        -6.058648E-12        +5.332343E-15
2.552646E-02        -5.951994E-12        +5.200032E-15
2.550353E-02        -5.847137E-12        +5.070836E-15
2.548062E-02        -5.744058E-12        +4.944779E-15
2.545773E-02        -5.642676E-12        +4.821657E-15
2.543486E-02        -5.542992E-12        +4.701575E-15
2.541201E-02        -5.444987E-12        +4.584309E-15
2.538918E-02        -5.348598E-12        +4.469904E-15
2.536637E-02        -5.253870E-12        +4.358196E-15
2.534359E-02        -5.160717E-12        +4.249214E-15
2.532082E-02        -5.069167E-12        +4.142801E-15
2.529807E-02        -4.979051E-12        +4.039031E-15
2.527535E-02        -4.890554E-12        +3.937722E-15
2.525264E-02        -4.803517E-12        +3.838848E-15
2.522996E-02        -4.718016E-12        +3.742415E-15
2.520729E-02        -4.633940E-12        +3.648301E-15
2.518465E-02        -4.551235E-12        +3.556445E-15
2.516202E-02        -4.469974E-12        +3.466829E-15
2.513942E-02        -4.390130E-12        +3.379415E-15
2.511684E-02        -4.311584E-12        +3.294035E-15
2.509428E-02        -4.234354E-12        +3.210816E-15
2.507173E-02        -4.158472E-12        +3.129560E-15
2.504921E-02        -4.083922E-12        +3.050338E-15
2.502671E-02        -4.010653E-12        +2.973079E-15
2.500423E-02        -3.938582E-12        +2.897637E-15
2.498176E-02        -3.867698E-12        +2.824042E-15
2.495932E-02        -3.798108E-12        +2.752280E-15
2.493690E-02        -3.729653E-12        +2.682299E-15
2.491450E-02        -3.662462E-12        +2.614016E-15
2.489212E-02        -3.596369E-12        +2.547415E-15
2.486976E-02        -3.531376E-12        +2.482413E-15
2.484742E-02        -3.467501E-12        +2.419010E-15
2.482510E-02        -3.404789E-12        +2.357207E-15
2.480280E-02        -3.343095E-12        +2.296967E-15
2.478052E-02        -3.282500E-12        +2.238126E-15
2.475825E-02        -3.222942E-12        +2.180678E-15
2.473601E-02        -3.164348E-12        +2.124737E-15
2.471379E-02        -3.106835E-12        +2.070196E-15
2.469159E-02        -3.050322E-12        +2.017019E-15
2.466941E-02        -2.994790E-12        +1.965078E-15
2.464725E-02        -2.940177E-12        +1.914500E-15
2.462511E-02        -2.886564E-12        +1.865141E-15
2.460299E-02        -2.833914E-12        +1.817063E-15
2.458089E-02        -2.782101E-12        +1.770167E-15
2.455881E-02        -2.731252E-12        +1.724389E-15
2.453674E-02        -2.681198E-12        +1.679773E-15
2.451470E-02        -2.632068E-12        +1.636278E-15
2.449268E-02        -2.583819E-12        +1.593865E-15
2.447068E-02        -2.536371E-12        +1.552469E-15
2.444870E-02        -2.489741E-12        +1.512156E-15
2.442673E-02        -2.443972E-12        +1.472825E-15
2.440479E-02        -2.399007E-12        +1.434513E-15
2.438287E-02        -2.354778E-12        +1.397182E-15
2.436096E-02        -2.311394E-12        +1.360735E-15
2.433908E-02        -2.268748E-12        +1.325223E-15
2.431722E-02        -2.226866E-12        +1.290675E-15
2.429537E-02        -2.185619E-12        +1.256912E-15
2.427355E-02        -2.145239E-12        +1.223983E-15
2.425174E-02        -2.105476E-12        +1.191921E-15
2.422995E-02        -2.066478E-12        +1.160661E-15
2.420819E-02        -2.028117E-12        +1.130214E-15
2.418644E-02        -1.990438E-12        +1.100537E-15
2.416472E-02        -1.953460E-12        +1.071591E-15
2.414301E-02        -1.917083E-12        +1.043414E-15
2.412132E-02        -1.881389E-12        +1.015933E-15
2.409965E-02        -1.846314E-12        +9.891296E-16
2.407800E-02        -1.811922E-12        +9.630279E-16
2.405637E-02        -1.778113E-12        +9.375849E-16
2.403476E-02        -1.744840E-12        +9.127908E-16
2.401317E-02        -1.712232E-12        +8.886336E-16
2.399160E-02        -1.680143E-12        +8.650951E-16
2.397005E-02        -1.648655E-12        +8.421636E-16
2.394852E-02        -1.617767E-12        +8.198189E-16
2.392700E-02        -1.587430E-12        +7.980329E-16
2.390551E-02        -1.557562E-12        +7.768158E-16
2.388403E-02        -1.528328E-12        +7.561360E-16
2.386258E-02        -1.499543E-12        +7.359946E-16
2.384114E-02        -1.471311E-12        +7.163626E-16
2.381972E-02        -1.443515E-12        +6.972396E-16
2.379833E-02        -1.416315E-12        +6.786224E-16
2.377695E-02        -1.389585E-12        +6.604753E-16
2.375559E-02        -1.363274E-12        +6.427970E-16
2.373425E-02        -1.337464E-12        +6.255758E-16
2.371293E-02        -1.312155E-12        +6.087952E-16
2.369163E-02        -1.287329E-12        +5.924534E-16
2.367034E-02        -1.262893E-12        +5.765329E-16
2.364908E-02        -1.238886E-12        +5.610352E-16
2.362784E-02        -1.215363E-12        +5.459314E-16
2.360661E-02        -1.192230E-12        +5.312242E-16
2.358540E-02        -1.169515E-12        +5.168894E-16
2.356422E-02        -1.147277E-12        +5.029401E-16
2.354305E-02        -1.125347E-12        +4.893530E-16
2.352190E-02        -1.103835E-12        +4.761230E-16
2.350077E-02        -1.082789E-12        +4.632335E-16
2.347966E-02        -1.062062E-12        +4.506829E-16
2.345857E-02        -1.041735E-12        +4.384610E-16
2.343749E-02        -1.021783E-12        +4.265522E-16
2.341644E-02        -1.002161E-12        +4.149596E-16
2.339540E-02        -9.829379E-13        +4.036704E-16
2.337439E-02        -9.640644E-13        +3.926852E-16
2.335339E-02        -9.455229E-13        +3.819854E-16
2.333241E-02        -9.273224E-13        +3.715708E-16
2.331145E-02        -9.094611E-13        +3.614203E-16
2.329051E-02        -8.919289E-13        +3.515469E-16
2.326959E-02        -8.747177E-13        +3.419338E-16
2.324868E-02        -8.578192E-13        +3.325734E-16
2.322780E-02        -8.412463E-13        +3.234578E-16
2.320693E-02        -8.249664E-13        +3.145802E-16
2.318609E-02        -8.089952E-13        +3.059520E-16
2.316526E-02        -7.933154E-13        +2.975419E-16
2.314445E-02        -7.779248E-13        +2.893588E-16
2.312366E-02        -7.628169E-13        +2.813879E-16
2.310289E-02        -7.479964E-13        +2.736357E-16
2.308213E-02        -7.334397E-13        +2.660886E-16
2.306140E-02        -7.191609E-13        +2.587438E-16
2.304068E-02        -7.051444E-13        +2.515877E-16
2.301998E-02        -6.913889E-13        +2.446303E-16
2.299930E-02        -6.778926E-13        +2.378599E-16
2.297864E-02        -6.646471E-13        +2.312634E-16
2.295800E-02        -6.516508E-13        +2.248522E-16
2.293738E-02        -6.388952E-13        +2.186047E-16
2.291677E-02        -6.263745E-13        +2.125313E-16
2.289619E-02        -6.140988E-13        +2.066211E-16
2.287562E-02        -6.020463E-13        +2.008685E-16
2.285507E-02        -5.902164E-13        +1.952729E-16
2.283454E-02        -5.786140E-13        +1.898211E-16
2.281402E-02        -5.672202E-13        +1.845219E-16
2.279353E-02        -5.560576E-13        +1.793591E-16
2.277305E-02        -5.450922E-13        +1.743425E-16
2.275260E-02        -5.343412E-13        +1.694652E-16
2.273216E-02        -5.237857E-13        +1.647093E-16
2.271174E-02        -5.134310E-13        +1.600921E-16
2.269134E-02        -5.032754E-13        +1.556017E-16
2.267095E-02        -4.933057E-13        +1.512230E-16
2.265059E-02        -4.835315E-13        +1.469733E-16
2.263024E-02        -4.739400E-13        +1.428319E-16
2.260991E-02        -4.645227E-13        +1.388025E-16
2.258960E-02        -4.552945E-13        +1.348900E-16
2.256931E-02        -4.462436E-13        +1.310795E-16
2.254903E-02        -4.373524E-13        +1.273758E-16
2.252877E-02        -4.286386E-13        +1.237725E-16
2.250854E-02        -4.200916E-13        +1.202694E-16
2.248832E-02        -4.117076E-13        +1.168567E-16
2.246812E-02        -4.034777E-13        +1.135425E-16
2.244793E-02        -3.954112E-13        +1.103170E-16
2.242777E-02        -3.874993E-13        +1.071816E-16
2.240762E-02        -3.797343E-13        +1.041267E-16
2.238749E-02        -3.721199E-13        +1.011617E-16
2.236738E-02        -3.646546E-13        +9.828263E-17
2.234729E-02        -3.573299E-13        +9.547847E-17
2.232721E-02        -3.501423E-13        +9.275086E-17
2.230715E-02        -3.430954E-13        +9.009919E-17
2.228712E-02        -3.361910E-13        +8.752254E-17
2.226709E-02        -3.294104E-13        +8.501459E-17
2.224709E-02        -3.227638E-13        +8.257846E-17
2.222711E-02        -3.162461E-13        +8.020936E-17
2.220714E-02        -3.098492E-13        +7.790515E-17
2.218719E-02        -3.035879E-13        +7.566567E-17
2.216726E-02        -2.974389E-13        +7.348841E-17
2.214735E-02        -2.914105E-13        +7.137268E-17
2.212745E-02        -2.854981E-13        +6.931429E-17
2.210757E-02        -2.796980E-13        +6.731444E-17
2.208771E-02        -2.740168E-13        +6.536981E-17
2.206787E-02        -2.684445E-13        +6.348021E-17
2.204805E-02        -2.629761E-13        +6.164428E-17
2.202824E-02        -2.576222E-13        +5.985846E-17
2.200845E-02        -2.523690E-13        +5.812267E-17
2.198868E-02        -2.472163E-13        +5.643590E-17
2.196893E-02        -2.421641E-13        +5.479697E-17
2.194920E-02        -2.372125E-13        +5.320420E-17
2.192948E-02        -2.323572E-13        +5.165630E-17
2.190978E-02        -2.275942E-13        +5.015157E-17
2.189010E-02        -2.229300E-13        +4.868967E-17
2.187043E-02        -2.183540E-13        +4.726822E-17
2.185079E-02        -2.138708E-13        +4.588829E-17
2.183116E-02        -2.094742E-13        +4.454665E-17
2.181155E-02        -2.051598E-13        +4.324300E-17
2.179195E-02        -2.009338E-13        +4.197586E-17
2.177238E-02        -1.967970E-13        +4.074599E-17
2.175282E-02        -1.927319E-13        +3.954981E-17
2.173328E-02        -1.887557E-13        +3.838844E-17
2.171375E-02        -1.848563E-13        +3.725946E-17
2.169425E-02        -1.810310E-13        +3.616319E-17
2.167476E-02        -1.772826E-13        +3.509816E-17
2.165529E-02        -1.736062E-13        +3.406326E-17
2.163584E-02        -1.700087E-13        +3.305814E-17
2.161640E-02        -1.664798E-13        +3.208081E-17
2.159698E-02        -1.630197E-13        +3.113228E-17
2.157758E-02        -1.596233E-13        +3.021086E-17
2.155820E-02        -1.563041E-13        +2.931639E-17
2.153883E-02        -1.530452E-13        +2.844742E-17
2.151948E-02        -1.498552E-13        +2.760339E-17
2.150015E-02        -1.467272E-13        +2.678331E-17
2.148084E-02        -1.436663E-13        +2.598649E-17
2.146154E-02        -1.406575E-13        +2.521304E-17
2.144226E-02        -1.377158E-13        +2.446186E-17
2.142300E-02        -1.348279E-13        +2.373329E-17
2.140375E-02        -1.320055E-13        +2.302460E-17
2.138453E-02        -1.292350E-13        +2.233721E-17
2.136532E-02        -1.265151E-13        +2.166938E-17
2.134612E-02        -1.238541E-13        +2.102031E-17
2.132695E-02        -1.212533E-13        +2.039067E-17
2.130779E-02        -1.187014E-13        +1.977945E-17
2.128865E-02        -1.162000E-13        +1.918549E-17
2.126953E-02        -1.137488E-13        +1.860943E-17
2.125042E-02        -1.113468E-13        +1.805000E-17
2.123133E-02        -1.089934E-13        +1.750665E-17
2.121226E-02        -1.066837E-13        +1.697937E-17
2.119320E-02        -1.044299E-13        +1.646757E-17
2.117416E-02        -1.022164E-13        +1.597002E-17
2.115514E-02        -1.000445E-13        +1.548754E-17
2.113614E-02        -9.792043E-14        +1.501979E-17
2.111715E-02        -9.584009E-14        +1.456504E-17
2.109818E-02        -9.380191E-14        +1.412403E-17
2.107923E-02        -9.180503E-14        +1.369541E-17
2.106029E-02        -8.984842E-14        +1.328014E-17
2.104137E-02        -8.793262E-14        +1.287626E-17
2.102247E-02        -8.605545E-14        +1.248512E-17
2.100359E-02        -8.421806E-14        +1.210503E-17
2.098472E-02        -8.241699E-14        +1.173597E-17
2.096587E-02        -8.065321E-14        +1.137864E-17
2.094703E-02        -7.892546E-14        +1.103117E-17
2.092822E-02        -7.723389E-14        +1.069395E-17
2.090942E-02        -7.557653E-14        +1.036660E-17
2.089063E-02        -7.395257E-14        +1.004914E-17
2.087187E-02        -7.236356E-14        +9.741795E-18
2.085312E-02        -7.080664E-14        +9.443133E-18
2.083439E-02        -6.928130E-14        +9.153302E-18
2.081567E-02        -6.778808E-14        +8.872033E-18
2.079697E-02        -6.632595E-14        +8.599248E-18
2.077829E-02        -6.489391E-14        +8.334591E-18
2.075962E-02        -6.349050E-14        +8.077774E-18
2.074097E-02        -6.211718E-14        +7.828602E-18
2.072234E-02        -6.077277E-14        +7.587023E-18
2.070373E-02        -5.945574E-14        +7.352733E-18
2.068513E-02        -5.816607E-14        +7.125341E-18
2.066655E-02        -5.690345E-14        +6.904839E-18
2.064798E-02        -5.566655E-14        +6.690843E-18
2.062943E-02        -5.445639E-14        +6.483353E-18
2.061090E-02        -5.327076E-14        +6.282151E-18
2.059239E-02        -5.211101E-14        +6.086982E-18
2.057389E-02        -5.097468E-14        +5.897693E-18
2.055541E-02        -4.986171E-14        +5.714122E-18
2.053694E-02        -4.877218E-14        +5.536069E-18
2.051849E-02        -4.770586E-14        +5.363486E-18
2.050006E-02        -4.666241E-14        +5.196050E-18
2.048164E-02        -4.563975E-14        +5.033706E-18
2.046325E-02        -4.463966E-14        +4.876361E-18
2.044486E-02        -4.365968E-14        +4.723660E-18
2.042650E-02        -4.270125E-14        +4.575737E-18
2.040815E-02        -4.176247E-14        +4.432244E-18
2.038981E-02        -4.084337E-14        +4.293071E-18
2.037150E-02        -3.994462E-14        +4.158198E-18
2.035320E-02        -3.906370E-14        +4.027444E-18
2.033491E-02        -3.820148E-14        +3.900629E-18
2.031665E-02        -3.735857E-14        +3.777791E-18
2.029840E-02        -3.653268E-14        +3.658692E-18
2.028016E-02        -3.572503E-14        +3.543220E-18
2.026194E-02        -3.493369E-14        +3.431256E-18
2.024374E-02        -3.415951E-14        +3.322714E-18
2.022556E-02        -3.340232E-14        +3.217575E-18
2.020739E-02        -3.266086E-14        +3.115667E-18
2.018924E-02        -3.193538E-14        +3.016879E-18
2.017110E-02        -3.122482E-14        +2.921125E-18
2.015298E-02        -3.053008E-14        +2.828290E-18
2.013488E-02        -2.984963E-14        +2.738357E-18
2.011679E-02        -2.918395E-14        +2.651177E-18
2.009872E-02        -2.853309E-14        +2.566715E-18
2.008066E-02        -2.789516E-14        +2.484892E-18
2.006262E-02        -2.727137E-14        +2.405571E-18
2.004460E-02        -2.666155E-14        +2.328682E-18
2.002659E-02        -2.606436E-14        +2.254234E-18
2.000860E-02        -2.547961E-14        +2.182087E-18
1.999063E-02        -2.490851E-14        +2.112154E-18
1.997267E-02        -2.434852E-14        +2.044397E-18
1.995473E-02        -2.380150E-14        +1.978822E-18
1.993680E-02        -2.326613E-14        +1.915225E-18
1.991890E-02        -2.274232E-14        +1.853660E-18
1.990100E-02        -2.222989E-14        +1.793956E-18
1.988312E-02        -2.172842E-14        +1.736218E-18
1.986526E-02        -2.123737E-14        +1.680209E-18
1.984742E-02        -2.075795E-14        +1.625995E-18
1.982959E-02        -2.028784E-14        +1.573462E-18
1.981178E-02        -1.982936E-14        +1.522609E-18
1.979398E-02        -1.937988E-14        +1.473270E-18
1.977620E-02        -1.894034E-14        +1.425595E-18
1.975843E-02        -1.850981E-14        +1.379319E-18
1.974068E-02        -1.808938E-14        +1.334539E-18
1.972295E-02        -1.767874E-14        +1.291169E-18
1.970523E-02        -1.727610E-14        +1.249183E-18
1.968753E-02        -1.688256E-14        +1.208576E-18
1.966984E-02        -1.649774E-14        +1.169172E-18
1.965217E-02        -1.612100E-14        +1.131061E-18
1.963452E-02        -1.575251E-14        +1.094158E-18
1.961688E-02        -1.539257E-14        +1.058427E-18
1.959926E-02        -1.504004E-14        +1.023803E-18
1.958165E-02        -1.469607E-14        +9.902587E-19
1.956406E-02        -1.435919E-14        +9.578132E-19
1.954649E-02        -1.402954E-14        +9.264118E-19
1.952893E-02        -1.370762E-14        +8.960105E-19
1.951139E-02        -1.339263E-14        +8.665746E-19
1.949386E-02        -1.308384E-14        +8.380744E-19
1.947635E-02        -1.278281E-14        +8.104947E-19
1.945885E-02        -1.248784E-14        +7.837846E-19
1.944137E-02        -1.219994E-14        +7.579431E-19
1.942391E-02        -1.191880E-14        +7.329277E-19
1.940646E-02        -1.164288E-14        +7.087162E-19
1.938903E-02        -1.137387E-14        +6.852804E-19
1.937161E-02        -1.111061E-14        +6.626008E-19
1.935421E-02        -1.085273E-14        +6.406520E-19
1.933682E-02        -1.060146E-14        +6.193963E-19
1.931945E-02        -1.035540E-14        +5.988412E-19
1.930209E-02        -1.011506E-14        +5.789451E-19
1.928475E-02        -9.879522E-15        +5.596925E-19
1.926743E-02        -9.649600E-15        +5.410699E-19
1.925012E-02        -9.424842E-15        +5.230397E-19
1.923283E-02        -9.205071E-15        +5.056008E-19
1.921555E-02        -8.990284E-15        +4.887234E-19
1.919829E-02        -8.780336E-15        +4.723971E-19
1.918105E-02        -8.575124E-15        +4.566032E-19
1.916381E-02        -8.374330E-15        +4.413138E-19
1.914660E-02        -8.178273E-15        +4.265409E-19
1.912940E-02        -7.986552E-15        +4.122348E-19
1.911222E-02        -7.799249E-15        +3.984061E-19
1.909505E-02        -7.616086E-15        +3.850145E-19
1.907789E-02        -7.437037E-15        +3.720658E-19
1.906076E-02        -7.262138E-15        +3.595533E-19
1.904363E-02        -7.091067E-15        +3.474312E-19
1.902653E-02        -6.924024E-15        +3.357245E-19
1.900943E-02        -6.760618E-15        +3.243876E-19
1.899236E-02        -6.601049E-15        +3.134355E-19
1.897530E-02        -6.445099E-15        +3.028315E-19
1.895825E-02        -6.292616E-15        +2.925811E-19
1.894122E-02        -6.143729E-15        +2.826720E-19
1.892420E-02        -5.998097E-15        +2.730868E-19
1.890720E-02        -5.855820E-15        +2.638144E-19
1.889022E-02        -5.716935E-15        +2.548528E-19
1.887325E-02        -5.581107E-15        +2.461868E-19
1.885630E-02        -5.448415E-15        +2.378117E-19
1.883936E-02        -5.318751E-15        +2.297123E-19
1.882243E-02        -5.191964E-15        +2.218791E-19
1.880553E-02        -5.068270E-15        +2.143111E-19
1.878863E-02        -4.947336E-15        +2.069863E-19
1.877175E-02        -4.829136E-15        +1.999106E-19
1.875489E-02        -4.713670E-15        +1.930668E-19
1.873804E-02        -4.600868E-15        +1.864510E-19
1.872121E-02        -4.490753E-15        +1.800640E-19
1.870439E-02        -4.383034E-15        +1.738835E-19
1.868759E-02        -4.277916E-15        +1.679063E-19
1.867080E-02        -4.175166E-15        +1.621342E-19
1.865403E-02        -4.074845E-15        +1.565538E-19
1.863727E-02        -3.976864E-15        +1.511602E-19
1.862053E-02        -3.881111E-15        +1.459482E-19
1.860380E-02        -3.787530E-15        +1.409131E-19
1.858709E-02        -3.696176E-15        +1.360479E-19
1.857040E-02        -3.607017E-15        +1.313441E-19
1.855371E-02        -3.519794E-15        +1.267961E-19
1.853705E-02        -3.434734E-15        +1.224091E-19
1.852039E-02        -3.351582E-15        +1.181597E-19
1.850376E-02        -3.270405E-15        +1.140626E-19
1.848713E-02        -3.191055E-15        +1.101003E-19
1.847053E-02        -3.113661E-15        +1.062716E-19
1.845393E-02        -3.037984E-15        +1.025697E-19
1.843736E-02        -2.964089E-15        +9.900122E-20
1.842079E-02        -2.891928E-15        +9.554825E-20
1.840425E-02        -2.821587E-15        +9.221507E-20
1.838771E-02        -2.752713E-15        +8.899318E-20
1.837120E-02        -2.685587E-15        +8.588358E-20
1.835469E-02        -2.619985E-15        +8.287676E-20
1.833820E-02        -2.555919E-15        +7.997346E-20
1.832173E-02        -2.493443E-15        +7.717043E-20
1.830527E-02        -2.432364E-15        +7.446214E-20
1.828883E-02        -2.372773E-15        +7.184721E-20
1.827240E-02        -2.314495E-15        +6.932121E-20
1.825599E-02        -2.257705E-15        +6.688324E-20
1.823959E-02        -2.202213E-15        +6.452724E-20
1.822320E-02        -2.148075E-15        +6.225129E-20
1.820683E-02        -2.095170E-15        +6.005464E-20
1.819047E-02        -2.043536E-15        +5.793308E-20
1.817413E-02        -1.993118E-15        +5.588560E-20
1.815781E-02        -1.943915E-15        +5.390860E-20
1.814150E-02        -1.895898E-15        +5.199956E-20
1.812520E-02        -1.849038E-15        +5.015569E-20
1.810892E-02        -1.803222E-15        +4.837611E-20
1.809265E-02        -1.758565E-15        +4.665774E-20
1.807640E-02        -1.714936E-15        +4.499962E-20
1.806016E-02        -1.672394E-15        +4.339859E-20
1.804394E-02        -1.630923E-15        +4.185292E-20
1.802773E-02        -1.590284E-15        +4.036066E-20
1.801153E-02        -1.550719E-15        +3.892056E-20
1.799535E-02        -1.512152E-15        +3.753065E-20
1.797919E-02        -1.474484E-15        +3.618918E-20
1.796303E-02        -1.437611E-15        +3.489409E-20
1.794690E-02        -1.401744E-15        +3.364493E-20
1.793078E-02        -1.366681E-15        +3.243855E-20
1.791467E-02        -1.332494E-15        +3.127510E-20
1.789858E-02        -1.299118E-15        +3.015133E-20
1.788250E-02        -1.266547E-15        +2.906780E-20
1.786643E-02        -1.234825E-15        +2.802171E-20
1.785038E-02        -1.203756E-15        +2.701212E-20
1.783435E-02        -1.173569E-15        +2.603943E-20
1.781833E-02        -1.144074E-15        +2.510016E-20
1.780232E-02        -1.115270E-15        +2.419279E-20
1.778633E-02        -1.087177E-15        +2.331844E-20
1.777035E-02        -1.059761E-15        +2.247470E-20
1.775439E-02        -1.032969E-15        +2.166111E-20
1.773844E-02        -1.006864E-15        +2.087614E-20
1.772250E-02        -9.814053E-16        +2.011869E-20
1.770658E-02        -9.565653E-16        +1.938765E-20
1.769068E-02        -9.323424E-16        +1.868356E-20
1.767479E-02        -9.087083E-16        +1.800412E-20
1.765891E-02        -8.856392E-16        +1.734836E-20
1.764304E-02        -8.631386E-16        +1.671544E-20
1.762720E-02        -8.412012E-16        +1.610598E-20
1.761136E-02        -8.197913E-16        +1.551783E-20
1.759554E-02        -7.989164E-16        +1.495076E-20
1.757973E-02        -7.785459E-16        +1.440353E-20
1.756394E-02        -7.586885E-16        +1.387636E-20
1.754816E-02        -7.393073E-16        +1.336790E-20
1.753240E-02        -7.204187E-16        +1.287762E-20
1.751665E-02        -7.019850E-16        +1.240493E-20
1.750091E-02        -6.840052E-16        +1.194825E-20
1.748519E-02        -6.664791E-16        +1.150860E-20
1.746949E-02        -6.493892E-16        +1.108511E-20
1.745379E-02        -6.327112E-16        +1.067694E-20
1.743811E-02        -6.164495E-16        +1.028298E-20
1.742245E-02        -6.006009E-16        +9.903389E-21
1.740680E-02        -5.851380E-16        +9.537421E-21
1.739116E-02        -5.700598E-16        +9.184588E-21
1.737554E-02        -5.553643E-16        +8.844614E-21
1.735993E-02        -5.410264E-16        +8.516795E-21
1.734434E-02        -5.270595E-16        +8.200952E-21
1.732875E-02        -5.134203E-16        +7.896346E-21
1.731319E-02        -5.001349E-16        +7.603005E-21
1.729764E-02        -4.871830E-16        +7.320241E-21
1.728210E-02        -4.745478E-16        +7.047732E-21
1.726657E-02        -4.622296E-16        +6.785014E-21
1.725106E-02        -4.502318E-16        +6.531943E-21
1.723556E-02        -4.385225E-16        +6.287979E-21
1.722008E-02        -4.271162E-16        +6.053066E-21
1.720461E-02        -4.159942E-16        +5.826722E-21
1.718916E-02        -4.051479E-16        +5.608634E-21
1.717372E-02        -3.945772E-16        +5.398459E-21
1.715829E-02        -3.842726E-16        +5.195976E-21
1.714287E-02        -3.742255E-16        +5.000818E-21
1.712747E-02        -3.644396E-16        +4.812896E-21
1.711209E-02        -3.548988E-16        +4.631931E-21
1.709672E-02        -3.456028E-16        +4.457647E-21
1.708136E-02        -3.365344E-16        +4.289619E-21
1.706601E-02        -3.276939E-16        +4.127811E-21
1.705068E-02        -3.190856E-16        +3.972025E-21
1.703537E-02        -3.106992E-16        +3.821984E-21
1.702006E-02        -3.025153E-16        +3.677382E-21
1.700477E-02        -2.945447E-16        +3.538198E-21
1.698950E-02        -2.867846E-16        +3.404153E-21
1.697424E-02        -2.792138E-16        +3.275060E-21
1.695899E-02        -2.718383E-16        +3.150778E-21
1.694375E-02        -2.646440E-16        +3.030983E-21
1.692853E-02        -2.576484E-16        +2.915781E-21
1.691333E-02        -2.508256E-16        +2.804823E-21
1.689813E-02        -2.441681E-16        +2.697939E-21
1.688295E-02        -2.376906E-16        +2.595072E-21
1.686779E-02        -2.313771E-16        +2.496031E-21
1.685263E-02        -2.252266E-16        +2.400589E-21
1.683749E-02        -2.192374E-16        +2.308774E-21
1.682237E-02        -2.134005E-16        +2.220468E-21
1.680726E-02        -2.077122E-16        +2.135425E-21
1.679216E-02        -2.021712E-16        +2.053534E-21
1.677707E-02        -1.967689E-16        +1.974640E-21
1.676200E-02        -1.915089E-16        +1.898837E-21
1.674695E-02        -1.863897E-16        +1.825864E-21
1.673190E-02        -1.813959E-16        +1.755598E-21
1.671687E-02        -1.765342E-16        +1.687949E-21
1.670185E-02        -1.718001E-16        +1.622798E-21
1.668685E-02        -1.671893E-16        +1.560233E-21
1.667186E-02        -1.627033E-16        +1.499953E-21
1.665688E-02        -1.583204E-16        +1.441945E-21
1.664192E-02        -1.540653E-16        +1.386148E-21
1.662697E-02        -1.499119E-16        +1.332439E-21
1.661203E-02        -1.458734E-16        +1.280789E-21
1.659711E-02        -1.419308E-16        +1.231076E-21
1.658220E-02        -1.381032E-16        +1.183310E-21
1.656731E-02        -1.343686E-16        +1.137277E-21
1.655242E-02        -1.307306E-16        +1.092990E-21
1.653755E-02        -1.271916E-16        +1.050409E-21
1.652270E-02        -1.237368E-16        +1.009452E-21
1.650786E-02        -1.203798E-16        +9.701012E-22
1.649303E-02        -1.171121E-16        +9.322100E-22
1.647821E-02        -1.139323E-16        +8.957612E-22
1.646341E-02        -1.108338E-16        +8.607130E-22
1.644862E-02        -1.078147E-16        +8.269999E-22
1.643384E-02        -1.048750E-16        +7.945730E-22
1.641908E-02        -1.020157E-16        +7.634036E-22
1.640433E-02        -9.922979E-17        +7.334202E-22
1.638959E-02        -9.651701E-17        +7.045765E-22
1.637487E-02        -9.387731E-17        +6.768603E-22
1.636016E-02        -9.130762E-17        +6.502095E-22
1.634546E-02        -8.880524E-17        +6.245704E-22
1.633078E-02        -8.637058E-17        +5.999361E-22
1.631611E-02        -8.399938E-17        +5.762420E-22
1.630145E-02        -8.169127E-17        +5.534589E-22
1.628681E-02        -7.944521E-17        +5.315693E-22
1.627218E-02        -7.725924E-17        +5.105133E-22
1.625756E-02        -7.513067E-17        +4.902774E-22
1.624296E-02        -7.305980E-17        +4.708353E-22
1.622837E-02        -7.104346E-17        +4.521373E-22
1.621379E-02        -6.908130E-17        +4.341687E-22
1.619922E-02        -6.717073E-17        +4.168851E-22
1.618467E-02        -6.531266E-17        +4.002856E-22
1.617013E-02        -6.350319E-17        +3.843299E-22
1.615561E-02        -6.174342E-17        +3.690072E-22
1.614109E-02        -6.002982E-17        +3.542670E-22
1.612659E-02        -5.836290E-17        +3.401040E-22
1.611211E-02        -5.674162E-17        +3.265106E-22
1.609763E-02        -5.516263E-17        +3.134265E-22
1.608317E-02        -5.362640E-17        +3.008720E-22
1.606872E-02        -5.213172E-17        +2.887949E-22
1.605429E-02        -5.067848E-17        +2.772021E-22
1.603987E-02        -4.926378E-17        +2.660713E-22
1.602546E-02        -4.788679E-17        +2.553669E-22
1.601106E-02        -4.654727E-17        +2.450790E-22
1.599668E-02        -4.524439E-17        +2.352035E-22
1.598231E-02        -4.397697E-17        +2.257145E-22
1.596795E-02        -4.274330E-17        +2.166010E-22
1.595361E-02        -4.154409E-17        +2.078505E-22
1.593928E-02        -4.037736E-17        +1.994454E-22
1.592496E-02        -3.924153E-17        +1.913686E-22
1.591065E-02        -3.813722E-17        +1.836164E-22
1.589636E-02        -3.706332E-17        +1.761679E-22
1.588208E-02        -3.601819E-17        +1.690166E-22
1.586781E-02        -3.500174E-17        +1.621512E-22
1.585356E-02        -3.401364E-17        +1.555579E-22
1.583932E-02        -3.305222E-17        +1.492231E-22
1.582509E-02        -3.211660E-17        +1.431445E-22
1.581087E-02        -3.120667E-17        +1.373034E-22
1.579667E-02        -3.032220E-17        +1.316965E-22
1.578248E-02        -2.946228E-17        +1.263232E-22
1.576830E-02        -2.862534E-17        +1.211515E-22
1.575414E-02        -2.781254E-17        +1.161984E-22
1.573998E-02        -2.702103E-17        +1.114323E-22
1.572584E-02        -2.625179E-17        +1.068660E-22
1.571172E-02        -2.550394E-17        +1.024811E-22
1.569760E-02        -2.477628E-17        +9.826631E-23
1.568350E-02        -2.406901E-17        +9.422627E-23
1.566941E-02        -2.338146E-17        +9.034767E-23
1.565534E-02        -2.271313E-17        +8.662718E-23
1.564127E-02        -2.206234E-17        +8.305362E-23
1.562722E-02        -2.143063E-17        +7.962615E-23
1.561319E-02        -2.081623E-17        +7.633868E-23
1.559916E-02        -2.021827E-17        +7.318148E-23
1.558515E-02        -1.963763E-17        +7.015325E-23
1.557115E-02        -1.907362E-17        +6.724691E-23
1.555716E-02        -1.852450E-17        +6.445840E-23
1.554318E-02        -1.799042E-17        +6.178277E-23
1.552922E-02        -1.747236E-17        +5.921689E-23
1.551527E-02        -1.696820E-17        +5.675426E-23
1.550133E-02        -1.647796E-17        +5.439241E-23
1.548741E-02        -1.600183E-17        +5.212739E-23
1.547349E-02        -1.553842E-17        +4.995298E-23
1.545959E-02        -1.508900E-17        +4.786911E-23
1.544571E-02        -1.465181E-17        +4.587089E-23
1.543183E-02        -1.422635E-17        +4.395250E-23
1.541797E-02        -1.381387E-17        +4.211361E-23
1.540412E-02        -1.341231E-17        +4.034925E-23
1.539028E-02        -1.302181E-17        +3.865794E-23
1.537646E-02        -1.264325E-17        +3.703626E-23
1.536264E-02        -1.227449E-17        +3.547989E-23
1.534884E-02        -1.191668E-17        +3.398886E-23
1.533505E-02        -1.156806E-17        +3.255845E-23
1.532128E-02        -1.123050E-17        +3.118827E-23
1.530752E-02        -1.090262E-17        +2.987369E-23
1.529376E-02        -1.058270E-17        +2.861258E-23
1.528003E-02        -1.027306E-17        +2.740492E-23
1.526630E-02        -9.972028E-18        +2.624666E-23
1.525259E-02        -9.679322E-18        +2.513603E-23
1.523888E-02        -9.394882E-18        +2.407105E-23
1.522519E-02        -9.118603E-18        +2.305054E-23
1.521152E-02        -8.850434E-18        +2.207332E-23
1.519785E-02        -8.589700E-18        +2.113597E-23
1.518420E-02        -8.336574E-18        +2.023789E-23
1.517056E-02        -8.090591E-18        +1.937665E-23
1.515693E-02        -7.851642E-18        +1.855188E-23
1.514332E-02        -7.619687E-18        +1.776144E-23
1.512971E-02        -7.394126E-18        +1.700317E-23
1.511612E-02        -7.175255E-18        +1.627720E-23
1.510254E-02        -6.962622E-18        +1.558187E-23
1.508898E-02        -6.756194E-18        +1.491578E-23
1.507542E-02        -6.555556E-18        +1.427696E-23
1.506188E-02        -6.360808E-18        +1.366539E-23
1.504835E-02        -6.171614E-18        +1.307946E-23
1.503483E-02        -5.987865E-18        +1.251743E-23
1.502132E-02        -5.809389E-18        +1.197920E-23
1.500783E-02        -5.636264E-18        +1.146415E-23
1.499435E-02        -5.468022E-18        +1.097088E-23
1.498088E-02        -5.304715E-18        +1.049840E-23
1.496742E-02        -5.146071E-18        +1.004568E-23
1.495398E-02        -4.992105E-18        +9.611847E-24
1.494054E-02        -4.842489E-18        +9.196368E-24
1.492712E-02        -4.697337E-18        +8.798659E-24
1.491371E-02        -4.556361E-18        +8.417786E-24
1.490031E-02        -4.419527E-18        +8.052984E-24
1.488693E-02        -4.286685E-18        +7.703901E-24
1.487356E-02        -4.157783E-18        +7.369580E-24
1.486020E-02        -4.032559E-18        +7.049428E-24
1.484685E-02        -3.911005E-18        +6.742865E-24
1.483351E-02        -3.793007E-18        +6.449371E-24
1.482018E-02        -3.678394E-18        +6.168290E-24
1.480687E-02        -3.567237E-18        +5.899400E-24
1.479357E-02        -3.459349E-18        +5.641916E-24
1.478028E-02        -3.354633E-18        +5.395444E-24
1.476700E-02        -3.252990E-18        +5.159550E-24
1.475374E-02        -3.154394E-18        +4.933780E-24
1.474048E-02        -3.058598E-18        +4.717625E-24
1.472724E-02        -2.965660E-18        +4.510776E-24
1.471401E-02        -2.875484E-18        +4.312834E-24
1.470079E-02        -2.787908E-18        +4.123340E-24
1.468759E-02        -2.703046E-18        +3.942194E-24
1.467439E-02        -2.620534E-18        +3.768651E-24
1.466121E-02        -2.540635E-18        +3.602677E-24
1.464804E-02        -2.463024E-18        +3.443840E-24
1.463488E-02        -2.387703E-18        +3.291845E-24
1.462174E-02        -2.314702E-18        +3.146513E-24
1.460860E-02        -2.243748E-18        +3.007403E-24
1.459548E-02        -2.175012E-18        +2.874353E-24
1.458237E-02        -2.108267E-18        +2.747059E-24
1.456927E-02        -2.043512E-18        +2.625309E-24
1.455618E-02        -1.980725E-18        +2.508819E-24
1.454310E-02        -1.919742E-18        +2.397379E-24
1.453004E-02        -1.860672E-18        +2.290807E-24
1.451699E-02        -1.803305E-18        +2.188968E-24
1.450395E-02        -1.747706E-18        +2.091491E-24
1.449092E-02        -1.693711E-18        +1.998200E-24
1.447790E-02        -1.641386E-18        +1.909061E-24
1.446489E-02        -1.590566E-18        +1.823801E-24
1.445190E-02        -1.541366E-18        +1.742356E-24
1.443892E-02        -1.493647E-18        +1.664399E-24
1.442595E-02        -1.447321E-18        +1.589895E-24
1.441299E-02        -1.402389E-18        +1.518581E-24
1.440004E-02        -1.358840E-18        +1.450446E-24
1.438710E-02        -1.316574E-18        +1.385368E-24
1.437418E-02        -1.275558E-18        +1.323118E-24
1.436127E-02        -1.235901E-18        +1.263559E-24
1.434837E-02        -1.197350E-18        +1.206680E-24
1.433548E-02        -1.159982E-18        +1.152357E-24
1.432260E-02        -1.123710E-18        +1.100340E-24
1.430973E-02        -1.088546E-18        +1.050681E-24
1.429688E-02        -1.054568E-18        +1.003168E-24
1.428404E-02        -1.021506E-18        +9.578402E-25
1.427120E-02        -9.894743E-19        +9.144558E-25
1.425838E-02        -9.584389E-19        +8.730208E-25
1.424558E-02        -9.283606E-19        +8.334515E-25
1.423278E-02        -8.991728E-19        +7.956081E-25
1.421999E-02        -8.708784E-19        +7.594514E-25
1.420722E-02        -8.434688E-19        +7.249285E-25
1.419446E-02        -8.168932E-19        +6.919347E-25
1.418170E-02        -7.911108E-19        +6.603929E-25
1.416897E-02        -7.661539E-19        +6.302996E-25
1.415624E-02        -7.419496E-19        +6.015305E-25
1.414352E-02        -7.184804E-19        +5.740426E-25
1.413081E-02        -6.957278E-19        +5.477851E-25
1.411812E-02        -6.736955E-19        +5.227201E-25
1.410544E-02        -6.523303E-19        +4.987833E-25
1.409277E-02        -6.316301E-19        +4.759111E-25
1.408011E-02        -6.115729E-19        +4.540779E-25
1.406746E-02        -5.921235E-19        +4.332177E-25
1.405482E-02        -5.732786E-19        +4.132919E-25
1.404220E-02        -5.550251E-19        +3.942831E-25
1.402958E-02        -5.373229E-19        +3.761140E-25
1.401698E-02        -5.201816E-19        +3.587813E-25
1.400439E-02        -5.035747E-19        +3.422240E-25
1.399181E-02        -4.874759E-19        +3.264200E-25
1.397924E-02        -4.718819E-19        +3.113297E-25
1.396668E-02        -4.567663E-19        +2.969168E-25
1.395413E-02        -4.421259E-19        +2.831667E-25
1.394160E-02        -4.279454E-19        +2.700434E-25
1.392907E-02        -4.141999E-19        +2.575062E-25
1.391656E-02        -4.008928E-19        +2.455541E-25
1.390406E-02        -3.880018E-19        +2.341459E-25
1.389157E-02        -3.755094E-19        +2.232465E-25
1.387909E-02        -3.634123E-19        +2.128524E-25
1.386662E-02        -3.516853E-19        +2.029339E-25
1.385417E-02        -3.403427E-19        +1.934696E-25
1.384172E-02        -3.293400E-19        +1.844270E-25
1.382929E-02        -3.186937E-19        +1.758158E-25
1.381686E-02        -3.083757E-19        +1.675860E-25
1.380445E-02        -2.983850E-19        +1.597396E-25
1.379205E-02        -2.887122E-19        +1.522512E-25
1.377966E-02        -2.793460E-19        +1.451098E-25
1.376728E-02        -2.702690E-19        +1.382966E-25
1.375492E-02        -2.614871E-19        +1.318044E-25
1.374256E-02        -2.529762E-19        +1.255976E-25
1.373021E-02        -2.447335E-19        +1.196869E-25
1.371788E-02        -2.367566E-19        +1.140492E-25
1.370556E-02        -2.290377E-19        +1.086697E-25
1.369325E-02        -2.215657E-19        +1.035390E-25
1.368094E-02        -2.143172E-19        +9.864646E-26
1.366865E-02        -2.073040E-19        +9.398087E-26
1.365638E-02        -2.005233E-19        +8.953526E-26
1.364411E-02        -1.939477E-19        +8.529245E-26
1.363185E-02        -1.875893E-19        +8.124643E-26
1.361961E-02        -1.814342E-19        +7.739211E-26
1.360737E-02        -1.754648E-19        +7.371355E-26
1.359515E-02        -1.696975E-19        +7.020961E-26
1.358293E-02        -1.641062E-19        +6.686581E-26
1.357073E-02        -1.587056E-19        +6.368067E-26
1.355854E-02        -1.534668E-19        +6.064442E-26
1.354636E-02        -1.484053E-19        +5.775023E-26
1.353419E-02        -1.435034E-19        +5.499189E-26
1.352204E-02        -1.387638E-19        +5.236402E-26
1.350989E-02        -1.341700E-19        +4.985785E-26
1.349775E-02        -1.297247E-19        +4.746821E-26
1.348563E-02        -1.254227E-19        +4.519361E-26
1.347351E-02        -1.212568E-19        +4.302431E-26
1.346141E-02        -1.172329E-19        +4.095827E-26
1.344932E-02        -1.133375E-19        +3.899022E-26
1.343723E-02        -1.095599E-19        +3.711225E-26
1.342516E-02        -1.059139E-19        +3.532514E-26
1.341310E-02        -1.023868E-19        +3.362243E-26
1.340105E-02        -9.897132E-20        +3.200014E-26
1.338902E-02        -9.566898E-20        +3.045567E-26
1.337699E-02        -9.247130E-20        +2.898334E-26
1.336497E-02        -8.937788E-20        +2.758059E-26
1.335297E-02        -8.638665E-20        +2.624554E-26
1.334097E-02        -8.349130E-20        +2.497296E-26
1.332899E-02        -8.069267E-20        +2.376198E-26
1.331701E-02        -7.798235E-20        +2.260761E-26
1.330505E-02        -7.536288E-20        +2.150889E-26
1.329310E-02        -7.282963E-20        +2.046286E-26
1.328116E-02        -7.037820E-20        +1.946728E-26
1.326923E-02        -6.800803E-20        +1.851841E-26
1.325731E-02        -6.571460E-20        +1.761448E-26
1.324540E-02        -6.349680E-20        +1.675504E-26
1.323350E-02        -6.135243E-20        +1.593633E-26
1.322161E-02        -5.927784E-20        +1.515647E-26
1.320973E-02        -5.727182E-20        +1.441435E-26
1.319787E-02        -5.533310E-20        +1.370856E-26
1.318601E-02        -5.345652E-20        +1.303592E-26
1.317417E-02        -5.164406E-20        +1.239579E-26
1.316233E-02        -4.988976E-20        +1.178676E-26
1.315051E-02        -4.819461E-20        +1.120720E-26
1.313869E-02        -4.655385E-20        +1.065580E-26
1.312689E-02        -4.496916E-20        +1.013077E-26
1.311510E-02        -4.343714E-20        +9.631102E-27
1.310332E-02        -4.195591E-20        +9.155761E-27
1.309155E-02        -4.052427E-20        +8.703545E-27
1.307979E-02        -3.913943E-20        +8.273192E-27
1.306804E-02        -3.780052E-20        +7.863705E-27
1.305630E-02        -3.650710E-20        +7.474099E-27
1.304457E-02        -3.525574E-20        +7.103477E-27
1.303285E-02        -3.404700E-20        +6.750931E-27
1.302114E-02        -3.287810E-20        +6.415495E-27
1.300945E-02        -3.174911E-20        +6.096728E-27
1.299776E-02        -3.065778E-20        +5.793287E-27
1.298608E-02        -2.960231E-20        +5.504663E-27
1.297442E-02        -2.858267E-20        +5.230387E-27
1.296276E-02        -2.759702E-20        +4.969291E-27
1.295112E-02        -2.664583E-20        +4.721148E-27
1.293948E-02        -2.572479E-20        +4.485020E-27
1.292786E-02        -2.483550E-20        +4.260717E-27
1.291625E-02        -2.397694E-20        +4.047431E-27
1.290464E-02        -2.314640E-20        +3.844417E-27
1.289305E-02        -2.234365E-20        +3.651603E-27
1.288147E-02        -2.156876E-20        +3.468233E-27
1.286990E-02        -2.082060E-20        +3.293910E-27
1.285834E-02        -2.009731E-20        +3.128235E-27
1.284678E-02        -1.939738E-20        +2.970653E-27
1.283524E-02        -1.872205E-20        +2.820882E-27
1.282371E-02        -1.807036E-20        +2.678573E-27
1.281219E-02        -1.743976E-20        +2.543393E-27
1.280069E-02        -1.683155E-20        +2.414907E-27
1.278919E-02        -1.624368E-20        +2.292759E-27
1.277770E-02        -1.567568E-20        +2.176676E-27
1.276622E-02        -1.512667E-20        +2.066358E-27
1.275475E-02        -1.459654E-20        +1.961517E-27
1.274329E-02        -1.408440E-20        +1.861941E-27
1.273185E-02        -1.359057E-20        +1.767413E-27
1.272041E-02        -1.311329E-20        +1.677488E-27
1.270898E-02        -1.265280E-20        +1.592120E-27
1.269756E-02        -1.220730E-20        +1.510940E-27
1.268616E-02        -1.177727E-20        +1.433906E-27
1.267476E-02        -1.136254E-20        +1.360681E-27
1.266338E-02        -1.096136E-20        +1.291205E-27
1.265200E-02        -1.057462E-20        +1.225224E-27
1.264063E-02        -1.020081E-20        +1.162445E-27
1.262928E-02        -9.839780E-21        +1.102906E-27
1.261793E-02        -9.491322E-21        +1.046382E-27
1.260660E-02        -9.155127E-21        +9.926899E-28
1.259528E-02        -8.830562E-21        +9.417182E-28
1.258396E-02        -8.516888E-21        +8.932779E-28
1.257266E-02        -8.214429E-21        +8.473257E-28
1.256136E-02        -7.922170E-21        +8.036616E-28
1.255008E-02        -7.640320E-21        +7.622509E-28
1.253880E-02        -7.367989E-21        +7.228944E-28
1.252754E-02        -7.105351E-21        +6.855710E-28
1.251629E-02        -6.851793E-21        +6.501451E-28
1.250504E-02        -6.606958E-21        +6.164889E-28
1.249381E-02        -6.370816E-21        +5.845722E-28
1.248259E-02        -6.142923E-21        +5.542767E-28
1.247137E-02        -5.922720E-21        +5.255054E-28
1.246017E-02        -5.710478E-21        +4.982229E-28
1.244898E-02        -5.505687E-21        +4.723398E-28
1.243779E-02        -5.307807E-21        +4.477490E-28
1.242662E-02        -5.117080E-21        +4.244424E-28
1.241546E-02        -4.933105E-21        +4.023287E-28
1.240430E-02        -4.755360E-21        +3.813295E-28
1.239316E-02        -4.584040E-21        +3.614236E-28
1.238203E-02        -4.418706E-21        +3.425418E-28
1.237091E-02        -4.259237E-21        +3.246331E-28
1.235979E-02        -4.105217E-21        +3.076247E-28
1.234869E-02        -3.956804E-21        +2.915073E-28
1.233760E-02        -3.813578E-21        +2.762242E-28
1.232651E-02        -3.675315E-21        +2.617136E-28
1.231544E-02        -3.542136E-21        +2.479630E-28
1.230438E-02        -3.413564E-21        +2.349277E-28
1.229332E-02        -3.289537E-21        +2.225570E-28
1.228228E-02        -3.169923E-21        +2.108343E-28
1.227125E-02        -3.054586E-21        +1.997181E-28
1.226022E-02        -2.943237E-21        +1.891702E-28
1.224921E-02        -2.835978E-21        +1.791866E-28
1.223821E-02        -2.732587E-21        +1.697116E-28
1.222721E-02        -2.632705E-21        +1.607253E-28
1.221623E-02        -2.536502E-21        +1.522140E-28
1.220525E-02        -2.443685E-21        +1.441343E-28
1.219429E-02        -2.354161E-21        +1.364887E-28
1.218334E-02        -2.267916E-21        +1.292419E-28
1.217239E-02        -2.184684E-21        +1.223745E-28
1.216146E-02        -2.104518E-21        +1.158634E-28
1.215053E-02        -2.027160E-21        +1.096935E-28
1.213962E-02        -1.952583E-21        +1.038476E-28
1.212871E-02        -1.880709E-21        +9.830073E-29
1.211782E-02        -1.811411E-21        +9.305380E-29
1.210693E-02        -1.744620E-21        +8.807780E-29
1.209605E-02        -1.680143E-21        +8.336362E-29
1.208519E-02        -1.618114E-21        +7.890147E-29
1.207433E-02        -1.558309E-21        +7.467110E-29
1.206349E-02        -1.500659E-21        +7.066821E-29
1.205265E-02        -1.445047E-21        +6.687260E-29
1.204182E-02        -1.391437E-21        +6.327726E-29
1.203100E-02        -1.339809E-21        +5.987295E-29
1.202020E-02        -1.290038E-21        +5.665168E-29
1.200940E-02        -1.242102E-21        +5.359777E-29
1.199861E-02        -1.195868E-21        +5.070686E-29
1.198783E-02        -1.151325E-21        +4.796845E-29
1.197706E-02        -1.108383E-21        +4.537633E-29
1.196630E-02        -1.067033E-21        +4.292238E-29
1.195555E-02        -1.027184E-21        +4.059810E-29
1.194481E-02        -9.888226E-22        +3.839897E-29
1.193408E-02        -9.518316E-22        +3.631639E-29
1.192336E-02        -9.161966E-22        +3.434525E-29
1.191265E-02        -8.818673E-22        +3.247954E-29
1.190195E-02        -8.487948E-22        +3.071336E-29
1.189126E-02        -8.169379E-22        +2.904180E-29
1.188058E-02        -7.862477E-22        +2.746056E-29
1.186991E-02        -7.566850E-22        +2.596313E-29
1.185924E-02        -7.281905E-22        +2.454581E-29
1.184859E-02        -7.007616E-22        +2.320546E-29
1.183795E-02        -6.743480E-22        +2.193681E-29
1.182731E-02        -6.488792E-22        +2.073565E-29
1.181669E-02        -6.243809E-22        +1.960035E-29
1.180607E-02        -6.007670E-22        +1.852564E-29
1.179547E-02        -5.780437E-22        +1.750966E-29
1.178487E-02        -5.561463E-22        +1.654758E-29
1.177428E-02        -5.350572E-22        +1.563807E-29
1.176371E-02        -5.147664E-22        +1.477741E-29
1.175314E-02        -4.952142E-22        +1.396359E-29
1.174258E-02        -4.763903E-22        +1.319361E-29
1.173203E-02        -4.582644E-22        +1.246548E-29
1.172149E-02        -4.408084E-22        +1.177720E-29
1.171096E-02        -4.240104E-22        +1.112665E-29
1.170044E-02        -4.078402E-22        +1.051103E-29
1.168993E-02        -3.922687E-22        +9.929212E-30
1.167943E-02        -3.772769E-22        +9.378973E-30
1.166894E-02        -3.628527E-22        +8.858875E-30
1.165846E-02        -3.489670E-22        +8.367142E-30
1.164798E-02        -3.355873E-22        +7.901850E-30
1.163752E-02        -3.227200E-22        +7.462494E-30
1.162707E-02        -3.103401E-22        +7.047296E-30
1.161662E-02        -2.984092E-22        +6.654426E-30
1.160619E-02        -2.869473E-22        +6.283514E-30
1.159576E-02        -2.759032E-22        +5.932586E-30
1.158534E-02        -2.652690E-22        +5.601072E-30
1.157494E-02        -2.550452E-22        +5.288081E-30
1.156454E-02        -2.452083E-22        +4.992019E-30
1.155415E-02        -2.357331E-22        +4.712301E-30
1.154377E-02        -2.266246E-22        +4.448104E-30
1.153340E-02        -2.178487E-22        +4.198455E-30
1.152304E-02        -2.094193E-22        +3.962643E-30
1.151269E-02        -2.013005E-22        +3.739874E-30
1.150235E-02        -1.934910E-22        +3.529447E-30
1.149201E-02        -1.859738E-22        +3.330483E-30
1.148169E-02        -1.787525E-22        +3.142764E-30
1.147138E-02        -1.718013E-22        +2.965501E-30
1.146107E-02        -1.651122E-22        +2.798005E-30
1.145078E-02        -1.586798E-22        +2.639859E-30
1.144049E-02        -1.524897E-22        +2.490504E-30
1.143021E-02        -1.465312E-22        +2.349426E-30
1.141994E-02        -1.408103E-22        +2.216223E-30
1.140969E-02        -1.353061E-22        +2.090602E-30
1.139944E-02        -1.300150E-22        +1.971846E-30
1.138920E-02        -1.249233E-22        +1.859840E-30
1.137896E-02        -1.200172E-22        +1.753923E-30
1.136874E-02        -1.153063E-22        +1.654079E-30
1.135853E-02        -1.107838E-22        +1.559821E-30
1.134833E-02        -1.064306E-22        +1.470918E-30
1.133813E-02        -1.022347E-22        +1.386839E-30
1.132795E-02        -9.821419E-23        +1.307698E-30
1.131777E-02        -9.434105E-23        +1.232868E-30
1.130760E-02        -9.061855E-23        +1.162237E-30
1.129745E-02        -8.704259E-23        +1.095739E-30
1.128730E-02        -8.360271E-23        +1.032870E-30
1.127716E-02        -8.029566E-23        +9.735761E-31
1.126703E-02        -7.711651E-23        +9.176396E-31
1.125691E-02        -7.406113E-23        +8.648801E-31
1.124679E-02        -7.112164E-23        +8.150690E-31
1.123669E-02        -6.829902E-23        +7.681271E-31
1.122660E-02        -6.558700E-23        +7.238530E-31
1.121651E-02        -6.297730E-23        +6.820571E-31
1.120644E-02        -6.047199E-23        +6.426825E-31
1.119637E-02        -5.806215E-23        +6.055195E-31
1.118631E-02        -5.574710E-23        +5.704705E-31
1.117626E-02        -5.352200E-23        +5.374250E-31
1.116622E-02        -5.138384E-23        +5.062722E-31
1.115619E-02        -4.932959E-23        +4.769019E-31
1.114617E-02        -4.735614E-23        +4.492063E-31
1.113616E-02        -4.545965E-23        +4.231032E-31
1.112615E-02        -4.363623E-23        +3.984701E-31
1.111616E-02        -4.188649E-23        +3.752761E-31
1.110617E-02        -4.020393E-23        +3.533941E-31
1.109620E-02        -3.858898E-23        +3.327896E-31
1.108623E-02        -3.703638E-23        +3.133589E-31
1.107627E-02        -3.554558E-23        +2.950450E-31
1.106632E-02        -3.411285E-23        +2.777874E-31
1.105638E-02        -3.273707E-23        +2.615258E-31
1.104645E-02        -3.141614E-23        +2.462010E-31
1.103652E-02        -3.014588E-23        +2.317485E-31
1.102661E-02        -2.892692E-23        +2.181481E-31
1.101670E-02        -2.775561E-23        +2.053303E-31
1.100681E-02        -2.663148E-23        +1.932625E-31
1.099692E-02        -2.555116E-23        +1.818811E-31
1.098704E-02        -2.451387E-23        +1.711665E-31
1.097717E-02        -2.351843E-23        +1.610704E-31
1.096731E-02        -2.256209E-23        +1.515626E-31
1.095746E-02        -2.164457E-23        +1.426119E-31
1.094761E-02        -2.076226E-23        +1.341718E-31
1.093778E-02        -1.991666E-23        +1.262374E-31
1.092795E-02        -1.910330E-23        +1.187542E-31
1.091814E-02        -1.832366E-23        +1.117173E-31
1.090833E-02        -1.757432E-23        +1.050907E-31
1.089853E-02        -1.685579E-23        +9.884669E-32
1.088874E-02        -1.616536E-23        +9.297117E-32
1.087896E-02        -1.550290E-23        +8.743963E-32
1.086918E-02        -1.486670E-23        +8.222860E-32
1.085942E-02        -1.425622E-23        +7.732891E-32
1.084967E-02        -1.367069E-23        +7.271790E-32
1.083992E-02        -1.310847E-23        +6.837353E-32
1.083018E-02        -1.256841E-23        +6.428638E-32
1.082045E-02        -1.205116E-23        +6.044044E-32
1.081073E-02        -1.155397E-23        +5.682100E-32
1.080102E-02        -1.107685E-23        +5.341661E-32
1.079132E-02        -1.061959E-23        +5.021274E-32
1.078162E-02        -1.017999E-23        +4.719685E-32
1.077194E-02        -9.759318E-24        +4.436166E-32
1.076226E-02        -9.354944E-24        +4.169296E-32
1.075259E-02        -8.966986E-24        +3.918278E-32
1.074294E-02        -8.595289E-24        +3.682362E-32
1.073328E-02        -8.237941E-24        +3.460039E-32
1.072364E-02        -7.895568E-24        +3.251289E-32
1.071401E-02        -7.567263E-24        +3.054905E-32
1.070439E-02        -7.252263E-24        +2.870267E-32
1.069477E-02        -6.949923E-24        +2.696422E-32
1.068516E-02        -6.659896E-24        +2.533045E-32
1.067556E-02        -6.381778E-24        +2.379440E-32
1.066597E-02        -6.115146E-24        +2.235012E-32
1.065639E-02        -5.859413E-24        +2.099259E-32
1.064682E-02        -5.614177E-24        +1.971676E-32
1.063725E-02        -5.378791E-24        +1.851639E-32
1.062770E-02        -5.153344E-24        +1.738914E-32
1.061815E-02        -4.936968E-24        +1.632935E-32
1.060861E-02        -4.729583E-24        +1.533257E-32
1.059908E-02        -4.530703E-24        +1.439649E-32
1.058956E-02        -4.340025E-24        +1.351636E-32
1.058005E-02        -4.157244E-24        +1.268998E-32
1.057055E-02        -3.982058E-24        +1.191343E-32
1.056105E-02        -3.813982E-24        +1.118292E-32
1.055156E-02        -3.652827E-24        +1.049639E-32
1.054208E-02        -3.498456E-24        +9.851730E-33
1.053261E-02        -3.350400E-24        +9.246264E-33
1.052315E-02        -3.208538E-24        +8.677596E-33
1.051370E-02        -3.072578E-24        +8.143596E-33
1.050425E-02        -2.942173E-24        +7.641477E-33
1.049482E-02        -2.817314E-24        +7.170482E-33
1.048539E-02        -2.697608E-24        +6.727715E-33
1.047597E-02        -2.582822E-24        +6.311985E-33
1.046656E-02        -2.472919E-24        +5.921689E-33
1.045716E-02        -2.367532E-24        +5.555307E-33
1.044776E-02        -2.266528E-24        +5.210901E-33
1.043838E-02        -2.169828E-24        +4.887911E-33
1.042900E-02        -2.077042E-24        +4.584511E-33
1.041963E-02        -1.988246E-24        +4.299674E-33
1.041027E-02        -1.903157E-24        +4.032306E-33
1.040092E-02        -1.821664E-24        +3.781474E-33
1.039158E-02        -1.743574E-24        +3.546006E-33
1.038224E-02        -1.668707E-24        +3.324849E-33
1.037292E-02        -1.597113E-24        +3.117495E-33
1.036360E-02        -1.528445E-24        +2.922775E-33
1.035429E-02        -1.462682E-24        +2.740040E-33
1.034499E-02        -1.399712E-24        +2.568665E-33
1.033569E-02        -1.339288E-24        +2.407695E-33
1.032641E-02        -1.281529E-24        +2.256871E-33
1.031713E-02        -1.226203E-24        +2.115253E-33
1.030787E-02        -1.173243E-24        +1.982479E-33
1.029861E-02        -1.122518E-24        +1.857922E-33
1.028935E-02        -1.073850E-24        +1.740929E-33
1.028011E-02        -1.027334E-24        +1.631349E-33
1.027088E-02        -9.828065E-25        +1.528640E-33
1.026165E-02        -9.401328E-25        +1.432207E-33
1.025243E-02        -8.992810E-25        +1.341768E-33
1.024322E-02        -8.601718E-25        +1.257004E-33
1.023402E-02        -8.227427E-25        +1.177446E-33
1.022483E-02        -7.869144E-25        +1.102966E-33
1.021564E-02        -7.525888E-25        +1.033090E-33
1.020646E-02        -7.197357E-25        +9.675350E-34
1.019730E-02        -6.883278E-25        +9.061847E-34
1.018814E-02        -6.582359E-25        +8.486178E-34
1.017898E-02        -6.294051E-25        +7.946149E-34
1.016984E-02        -6.018559E-25        +7.440722E-34
1.016070E-02        -5.754675E-25        +6.966586E-34
1.015158E-02        -5.502386E-25        +6.522780E-34
1.014246E-02        -5.260732E-25        +6.106524E-34
1.013335E-02        -5.029583E-25        +5.716604E-34
1.012424E-02        -4.808195E-25        +5.350926E-34
1.011515E-02        -4.596564E-25        +5.008704E-34
1.010606E-02        -4.393921E-25        +4.687855E-34
1.009698E-02        -4.200172E-25        +4.387287E-34
1.008791E-02        -4.014745E-25        +4.105871E-34
1.007885E-02        -3.837419E-25        +3.842315E-34
1.006980E-02        -3.667799E-25        +3.595508E-34
1.006075E-02        -3.505396E-25        +3.364111E-34
1.005171E-02        -3.350022E-25        +3.147487E-34
1.004268E-02        -3.201540E-25        +2.944645E-34
1.003366E-02        -3.059471E-25        +2.754766E-34
1.002465E-02        -2.923611E-25        +2.576962E-34
1.001564E-02        -2.793599E-25        +2.410346E-34
1.000665E-02        -2.669345E-25        +2.254583E-34
9.997657E-03        -2.550414E-25        +2.108581E-34
9.988676E-03        -2.436719E-25        +1.971994E-34
9.979703E-03        -2.328007E-25        +1.844157E-34
9.970738E-03        -2.224070E-25        +1.724478E-34
9.961781E-03        -2.124631E-25        +1.612458E-34
9.952833E-03        -2.029670E-25        +1.507616E-34
9.943892E-03        -1.938789E-25        +1.409520E-34
9.934959E-03        -1.851892E-25        +1.317691E-34
9.926034E-03        -1.768787E-25        +1.231738E-34
9.917118E-03        -1.689381E-25        +1.151370E-34
9.908209E-03        -1.613543E-25        +1.076243E-34
9.899308E-03        -1.540988E-25        +1.005815E-34
9.890415E-03        -1.471541E-25        +9.400326E-35
9.881531E-03        -1.405278E-25        +8.784858E-35
9.872654E-03        -1.341907E-25        +8.209027E-35
9.863785E-03        -1.281412E-25        +7.670497E-35
9.854924E-03        -1.223517E-25        +7.166801E-35
9.846072E-03        -1.168212E-25        +6.695881E-35
9.837227E-03        -1.115302E-25        +6.255449E-35
9.828390E-03        -1.064783E-25        +5.843582E-35
9.819561E-03        -1.016550E-25        +5.458565E-35
9.810740E-03        -9.704233E-26        +5.098530E-35
9.801927E-03        -9.263591E-26        +4.761977E-35
9.793121E-03        -8.842533E-26        +4.447363E-35
9.784324E-03        -8.440270E-26        +4.153200E-35
9.775535E-03        -8.056037E-26        +3.878334E-35
9.766753E-03        -7.688902E-26        +3.621437E-35
9.757979E-03        -7.338132E-26        +3.381265E-35
9.749214E-03        -7.003233E-26        +3.156842E-35
9.740456E-03        -6.683252E-26        +2.947124E-35
9.731706E-03        -6.377621E-26        +2.751231E-35
9.722964E-03        -6.085660E-26        +2.568168E-35
9.714229E-03        -5.806910E-26        +2.397042E-35
9.705503E-03        -5.540656E-26        +2.237274E-35
9.696784E-03        -5.286336E-26        +2.088028E-35
9.688074E-03        -5.043510E-26        +1.948561E-35
9.679371E-03        -4.811628E-26        +1.818325E-35
9.670675E-03        -4.590270E-26        +1.696640E-35
9.661988E-03        -4.378827E-26        +1.583031E-35
9.653309E-03        -4.177040E-26        +1.476977E-35
9.644637E-03        -3.984302E-26        +1.377882E-35
9.635973E-03        -3.800254E-26        +1.285358E-35
9.627317E-03        -3.624663E-26        +1.198997E-35
9.618668E-03        -3.456941E-26        +1.118313E-35
9.610028E-03        -3.296911E-26        +1.043095E-35
9.601395E-03        -3.144143E-26        +9.727761E-36
9.592770E-03        -2.998348E-26        +9.071729E-36
9.584153E-03        -2.859141E-26        +8.459472E-36
9.575543E-03        -2.726292E-26        +7.887869E-36
9.566941E-03        -2.599438E-26        +7.354485E-36
9.558347E-03        -2.478465E-26        +6.856730E-36
9.549761E-03        -2.363065E-26        +6.392227E-36
9.541182E-03        -2.252847E-26        +5.958824E-36
9.532611E-03        -2.147710E-26        +5.554481E-36
9.524048E-03        -2.047368E-26        +5.177213E-36
9.515492E-03        -1.951687E-26        +4.825192E-36
9.506944E-03        -1.860310E-26        +4.496862E-36
9.498404E-03        -1.773213E-26        +4.190629E-36
9.489871E-03        -1.690095E-26        +3.904965E-36
9.481346E-03        -1.610771E-26        +3.638521E-36
9.472829E-03        -1.535136E-26        +3.390088E-36
9.464320E-03        -1.462995E-26        +3.158386E-36
9.455818E-03        -1.394226E-26        +2.942376E-36
9.447323E-03        -1.328552E-26        +2.740882E-36
9.438837E-03        -1.265965E-26        +2.553051E-36
9.430358E-03        -1.206181E-26        +2.377937E-36
9.421886E-03        -1.149270E-26        +2.214659E-36
9.413422E-03        -1.094962E-26        +2.062521E-36
9.404966E-03        -1.043235E-26        +1.920644E-36
9.396517E-03        -9.938255E-27        +1.788412E-36
9.388076E-03        -9.467383E-27        +1.665234E-36
9.379643E-03        -9.018464E-27        +1.550416E-36
9.371217E-03        -8.590524E-27        +1.443361E-36
9.362799E-03        -8.182451E-27        +1.343665E-36
9.354388E-03        -7.793468E-27        +1.250732E-36
9.345985E-03        -7.422560E-27        +1.164175E-36
9.337589E-03        -7.069061E-27        +1.083575E-36
9.329201E-03        -6.732121E-27        +1.008453E-36
9.320820E-03        -6.410907E-27        +9.384532E-37
9.312447E-03        -6.104760E-27        +8.732723E-37
9.304082E-03        -5.812983E-27        +8.125716E-37
9.295724E-03        -5.534936E-27        +7.560363E-37
9.287373E-03        -5.269928E-27        +7.033878E-37
9.279030E-03        -5.017391E-27        +6.543641E-37
9.270695E-03        -4.776732E-27        +6.087160E-37
9.262367E-03        -4.547420E-27        +5.662103E-37
9.254046E-03        -4.328952E-27        +5.266454E-37
9.245733E-03        -4.120767E-27        +4.898013E-37
9.237428E-03        -3.922458E-27        +4.555154E-37
9.229130E-03        -3.733501E-27        +4.235956E-37
9.220839E-03        -3.553418E-27        +3.938839E-37
9.212556E-03        -3.381996E-27        +3.662424E-37
9.204280E-03        -3.218557E-27        +3.405100E-37
9.196011E-03        -3.062974E-27        +3.165584E-37
9.187751E-03        -2.914798E-27        +2.942817E-37
9.179497E-03        -2.773660E-27        +2.735446E-37
9.171251E-03        -2.639131E-27        +2.542611E-37
9.163012E-03        -2.511153E-27        +2.363194E-37
9.154781E-03        -2.389176E-27        +2.196238E-37
9.146557E-03        -2.273071E-27        +2.041002E-37
9.138341E-03        -2.162546E-27        +1.896534E-37
9.130132E-03        -2.057208E-27        +1.762208E-37
9.121930E-03        -1.956950E-27        +1.637325E-37
9.113735E-03        -1.861560E-27        +1.521188E-37
9.105548E-03        -1.770670E-27        +1.413131E-37
9.097369E-03        -1.684165E-27        +1.312732E-37
9.089196E-03        -1.601746E-27        +1.219295E-37
9.081031E-03        -1.523405E-27        +1.132523E-37
9.072874E-03        -1.448763E-27        +1.051826E-37
9.064724E-03        -1.377710E-27        +9.767730E-38
9.056581E-03        -1.310133E-27        +9.070376E-38
9.048445E-03        -1.245753E-27        +8.422163E-38
9.040316E-03        -1.184550E-27        +7.819797E-38
9.032195E-03        -1.126245E-27        +7.260071E-38
9.024082E-03        -1.070744E-27        +6.739990E-38
9.015975E-03        -1.018013E-27        +6.256643E-38
9.007876E-03        -9.677645E-28        +5.807570E-38
8.999784E-03        -9.199749E-28        +5.390333E-38
8.991699E-03        -8.745060E-28        +5.002815E-38
8.983622E-03        -8.312527E-28        +4.642718E-38
8.975552E-03        -7.900922E-28        +4.308368E-38
8.967489E-03        -7.509427E-28        +3.997789E-38
8.959433E-03        -7.136964E-28        +3.709297E-38
8.951385E-03        -6.782759E-28        +3.441426E-38
8.943344E-03        -6.445700E-28        +3.192656E-38
8.935310E-03        -6.125169E-28        +2.961688E-38
8.927283E-03        -5.820280E-28        +2.747231E-38
8.919264E-03        -5.530372E-28        +2.548118E-38
8.911251E-03        -5.254665E-28        +2.363213E-38
8.903246E-03        -4.992444E-28        +2.191658E-38
8.895248E-03        -4.743075E-28        +2.032430E-38
8.887257E-03        -4.505958E-28        +1.884550E-38
8.879274E-03        -4.280524E-28        +1.747336E-38
8.871298E-03        -4.066149E-28        +1.620063E-38
8.863328E-03        -3.862308E-28        +1.501924E-38
8.855366E-03        -3.668555E-28        +1.392263E-38
8.847411E-03        -3.484364E-28        +1.290560E-38
8.839464E-03        -3.309264E-28        +1.196225E-38
8.831523E-03        -3.142804E-28        +1.108649E-38
8.823589E-03        -2.984522E-28        +1.027438E-38
8.815663E-03        -2.834129E-28        +9.520993E-39
8.807744E-03        -2.691207E-28        +8.822315E-39
8.799832E-03        -2.555361E-28        +8.174374E-39
8.791927E-03        -2.426286E-28        +7.573485E-39
8.784029E-03        -2.303589E-28        +7.016186E-39
8.776138E-03        -2.186976E-28        +6.499479E-39
8.768254E-03        -2.076236E-28        +6.020385E-39
8.760377E-03        -1.970975E-28        +5.576221E-39
8.752508E-03        -1.870918E-28        +5.164544E-39
8.744645E-03        -1.775921E-28        +4.782865E-39
8.736790E-03        -1.685629E-28        +4.429096E-39
8.728942E-03        -1.599908E-28        +4.101193E-39
8.721100E-03        -1.518376E-28        +3.797236E-39
8.713266E-03        -1.441028E-28        +3.515608E-39
8.705439E-03        -1.367478E-28        +3.254671E-39
8.697618E-03        -1.297692E-28        +3.012815E-39
8.689805E-03        -1.231322E-28        +2.788796E-39
8.681999E-03        -1.168418E-28        +2.581203E-39
8.674200E-03        -1.108521E-28        +2.388929E-39
8.666408E-03        -1.051709E-28        +2.210788E-39
8.658622E-03        -9.977814E-29        +2.045767E-39
8.650844E-03        -9.465979E-29        +1.893001E-39
8.643073E-03        -8.979682E-29        +1.751482E-39
8.635309E-03        -8.518000E-29        +1.620417E-39
8.627552E-03        -8.079638E-29        +1.499099E-39
8.619801E-03        -7.663358E-29        +1.386721E-39
8.612058E-03        -7.268267E-29        +1.282632E-39
8.604322E-03        -6.893298E-29        +1.186391E-39
8.596592E-03        -6.537231E-29        +1.097206E-39
8.588870E-03        -6.199347E-29        +1.014611E-39
8.581154E-03        -5.878570E-29        +9.382384E-40
8.573446E-03        -5.574184E-29        +8.675402E-40
8.565744E-03        -5.285303E-29        +8.020991E-40
8.558049E-03        -5.011086E-29        +7.415456E-40
8.550361E-03        -4.750922E-29        +6.855204E-40
8.542681E-03        -4.504053E-29        +6.336825E-40
8.535007E-03        -4.269809E-29        +5.857108E-40
8.527339E-03        -4.047500E-29        +5.413361E-40
8.519679E-03        -3.836592E-29        +5.002919E-40
8.512026E-03        -3.636547E-29        +4.623232E-40
8.504379E-03        -3.446741E-29        +4.271976E-40
8.496740E-03        -3.266643E-29        +3.947235E-40
8.489107E-03        -3.095880E-29        +3.646843E-40
8.481481E-03        -2.933807E-29        +3.369056E-40
8.473862E-03        -2.780199E-29        +3.112265E-40
8.466250E-03        -2.634468E-29        +2.874797E-40
8.458644E-03        -2.496203E-29        +2.655309E-40
8.451046E-03        -2.365133E-29        +2.452377E-40
8.443454E-03        -2.240823E-29        +2.264748E-40
8.435869E-03        -2.122904E-29        +2.091268E-40
8.428291E-03        -2.011156E-29        +1.931022E-40
8.420720E-03        -1.905104E-29        +1.782923E-40
8.413155E-03        -1.804616E-29        +1.646052E-40
8.405598E-03        -1.709331E-29        +1.519559E-40
8.398047E-03        -1.619017E-29        +1.402702E-40
8.390503E-03        -1.533392E-29        +1.294710E-40
8.382965E-03        -1.452241E-29        +1.194965E-40
8.375435E-03        -1.375290E-29        +1.102805E-40
8.367911E-03        -1.302325E-29        +1.017700E-40
8.360394E-03        -1.233243E-29        +9.391058E-41
8.352884E-03        -1.167752E-29        +8.664967E-41
8.345380E-03        -1.105647E-29        +7.994355E-41
8.337884E-03        -1.046837E-29        +7.375295E-41
8.330393E-03        -9.910577E-30        +6.803477E-41
8.322910E-03        -9.382272E-30        +6.275558E-41
8.315434E-03        -8.881696E-30        +5.788257E-41
8.307964E-03        -8.407391E-30        +5.338336E-41
8.300500E-03        -7.958053E-30        +4.923013E-41
8.293044E-03        -7.532324E-30        +4.539715E-41
8.285594E-03        -7.128987E-30        +4.185940E-41
8.278151E-03        -6.746993E-30        +3.859452E-41
8.270715E-03        -6.385147E-30        +3.558154E-41
8.263285E-03        -6.042312E-30        +3.280032E-41
8.255862E-03        -5.717638E-30        +3.023519E-41
8.248446E-03        -5.410210E-30        +2.786914E-41
8.241036E-03        -5.118918E-30        +2.568515E-41
8.233633E-03        -4.843180E-30        +2.367136E-41
8.226236E-03        -4.581982E-30        +2.181281E-41
8.218847E-03        -4.334776E-30        +2.009981E-41
8.211464E-03        -4.100611E-30        +1.851910E-41
8.204087E-03        -3.878891E-30        +1.706168E-41
8.196717E-03        -3.669035E-30        +1.571785E-41
8.189354E-03        -3.470271E-30        +1.447950E-41
8.181997E-03        -3.282238E-30        +1.333668E-41
8.174647E-03        -3.104096E-30        +1.228346E-41
8.167304E-03        -2.935533E-30        +1.131199E-41
8.159967E-03        -2.776021E-30        +1.041707E-41
8.152637E-03        -2.624999E-30        +9.592725E-42
8.145313E-03        -2.482130E-30        +8.832447E-42
8.137996E-03        -2.346851E-30        +8.131843E-42
8.130686E-03        -2.218856E-30        +7.486315E-42
8.123382E-03        -2.097727E-30        +6.891406E-42
8.116084E-03        -1.983078E-30        +6.343247E-42
8.108794E-03        -1.874721E-30        +5.838392E-42
8.101509E-03        -1.772124E-30        +5.373247E-42
8.094232E-03        -1.675036E-30        +4.944822E-42
8.086960E-03        -1.583204E-30        +4.550065E-42
8.079696E-03        -1.496284E-30        +4.186640E-42
8.072438E-03        -1.414134E-30        +3.851947E-42
8.065186E-03        -1.336367E-30        +3.543623E-42
8.057941E-03        -1.262799E-30        +3.259803E-42
8.050702E-03        -1.193303E-30        +2.998468E-42
8.043470E-03        -1.127507E-30        +2.757946E-42
8.036245E-03        -1.065302E-30        +2.536459E-42
8.029026E-03        -1.006484E-30        +2.332575E-42
8.021813E-03        -9.508788E-31        +2.144905E-42
8.014607E-03        -8.982804E-31        +1.972185E-42
8.007407E-03        -8.485495E-31        +1.813286E-42
8.000214E-03        -8.015341E-31        +1.667041E-42
7.993027E-03        -7.570868E-31        +1.532437E-42
7.985847E-03        -7.150569E-31        +1.408596E-42
7.978673E-03        -6.753359E-31        +1.294698E-42
7.971506E-03        -6.377820E-31        +1.189873E-42
7.964345E-03        -6.022891E-31        +1.093497E-42
7.957191E-03        -5.687430E-31        +1.004801E-42
7.950042E-03        -5.370344E-31        +9.232693E-43
7.942901E-03        -5.070680E-31        +8.482693E-43
7.935766E-03        -4.787541E-31        +7.793069E-43
7.928637E-03        -4.519936E-31        +7.158949E-43
7.921514E-03        -4.266983E-31        +6.575783E-43
7.914398E-03        -4.028097E-31        +6.039755E-43
7.907289E-03        -3.802300E-31        +5.547067E-43
7.900185E-03        -3.589016E-31        +5.094015E-43
7.893089E-03        -3.387546E-31        +4.677701E-43
7.885998E-03        -3.197198E-31        +4.295054E-43
7.878914E-03        -3.017345E-31        +3.943402E-43
7.871836E-03        -2.847544E-31        +3.620207E-43
7.864765E-03        -2.687130E-31        +3.323229E-43
7.857700E-03        -2.535586E-31        +3.050426E-43
7.850641E-03        -2.392502E-31        +2.799807E-43
7.843589E-03        -2.257314E-31        +2.569528E-43
7.836543E-03        -2.129692E-31        +2.358050E-43
7.829503E-03        -2.009147E-31        +2.163788E-43
7.822470E-03        -1.895387E-31        +1.985372E-43
7.815443E-03        -1.787910E-31        +1.821488E-43
7.808422E-03        -1.686502E-31        +1.671038E-43
7.801407E-03        -1.590679E-31        +1.532924E-43
7.794399E-03        -1.500254E-31        +1.406075E-43
7.787397E-03        -1.414999E-31        +1.289583E-43
7.780402E-03        -1.334441E-31        +1.182748E-43
7.773413E-03        -1.258369E-31        +1.084579E-43
7.766430E-03        -1.186582E-31        +9.945366E-44
7.759453E-03        -1.118877E-31        +9.118794E-44
7.752483E-03        -1.054965E-31        +8.360305E-44
7.745518E-03        -9.945782E-32        +7.664121E-44
7.738560E-03        -9.376539E-32        +7.025462E-44
7.731609E-03        -8.839368E-32        +6.439540E-44
7.724663E-03        -8.332511E-32        +5.902001E-44
7.717724E-03        -7.854415E-32        +5.408924E-44
7.710791E-03        -7.403227E-32        +4.956563E-44
7.703864E-03        -6.977557E-32        +4.541720E-44
7.696944E-03        -6.576153E-32        +4.161273E-44
7.690030E-03        -6.197466E-32        +3.812376E-44
7.683122E-03        -5.840208E-32        +3.492441E-44
7.676220E-03        -5.503277E-32        +3.199082E-44
7.669324E-03        -5.185485E-32        +2.930118E-44
7.662435E-03        -4.885867E-32        +2.683675E-44
7.655551E-03        -4.603161E-32        +2.457613E-44
7.648674E-03        -4.336732E-32        +2.250491E-44
7.641803E-03        -4.085449E-32        +2.060597E-44
7.634938E-03        -3.848430E-32        +1.886626E-44
7.628080E-03        -3.625091E-32        +1.727213E-44
7.621227E-03        -3.414479E-32        +1.581113E-44
7.614381E-03        -3.215956E-32        +1.447189E-44
7.607541E-03        -3.028793E-32        +1.324605E-44
7.600707E-03        -2.852305E-32        +1.212278E-44
7.593879E-03        -2.686072E-32        +1.109403E-44
7.587058E-03        -2.529334E-32        +1.015112E-44
7.580242E-03        -2.381549E-32        +9.288067E-45
7.573433E-03        -2.242358E-32        +8.497627E-45
7.566629E-03        -2.111214E-32        +7.773772E-45
7.559832E-03        -1.987571E-32        +7.110965E-45
7.553041E-03        -1.871101E-32        +6.504203E-45
7.546256E-03        -1.761314E-32        +5.948716E-45
7.539477E-03        -1.657906E-32        +5.440221E-45
7.532704E-03        -1.560481E-32        +4.974746E-45
7.525937E-03        -1.468735E-32        +4.548793E-45
7.519177E-03        -1.382286E-32        +4.158950E-45
7.512422E-03        -1.300813E-32        +3.802201E-45
7.505674E-03        -1.224132E-32        +3.475776E-45
7.498931E-03        -1.151833E-32        +3.177082E-45
7.492195E-03        -1.083825E-32        +2.903825E-45
7.485464E-03        -1.019702E-32        +2.653830E-45
7.478740E-03        -9.593921E-33        +2.425181E-45
7.472022E-03        -9.025733E-33        +2.216050E-45
7.465310E-03        -8.490742E-33        +2.024834E-45
7.458603E-03        -7.986889E-33        +1.849833E-45
7.451903E-03        -7.512622E-33        +1.689894E-45
7.445209E-03        -7.066078E-33        +1.543690E-45
7.438521E-03        -6.645754E-33        +1.409942E-45
7.431839E-03        -6.250060E-33        +1.287740E-45
7.425163E-03        -5.877601E-33        +1.175999E-45
7.418492E-03        -5.527023E-33        +1.073899E-45
7.411828E-03        -5.197049E-33        +9.805600E-46
7.405170E-03        -4.886607E-33        +8.952582E-46
7.398518E-03        -4.594326E-33        +8.173152E-46
7.391872E-03        -4.319388E-33        +7.460853E-46
7.385231E-03        -4.060573E-33        +6.810006E-46
7.378597E-03        -3.817151E-33        +6.215532E-46
7.371969E-03        -3.588090E-33        +5.672538E-46
7.365346E-03        -3.372560E-33        +5.176387E-46
7.358730E-03        -3.169825E-33        +4.723337E-46
7.352120E-03        -2.979061E-33        +4.309621E-46
7.345515E-03        -2.799638E-33        +3.931703E-46
7.338917E-03        -2.630914E-33        +3.586621E-46
7.332324E-03        -2.472235E-33        +3.271655E-46
7.325737E-03        -2.322934E-33        +2.983992E-46
7.319156E-03        -2.182516E-33        +2.721432E-46
7.312581E-03        -2.050568E-33        +2.481778E-46
7.306012E-03        -1.926407E-33        +2.262953E-46
7.299449E-03        -1.809720E-33        +2.063347E-46
7.292892E-03        -1.699921E-33        +1.881174E-46
7.286341E-03        -1.596708E-33        +1.714939E-46
7.279795E-03        -1.499760E-33        +1.563227E-46
7.273256E-03        -1.408609E-33        +1.424880E-46
7.266722E-03        -1.322836E-33        +1.298573E-46
7.260194E-03        -1.242252E-33        +1.183420E-46
7.253672E-03        -1.166551E-33        +1.078336E-46
7.247156E-03        -1.095342E-33        +9.825710E-47
7.240646E-03        -1.028426E-33        +8.952062E-47
7.234142E-03        -9.655954E-34        +8.155418E-47
7.227643E-03        -9.065180E-34        +7.428900E-47
7.221150E-03        -8.510033E-34        +6.766554E-47
7.214663E-03        -7.988507E-34        +6.162789E-47
7.208182E-03        -7.498508E-34        +5.612339E-47
7.201707E-03        -7.038144E-34        +5.110703E-47
7.195238E-03        -6.605713E-34        +4.653502E-47
7.188774E-03        -6.199458E-34        +4.236786E-47
7.182316E-03        -5.817849E-34        +3.857043E-47
7.175864E-03        -5.459394E-34        +3.511079E-47
7.169418E-03        -5.122787E-34        +3.195901E-47
7.162978E-03        -4.806635E-34        +2.908723E-47
7.156543E-03        -4.509696E-34        +2.647111E-47
7.150114E-03        -4.230915E-34        +2.408817E-47
7.143691E-03        -3.969104E-34        +2.191757E-47
7.137274E-03        -3.723353E-34        +1.994215E-47
7.130862E-03        -3.492534E-34        +1.814191E-47
7.124457E-03        -3.275827E-34        +1.650333E-47
7.118057E-03        -3.072450E-34        +1.501103E-47
7.111662E-03        -2.881425E-34        +1.365302E-47
7.105274E-03        -2.702206E-34        +1.241679E-47
7.098891E-03        -2.534031E-34        +1.129103E-47
7.092514E-03        -2.376138E-34        +1.026688E-47
7.086143E-03        -2.227928E-34        +9.334264E-48
7.079777E-03        -2.088873E-34        +8.485903E-48
7.073417E-03        -1.958310E-34        +7.713990E-48
7.067063E-03        -1.835924E-34        +7.011649E-48
7.060715E-03        -1.721025E-34        +6.372787E-48
7.054372E-03        -1.613196E-34        +5.791539E-48
7.048035E-03        -1.512055E-34        +5.262912E-48
7.041703E-03        -1.417184E-34        +4.781961E-48
7.035378E-03        -1.328122E-34        +4.344737E-48
7.029058E-03        -1.244633E-34        +3.947113E-48
7.022743E-03        -1.166324E-34        +3.585518E-48
7.016435E-03        -1.092918E-34        +3.256866E-48
7.010132E-03        -1.024088E-34        +2.957970E-48
7.003835E-03        -9.594548E-35        +2.686288E-48
6.997543E-03        -8.988738E-35        +2.439380E-48
6.991257E-03        -8.420762E-35        +2.214908E-48
6.984977E-03        -7.888223E-35        +2.010968E-48
6.978702E-03        -7.388848E-35        +1.825639E-48
6.972433E-03        -6.920724E-35        +1.657254E-48
6.966169E-03        -6.481877E-35        +1.504202E-48
6.959911E-03        -6.070488E-35        +1.365206E-48
6.953659E-03        -5.684862E-35        +1.238970E-48
6.947413E-03        -5.323490E-35        +1.124299E-48
6.941172E-03        -4.984724E-35        +1.020172E-48
6.934936E-03        -4.667180E-35        +9.255177E-49
6.928707E-03        -4.369747E-35        +8.396383E-49
6.922482E-03        -4.090900E-35        +7.616298E-49
6.916264E-03        -3.829762E-35        +6.908312E-49
6.910051E-03        -3.584963E-35        +6.265424E-49
6.903843E-03        -3.355602E-35        +5.681865E-49
6.897642E-03        -3.140759E-35        +5.152329E-49
6.891445E-03        -2.939524E-35        +4.671498E-49
6.885255E-03        -2.751005E-35        +4.235399E-49
6.879070E-03        -2.574437E-35        +3.839520E-49
6.872890E-03        -2.409026E-35        +3.480370E-49
6.866716E-03        -2.254103E-35        +3.154530E-49
6.860547E-03        -2.109040E-35        +2.858951E-49
6.854385E-03        -1.973190E-35        +2.590839E-49
6.848227E-03        -1.845983E-35        +2.347576E-49
6.842075E-03        -1.726867E-35        +2.127049E-49
6.835929E-03        -1.615340E-35        +1.927063E-49
6.829788E-03        -1.510887E-35        +1.745695E-49
6.823653E-03        -1.413127E-35        +1.581279E-49
6.817523E-03        -1.321640E-35        +1.432196E-49
6.811399E-03        -1.235952E-35        +1.297070E-49
6.805280E-03        -1.155834E-35        +1.174495E-49
6.799167E-03        -1.080722E-35        +1.063487E-49
6.793059E-03        -1.010581E-35        +9.629014E-50
6.786956E-03        -9.448101E-36        +8.717170E-50
6.780860E-03        -8.833139E-36        +7.891139E-50
6.774768E-03        -8.257628E-36        +7.142544E-50
6.768682E-03        -7.719086E-36        +6.464467E-50
6.762602E-03        -7.215305E-36        +5.850222E-50
6.756527E-03        -6.744005E-36        +5.293828E-50
6.750458E-03        -6.303165E-36        +4.789991E-50
6.744393E-03        -5.890568E-36        +4.333579E-50
6.738335E-03        -5.504900E-36        +3.920430E-50
6.732282E-03        -5.144046E-36        +3.546310E-50
6.726234E-03        -4.806511E-36        +3.207543E-50
6.720192E-03        -4.490858E-36        +2.900897E-50
6.714155E-03        -4.195731E-36        +2.623327E-50
6.708123E-03        -3.919739E-36        +2.372054E-50
6.702097E-03        -3.661636E-36        +2.144718E-50
6.696077E-03        -3.420413E-36        +1.938933E-50
6.690062E-03        -3.194835E-36        +1.752763E-50
6.684052E-03        -2.983909E-36        +1.584320E-50
6.678047E-03        -2.786739E-36        +1.431914E-50
6.672048E-03        -2.602460E-36        +1.294074E-50
6.666055E-03        -2.430269E-36        +1.169403E-50
6.660067E-03        -2.269337E-36        +1.056678E-50
6.654084E-03        -2.118870E-36        +9.546538E-51
6.648106E-03        -1.978181E-36        +8.624205E-51
6.642134E-03        -1.846874E-36        +7.790370E-51
6.636167E-03        -1.724049E-36        +7.036421E-51
6.630206E-03        -1.609412E-36        +6.354908E-51
6.624250E-03        -1.502250E-36        +5.738925E-51
6.618299E-03        -1.402071E-36        +5.182017E-51
6.612354E-03        -1.308582E-36        +4.678790E-51
6.606414E-03        -1.221177E-36        +4.224066E-51
6.600479E-03        -1.139556E-36        +3.813081E-51
6.594550E-03        -1.063425E-36        +3.441903E-51
6.588626E-03        -9.922033E-37        +3.106486E-51
6.582708E-03        -9.257370E-37        +2.803500E-51
6.576794E-03        -8.636564E-37        +2.529846E-51
6.570886E-03        -8.056939E-37        +2.282644E-51
6.564983E-03        -7.515699E-37        +2.059449E-51
6.559086E-03        -7.010441E-37        +1.857907E-51
6.553194E-03        -6.538777E-37        +1.675893E-51
6.547307E-03        -6.098418E-37        +1.511609E-51
6.541425E-03        -5.687281E-37        +1.363270E-51
6.535549E-03        -5.303628E-37        +1.229397E-51
6.529678E-03        -4.945499E-37        +1.108481E-51
6.523812E-03        -4.611207E-37        +9.994207E-52
6.517952E-03        -4.299398E-37        +9.010274E-52
6.512097E-03        -4.008330E-37        +8.122285E-52
6.506247E-03        -3.736705E-37        +7.321079E-52
6.500402E-03        -3.483233E-37        +6.598290E-52
6.494563E-03        -3.246850E-37        +5.946269E-52
6.488729E-03        -3.026226E-37        +5.358211E-52
6.482900E-03        -2.820459E-37        +4.827843E-52
6.477076E-03        -2.628553E-37        +4.349495E-52
6.471258E-03        -2.449541E-37        +3.918259E-52
6.465444E-03        -2.282471E-37        +3.529400E-52
6.459636E-03        -2.126700E-37        +3.178779E-52
6.453834E-03        -1.981523E-37        +2.862790E-52
6.448036E-03        -1.846093E-37        +2.577937E-52
6.442244E-03        -1.719765E-37        +2.321233E-52
6.436456E-03        -1.601993E-37        +2.089803E-52
6.430674E-03        -1.492219E-37        +1.881335E-52
6.424898E-03        -1.389845E-37        +1.693526E-52
6.419126E-03        -1.294435E-37        +1.524226E-52
6.413360E-03        -1.205522E-37        +1.371795E-52
6.407598E-03        -1.122583E-37        +1.234486E-52
6.401842E-03        -1.045340E-37        +1.110760E-52
6.396092E-03        -9.733283E-38        +9.994078E-53
6.390346E-03        -9.062113E-38        +8.990904E-53
6.384605E-03        -8.436730E-38        +8.087613E-53
6.378870E-03        -7.854047E-38        +7.274476E-53
6.373140E-03        -7.311064E-38        +6.542463E-53
6.367415E-03        -6.805188E-38        +5.883509E-53
6.361695E-03        -6.333926E-38        +5.290439E-53
6.355980E-03        -5.894890E-38        +4.756681E-53
6.350270E-03        -5.485980E-38        +4.276353E-53
6.344566E-03        -5.105074E-38        +3.844152E-53
6.338866E-03        -4.750244E-38        +3.455241E-53
6.333172E-03        -4.419913E-38        +3.105471E-53
6.327483E-03        -4.112229E-38        +2.790787E-53
6.321799E-03        -3.825697E-38        +2.507704E-53
6.316120E-03        -3.558917E-38        +2.253134E-53
6.310446E-03        -3.310497E-38        +2.024281E-53
6.304777E-03        -3.079239E-38        +1.818459E-53
6.299113E-03        -2.863946E-38        +1.633374E-53
6.293455E-03        -2.663553E-38        +1.466965E-53
6.287801E-03        -2.476902E-38        +1.317375E-53
6.282153E-03        -2.303349E-38        +1.182966E-53
6.276509E-03        -2.141740E-38        +1.062191E-53
6.270871E-03        -1.991335E-38        +9.536214E-54
6.265238E-03        -1.851313E-38        +8.560680E-54
6.259610E-03        -1.721163E-38        +7.684145E-54
6.253987E-03        -1.599994E-38        +6.896646E-54
6.248369E-03        -1.487209E-38        +6.189308E-54
6.242756E-03        -1.382308E-38        +5.553959E-54
6.237148E-03        -1.284788E-38        +4.983321E-54
6.231545E-03        -1.193958E-38        +4.470820E-54
6.225947E-03        -1.109517E-38        +4.010667E-54
6.220354E-03        -1.031058E-38        +3.597485E-54
6.214766E-03        -9.579732E-39        +3.226582E-54
6.209183E-03        -8.900476E-39        +2.893578E-54
6.203605E-03        -8.268923E-39        +2.594775E-54
6.198033E-03        -7.681693E-39        +2.326539E-54
6.192465E-03        -7.135674E-39        +2.085874E-54
6.186902E-03        -6.627983E-39        +1.869845E-54
6.181344E-03        -6.155932E-39        +1.676056E-54
6.175791E-03        -5.717216E-39        +1.502212E-54
6.170244E-03        -5.309418E-39        +1.346249E-54
6.164701E-03        -4.930389E-39        +1.206314E-54
6.159163E-03        -4.578016E-39        +1.080843E-54
6.153630E-03        -4.250598E-39        +9.683848E-55
6.148102E-03        -3.946340E-39        +8.674975E-55
6.142579E-03        -3.663641E-39        +7.770428E-55
6.137061E-03        -3.400910E-39        +6.959440E-55
6.131548E-03        -3.156846E-39        +6.232533E-55
6.126040E-03        -2.930148E-39        +5.581027E-55
6.120537E-03        -2.719426E-39        +4.997143E-55
6.115039E-03        -2.523776E-39        +4.473804E-55
6.109546E-03        -2.342002E-39        +4.004921E-55
6.104057E-03        -2.173177E-39        +3.584740E-55
6.098574E-03        -2.016458E-39        +3.208422E-55
6.093095E-03        -1.870798E-39        +2.871242E-55
6.087622E-03        -1.735644E-39        +2.569236E-55
6.082153E-03        -1.610054E-39        +2.298797E-55
6.076690E-03        -1.493567E-39        +2.056635E-55
6.071231E-03        -1.385346E-39        +1.839766E-55
6.065777E-03        -1.284817E-39        +1.645547E-55
6.060328E-03        -1.191575E-39        +1.471776E-55
6.054884E-03        -1.105023E-39        +1.316163E-55
6.049445E-03        -1.024662E-39        +1.176909E-55
6.044010E-03        -9.501075E-40        +1.052201E-55
6.038581E-03        -8.809188E-40        +9.407123E-56
6.033156E-03        -8.166909E-40        +8.409076E-56
6.027737E-03        -7.571076E-40        +7.516354E-56
6.022322E-03        -7.018172E-40        +6.717554E-56
6.016912E-03        -6.505215E-40        +6.003066E-56
6.011507E-03        -6.029403E-40        +5.364008E-56
6.006107E-03        -5.587943E-40        +4.792496E-56
6.000711E-03        -5.178366E-40        +4.281355E-56
5.995321E-03        -4.798622E-40        +3.824483E-56
5.989935E-03        -4.446371E-40        +3.415923E-56
5.984554E-03        -4.119691E-40        +3.050674E-56
5.979178E-03        -3.816778E-40        +2.724240E-56
5.973807E-03        -3.535839E-40        +2.432435E-56
5.968441E-03        -3.275374E-40        +2.171755E-56
5.963079E-03        -3.033933E-40        +1.938677E-56
5.957722E-03        -2.809980E-40        +1.730546E-56
5.952370E-03        -2.602503E-40        +1.544572E-56
5.947023E-03        -2.410111E-40        +1.378456E-56
5.941681E-03        -2.231801E-40        +1.230005E-56
5.936344E-03        -2.066573E-40        +1.097517E-56
5.931011E-03        -1.913401E-40        +9.791371E-57
5.925683E-03        -1.771419E-40        +8.734530E-57
5.920360E-03        -1.639925E-40        +7.790967E-57
5.915041E-03        -1.518095E-40        +6.948544E-57
5.909728E-03        -1.405180E-40        +6.196697E-57
5.904419E-03        -1.300536E-40        +5.525458E-57
5.899115E-03        -1.203683E-40        +4.926483E-57
5.893816E-03        -1.113924E-40        +4.392079E-57
5.888521E-03        -1.030839E-40        +3.915077E-57
5.883231E-03        -9.538114E-41        +3.489585E-57
5.877946E-03        -8.825080E-41        +3.110009E-57
5.872666E-03        -8.164792E-41        +2.771360E-57
5.867391E-03        -7.553353E-41        +2.469436E-57
5.862120E-03        -6.987159E-41        +2.200100E-57
5.856854E-03        -6.463027E-41        +1.960010E-57
5.851593E-03        -5.977762E-41        +1.745875E-57
5.846336E-03        -5.528572E-41        +1.554962E-57
5.841084E-03        -5.112663E-41        +1.384814E-57
5.835837E-03        -4.727827E-41        +1.233134E-57
5.830595E-03        -4.371662E-41        +1.097927E-57
5.825357E-03        -4.041913E-41        +9.774684E-58
5.820124E-03        -3.736847E-41        +8.701293E-58
5.814896E-03        -3.454658E-41        +7.745003E-58
5.809672E-03        -3.193405E-41        +6.892973E-58
5.804453E-03        -2.951738E-41        +6.134101E-58
5.799239E-03        -2.728161E-41        +5.458194E-58
5.794029E-03        -2.521426E-41        +4.856153E-58
5.788824E-03        -2.330086E-41        +4.320115E-58
5.783624E-03        -2.153135E-41        +3.842884E-58
5.778429E-03        -1.989476E-41        +3.417968E-58
5.773238E-03        -1.838176E-41        +3.039702E-58
5.768052E-03        -1.698269E-41        +2.703070E-58
5.762870E-03        -1.568831E-41        +2.403327E-58
5.757693E-03        -1.449188E-41        +2.136640E-58
5.752521E-03        -1.338541E-41        +1.899408E-58
5.747353E-03        -1.236269E-41        +1.688297E-58
5.742190E-03        -1.141792E-41        +1.500455E-58
5.737032E-03        -1.054411E-41        +1.333385E-58
5.731878E-03        -9.736120E-42        +1.184856E-58
5.726729E-03        -8.989699E-42        +1.052707E-58
5.721585E-03        -8.300044E-42        +9.351966E-59
5.716445E-03        -7.662538E-42        +8.307169E-59
5.711310E-03        -7.073611E-42        +7.378320E-59
5.706179E-03        -6.529456E-42        +6.552474E-59
5.701054E-03        -6.026784E-42        +5.818654E-59
5.695932E-03        -5.562306E-42        +5.166256E-59
5.690815E-03        -5.133222E-42        +4.586579E-59
5.685703E-03        -4.736930E-42        +4.071526E-59
5.680596E-03        -4.371021E-42        +3.613993E-59
5.675493E-03        -4.033031E-42        +3.207413E-59
5.670394E-03        -3.720777E-42        +2.846307E-59
5.665301E-03        -3.432670E-42        +2.525621E-59
5.660211E-03        -3.166452E-42        +2.240675E-59
5.655127E-03        -2.920778E-42        +1.987749E-59
5.650047E-03        -2.693951E-42        +1.763238E-59
5.644971E-03        -2.484480E-42        +1.563860E-59
5.639900E-03        -2.291207E-42        +1.386860E-59
5.634834E-03        -2.112829E-42        +1.229741E-59
5.629772E-03        -1.948117E-42        +1.090370E-59
5.624714E-03        -1.796172E-42        +9.666307E-60
5.619662E-03        -1.655954E-42        +8.568705E-60
5.614613E-03        -1.526483E-42        +7.594669E-60
5.609570E-03        -1.407137E-42        +6.730910E-60
5.604531E-03        -1.297062E-42        +5.964580E-60
5.599496E-03        -1.195370E-42        +5.284831E-60
5.594466E-03        -1.101675E-42        +4.682114E-60
5.589440E-03        -1.015166E-42        +4.147628E-60
5.584419E-03        -9.354644E-43        +3.673792E-60
5.579403E-03        -8.619331E-43        +3.253801E-60
5.574391E-03        -7.941172E-43        +2.881387E-60
5.569383E-03        -7.315789E-43        +2.551369E-60
5.564380E-03        -6.739114E-43        +2.258826E-60
5.559381E-03        -6.207436E-43        +1.999702E-60
5.554387E-03        -5.717364E-43        +1.770057E-60
5.549398E-03        -5.265592E-43        +1.566590E-60
5.544413E-03        -4.849133E-43        +1.386364E-60
5.539432E-03        -4.465201E-43        +1.226788E-60
5.534456E-03        -4.111476E-43        +1.085402E-60
5.529484E-03        -3.785486E-43        +9.602280E-61
5.524517E-03        -3.485005E-43        +8.493946E-61
5.519554E-03        -3.208170E-43        +7.512620E-61
5.514596E-03        -2.953140E-43        +6.644020E-61
5.509642E-03        -2.718165E-43        +5.875092E-61
5.504693E-03        -2.501694E-43        +5.194704E-61
5.499748E-03        -2.302285E-43        +4.592440E-61
5.494807E-03        -2.118545E-43        +4.059626E-61
5.489871E-03        -1.949411E-43        +3.588185E-61
5.484939E-03        -1.793647E-43        +3.171128E-61
5.480012E-03        -1.650091E-43        +2.802248E-61
5.475089E-03        -1.518010E-43        +2.475976E-61
5.470171E-03        -1.396432E-43        +2.187485E-61
5.465257E-03        -1.284434E-43        +1.932420E-61
5.460348E-03        -1.181339E-43        +1.706841E-61
5.455442E-03        -1.086408E-43        +1.507464E-61
5.450542E-03        -9.990797E-44        +1.331218E-61
5.445645E-03        -9.186703E-44        +1.175395E-61
5.440754E-03        -8.446896E-44        +1.037697E-61
5.435866E-03        -7.765922E-44        +9.160864E-62
5.430983E-03        -7.139284E-44        +8.086130E-62
5.426104E-03        -6.562751E-44        +7.136552E-62
5.421230E-03        -6.032443E-44        +6.297840E-62
5.416360E-03        -5.544452E-44        +5.557031E-62
5.411494E-03        -5.095493E-44        +4.902765E-62
5.406633E-03        -4.682656E-44        +4.325180E-62
5.401776E-03        -4.302859E-44        +3.815068E-62
5.396924E-03        -3.953580E-44        +3.364838E-62
5.392075E-03        -3.632383E-44        +2.967228E-62
5.387232E-03        -3.337068E-44        +2.616486E-62
5.382392E-03        -3.065451E-44        +2.306801E-62
5.377557E-03        -2.815753E-44        +2.033614E-62
5.372726E-03        -2.586220E-44        +1.792570E-62
5.367900E-03        -2.375202E-44        +1.579922E-62
5.363078E-03        -2.181251E-44        +1.392328E-62
5.358260E-03        -2.002878E-44        +1.226798E-62
5.353447E-03        -1.839113E-44        +1.080965E-62
5.348638E-03        -1.688526E-44        +9.522416E-63
5.343833E-03        -1.550121E-44        +8.387834E-63
5.339032E-03        -1.422998E-44        +7.387452E-63
5.334236E-03        -1.306186E-44        +6.505783E-63
5.329444E-03        -1.198858E-44        +5.728643E-63
5.324657E-03        -1.100239E-44        +5.043803E-63
5.319874E-03        -1.009706E-44        +4.440320E-63
5.315095E-03        -9.265508E-45        +3.908524E-63
5.310320E-03        -8.501565E-45        +3.440036E-63
5.305550E-03        -7.800084E-45        +3.027356E-63
5.300784E-03        -7.155915E-45        +2.663798E-63
5.296022E-03        -6.564371E-45        +2.343677E-63
5.291264E-03        -6.021266E-45        +2.061806E-63
5.286511E-03        -5.522710E-45        +1.813643E-63
5.281762E-03        -5.064995E-45        +1.595136E-63
5.277018E-03        -4.644916E-45        +1.402831E-63
5.272277E-03        -4.259305E-45        +1.233456E-63
5.267541E-03        -3.905431E-45        +1.084489E-63
5.262809E-03        -3.580619E-45        +9.533861E-64
5.258081E-03        -3.282574E-45        +8.380239E-64
5.253358E-03        -3.009157E-45        +7.365460E-64
5.248639E-03        -2.758210E-45        +6.472806E-64
5.243924E-03        -2.528036E-45        +5.687611E-64
5.239213E-03        -2.316939E-45        +4.997003E-64
5.234507E-03        -2.123264E-45        +4.389827E-64
5.229804E-03        -1.945631E-45        +3.855844E-64
5.225106E-03        -1.782719E-45        +3.386499E-64
5.220413E-03        -1.633322E-45        +2.974069E-64
5.215723E-03        -1.496280E-45        +2.611394E-64
5.211038E-03        -1.370653E-45        +2.292742E-64
5.206357E-03        -1.255514E-45        +2.012742E-64
5.201680E-03        -1.149963E-45        +1.766704E-64
5.197007E-03        -1.053104E-45        +1.550534E-64
5.192338E-03        -9.643973E-46        +1.360640E-64
5.187674E-03        -8.830814E-46        +1.193861E-64
5.183014E-03        -8.085677E-46        +1.047457E-64
5.178358E-03        -7.402677E-46        +9.188551E-65
5.173706E-03        -6.776822E-46        +8.059479E-65
5.169058E-03        -6.203424E-46        +7.068288E-65
5.164415E-03        -5.678196E-46        +6.198377E-65
5.159776E-03        -5.196921E-46        +5.434849E-65
5.155141E-03        -4.756106E-46        +4.764827E-65
5.150510E-03        -4.352258E-46        +4.176830E-65
5.145883E-03        -3.982481E-46        +3.660973E-65
5.141260E-03        -3.643682E-46        +3.208469E-65
5.136642E-03        -3.333628E-46        +2.811608E-65
5.132027E-03        -3.049589E-46        +2.463427E-65
5.127417E-03        -2.789492E-46        +2.158087E-65
5.122811E-03        -2.551477E-46        +1.890415E-65
5.118209E-03        -2.333546E-46        +1.655816E-65
5.113611E-03        -2.134002E-46        +1.448639E-65
5.109018E-03        -1.951486E-46        +8.631982E-66
5.104428E-03        -1.784320E-46        +7.557512E-66
5.099843E-03        -1.631380E-46        +6.616071E-66
5.095262E-03        -1.491428E-46        +5.791232E-66
5.090685E-03        -1.363368E-46        +5.068617E-66
5.086111E-03        -1.246175E-46        +4.435412E-66
5.081543E-03        -1.139026E-46        +3.881117E-66
5.076978E-03        -1.041046E-46        +3.395556E-66
5.072417E-03        -9.513030E-47        +2.970365E-66
5.067860E-03        -8.692662E-47        +2.598051E-66
5.063308E-03        -7.942525E-47        +2.272286E-66
5.058759E-03        -7.256394E-47        +1.986932E-66
5.054215E-03        -6.629080E-47        +1.737320E-66
5.049675E-03        -6.055531E-47        +1.518888E-66
5.045139E-03        -5.531152E-47        +1.327740E-66
5.040606E-03        -5.051648E-47        +1.160446E-66
5.036078E-03        -4.613434E-47        +1.014181E-66
5.031554E-03        -4.212803E-47        +8.862073E-67
5.027034E-03        -3.846758E-47        +7.742876E-67
5.022519E-03        -3.512172E-47        +6.764434E-67
5.018007E-03        -3.206500E-47        +5.908726E-67
5.013499E-03        -2.927121E-47        +5.160593E-67
5.008995E-03        -2.671836E-47        +4.506640E-67
5.004496E-03        -2.438697E-47        +3.935192E-67
5.000000E-03        -2.225600E-47        +3.435600E-67
