# Source: NUDEC_BSM v2 (https://github.com/MiguelEA/nudec_BSM/tree/v2)
# Escudero, Jackson, Laine, Sandner, arXiv:2511.04747 (2025)
# me = 0.51099895 MeV, alpha = 1/137.035999084
# Baseline: O(e^2) non-log + O(e^2) log summed into col 2;
# O(e^3) in col 3. Loader sums col 2 + col 3.
# T (MeV)           P_int (e^2+e^3) [MeV^4] p^(2)   p^(3)
4.000000E+01        -4.074250E+03        +3.628900E+02
3.996407E+01        -4.059653E+03        +3.615902E+02
3.992817E+01        -4.045055E+03        +3.602904E+02
3.989230E+01        -4.030556E+03        +3.590004E+02
3.985646E+01        -4.016055E+03        +3.577104E+02
3.982066E+01        -4.001658E+03        +3.564207E+02
3.978489E+01        -3.987261E+03        +3.551408E+02
3.974915E+01        -3.972962E+03        +3.538709E+02
3.971344E+01        -3.958762E+03        +3.526010E+02
3.967777E+01        -3.944566E+03        +3.513313E+02
3.964212E+01        -3.930364E+03        +3.500712E+02
3.960651E+01        -3.916266E+03        +3.488213E+02
3.957093E+01        -3.902167E+03        +3.475614E+02
3.953539E+01        -3.888172E+03        +3.463218E+02
3.949987E+01        -3.874271E+03        +3.450717E+02
3.946439E+01        -3.860374E+03        +3.438420E+02
3.942894E+01        -3.846476E+03        +3.426022E+02
3.939352E+01        -3.832677E+03        +3.413722E+02
3.935813E+01        -3.818878E+03        +3.401523E+02
3.932277E+01        -3.805178E+03        +3.389323E+02
3.928745E+01        -3.791580E+03        +3.377125E+02
3.925215E+01        -3.777979E+03        +3.365024E+02
3.921689E+01        -3.764381E+03        +3.352925E+02
3.918166E+01        -3.750882E+03        +3.340926E+02
3.914647E+01        -3.737386E+03        +3.328930E+02
3.911130E+01        -3.723986E+03        +3.316929E+02
3.907617E+01        -3.710688E+03        +3.305032E+02
3.904106E+01        -3.697287E+03        +3.293230E+02
3.900599E+01        -3.684089E+03        +3.281432E+02
3.897095E+01        -3.670790E+03        +3.269633E+02
3.893595E+01        -3.657694E+03        +3.257937E+02
3.890097E+01        -3.644495E+03        +3.246237E+02
3.886602E+01        -3.631394E+03        +3.234536E+02
3.883111E+01        -3.618397E+03        +3.222939E+02
3.879623E+01        -3.605399E+03        +3.211341E+02
3.876138E+01        -3.592500E+03        +3.199842E+02
3.872656E+01        -3.579602E+03        +3.188343E+02
3.869177E+01        -3.566802E+03        +3.176943E+02
3.865701E+01        -3.553903E+03        +3.165544E+02
3.862228E+01        -3.541202E+03        +3.154143E+02
3.858759E+01        -3.528505E+03        +3.142846E+02
3.855292E+01        -3.515805E+03        +3.131545E+02
3.851829E+01        -3.503206E+03        +3.120347E+02
3.848369E+01        -3.490608E+03        +3.109148E+02
3.844912E+01        -3.478109E+03        +3.097949E+02
3.841458E+01        -3.465611E+03        +3.086850E+02
3.838007E+01        -3.453211E+03        +3.075751E+02
3.834559E+01        -3.440811E+03        +3.064750E+02
3.831115E+01        -3.428415E+03        +3.053754E+02
3.827673E+01        -3.416114E+03        +3.042753E+02
3.824235E+01        -3.403817E+03        +3.031855E+02
3.820799E+01        -3.391616E+03        +3.020954E+02
3.817367E+01        -3.379517E+03        +3.010156E+02
3.813938E+01        -3.367320E+03        +2.999358E+02
3.810512E+01        -3.355221E+03        +2.988559E+02
3.807089E+01        -3.343222E+03        +2.977860E+02
3.803669E+01        -3.331223E+03        +2.967161E+02
3.800252E+01        -3.319224E+03        +2.956561E+02
3.796838E+01        -3.307324E+03        +2.945862E+02
3.793427E+01        -3.295524E+03        +2.935361E+02
3.790020E+01        -3.283628E+03        +2.924864E+02
3.786615E+01        -3.271828E+03        +2.914364E+02
3.783213E+01        -3.260127E+03        +2.903864E+02
3.779815E+01        -3.248430E+03        +2.893466E+02
3.776419E+01        -3.236729E+03        +2.883065E+02
3.773027E+01        -3.225131E+03        +2.872668E+02
3.769638E+01        -3.213633E+03        +2.862369E+02
3.766251E+01        -3.202033E+03        +2.852167E+02
3.762868E+01        -3.190534E+03        +2.841870E+02
3.759488E+01        -3.179136E+03        +2.831671E+02
3.756111E+01        -3.167738E+03        +2.821572E+02
3.752736E+01        -3.156336E+03        +2.811371E+02
3.749365E+01        -3.145037E+03        +2.801272E+02
3.745997E+01        -3.133739E+03        +2.791273E+02
3.742632E+01        -3.122440E+03        +2.781274E+02
3.739270E+01        -3.111241E+03        +2.771275E+02
3.735911E+01        -3.100141E+03        +2.761276E+02
3.732555E+01        -3.088943E+03        +2.751377E+02
3.729202E+01        -3.077844E+03        +2.741577E+02
3.725852E+01        -3.066844E+03        +2.731679E+02
3.722505E+01        -3.055845E+03        +2.721879E+02
3.719161E+01        -3.044847E+03        +2.712080E+02
3.715820E+01        -3.033947E+03        +2.702380E+02
3.712482E+01        -3.023048E+03        +2.692681E+02
3.709147E+01        -3.012149E+03        +2.683081E+02
3.705815E+01        -3.001349E+03        +2.673383E+02
3.702486E+01        -2.990650E+03        +2.663783E+02
3.699160E+01        -2.979852E+03        +2.654283E+02
3.695837E+01        -2.969152E+03        +2.644685E+02
3.692517E+01        -2.958552E+03        +2.635284E+02
3.689200E+01        -2.947855E+03        +2.625786E+02
3.685886E+01        -2.937354E+03        +2.616386E+02
3.682575E+01        -2.926756E+03        +2.606987E+02
3.679267E+01        -2.916257E+03        +2.597588E+02
3.675961E+01        -2.905854E+03        +2.588286E+02
3.672659E+01        -2.895357E+03        +2.578987E+02
3.669360E+01        -2.884958E+03        +2.569788E+02
3.666064E+01        -2.874659E+03        +2.560590E+02
3.662771E+01        -2.864262E+03        +2.551391E+02
3.659480E+01        -2.854059E+03        +2.542190E+02
3.656193E+01        -2.843762E+03        +2.533091E+02
3.652908E+01        -2.833560E+03        +2.523991E+02
3.649627E+01        -2.823363E+03        +2.514893E+02
3.646348E+01        -2.813261E+03        +2.505891E+02
3.643073E+01        -2.803164E+03        +2.496894E+02
3.639800E+01        -2.793163E+03        +2.487894E+02
3.636531E+01        -2.783067E+03        +2.478995E+02
3.633264E+01        -2.773067E+03        +2.470096E+02
3.630000E+01        -2.763166E+03        +2.461295E+02
3.626739E+01        -2.753267E+03        +2.452397E+02
3.623481E+01        -2.743368E+03        +2.443596E+02
3.620226E+01        -2.733469E+03        +2.434896E+02
3.616974E+01        -2.723669E+03        +2.426098E+02
3.613725E+01        -2.713871E+03        +2.417399E+02
3.610479E+01        -2.704171E+03        +2.408700E+02
3.607235E+01        -2.694471E+03        +2.400098E+02
3.603995E+01        -2.684773E+03        +2.391500E+02
3.600757E+01        -2.675171E+03        +2.382900E+02
3.597523E+01        -2.665574E+03        +2.374302E+02
3.594291E+01        -2.655974E+03        +2.365801E+02
3.591062E+01        -2.646474E+03        +2.357302E+02
3.587836E+01        -2.636974E+03        +2.348901E+02
3.584613E+01        -2.627476E+03        +2.340403E+02
3.581393E+01        -2.618076E+03        +2.332003E+02
3.578176E+01        -2.608677E+03        +2.323703E+02
3.574961E+01        -2.599276E+03        +2.315304E+02
3.571750E+01        -2.589977E+03        +2.307004E+02
3.568541E+01        -2.580677E+03        +2.298803E+02
3.565336E+01        -2.571380E+03        +2.290507E+02
3.562133E+01        -2.562179E+03        +2.282306E+02
3.558933E+01        -2.552980E+03        +2.274106E+02
3.555736E+01        -2.543880E+03        +2.265907E+02
3.552542E+01        -2.534683E+03        +2.257807E+02
3.549351E+01        -2.525583E+03        +2.249709E+02
3.546162E+01        -2.516581E+03        +2.241608E+02
3.542977E+01        -2.507485E+03        +2.233609E+02
3.539794E+01        -2.498484E+03        +2.225609E+02
3.536614E+01        -2.489583E+03        +2.217609E+02
3.533437E+01        -2.480585E+03        +2.209610E+02
3.530263E+01        -2.471685E+03        +2.201710E+02
3.527092E+01        -2.462886E+03        +2.193812E+02
3.523923E+01        -2.453987E+03        +2.185911E+02
3.520758E+01        -2.445188E+03        +2.178112E+02
3.517595E+01        -2.436388E+03        +2.170213E+02
3.514435E+01        -2.427687E+03        +2.162511E+02
3.511278E+01        -2.418988E+03        +2.154713E+02
3.508124E+01        -2.410290E+03        +2.147013E+02
3.504972E+01        -2.401589E+03        +2.139313E+02
3.501824E+01        -2.392990E+03        +2.131615E+02
3.498678E+01        -2.384391E+03        +2.123915E+02
3.495535E+01        -2.375890E+03        +2.116314E+02
3.492395E+01        -2.367292E+03        +2.108715E+02
3.489258E+01        -2.358891E+03        +2.101116E+02
3.486123E+01        -2.350392E+03        +2.093614E+02
3.482991E+01        -2.341892E+03        +2.086114E+02
3.479863E+01        -2.333494E+03        +2.078617E+02
3.476737E+01        -2.325193E+03        +2.071118E+02
3.473613E+01        -2.316793E+03        +2.063715E+02
3.470493E+01        -2.308494E+03        +2.056317E+02
3.467375E+01        -2.300194E+03        +2.048917E+02
3.464261E+01        -2.291995E+03        +2.041618E+02
3.461149E+01        -2.283697E+03        +2.034220E+02
3.458039E+01        -2.275495E+03        +2.027016E+02
3.454933E+01        -2.267395E+03        +2.019719E+02
3.451829E+01        -2.259197E+03        +2.012419E+02
3.448729E+01        -2.251098E+03        +2.005220E+02
3.445630E+01        -2.242996E+03        +1.998018E+02
3.442535E+01        -2.234996E+03        +1.990820E+02
3.439443E+01        -2.226998E+03        +1.983720E+02
3.436353E+01        -2.218998E+03        +1.976620E+02
3.433266E+01        -2.210999E+03        +1.969520E+02
3.430182E+01        -2.203099E+03        +1.962421E+02
3.427101E+01        -2.195201E+03        +1.955421E+02
3.424022E+01        -2.187300E+03        +1.948421E+02
3.420946E+01        -2.179401E+03        +1.941421E+02
3.417873E+01        -2.171600E+03        +1.934422E+02
3.414803E+01        -2.163802E+03        +1.927522E+02
3.411735E+01        -2.156002E+03        +1.920524E+02
3.408670E+01        -2.148300E+03        +1.913622E+02
3.405608E+01        -2.140601E+03        +1.906821E+02
3.402549E+01        -2.132903E+03        +1.899924E+02
3.399492E+01        -2.125301E+03        +1.893122E+02
3.396438E+01        -2.117603E+03        +1.886322E+02
3.393387E+01        -2.110002E+03        +1.879621E+02
3.390339E+01        -2.102502E+03        +1.872825E+02
3.387293E+01        -2.094904E+03        +1.866123E+02
3.384251E+01        -2.087405E+03        +1.859425E+02
3.381210E+01        -2.079903E+03        +1.852724E+02
3.378173E+01        -2.072405E+03        +1.846124E+02
3.375138E+01        -2.065003E+03        +1.839524E+02
3.372106E+01        -2.057604E+03        +1.832924E+02
3.369077E+01        -2.050205E+03        +1.826325E+02
3.366051E+01        -2.042807E+03        +1.819727E+02
3.363027E+01        -2.035506E+03        +1.813225E+02
3.360006E+01        -2.028207E+03        +1.806726E+02
3.356988E+01        -2.020908E+03        +1.800227E+02
3.353972E+01        -2.013706E+03        +1.793727E+02
3.350959E+01        -2.006409E+03        +1.787326E+02
3.347949E+01        -1.999208E+03        +1.780927E+02
3.344941E+01        -1.992106E+03        +1.774527E+02
3.341936E+01        -1.984908E+03        +1.768127E+02
3.338934E+01        -1.977807E+03        +1.761826E+02
3.335935E+01        -1.970709E+03        +1.755527E+02
3.332938E+01        -1.963609E+03        +1.749227E+02
3.329944E+01        -1.956608E+03        +1.742928E+02
3.326953E+01        -1.949609E+03        +1.736629E+02
3.323964E+01        -1.942609E+03        +1.730427E+02
3.320978E+01        -1.935610E+03        +1.724228E+02
3.317995E+01        -1.928611E+03        +1.718029E+02
3.315014E+01        -1.921709E+03        +1.711829E+02
3.312036E+01        -1.914810E+03        +1.705727E+02
3.309061E+01        -1.907911E+03        +1.699628E+02
3.306089E+01        -1.901111E+03        +1.693530E+02
3.303119E+01        -1.894312E+03        +1.687430E+02
3.300151E+01        -1.887511E+03        +1.681329E+02
3.297187E+01        -1.880713E+03        +1.675329E+02
3.294225E+01        -1.873913E+03        +1.669330E+02
3.291266E+01        -1.867212E+03        +1.663331E+02
3.288309E+01        -1.860512E+03        +1.657330E+02
3.285355E+01        -1.853813E+03        +1.651429E+02
3.282404E+01        -1.847212E+03        +1.645432E+02
3.279455E+01        -1.840612E+03        +1.639530E+02
3.276509E+01        -1.833915E+03        +1.633728E+02
3.273566E+01        -1.827412E+03        +1.627832E+02
3.270625E+01        -1.820814E+03        +1.622029E+02
3.267687E+01        -1.814313E+03        +1.616132E+02
3.264752E+01        -1.807814E+03        +1.610331E+02
3.261819E+01        -1.801315E+03        +1.604629E+02
3.258889E+01        -1.794816E+03        +1.598832E+02
3.255961E+01        -1.788413E+03        +1.593130E+02
3.253036E+01        -1.781916E+03        +1.587332E+02
3.250114E+01        -1.775515E+03        +1.581729E+02
3.247195E+01        -1.769214E+03        +1.576033E+02
3.244278E+01        -1.762817E+03        +1.570334E+02
3.241363E+01        -1.756514E+03        +1.564731E+02
3.238451E+01        -1.750215E+03        +1.559131E+02
3.235542E+01        -1.743916E+03        +1.553532E+02
3.232636E+01        -1.737617E+03        +1.547933E+02
3.229732E+01        -1.731416E+03        +1.542334E+02
3.226830E+01        -1.725215E+03        +1.536830E+02
3.223932E+01        -1.719017E+03        +1.531332E+02
3.221036E+01        -1.712818E+03        +1.525833E+02
3.218142E+01        -1.706715E+03        +1.520333E+02
3.215251E+01        -1.700616E+03        +1.514931E+02
3.212363E+01        -1.694419E+03        +1.509434E+02
3.209477E+01        -1.688415E+03        +1.504032E+02
3.206594E+01        -1.682318E+03        +1.498633E+02
3.203713E+01        -1.676315E+03        +1.493232E+02
3.200836E+01        -1.670318E+03        +1.487932E+02
3.197960E+01        -1.664317E+03        +1.482534E+02
3.195087E+01        -1.658317E+03        +1.477232E+02
3.192217E+01        -1.652318E+03        +1.471932E+02
3.189350E+01        -1.646418E+03        +1.466634E+02
3.186485E+01        -1.640519E+03        +1.461432E+02
3.183622E+01        -1.634618E+03        +1.456134E+02
3.180762E+01        -1.628719E+03        +1.450932E+02
3.177905E+01        -1.622917E+03        +1.445733E+02
3.175050E+01        -1.617117E+03        +1.440533E+02
3.172198E+01        -1.611319E+03        +1.435334E+02
3.169348E+01        -1.605518E+03        +1.430231E+02
3.166501E+01        -1.599719E+03        +1.425132E+02
3.163657E+01        -1.594018E+03        +1.419936E+02
3.160815E+01        -1.588319E+03        +1.414834E+02
3.157975E+01        -1.582618E+03        +1.409831E+02
3.155138E+01        -1.576919E+03        +1.404734E+02
3.152304E+01        -1.571220E+03        +1.399732E+02
3.149472E+01        -1.565617E+03        +1.394732E+02
3.146643E+01        -1.559921E+03        +1.389636E+02
3.143816E+01        -1.554416E+03        +1.384730E+02
3.140992E+01        -1.548819E+03        +1.379734E+02
3.138171E+01        -1.543221E+03        +1.374735E+02
3.135352E+01        -1.537719E+03        +1.369833E+02
3.132535E+01        -1.532219E+03        +1.364933E+02
3.129721E+01        -1.526719E+03        +1.360033E+02
3.126910E+01        -1.521221E+03        +1.355135E+02
3.124101E+01        -1.515722E+03        +1.350235E+02
3.121294E+01        -1.510318E+03        +1.345432E+02
3.118490E+01        -1.504919E+03        +1.340632E+02
3.115689E+01        -1.499520E+03        +1.335833E+02
3.112890E+01        -1.494120E+03        +1.331034E+02
3.110094E+01        -1.488722E+03        +1.326235E+02
3.107300E+01        -1.483419E+03        +1.321435E+02
3.104509E+01        -1.478023E+03        +1.316733E+02
3.101720E+01        -1.472721E+03        +1.312033E+02
3.098933E+01        -1.467420E+03        +1.307333E+02
3.096150E+01        -1.462219E+03        +1.302635E+02
3.093368E+01        -1.456921E+03        +1.297934E+02
3.090589E+01        -1.451719E+03        +1.293234E+02
3.087813E+01        -1.446520E+03        +1.288632E+02
3.085039E+01        -1.441320E+03        +1.284032E+02
3.082268E+01        -1.436121E+03        +1.279433E+02
3.079499E+01        -1.431019E+03        +1.274834E+02
3.076733E+01        -1.425823E+03        +1.270235E+02
3.073969E+01        -1.420720E+03        +1.265635E+02
3.071207E+01        -1.415620E+03        +1.261131E+02
3.068448E+01        -1.410520E+03        +1.256632E+02
3.065692E+01        -1.405519E+03        +1.252133E+02
3.062938E+01        -1.400422E+03        +1.247633E+02
3.060187E+01        -1.395421E+03        +1.243135E+02
3.057438E+01        -1.390421E+03        +1.238635E+02
3.054691E+01        -1.385421E+03        +1.234232E+02
3.051947E+01        -1.380422E+03        +1.229832E+02
3.049205E+01        -1.375518E+03        +1.225335E+02
3.046466E+01        -1.370522E+03        +1.220933E+02
3.043730E+01        -1.365621E+03        +1.216631E+02
3.040995E+01        -1.360720E+03        +1.212234E+02
3.038264E+01        -1.355822E+03        +1.207932E+02
3.035534E+01        -1.351018E+03        +1.203535E+02
3.032807E+01        -1.346122E+03        +1.199232E+02
3.030083E+01        -1.341320E+03        +1.194933E+02
3.027361E+01        -1.336520E+03        +1.190633E+02
3.024641E+01        -1.331720E+03        +1.186333E+02
3.021924E+01        -1.326921E+03        +1.182130E+02
3.019210E+01        -1.322122E+03        +1.177835E+02
3.016497E+01        -1.317418E+03        +1.173631E+02
3.013788E+01        -1.312720E+03        +1.169433E+02
3.011080E+01        -1.307923E+03        +1.165232E+02
3.008375E+01        -1.303317E+03        +1.161032E+02
3.005673E+01        -1.298621E+03        +1.156833E+02
3.002973E+01        -1.293922E+03        +1.152731E+02
3.000275E+01        -1.289319E+03        +1.148630E+02
2.997580E+01        -1.284623E+03        +1.144434E+02
2.994887E+01        -1.280020E+03        +1.140331E+02
2.992197E+01        -1.275421E+03        +1.136232E+02
2.989509E+01        -1.270918E+03        +1.132229E+02
2.986824E+01        -1.266322E+03        +1.128134E+02
2.984140E+01        -1.261818E+03        +1.124033E+02
2.981460E+01        -1.257223E+03        +1.120031E+02
2.978781E+01        -1.252719E+03        +1.116030E+02
2.976106E+01        -1.248221E+03        +1.112032E+02
2.973432E+01        -1.243721E+03        +1.108032E+02
2.970761E+01        -1.239318E+03        +1.104032E+02
2.968092E+01        -1.234821E+03        +1.100129E+02
2.965426E+01        -1.230419E+03        +1.096133E+02
2.962762E+01        -1.226019E+03        +1.092230E+02
2.960101E+01        -1.221621E+03        +1.088331E+02
2.957442E+01        -1.217221E+03        +1.084431E+02
2.954785E+01        -1.212821E+03        +1.080531E+02
2.952130E+01        -1.208517E+03        +1.076631E+02
2.949479E+01        -1.204123E+03        +1.072733E+02
2.946829E+01        -1.199819E+03        +1.068929E+02
2.944182E+01        -1.195520E+03        +1.065033E+02
2.941537E+01        -1.191220E+03        +1.061230E+02
2.938895E+01        -1.186921E+03        +1.057431E+02
2.936255E+01        -1.182718E+03        +1.053631E+02
2.933617E+01        -1.178422E+03        +1.049831E+02
2.930982E+01        -1.174219E+03        +1.046128E+02
2.928349E+01        -1.170020E+03        +1.042332E+02
2.925718E+01        -1.165820E+03        +1.038629E+02
2.923090E+01        -1.161620E+03        +1.034833E+02
2.920464E+01        -1.157421E+03        +1.031129E+02
2.917840E+01        -1.153317E+03        +1.027429E+02
2.915219E+01        -1.149121E+03        +1.023730E+02
2.912600E+01        -1.145018E+03        +1.020126E+02
2.909984E+01        -1.140919E+03        +1.016431E+02
2.907370E+01        -1.136819E+03        +1.012828E+02
2.904758E+01        -1.132719E+03        +1.009131E+02
2.902149E+01        -1.128717E+03        +1.005529E+02
2.899542E+01        -1.124621E+03        +1.001929E+02
2.896937E+01        -1.120617E+03        +9.983289E+01
2.894335E+01        -1.116618E+03        +9.947491E+01
2.891735E+01        -1.112522E+03        +9.911791E+01
2.889137E+01        -1.108615E+03        +9.876187E+01
2.886542E+01        -1.104620E+03        +9.840788E+01
2.883949E+01        -1.100620E+03        +9.805488E+01
2.881358E+01        -1.096620E+03        +9.770284E+01
2.878770E+01        -1.092718E+03        +9.735285E+01
2.876183E+01        -1.088817E+03        +9.700276E+01
2.873600E+01        -1.084918E+03        +9.665482E+01
2.871018E+01        -1.081018E+03        +9.630773E+01
2.868439E+01        -1.077118E+03        +9.596270E+01
2.865863E+01        -1.073316E+03        +9.561784E+01
2.863288E+01        -1.069419E+03        +9.527473E+01
2.860716E+01        -1.065616E+03        +9.493274E+01
2.858146E+01        -1.061720E+03        +9.459268E+01
2.855579E+01        -1.057918E+03        +9.425278E+01
2.853013E+01        -1.054117E+03        +9.391464E+01
2.850450E+01        -1.050317E+03        +9.357762E+01
2.847890E+01        -1.046615E+03        +9.324170E+01
2.845332E+01        -1.042819E+03        +9.290673E+01
2.842776E+01        -1.039116E+03        +9.257369E+01
2.840222E+01        -1.035320E+03        +9.224165E+01
2.837670E+01        -1.031616E+03        +9.191057E+01
2.835121E+01        -1.027916E+03        +9.158058E+01
2.832574E+01        -1.024216E+03        +9.125251E+01
2.830030E+01        -1.020614E+03        +9.092462E+01
2.827488E+01        -1.016918E+03        +9.059861E+01
2.824948E+01        -1.013219E+03        +9.027360E+01
2.822410E+01        -1.009615E+03        +8.994955E+01
2.819875E+01        -1.006016E+03        +8.962660E+01
2.817341E+01        -1.002415E+03        +8.930448E+01
2.814811E+01        -9.987878E+02        +8.898455E+01
2.812282E+01        -9.952057E+02        +8.866549E+01
2.809756E+01        -9.916362E+02        +8.834656E+01
2.807232E+01        -9.880762E+02        +8.802952E+01
2.804710E+01        -9.845259E+02        +8.771348E+01
2.802190E+01        -9.809949E+02        +8.739937E+01
2.799673E+01        -9.774752E+02        +8.708544E+01
2.797158E+01        -9.739652E+02        +8.677339E+01
2.794645E+01        -9.704648E+02        +8.646139E+01
2.792135E+01        -9.669851E+02        +8.615140E+01
2.789627E+01        -9.635154E+02        +8.584241E+01
2.787121E+01        -9.600553E+02        +8.553440E+01
2.784617E+01        -9.566049E+02        +8.522735E+01
2.782116E+01        -9.531751E+02        +8.492140E+01
2.779616E+01        -9.497540E+02        +8.461630E+01
2.777119E+01        -9.463440E+02        +8.431324E+01
2.774625E+01        -9.429449E+02        +8.401036E+01
2.772132E+01        -9.395638E+02        +8.370925E+01
2.769642E+01        -9.361845E+02        +8.340831E+01
2.767154E+01        -9.328241E+02        +8.310926E+01
2.764668E+01        -9.294834E+02        +8.281122E+01
2.762184E+01        -9.261431E+02        +8.251416E+01
2.759703E+01        -9.228231E+02        +8.221818E+01
2.757224E+01        -9.195036E+02        +8.192222E+01
2.754747E+01        -9.162030E+02        +8.162911E+01
2.752273E+01        -9.129138E+02        +8.133621E+01
2.749800E+01        -9.096425E+02        +8.104413E+01
2.747330E+01        -9.063731E+02        +8.075314E+01
2.744862E+01        -9.031226E+02        +8.046313E+01
2.742396E+01        -8.998822E+02        +8.017408E+01
2.739933E+01        -8.966529E+02        +7.988709E+01
2.737471E+01        -8.934320E+02        +7.960004E+01
2.735012E+01        -8.902220E+02        +7.931404E+01
2.732555E+01        -8.870314E+02        +7.902997E+01
2.730101E+01        -8.838427E+02        +7.874608E+01
2.727648E+01        -8.806716E+02        +7.846397E+01
2.725198E+01        -8.775119E+02        +7.818203E+01
2.722750E+01        -8.743619E+02        +7.790103E+01
2.720304E+01        -8.712217E+02        +7.762196E+01
2.717860E+01        -8.680912E+02        +7.734295E+01
2.715419E+01        -8.649814E+02        +7.706595E+01
2.712979E+01        -8.618708E+02        +7.678889E+01
2.710542E+01        -8.587805E+02        +7.651385E+01
2.708107E+01        -8.557003E+02        +7.623887E+01
2.705675E+01        -8.526311E+02        +7.596589E+01
2.703244E+01        -8.495705E+02        +7.569287E+01
2.700816E+01        -8.465208E+02        +7.542089E+01
2.698390E+01        -8.434810E+02        +7.515085E+01
2.695966E+01        -8.404509E+02        +7.488088E+01
2.693544E+01        -8.374306E+02        +7.461184E+01
2.691124E+01        -8.344296E+02        +7.434475E+01
2.688707E+01        -8.314305E+02        +7.407782E+01
2.686291E+01        -8.284491E+02        +7.381173E+01
2.683878E+01        -8.254696E+02        +7.354673E+01
2.681467E+01        -8.225091E+02        +7.328271E+01
2.679058E+01        -8.195587E+02        +7.301967E+01
2.676652E+01        -8.166194E+02        +7.275772E+01
2.674247E+01        -8.136886E+02        +7.249664E+01
2.671845E+01        -8.107689E+02        +7.223666E+01
2.669445E+01        -8.078590E+02        +7.197766E+01
2.667047E+01        -8.049589E+02        +7.171964E+01
2.664651E+01        -8.020686E+02        +7.146165E+01
2.662257E+01        -7.991881E+02        +7.120555E+01
2.659866E+01        -7.963186E+02        +7.094964E+01
2.657476E+01        -7.934578E+02        +7.069551E+01
2.655089E+01        -7.906079E+02        +7.044156E+01
2.652704E+01        -7.877679E+02        +7.018855E+01
2.650321E+01        -7.849473E+02        +6.993653E+01
2.647940E+01        -7.821274E+02        +6.968549E+01
2.645561E+01        -7.793169E+02        +6.943543E+01
2.643185E+01        -7.765174E+02        +6.918647E+01
2.640810E+01        -7.737361E+02        +6.893839E+01
2.638438E+01        -7.709568E+02        +6.869140E+01
2.636068E+01        -7.681868E+02        +6.844444E+01
2.633700E+01        -7.654362E+02        +6.819937E+01
2.631334E+01        -7.626864E+02        +6.795438E+01
2.628970E+01        -7.599460E+02        +6.771034E+01
2.626609E+01        -7.572166E+02        +6.746738E+01
2.624249E+01        -7.544959E+02        +6.722531E+01
2.621892E+01        -7.517957E+02        +6.698433E+01
2.619536E+01        -7.490952E+02        +6.674328E+01
2.617183E+01        -7.464052E+02        +6.650423E+01
2.614832E+01        -7.437251E+02        +6.626526E+01
2.612483E+01        -7.410549E+02        +6.602723E+01
2.610136E+01        -7.383946E+02        +6.579019E+01
2.607792E+01        -7.357452E+02        +6.555424E+01
2.605449E+01        -7.331046E+02        +6.531918E+01
2.603109E+01        -7.304750E+02        +6.508520E+01
2.600770E+01        -7.278542E+02        +6.485117E+01
2.598434E+01        -7.252348E+02        +6.461913E+01
2.596100E+01        -7.226344E+02        +6.438717E+01
2.593768E+01        -7.200443E+02        +6.415616E+01
2.591438E+01        -7.174547E+02        +6.392518E+01
2.589110E+01        -7.148839E+02        +6.369610E+01
2.586784E+01        -7.123140E+02        +6.346711E+01
2.584460E+01        -7.097536E+02        +6.324001E+01
2.582138E+01        -7.072125E+02        +6.301300E+01
2.579819E+01        -7.046734E+02        +6.278703E+01
2.577501E+01        -7.021427E+02        +6.256100E+01
2.575186E+01        -6.996229E+02        +6.233697E+01
2.572873E+01        -6.971131E+02        +6.211302E+01
2.570561E+01        -6.946026E+02        +6.188992E+01
2.568252E+01        -6.921121E+02        +6.166791E+01
2.565945E+01        -6.896320E+02        +6.144690E+01
2.563640E+01        -6.871523E+02        +6.122592E+01
2.561337E+01        -6.846915E+02        +6.100684E+01
2.559036E+01        -6.822317E+02        +6.078785E+01
2.556737E+01        -6.797813E+02        +6.056981E+01
2.554441E+01        -6.773419E+02        +6.035190E+01
2.552146E+01        -6.749113E+02        +6.013579E+01
2.549853E+01        -6.724907E+02        +5.991978E+01
2.547563E+01        -6.700716E+02        +5.970481E+01
2.545274E+01        -6.676704E+02        +5.949073E+01
2.542988E+01        -6.652711E+02        +5.927680E+01
2.540703E+01        -6.628803E+02        +5.906466E+01
2.538421E+01        -6.605004E+02        +5.885272E+01
2.536141E+01        -6.581305E+02        +5.864077E+01
2.533862E+01        -6.557695E+02        +5.843062E+01
2.531586E+01        -6.534195E+02        +5.822066E+01
2.529312E+01        -6.510699E+02        +5.801259E+01
2.527040E+01        -6.487298E+02        +5.780367E+01
2.524770E+01        -6.463996E+02        +5.759660E+01
2.522502E+01        -6.440889E+02        +5.738962E+01
2.520236E+01        -6.417697E+02        +5.718359E+01
2.517972E+01        -6.394689E+02        +5.697856E+01
2.515710E+01        -6.371691E+02        +5.677452E+01
2.513450E+01        -6.348882E+02        +5.657053E+01
2.511192E+01        -6.326084E+02        +5.636749E+01
2.508936E+01        -6.303380E+02        +5.616545E+01
2.506682E+01        -6.280775E+02        +5.596345E+01
2.504431E+01        -6.258186E+02        +5.576249E+01
2.502181E+01        -6.235681E+02        +5.556244E+01
2.499933E+01        -6.213371E+02        +5.536338E+01
2.497687E+01        -6.190976E+02        +5.516438E+01
2.495444E+01        -6.168775E+02        +5.496641E+01
2.493202E+01        -6.146669E+02        +5.476935E+01
2.490962E+01        -6.124569E+02        +5.457234E+01
2.488725E+01        -6.102572E+02        +5.437731E+01
2.486489E+01        -6.080666E+02        +5.418230E+01
2.484255E+01        -6.058860E+02        +5.398729E+01
2.482024E+01        -6.037164E+02        +5.379332E+01
2.479794E+01        -6.015463E+02        +5.360025E+01
2.477566E+01        -5.993856E+02        +5.340819E+01
2.475341E+01        -5.972360E+02        +5.321626E+01
2.473117E+01        -5.950953E+02        +5.302614E+01
2.470895E+01        -5.929552E+02        +5.283518E+01
2.468676E+01        -5.908256E+02        +5.264615E+01
2.466458E+01        -5.887050E+02        +5.245714E+01
2.464242E+01        -5.865943E+02        +5.226813E+01
2.462029E+01        -5.844852E+02        +5.208110E+01
2.459817E+01        -5.823846E+02        +5.189409E+01
2.457607E+01        -5.802940E+02        +5.170803E+01
2.455400E+01        -5.782144E+02        +5.152210E+01
2.453194E+01        -5.761344E+02        +5.133705E+01
2.450990E+01        -5.740733E+02        +5.115299E+01
2.448789E+01        -5.720142E+02        +5.097002E+01
2.446589E+01        -5.699543E+02        +5.078702E+01
2.444391E+01        -5.679133E+02        +5.060402E+01
2.442195E+01        -5.658733E+02        +5.042291E+01
2.440001E+01        -5.638429E+02        +5.024192E+01
2.437809E+01        -5.618130E+02        +5.006187E+01
2.435619E+01        -5.598021E+02        +4.988189E+01
2.433431E+01        -5.577923E+02        +4.970285E+01
2.431245E+01        -5.557920E+02        +4.952481E+01
2.429061E+01        -5.537922E+02        +4.934683E+01
2.426879E+01        -5.518020E+02        +4.916980E+01
2.424699E+01        -5.498217E+02        +4.899377E+01
2.422521E+01        -5.478515E+02        +4.881780E+01
2.420345E+01        -5.458819E+02        +4.864277E+01
2.418171E+01        -5.439218E+02        +4.846781E+01
2.415998E+01        -5.419708E+02        +4.829371E+01
2.413828E+01        -5.400214E+02        +4.812070E+01
2.411660E+01        -5.380908E+02        +4.794775E+01
2.409493E+01        -5.361511E+02        +4.777566E+01
2.407329E+01        -5.342306E+02        +4.760466E+01
2.405166E+01        -5.323104E+02        +4.743364E+01
2.403006E+01        -5.304006E+02        +4.726365E+01
2.400847E+01        -5.285000E+02        +4.709364E+01
2.398690E+01        -5.266000E+02        +4.692458E+01
2.396535E+01        -5.247094E+02        +4.675652E+01
2.394383E+01        -5.228298E+02        +4.658861E+01
2.392232E+01        -5.209499E+02        +4.642156E+01
2.390083E+01        -5.190796E+02        +4.625457E+01
2.387936E+01        -5.172193E+02        +4.608854E+01
2.385791E+01        -5.153596E+02        +4.592350E+01
2.383647E+01        -5.135085E+02        +4.575846E+01
2.381506E+01        -5.116684E+02        +4.559444E+01
2.379367E+01        -5.098289E+02        +4.543048E+01
2.377229E+01        -5.079981E+02        +4.526740E+01
2.375094E+01        -5.061781E+02        +4.510539E+01
2.372960E+01        -5.043580E+02        +4.494338E+01
2.370829E+01        -5.025482E+02        +4.478239E+01
2.368699E+01        -5.007476E+02        +4.462138E+01
2.366571E+01        -4.989477E+02        +4.446133E+01
2.364445E+01        -4.971572E+02        +4.430134E+01
2.362321E+01        -4.953675E+02        +4.414230E+01
2.360199E+01        -4.935872E+02        +4.398426E+01
2.358079E+01        -4.918170E+02        +4.382630E+01
2.355960E+01        -4.900560E+02        +4.366920E+01
2.353844E+01        -4.882966E+02        +4.351225E+01
2.351730E+01        -4.865466E+02        +4.335624E+01
2.349617E+01        -4.847964E+02        +4.320022E+01
2.347506E+01        -4.830558E+02        +4.304516E+01
2.345397E+01        -4.813253E+02        +4.289110E+01
2.343291E+01        -4.795962E+02        +4.273718E+01
2.341186E+01        -4.778758E+02        +4.258414E+01
2.339082E+01        -4.761553E+02        +4.243109E+01
2.336981E+01        -4.744451E+02        +4.227906E+01
2.334882E+01        -4.727450E+02        +4.212710E+01
2.332784E+01        -4.710448E+02        +4.197602E+01
2.330689E+01        -4.693548E+02        +4.182508E+01
2.328595E+01        -4.676742E+02        +4.167501E+01
2.326503E+01        -4.659942E+02        +4.152595E+01
2.324413E+01        -4.643238E+02        +4.137696E+01
2.322325E+01        -4.626540E+02        +4.122798E+01
2.320239E+01        -4.609938E+02        +4.107995E+01
2.318155E+01        -4.593342E+02        +4.093292E+01
2.316072E+01        -4.576833E+02        +4.078590E+01
2.313992E+01        -4.560434E+02        +4.063989E+01
2.311913E+01        -4.544033E+02        +4.049389E+01
2.309836E+01        -4.527728E+02        +4.034883E+01
2.307761E+01        -4.511523E+02        +4.020384E+01
2.305688E+01        -4.495326E+02        +4.005886E+01
2.303617E+01        -4.479130E+02        +3.991577E+01
2.301548E+01        -4.463122E+02        +3.977281E+01
2.299480E+01        -4.447027E+02        +3.962979E+01
2.297414E+01        -4.431114E+02        +3.948772E+01
2.295351E+01        -4.415222E+02        +3.934579E+01
2.293289E+01        -4.399323E+02        +3.920474E+01
2.291229E+01        -4.383520E+02        +3.906376E+01
2.289170E+01        -4.367809E+02        +3.892366E+01
2.287114E+01        -4.352114E+02        +3.878370E+01
2.285059E+01        -4.336507E+02        +3.864462E+01
2.283007E+01        -4.320914E+02        +3.850568E+01
2.280956E+01        -4.305408E+02        +3.836762E+01
2.278907E+01        -4.290004E+02        +3.823058E+01
2.276860E+01        -4.274607E+02        +3.809267E+01
2.274814E+01        -4.259204E+02        +3.795651E+01
2.272771E+01        -4.243903E+02        +3.782056E+01
2.270729E+01        -4.228696E+02        +3.768455E+01
2.268689E+01        -4.213497E+02        +3.754949E+01
2.266651E+01        -4.198392E+02        +3.741450E+01
2.264615E+01        -4.183295E+02        +3.728046E+01
2.262581E+01        -4.168293E+02        +3.714650E+01
2.260548E+01        -4.153292E+02        +3.701342E+01
2.258518E+01        -4.138392E+02        +3.688047E+01
2.256489E+01        -4.123587E+02        +3.674748E+01
2.254462E+01        -4.108789E+02        +3.661637E+01
2.252436E+01        -4.093985E+02        +3.648439E+01
2.250413E+01        -4.079283E+02        +3.635337E+01
2.248391E+01        -4.064675E+02        +3.622329E+01
2.246372E+01        -4.050083E+02        +3.609335E+01
2.244354E+01        -4.035577E+02        +3.596336E+01
2.242338E+01        -4.021080E+02        +3.583432E+01
2.240323E+01        -4.006577E+02        +3.570623E+01
2.238311E+01        -3.992270E+02        +3.557827E+01
2.236300E+01        -3.977876E+02        +3.545027E+01
2.234291E+01        -3.963664E+02        +3.532321E+01
2.232284E+01        -3.949373E+02        +3.519623E+01
2.230279E+01        -3.935264E+02        +3.507019E+01
2.228275E+01        -3.921068E+02        +3.494417E+01
2.226274E+01        -3.907062E+02        +3.481823E+01
2.224274E+01        -3.892969E+02        +3.469317E+01
2.222276E+01        -3.879058E+02        +3.456912E+01
2.220279E+01        -3.865062E+02        +3.444509E+01
2.218285E+01        -3.851254E+02        +3.432114E+01
2.216292E+01        -3.837360E+02        +3.419807E+01
2.214301E+01        -3.823648E+02        +3.407601E+01
2.212312E+01        -3.809858E+02        +3.395310E+01
2.210325E+01        -3.796248E+02        +3.383200E+01
2.208339E+01        -3.782554E+02        +3.371005E+01
2.206355E+01        -3.768947E+02        +3.358898E+01
2.204373E+01        -3.755442E+02        +3.346893E+01
2.202393E+01        -3.741945E+02        +3.334802E+01
2.200415E+01        -3.728543E+02        +3.322893E+01
2.198438E+01        -3.715143E+02        +3.310992E+01
2.196463E+01        -3.701837E+02        +3.299092E+01
2.194490E+01        -3.688539E+02        +3.287194E+01
2.192519E+01        -3.675337E+02        +3.275391E+01
2.190549E+01        -3.662135E+02        +3.263683E+01
2.188581E+01        -3.648936E+02        +3.251983E+01
2.186615E+01        -3.635831E+02        +3.240284E+01
2.184651E+01        -3.622827E+02        +3.228680E+01
2.182688E+01        -3.609826E+02        +3.217079E+01
2.180728E+01        -3.596832E+02        +3.205577E+01
2.178769E+01        -3.583927E+02        +3.194078E+01
2.176811E+01        -3.571023E+02        +3.182575E+01
2.174856E+01        -3.558221E+02        +3.171172E+01
2.172902E+01        -3.545514E+02        +3.159772E+01
2.170950E+01        -3.532722E+02        +3.148466E+01
2.169000E+01        -3.520018E+02        +3.137168E+01
2.167052E+01        -3.507416E+02        +3.125872E+01
2.165105E+01        -3.494815E+02        +3.114664E+01
2.163160E+01        -3.482310E+02        +3.103465E+01
2.161217E+01        -3.469812E+02        +3.092360E+01
2.159275E+01        -3.457310E+02        +3.081258E+01
2.157336E+01        -3.444910E+02        +3.070164E+01
2.155398E+01        -3.432511E+02        +3.059158E+01
2.153461E+01        -3.420201E+02        +3.048154E+01
2.151527E+01        -3.407905E+02        +3.037251E+01
2.149594E+01        -3.395698E+02        +3.026351E+01
2.147663E+01        -3.383500E+02        +3.015452E+01
2.145734E+01        -3.371396E+02        +3.004648E+01
2.143806E+01        -3.359295E+02        +2.993846E+01
2.141881E+01        -3.347201E+02        +2.983145E+01
2.139956E+01        -3.335190E+02        +2.972441E+01
2.138034E+01        -3.323194E+02        +2.961744E+01
2.136113E+01        -3.311286E+02        +2.951136E+01
2.134195E+01        -3.299393E+02        +2.940542E+01
2.132277E+01        -3.287582E+02        +2.930032E+01
2.130362E+01        -3.275787E+02        +2.919535E+01
2.128448E+01        -3.263986E+02        +2.909035E+01
2.126536E+01        -3.252281E+02        +2.898536E+01
2.124626E+01        -3.240584E+02        +2.888132E+01
2.122717E+01        -3.228976E+02        +2.877824E+01
2.120810E+01        -3.217377E+02        +2.867524E+01
2.118905E+01        -3.205779E+02        +2.857226E+01
2.117002E+01        -3.194276E+02        +2.846929E+01
2.115100E+01        -3.182869E+02        +2.836722E+01
2.113200E+01        -3.171378E+02        +2.826523E+01
2.111302E+01        -3.160067E+02        +2.816419E+01
2.109405E+01        -3.148673E+02        +2.806318E+01
2.107510E+01        -3.137367E+02        +2.796218E+01
2.105617E+01        -3.126162E+02        +2.786213E+01
2.103725E+01        -3.114868E+02        +2.776212E+01
2.101836E+01        -3.103667E+02        +2.766217E+01
2.099948E+01        -3.092562E+02        +2.756311E+01
2.098061E+01        -3.081459E+02        +2.746409E+01
2.096176E+01        -3.070359E+02        +2.736509E+01
2.094293E+01        -3.059354E+02        +2.726703E+01
2.092412E+01        -3.048357E+02        +2.716905E+01
2.090532E+01        -3.037449E+02        +2.707197E+01
2.088654E+01        -3.026550E+02        +2.697498E+01
2.086778E+01        -3.015653E+02        +2.687800E+01
2.084904E+01        -3.004850E+02        +2.678104E+01
2.083031E+01        -2.994051E+02        +2.668498E+01
2.081159E+01        -2.983341E+02        +2.658987E+01
2.079290E+01        -2.972645E+02        +2.649398E+01
2.077422E+01        -2.961946E+02        +2.639891E+01
2.075556E+01        -2.951248E+02        +2.630393E+01
2.073691E+01        -2.940732E+02        +2.620984E+01
2.071829E+01        -2.930145E+02        +2.611589E+01
2.069967E+01        -2.919634E+02        +2.602186E+01
2.068108E+01        -2.909138E+02        +2.592882E+01
2.066250E+01        -2.898731E+02        +2.583582E+01
2.064394E+01        -2.888241E+02        +2.574284E+01
2.062539E+01        -2.877924E+02        +2.565075E+01
2.060687E+01        -2.867630E+02        +2.555880E+01
2.058835E+01        -2.857327E+02        +2.546676E+01
2.056986E+01        -2.847031E+02        +2.537572E+01
2.055138E+01        -2.836824E+02        +2.528472E+01
2.053292E+01        -2.826626E+02        +2.519374E+01
2.051447E+01        -2.816424E+02        +2.510273E+01
2.049605E+01        -2.806323E+02        +2.501270E+01
2.047763E+01        -2.796312E+02        +2.492360E+01
2.045924E+01        -2.786224E+02        +2.483371E+01
2.044086E+01        -2.776217E+02        +2.474464E+01
2.042250E+01        -2.766312E+02        +2.465566E+01
2.040415E+01        -2.756318E+02        +2.456757E+01
2.038582E+01        -2.746412E+02        +2.447958E+01
2.036751E+01        -2.736607E+02        +2.439160E+01
2.034921E+01        -2.726806E+02        +2.430359E+01
2.033093E+01        -2.717008E+02        +2.421652E+01
2.031267E+01        -2.707211E+02        +2.412955E+01
2.029442E+01        -2.697503E+02        +2.404347E+01
2.027619E+01        -2.687805E+02        +2.395748E+01
2.025798E+01        -2.678201E+02        +2.387059E+01
2.023978E+01        -2.668601E+02        +2.378544E+01
2.022160E+01        -2.659003E+02        +2.370045E+01
2.020343E+01        -2.649402E+02        +2.361452E+01
2.018528E+01        -2.639895E+02        +2.353037E+01
2.016715E+01        -2.630397E+02        +2.344546E+01
2.014903E+01        -2.620989E+02        +2.336138E+01
2.013093E+01        -2.611590E+02        +2.327739E+01
2.011285E+01        -2.602194E+02        +2.319434E+01
2.009478E+01        -2.592886E+02        +2.311134E+01
2.007673E+01        -2.583588E+02        +2.302835E+01
2.005870E+01        -2.574292E+02        +2.294539E+01
2.004068E+01        -2.564992E+02        +2.286331E+01
2.002267E+01        -2.555782E+02        +2.278129E+01
2.000469E+01        -2.546679E+02        +2.269933E+01
1.998672E+01        -2.537488E+02        +2.261734E+01
1.996876E+01        -2.528379E+02        +2.253624E+01
1.995082E+01        -2.519279E+02        +2.245617E+01
1.993290E+01        -2.510273E+02        +2.237526E+01
1.991500E+01        -2.501277E+02        +2.229522E+01
1.989711E+01        -2.492279E+02        +2.221523E+01
1.987923E+01        -2.483369E+02        +2.213521E+01
1.986137E+01        -2.474377E+02        +2.205613E+01
1.984353E+01        -2.465563E+02        +2.197622E+01
1.982571E+01        -2.456675E+02        +2.189810E+01
1.980790E+01        -2.447868E+02        +2.181918E+01
1.979010E+01        -2.439066E+02        +2.174109E+01
1.977232E+01        -2.430266E+02        +2.166308E+01
1.975456E+01        -2.421560E+02        +2.158510E+01
1.973682E+01        -2.412864E+02        +2.150805E+01
1.971909E+01        -2.404257E+02        +2.143014E+01
1.970137E+01        -2.395563E+02        +2.135396E+01
1.968368E+01        -2.386960E+02        +2.127709E+01
1.966599E+01        -2.378450E+02        +2.120098E+01
1.964833E+01        -2.369862E+02        +2.112409E+01
1.963068E+01        -2.361355E+02        +2.104895E+01
1.961304E+01        -2.352946E+02        +2.097301E+01
1.959542E+01        -2.344454E+02        +2.089793E+01
1.957782E+01        -2.336049E+02        +2.082295E+01
1.956023E+01        -2.327648E+02        +2.074795E+01
1.954266E+01        -2.319250E+02        +2.067388E+01
1.952511E+01        -2.310946E+02        +2.059899E+01
1.950757E+01        -2.302646E+02        +2.052584E+01
1.949004E+01        -2.294345E+02        +2.045190E+01
1.947253E+01        -2.286137E+02        +2.037882E+01
1.945504E+01        -2.277939E+02        +2.030492E+01
1.943757E+01        -2.269743E+02        +2.023279E+01
1.942010E+01        -2.261632E+02        +2.015984E+01
1.940266E+01        -2.253536E+02        +2.008779E+01
1.938523E+01        -2.245437E+02        +2.001580E+01
1.936782E+01        -2.237339E+02        +1.994382E+01
1.935042E+01        -2.229332E+02        +1.987182E+01
1.933303E+01        -2.221329E+02        +1.980072E+01
1.931567E+01        -2.213334E+02        +1.972976E+01
1.929832E+01        -2.205427E+02        +1.965877E+01
1.928098E+01        -2.197435E+02        +1.958868E+01
1.926366E+01        -2.189619E+02        +1.951777E+01
1.924635E+01        -2.181726E+02        +1.944767E+01
1.922906E+01        -2.173919E+02        +1.937768E+01
1.921179E+01        -2.166121E+02        +1.930862E+01
1.919453E+01        -2.158322E+02        +1.923962E+01
1.917729E+01        -2.150524E+02        +1.917064E+01
1.916006E+01        -2.142815E+02        +1.910163E+01
1.914285E+01        -2.135117E+02        +1.903265E+01
1.912565E+01        -2.127508E+02        +1.896456E+01
1.910847E+01        -2.119818E+02        +1.889657E+01
1.909131E+01        -2.112213E+02        +1.882859E+01
1.907416E+01        -2.104614E+02        +1.876152E+01
1.905702E+01        -2.097104E+02        +1.869359E+01
1.903990E+01        -2.089605E+02        +1.862651E+01
1.902280E+01        -2.082016E+02        +1.855953E+01
1.900571E+01        -2.074600E+02        +1.849345E+01
1.898864E+01        -2.067110E+02        +1.842747E+01
1.897158E+01        -2.059702E+02        +1.836055E+01
1.895454E+01        -2.052304E+02        +1.829540E+01
1.893751E+01        -2.044904E+02        +1.822948E+01
1.892050E+01        -2.037597E+02        +1.816349E+01
1.890350E+01        -2.030297E+02        +1.809840E+01
1.888652E+01        -2.022998E+02        +1.803341E+01
1.886956E+01        -2.015702E+02        +1.796936E+01
1.885260E+01        -2.008490E+02        +1.790441E+01
1.883567E+01        -2.001294E+02        +1.784036E+01
1.881875E+01        -1.994095E+02        +1.777637E+01
1.880184E+01        -1.986894E+02        +1.771235E+01
1.878495E+01        -1.979786E+02        +1.764836E+01
1.876808E+01        -1.972689E+02        +1.758530E+01
1.875122E+01        -1.965590E+02        +1.752231E+01
1.873437E+01        -1.958580E+02        +1.745929E+01
1.871755E+01        -1.951493E+02        +1.739725E+01
1.870073E+01        -1.944483E+02        +1.733432E+01
1.868393E+01        -1.937575E+02        +1.727224E+01
1.866715E+01        -1.930586E+02        +1.721026E+01
1.865038E+01        -1.923678E+02        +1.714826E+01
1.863362E+01        -1.916777E+02        +1.708716E+01
1.861689E+01        -1.909881E+02        +1.702528E+01
1.860016E+01        -1.902980E+02        +1.696418E+01
1.858345E+01        -1.896172E+02        +1.690318E+01
1.856676E+01        -1.889374E+02        +1.684312E+01
1.855008E+01        -1.882574E+02        +1.678221E+01
1.853342E+01        -1.875777E+02        +1.672214E+01
1.851677E+01        -1.869069E+02        +1.666214E+01
1.850013E+01        -1.862367E+02        +1.660213E+01
1.848351E+01        -1.855668E+02        +1.654304E+01
1.846691E+01        -1.848970E+02        +1.648406E+01
1.845032E+01        -1.842362E+02        +1.642415E+01
1.843375E+01        -1.835764E+02        +1.636509E+01
1.841719E+01        -1.829165E+02        +1.630700E+01
1.840064E+01        -1.822564E+02        +1.624808E+01
1.838411E+01        -1.816056E+02        +1.618999E+01
1.836760E+01        -1.809558E+02        +1.613202E+01
1.835110E+01        -1.803059E+02        +1.607402E+01
1.833461E+01        -1.796558E+02        +1.601601E+01
1.831814E+01        -1.790150E+02        +1.595893E+01
1.830169E+01        -1.783662E+02        +1.590104E+01
1.828525E+01        -1.777254E+02        +1.584396E+01
1.826882E+01        -1.770854E+02        +1.578787E+01
1.825241E+01        -1.764546E+02        +1.573097E+01
1.823601E+01        -1.758246E+02        +1.567396E+01
1.821963E+01        -1.751856E+02        +1.561788E+01
1.820327E+01        -1.745551E+02        +1.556191E+01
1.818691E+01        -1.739340E+02        +1.550589E+01
1.817058E+01        -1.733052E+02        +1.545084E+01
1.815425E+01        -1.726842E+02        +1.539490E+01
1.813794E+01        -1.720642E+02        +1.533982E+01
1.812165E+01        -1.714444E+02        +1.528483E+01
1.810537E+01        -1.708336E+02        +1.522984E+01
1.808911E+01        -1.702238E+02        +1.517577E+01
1.807286E+01        -1.696047E+02        +1.512086E+01
1.805662E+01        -1.690029E+02        +1.506676E+01
1.804040E+01        -1.683939E+02        +1.501277E+01
1.802420E+01        -1.677842E+02        +1.495879E+01
1.800800E+01        -1.671830E+02        +1.490477E+01
1.799183E+01        -1.665834E+02        +1.485171E+01
1.797567E+01        -1.659835E+02        +1.479781E+01
1.795952E+01        -1.653926E+02        +1.474472E+01
1.794338E+01        -1.647934E+02        +1.469262E+01
1.792727E+01        -1.642029E+02        +1.463974E+01
1.791116E+01        -1.636127E+02        +1.458673E+01
1.789507E+01        -1.630319E+02        +1.453464E+01
1.787900E+01        -1.624431E+02        +1.448266E+01
1.786294E+01        -1.618623E+02        +1.443067E+01
1.784689E+01        -1.612823E+02        +1.437867E+01
1.783086E+01        -1.607024E+02        +1.432668E+01
1.781484E+01        -1.601224E+02        +1.427559E+01
1.779884E+01        -1.595426E+02        +1.422460E+01
1.778285E+01        -1.589717E+02        +1.417360E+01
1.776687E+01        -1.584016E+02        +1.412259E+01
1.775091E+01        -1.578317E+02        +1.407160E+01
1.773497E+01        -1.572711E+02        +1.402153E+01
1.771903E+01        -1.567018E+02        +1.397060E+01
1.770312E+01        -1.561412E+02        +1.392054E+01
1.768721E+01        -1.555810E+02        +1.387052E+01
1.767132E+01        -1.550210E+02        +1.382143E+01
1.765545E+01        -1.544613E+02        +1.377154E+01
1.763959E+01        -1.539104E+02        +1.372246E+01
1.762374E+01        -1.533604E+02        +1.367254E+01
1.760791E+01        -1.528105E+02        +1.362346E+01
1.759210E+01        -1.522608E+02        +1.357449E+01
1.757629E+01        -1.517107E+02        +1.352638E+01
1.756050E+01        -1.511698E+02        +1.347747E+01
1.754473E+01        -1.506210E+02        +1.342940E+01
1.752897E+01        -1.500801E+02        +1.338141E+01
1.751322E+01        -1.495401E+02        +1.333340E+01
1.749749E+01        -1.490093E+02        +1.328541E+01
1.748177E+01        -1.484703E+02        +1.323741E+01
1.746607E+01        -1.479395E+02        +1.319034E+01
1.745038E+01        -1.474096E+02        +1.314244E+01
1.743470E+01        -1.468796E+02        +1.309534E+01
1.741904E+01        -1.463497E+02        +1.304835E+01
1.740339E+01        -1.458288E+02        +1.300134E+01
1.738776E+01        -1.452999E+02        +1.295527E+01
1.737214E+01        -1.447790E+02        +1.290836E+01
1.735653E+01        -1.442589E+02        +1.286226E+01
1.734094E+01        -1.437391E+02        +1.281627E+01
1.732536E+01        -1.432281E+02        +1.277027E+01
1.730980E+01        -1.427092E+02        +1.272429E+01
1.729425E+01        -1.421984E+02        +1.267829E+01
1.727871E+01        -1.416883E+02        +1.263319E+01
1.726319E+01        -1.411784E+02        +1.258820E+01
1.724768E+01        -1.406684E+02        +1.254229E+01
1.723219E+01        -1.401677E+02        +1.249721E+01
1.721671E+01        -1.396677E+02        +1.245222E+01
1.720124E+01        -1.391586E+02        +1.240812E+01
1.718579E+01        -1.386578E+02        +1.236322E+01
1.717035E+01        -1.381669E+02        +1.231913E+01
1.715493E+01        -1.376680E+02        +1.227514E+01
1.713952E+01        -1.371772E+02        +1.223115E+01
1.712412E+01        -1.366781E+02        +1.218714E+01
1.710874E+01        -1.361873E+02        +1.214316E+01
1.709337E+01        -1.356973E+02        +1.209916E+01
1.707801E+01        -1.352163E+02        +1.205605E+01
1.706267E+01        -1.347273E+02        +1.201306E+01
1.704735E+01        -1.342467E+02        +1.197009E+01
1.703203E+01        -1.337666E+02        +1.192708E+01
1.701673E+01        -1.332866E+02        +1.188408E+01
1.700144E+01        -1.328066E+02        +1.184107E+01
1.698617E+01        -1.323267E+02        +1.179899E+01
1.697091E+01        -1.318558E+02        +1.175609E+01
1.695567E+01        -1.313770E+02        +1.171401E+01
1.694044E+01        -1.309062E+02        +1.167202E+01
1.692522E+01        -1.304362E+02        +1.163092E+01
1.691001E+01        -1.299660E+02        +1.158901E+01
1.689482E+01        -1.295052E+02        +1.154701E+01
1.687965E+01        -1.290364E+02        +1.150594E+01
1.686448E+01        -1.285753E+02        +1.146402E+01
1.684933E+01        -1.281153E+02        +1.142293E+01
1.683420E+01        -1.276556E+02        +1.138195E+01
1.681908E+01        -1.271957E+02        +1.134186E+01
1.680397E+01        -1.267357E+02        +1.130096E+01
1.678887E+01        -1.262847E+02        +1.125995E+01
1.677379E+01        -1.258258E+02        +1.121986E+01
1.675872E+01        -1.253748E+02        +1.117986E+01
1.674367E+01        -1.249250E+02        +1.113988E+01
1.672863E+01        -1.244751E+02        +1.109898E+01
1.671360E+01        -1.240341E+02        +1.105979E+01
1.669858E+01        -1.235850E+02        +1.101987E+01
1.668358E+01        -1.231441E+02        +1.097988E+01
1.666860E+01        -1.226953E+02        +1.094080E+01
1.665362E+01        -1.222542E+02        +1.090179E+01
1.663866E+01        -1.218143E+02        +1.086279E+01
1.662372E+01        -1.213836E+02        +1.082382E+01
1.660878E+01        -1.209444E+02        +1.078480E+01
1.659386E+01        -1.205135E+02        +1.074581E+01
1.657896E+01        -1.200838E+02        +1.070773E+01
1.656406E+01        -1.196446E+02        +1.066881E+01
1.654918E+01        -1.192137E+02        +1.063072E+01
1.653432E+01        -1.187929E+02        +1.059274E+01
1.651946E+01        -1.183638E+02        +1.055472E+01
1.650462E+01        -1.179428E+02        +1.051673E+01
1.648980E+01        -1.175141E+02        +1.047875E+01
1.647498E+01        -1.170929E+02        +1.044164E+01
1.646018E+01        -1.166730E+02        +1.040374E+01
1.644540E+01        -1.162532E+02        +1.036666E+01
1.643062E+01        -1.158331E+02        +1.032964E+01
1.641587E+01        -1.154224E+02        +1.029267E+01
1.640112E+01        -1.150034E+02        +1.025567E+01
1.638639E+01        -1.145925E+02        +1.021868E+01
1.637166E+01        -1.141823E+02        +1.018166E+01
1.635696E+01        -1.137726E+02        +1.014558E+01
1.634226E+01        -1.133625E+02        +1.010867E+01
1.632758E+01        -1.129525E+02        +1.007257E+01
1.631292E+01        -1.125518E+02        +1.003660E+01
1.629826E+01        -1.121427E+02        +1.000040E+01
1.628362E+01        -1.117418E+02        +9.964481E+00
1.626899E+01        -1.113418E+02        +9.928759E+00
1.625438E+01        -1.109419E+02        +9.893164E+00
1.623978E+01        -1.105420E+02        +9.857662E+00
1.622519E+01        -1.101420E+02        +9.822252E+00
1.621061E+01        -1.097510E+02        +9.787024E+00
1.619605E+01        -1.093611E+02        +9.751833E+00
1.618150E+01        -1.089621E+02        +9.716904E+00
1.616697E+01        -1.085713E+02        +9.682022E+00
1.615244E+01        -1.081812E+02        +9.647289E+00
1.613793E+01        -1.077913E+02        +9.612592E+00
1.612344E+01        -1.074105E+02        +9.578182E+00
1.610895E+01        -1.070214E+02        +9.543771E+00
1.609448E+01        -1.066405E+02        +9.509467E+00
1.608002E+01        -1.062515E+02        +9.475345E+00
1.606558E+01        -1.058706E+02        +9.441350E+00
1.605115E+01        -1.054907E+02        +9.407448E+00
1.603673E+01        -1.051108E+02        +9.373728E+00
1.602232E+01        -1.047307E+02        +9.340112E+00
1.600793E+01        -1.043598E+02        +9.306613E+00
1.599355E+01        -1.039809E+02        +9.273206E+00
1.597918E+01        -1.036099E+02        +9.239893E+00
1.596483E+01        -1.032400E+02        +9.206696E+00
1.595048E+01        -1.028699E+02        +9.173660E+00
1.593616E+01        -1.025001E+02        +9.140772E+00
1.592184E+01        -1.021301E+02        +9.107956E+00
1.590754E+01        -1.017602E+02        +9.075255E+00
1.589325E+01        -1.013992E+02        +9.042738E+00
1.587897E+01        -1.010302E+02        +9.010235E+00
1.586471E+01        -1.006694E+02        +8.977927E+00
1.585045E+01        -1.003092E+02        +8.945701E+00
1.583622E+01        -9.994946E+01        +8.913613E+00
1.582199E+01        -9.959120E+01        +8.881597E+00
1.580778E+01        -9.923333E+01        +8.849697E+00
1.579358E+01        -9.887719E+01        +8.817980E+00
1.577939E+01        -9.852207E+01        +8.786278E+00
1.576521E+01        -9.816789E+01        +8.754749E+00
1.575105E+01        -9.781579E+01        +8.723347E+00
1.573690E+01        -9.746382E+01        +8.692038E+00
1.572277E+01        -9.711383E+01        +8.660846E+00
1.570864E+01        -9.676552E+01        +8.629726E+00
1.569453E+01        -9.641760E+01        +8.598811E+00
1.568043E+01        -9.607141E+01        +8.567911E+00
1.566635E+01        -9.572650E+01        +8.537206E+00
1.565227E+01        -9.538228E+01        +8.506584E+00
1.563821E+01        -9.504014E+01        +8.475989E+00
1.562416E+01        -9.469903E+01        +8.445567E+00
1.561013E+01        -9.435911E+01        +8.415271E+00
1.559611E+01        -9.402012E+01        +8.385070E+00
1.558210E+01        -9.368207E+01        +8.355052E+00
1.556810E+01        -9.334585E+01        +8.325050E+00
1.555411E+01        -9.301067E+01        +8.295132E+00
1.554014E+01        -9.267667E+01        +8.265330E+00
1.552618E+01        -9.234361E+01        +8.235712E+00
1.551223E+01        -9.201149E+01        +8.206109E+00
1.549830E+01        -9.168145E+01        +8.176702E+00
1.548438E+01        -9.135244E+01        +8.147399E+00
1.547047E+01        -9.102438E+01        +8.118102E+00
1.545657E+01        -9.069726E+01        +8.088978E+00
1.544268E+01        -9.037108E+01        +8.059960E+00
1.542881E+01        -9.004697E+01        +8.031057E+00
1.541495E+01        -8.972391E+01        +8.002249E+00
1.540110E+01        -8.940089E+01        +7.973447E+00
1.538727E+01        -8.907984E+01        +7.944839E+00
1.537345E+01        -8.876074E+01        +7.916336E+00
1.535964E+01        -8.844179E+01        +7.887929E+00
1.534584E+01        -8.812368E+01        +7.859617E+00
1.533205E+01        -8.780740E+01        +7.831400E+00
1.531828E+01        -8.749241E+01        +7.803298E+00
1.530452E+01        -8.717747E+01        +7.775291E+00
1.529077E+01        -8.686426E+01        +7.747380E+00
1.527703E+01        -8.655300E+01        +7.719564E+00
1.526331E+01        -8.624212E+01        +7.691863E+00
1.524960E+01        -8.593209E+01        +7.664258E+00
1.523590E+01        -8.562390E+01        +7.636748E+00
1.522221E+01        -8.531586E+01        +7.609333E+00
1.520854E+01        -8.500979E+01        +7.582034E+00
1.519488E+01        -8.470477E+01        +7.554830E+00
1.518123E+01        -8.439981E+01        +7.527721E+00
1.516759E+01        -8.409658E+01        +7.500709E+00
1.515396E+01        -8.379442E+01        +7.473791E+00
1.514035E+01        -8.349431E+01        +7.446989E+00
1.512675E+01        -8.319437E+01        +7.420283E+00
1.511316E+01        -8.289528E+01        +7.393672E+00
1.509959E+01        -8.259735E+01        +7.367087E+00
1.508602E+01        -8.230105E+01        +7.340657E+00
1.507247E+01        -8.200513E+01        +7.314352E+00
1.505893E+01        -8.171096E+01        +7.288055E+00
1.504540E+01        -8.141695E+01        +7.261931E+00
1.503189E+01        -8.112489E+01        +7.235844E+00
1.501838E+01        -8.083368E+01        +7.209823E+00
1.500489E+01        -8.054364E+01        +7.184006E+00
1.499141E+01        -8.025366E+01        +7.158207E+00
1.497795E+01        -7.996564E+01        +7.132512E+00
1.496449E+01        -7.967846E+01        +7.106894E+00
1.495105E+01        -7.939245E+01        +7.081391E+00
1.493762E+01        -7.910740E+01        +7.055984E+00
1.492420E+01        -7.882331E+01        +7.030674E+00
1.491079E+01        -7.854017E+01        +7.005459E+00
1.489740E+01        -7.825819E+01        +6.980359E+00
1.488401E+01        -7.797697E+01        +6.955248E+00
1.487064E+01        -7.769691E+01        +6.930329E+00
1.485729E+01        -7.741802E+01        +6.905448E+00
1.484394E+01        -7.713988E+01        +6.880633E+00
1.483060E+01        -7.686269E+01        +6.855914E+00
1.481728E+01        -7.658668E+01        +6.831310E+00
1.480397E+01        -7.631162E+01        +6.806803E+00
1.479067E+01        -7.603752E+01        +6.782392E+00
1.477739E+01        -7.576459E+01        +6.758095E+00
1.476411E+01        -7.549241E+01        +6.733788E+00
1.475085E+01        -7.522139E+01        +6.709674E+00
1.473760E+01        -7.495134E+01        +6.685578E+00
1.472436E+01        -7.468225E+01        +6.661567E+00
1.471113E+01        -7.441323E+01        +6.637653E+00
1.469792E+01        -7.414615E+01        +6.613854E+00
1.468471E+01        -7.387995E+01        +6.590044E+00
1.467152E+01        -7.361490E+01        +6.566427E+00
1.465834E+01        -7.334993E+01        +6.542918E+00
1.464517E+01        -7.308671E+01        +6.519416E+00
1.463202E+01        -7.282386E+01        +6.496018E+00
1.461887E+01        -7.256256E+01        +6.472699E+00
1.460574E+01        -7.230165E+01        +6.449494E+00
1.459262E+01        -7.204247E+01        +6.426298E+00
1.457951E+01        -7.178349E+01        +6.403275E+00
1.456641E+01        -7.152535E+01        +6.380272E+00
1.455333E+01        -7.126838E+01        +6.357373E+00
1.454026E+01        -7.101238E+01        +6.334570E+00
1.452719E+01        -7.075803E+01        +6.311846E+00
1.451414E+01        -7.050318E+01        +6.289149E+00
1.450111E+01        -7.025015E+01        +6.266643E+00
1.448808E+01        -6.999801E+01        +6.244139E+00
1.447506E+01        -6.974683E+01        +6.221721E+00
1.446206E+01        -6.949593E+01        +6.199329E+00
1.444907E+01        -6.924677E+01        +6.177111E+00
1.443609E+01        -6.899780E+01        +6.154913E+00
1.442312E+01        -6.874969E+01        +6.132801E+00
1.441017E+01        -6.850274E+01        +6.110803E+00
1.439722E+01        -6.825656E+01        +6.088885E+00
1.438429E+01        -6.801155E+01        +6.067081E+00
1.437137E+01        -6.776750E+01        +6.045286E+00
1.435846E+01        -6.752442E+01        +6.023577E+00
1.434556E+01        -6.728143E+01        +6.001965E+00
1.433267E+01        -6.704018E+01        +5.980451E+00
1.431980E+01        -6.679931E+01        +5.958962E+00
1.430693E+01        -6.655911E+01        +5.937542E+00
1.429408E+01        -6.632008E+01        +5.916236E+00
1.428124E+01        -6.608201E+01        +5.895028E+00
1.426841E+01        -6.584491E+01        +5.873917E+00
1.425559E+01        -6.560790E+01        +5.852815E+00
1.424279E+01        -6.537282E+01        +5.831815E+00
1.422999E+01        -6.513775E+01        +5.810897E+00
1.421721E+01        -6.490373E+01        +5.790004E+00
1.420444E+01        -6.467067E+01        +5.769197E+00
1.419168E+01        -6.443859E+01        +5.748488E+00
1.417893E+01        -6.420660E+01        +5.727876E+00
1.416619E+01        -6.397636E+01        +5.707362E+00
1.415347E+01        -6.374649E+01        +5.686873E+00
1.414075E+01        -6.351731E+01        +5.666455E+00
1.412805E+01        -6.328928E+01        +5.646061E+00
1.411536E+01        -6.306222E+01        +5.625842E+00
1.410268E+01        -6.283526E+01        +5.605645E+00
1.409001E+01        -6.261003E+01        +5.585533E+00
1.407735E+01        -6.238502E+01        +5.565519E+00
1.406470E+01        -6.216086E+01        +5.545514E+00
1.405207E+01        -6.193698E+01        +5.525612E+00
1.403945E+01        -6.171484E+01        +5.505807E+00
1.402684E+01        -6.149378E+01        +5.486012E+00
1.401423E+01        -6.127265E+01        +5.466288E+00
1.400165E+01        -6.105273E+01        +5.446692E+00
1.398907E+01        -6.083272E+01        +5.427180E+00
1.397650E+01        -6.061447E+01        +5.407676E+00
1.396395E+01        -6.039659E+01        +5.388275E+00
1.395140E+01        -6.017940E+01        +5.368956E+00
1.393887E+01        -5.996337E+01        +5.349662E+00
1.392635E+01        -5.974831E+01        +5.330454E+00
1.391384E+01        -5.953334E+01        +5.311345E+00
1.390134E+01        -5.932012E+01        +5.292245E+00
1.388885E+01        -5.910712E+01        +5.273232E+00
1.387637E+01        -5.889409E+01        +5.254317E+00
1.386391E+01        -5.868298E+01        +5.235515E+00
1.385145E+01        -5.847191E+01        +5.216708E+00
1.383901E+01        -5.826188E+01        +5.198003E+00
1.382658E+01        -5.805282E+01        +5.179308E+00
1.381416E+01        -5.784386E+01        +5.160699E+00
1.380175E+01        -5.763665E+01        +5.142188E+00
1.378935E+01        -5.742965E+01        +5.123775E+00
1.377696E+01        -5.722352E+01        +5.105373E+00
1.376459E+01        -5.701765E+01        +5.087072E+00
1.375222E+01        -5.681248E+01        +5.068766E+00
1.373987E+01        -5.660846E+01        +5.050562E+00
1.372753E+01        -5.640541E+01        +5.032456E+00
1.371519E+01        -5.620231E+01        +5.014434E+00
1.370287E+01        -5.600111E+01        +4.996436E+00
1.369056E+01        -5.579925E+01        +4.978526E+00
1.367827E+01        -5.559918E+01        +4.960640E+00
1.366598E+01        -5.539917E+01        +4.942826E+00
1.365370E+01        -5.520002E+01        +4.925110E+00
1.364144E+01        -5.500202E+01        +4.907420E+00
1.362918E+01        -5.480484E+01        +4.889801E+00
1.361694E+01        -5.460792E+01        +4.872208E+00
1.360471E+01        -5.441187E+01        +4.854789E+00
1.359249E+01        -5.421592E+01        +4.837305E+00
1.358028E+01        -5.402171E+01        +4.819983E+00
1.356808E+01        -5.382773E+01        +4.802684E+00
1.355589E+01        -5.363374E+01        +4.785471E+00
1.354371E+01        -5.344149E+01        +4.768269E+00
1.353154E+01        -5.324946E+01        +4.751154E+00
1.351939E+01        -5.305846E+01        +4.734064E+00
1.350724E+01        -5.286740E+01        +4.717046E+00
1.349511E+01        -5.267737E+01        +4.700141E+00
1.348299E+01        -5.248832E+01        +4.683334E+00
1.347087E+01        -5.229923E+01        +4.666525E+00
1.345877E+01        -5.211203E+01        +4.649728E+00
1.344668E+01        -5.192506E+01        +4.633018E+00
1.343460E+01        -5.173808E+01        +4.616407E+00
1.342254E+01        -5.155212E+01        +4.599908E+00
1.341048E+01        -5.136699E+01        +4.583318E+00
1.339843E+01        -5.118285E+01        +4.566892E+00
1.338639E+01        -5.099882E+01        +4.550488E+00
1.337437E+01        -5.081581E+01        +4.534184E+00
1.336236E+01        -5.063290E+01        +4.517892E+00
1.335035E+01        -5.045071E+01        +4.501673E+00
1.333836E+01        -5.026966E+01        +4.485566E+00
1.332638E+01        -5.008960E+01        +4.469470E+00
1.331441E+01        -4.990964E+01        +4.453374E+00
1.330244E+01        -4.973041E+01        +4.437438E+00
1.329050E+01        -4.955158E+01        +4.421465E+00
1.327856E+01        -4.937347E+01        +4.405641E+00
1.326663E+01        -4.919635E+01        +4.389840E+00
1.325471E+01        -4.901934E+01        +4.374039E+00
1.324280E+01        -4.884320E+01        +4.358324E+00
1.323091E+01        -4.866820E+01        +4.342721E+00
1.321902E+01        -4.849316E+01        +4.327117E+00
1.320715E+01        -4.831914E+01        +4.311613E+00
1.319528E+01        -4.814508E+01        +4.296107E+00
1.318343E+01        -4.797203E+01        +4.280700E+00
1.317159E+01        -4.779998E+01        +4.265306E+00
1.315975E+01        -4.762789E+01        +4.249985E+00
1.314793E+01        -4.745682E+01        +4.234776E+00
1.313612E+01        -4.728674E+01        +4.219579E+00
1.312432E+01        -4.711677E+01        +4.204381E+00
1.311253E+01        -4.694767E+01        +4.189357E+00
1.310075E+01        -4.677868E+01        +4.174270E+00
1.308898E+01        -4.661057E+01        +4.159345E+00
1.307723E+01        -4.644358E+01        +4.144369E+00
1.306548E+01        -4.627657E+01        +4.129543E+00
1.305374E+01        -4.611043E+01        +4.114740E+00
1.304201E+01        -4.594441E+01        +4.099937E+00
1.303030E+01        -4.577939E+01        +4.085234E+00
1.301859E+01        -4.561523E+01        +4.070529E+00
1.300690E+01        -4.545132E+01        +4.055924E+00
1.299521E+01        -4.528814E+01        +4.041406E+00
1.298354E+01        -4.512522E+01        +4.026912E+00
1.297188E+01        -4.496317E+01        +4.012418E+00
1.296022E+01        -4.480109E+01        +3.997998E+00
1.294858E+01        -4.464090E+01        +3.983690E+00
1.293695E+01        -4.448008E+01        +3.969394E+00
1.292533E+01        -4.432087E+01        +3.955097E+00
1.291372E+01        -4.416104E+01        +3.940974E+00
1.290212E+01        -4.400282E+01        +3.926789E+00
1.289053E+01        -4.384485E+01        +3.912678E+00
1.287895E+01        -4.368687E+01        +3.898667E+00
1.286738E+01        -4.352976E+01        +3.884667E+00
1.285582E+01        -4.337364E+01        +3.870755E+00
1.284427E+01        -4.321765E+01        +3.856855E+00
1.283273E+01        -4.306252E+01        +3.842954E+00
1.282120E+01        -4.290752E+01        +3.829140E+00
1.280969E+01        -4.275352E+01        +3.815438E+00
1.279818E+01        -4.260038E+01        +3.801736E+00
1.278668E+01        -4.244736E+01        +3.788121E+00
1.277520E+01        -4.229447E+01        +3.774530E+00
1.276372E+01        -4.214232E+01        +3.761014E+00
1.275225E+01        -4.199116E+01        +3.747510E+00
1.274080E+01        -4.184026E+01        +3.734018E+00
1.272935E+01        -4.169009E+01        +3.720601E+00
1.271792E+01        -4.154018E+01        +3.707296E+00
1.270649E+01        -4.139101E+01        +3.693991E+00
1.269508E+01        -4.124209E+01        +3.680697E+00
1.268367E+01        -4.109391E+01        +3.667479E+00
1.267228E+01        -4.094686E+01        +3.654285E+00
1.266090E+01        -4.079906E+01        +3.641178E+00
1.264952E+01        -4.065274E+01        +3.628159E+00
1.263816E+01        -4.050681E+01        +3.615164E+00
1.262681E+01        -4.036087E+01        +3.602169E+00
1.261546E+01        -4.021654E+01        +3.589249E+00
1.260413E+01        -4.007173E+01        +3.576353E+00
1.259281E+01        -3.992766E+01        +3.563545E+00
1.258150E+01        -3.978458E+01        +3.550748E+00
1.257019E+01        -3.964150E+01        +3.537941E+00
1.255890E+01        -3.949942E+01        +3.525232E+00
1.254762E+01        -3.935747E+01        +3.512622E+00
1.253635E+01        -3.921551E+01        +3.500025E+00
1.252509E+01        -3.907443E+01        +3.487428E+00
1.251384E+01        -3.893434E+01        +3.474918E+00
1.250259E+01        -3.879426E+01        +3.462497E+00
1.249136E+01        -3.865517E+01        +3.450013E+00
1.248014E+01        -3.851620E+01        +3.437602E+00
1.246893E+01        -3.837811E+01        +3.425292E+00
1.245773E+01        -3.824015E+01        +3.412994E+00
1.244654E+01        -3.810305E+01        +3.400783E+00
1.243536E+01        -3.796608E+01        +3.388586E+00
1.242419E+01        -3.782912E+01        +3.376388E+00
1.241303E+01        -3.769302E+01        +3.364277E+00
1.240188E+01        -3.755792E+01        +3.352179E+00
1.239073E+01        -3.742283E+01        +3.340157E+00
1.237960E+01        -3.728873E+01        +3.328159E+00
1.236848E+01        -3.715476E+01        +3.316248E+00
1.235737E+01        -3.702080E+01        +3.304350E+00
1.234627E+01        -3.688770E+01        +3.292453E+00
1.233518E+01        -3.675560E+01        +3.280642E+00
1.232410E+01        -3.662363E+01        +3.268844E+00
1.231303E+01        -3.649166E+01        +3.257133E+00
1.230197E+01        -3.636057E+01        +3.245435E+00
1.229092E+01        -3.623047E+01        +3.233824E+00
1.227988E+01        -3.609963E+01        +3.222226E+00
1.226884E+01        -3.597029E+01        +3.210618E+00
1.225782E+01        -3.584133E+01        +3.199108E+00
1.224681E+01        -3.571236E+01        +3.187610E+00
1.223581E+01        -3.558427E+01        +3.176200E+00
1.222482E+01        -3.545631E+01        +3.164803E+00
1.221384E+01        -3.532835E+01        +3.153406E+00
1.220286E+01        -3.520202E+01        +3.142085E+00
1.219190E+01        -3.507519E+01        +3.130875E+00
1.218095E+01        -3.494911E+01        +3.119592E+00
1.217001E+01        -3.482402E+01        +3.108382E+00
1.215908E+01        -3.469907E+01        +3.097273E+00
1.214815E+01        -3.457401E+01        +3.086166E+00
1.213724E+01        -3.444993E+01        +3.075070E+00
1.212634E+01        -3.432598E+01        +3.064061E+00
1.211544E+01        -3.420280E+01        +3.053056E+00
1.210456E+01        -3.407986E+01        +3.042060E+00
1.209369E+01        -3.395692E+01        +3.031152E+00
1.208282E+01        -3.383561E+01        +3.020247E+00
1.207197E+01        -3.371381E+01        +3.009439E+00
1.206112E+01        -3.359263E+01        +2.998634E+00
1.205029E+01        -3.347170E+01        +2.987840E+00
1.203946E+01        -3.335153E+01        +2.977123E+00
1.202865E+01        -3.323161E+01        +2.966429E+00
1.201784E+01        -3.311245E+01        +2.955812E+00
1.200705E+01        -3.299353E+01        +2.945219E+00
1.199626E+01        -3.287451E+01        +2.934616E+00
1.198549E+01        -3.275647E+01        +2.924110E+00
1.197472E+01        -3.263932E+01        +2.913608E+00
1.196396E+01        -3.252144E+01        +2.903107E+00
1.195321E+01        -3.240516E+01        +2.892692E+00
1.194248E+01        -3.228840E+01        +2.882300E+00
1.193175E+01        -3.217227E+01        +2.871986E+00
1.192103E+01        -3.205713E+01        +2.861686E+00
1.191032E+01        -3.194128E+01        +2.851385E+00
1.189962E+01        -3.182702E+01        +2.841172E+00
1.188893E+01        -3.171217E+01        +2.830973E+00
1.187825E+01        -3.159805E+01        +2.820861E+00
1.186758E+01        -3.148494E+01        +2.810675E+00
1.185692E+01        -3.137197E+01        +2.800564E+00
1.184627E+01        -3.125900E+01        +2.790552E+00
1.183563E+01        -3.114690E+01        +2.780555E+00
1.182500E+01        -3.103494E+01        +2.770558E+00
1.181437E+01        -3.092375E+01        +2.760639E+00
1.180376E+01        -3.081280E+01        +2.750742E+00
1.179316E+01        -3.070186E+01        +2.740847E+00
1.178256E+01        -3.059168E+01        +2.731028E+00
1.177198E+01        -3.048174E+01        +2.721234E+00
1.176140E+01        -3.037171E+01        +2.711430E+00
1.175084E+01        -3.026265E+01        +2.701722E+00
1.174028E+01        -3.015362E+01        +2.692019E+00
1.172974E+01        -3.004557E+01        +2.682326E+00
1.171920E+01        -2.993756E+01        +2.672711E+00
1.170867E+01        -2.983042E+01        +2.663110E+00
1.169815E+01        -2.972255E+01        +2.653595E+00
1.168764E+01        -2.961628E+01        +2.644009E+00
1.167714E+01        -2.950943E+01        +2.634495E+00
1.166665E+01        -2.940331E+01        +2.625082E+00
1.165617E+01        -2.929819E+01        +2.615684E+00
1.164570E+01        -2.919236E+01        +2.606285E+00
1.163524E+01        -2.908812E+01        +2.596974E+00
1.162479E+01        -2.898329E+01        +2.587590E+00
1.161435E+01        -2.887920E+01        +2.578280E+00
1.160391E+01        -2.877515E+01        +2.569061E+00
1.159349E+01        -2.867207E+01        +2.559866E+00
1.158308E+01        -2.856914E+01        +2.550671E+00
1.157267E+01        -2.846611E+01        +2.541468E+00
1.156227E+01        -2.836395E+01        +2.532351E+00
1.155189E+01        -2.826203E+01        +2.523258E+00
1.154151E+01        -2.816088E+01        +2.514242E+00
1.153114E+01        -2.805902E+01        +2.505242E+00
1.152078E+01        -2.795788E+01        +2.496241E+00
1.151043E+01        -2.785776E+01        +2.487242E+00
1.150009E+01        -2.775777E+01        +2.478329E+00
1.148976E+01        -2.765780E+01        +2.469430E+00
1.147944E+01        -2.755869E+01        +2.460618E+00
1.146913E+01        -2.745973E+01        +2.451735E+00
1.145883E+01        -2.736077E+01        +2.442924E+00
1.144853E+01        -2.726259E+01        +2.434206E+00
1.143825E+01        -2.716465E+01        +2.425425E+00
1.142797E+01        -2.706748E+01        +2.416707E+00
1.141771E+01        -2.696969E+01        +2.408013E+00
1.140745E+01        -2.687254E+01        +2.399397E+00
1.139720E+01        -2.677640E+01        +2.390796E+00
1.138697E+01        -2.668049E+01        +2.382204E+00
1.137674E+01        -2.658450E+01        +2.373690E+00
1.136652E+01        -2.648851E+01        +2.365191E+00
1.135631E+01        -2.639340E+01        +2.356692E+00
1.134610E+01        -2.629833E+01        +2.348186E+00
1.133591E+01        -2.620423E+01        +2.339775E+00
1.132573E+01        -2.611028E+01        +2.331379E+00
1.131555E+01        -2.601624E+01        +2.322974E+00
1.130539E+01        -2.592230E+01        +2.314665E+00
1.129523E+01        -2.582914E+01        +2.306363E+00
1.128509E+01        -2.573708E+01        +2.298069E+00
1.127495E+01        -2.564421E+01        +2.289854E+00
1.126482E+01        -2.555208E+01        +2.281653E+00
1.125470E+01        -2.546009E+01        +2.273454E+00
1.124459E+01        -2.536896E+01        +2.265255E+00
1.123449E+01        -2.527799E+01        +2.257142E+00
1.122440E+01        -2.518703E+01        +2.249045E+00
1.121432E+01        -2.509607E+01        +2.240948E+00
1.120424E+01        -2.500589E+01        +2.232930E+00
1.119418E+01        -2.491595E+01        +2.224935E+00
1.118412E+01        -2.482679E+01        +2.216932E+00
1.117407E+01        -2.473778E+01        +2.208931E+00
1.116404E+01        -2.464886E+01        +2.201024E+00
1.115401E+01        -2.455987E+01        +2.193123E+00
1.114399E+01        -2.447174E+01        +2.185224E+00
1.113398E+01        -2.438376E+01        +2.177411E+00
1.112397E+01        -2.429571E+01        +2.169606E+00
1.111398E+01        -2.420860E+01        +2.161809E+00
1.110400E+01        -2.412165E+01        +2.154098E+00
1.109402E+01        -2.403462E+01        +2.146309E+00
1.108406E+01        -2.394855E+01        +2.138600E+00
1.107410E+01        -2.386254E+01        +2.130899E+00
1.106415E+01        -2.377654E+01        +2.123284E+00
1.105421E+01        -2.369140E+01        +2.115684E+00
1.104428E+01        -2.360642E+01        +2.108085E+00
1.103436E+01        -2.352144E+01        +2.100486E+00
1.102445E+01        -2.343734E+01        +2.092975E+00
1.101455E+01        -2.335252E+01        +2.085478E+00
1.100465E+01        -2.326921E+01        +2.077975E+00
1.099477E+01        -2.318541E+01        +2.070480E+00
1.098489E+01        -2.310226E+01        +2.063064E+00
1.097502E+01        -2.301925E+01        +2.055663E+00
1.096516E+01        -2.293626E+01        +2.048348E+00
1.095531E+01        -2.285413E+01        +2.040964E+00
1.094547E+01        -2.277130E+01        +2.033651E+00
1.093564E+01        -2.269005E+01        +2.026354E+00
1.092581E+01        -2.260816E+01        +2.019050E+00
1.091600E+01        -2.252707E+01        +2.011840E+00
1.090619E+01        -2.244605E+01        +2.004637E+00
1.089640E+01        -2.236512E+01        +1.997443E+00
1.088661E+01        -2.228498E+01        +1.990243E+00
1.087683E+01        -2.220499E+01        +1.983129E+00
1.086706E+01        -2.212501E+01        +1.975945E+00
1.085729E+01        -2.204582E+01        +1.968825E+00
1.084754E+01        -2.196600E+01        +1.961814E+00
1.083780E+01        -2.188691E+01        +1.954732E+00
1.082806E+01        -2.180875E+01        +1.947715E+00
1.081833E+01        -2.172988E+01        +1.940714E+00
1.080862E+01        -2.165182E+01        +1.933806E+00
1.079891E+01        -2.157468E+01        +1.926821E+00
1.078921E+01        -2.149685E+01        +1.919908E+00
1.077951E+01        -2.141965E+01        +1.913003E+00
1.076983E+01        -2.134269E+01        +1.906191E+00
1.076016E+01        -2.126575E+01        +1.899310E+00
1.075049E+01        -2.118958E+01        +1.892493E+00
1.074083E+01        -2.111358E+01        +1.885692E+00
1.073118E+01        -2.103758E+01        +1.878977E+00
1.072154E+01        -2.096159E+01        +1.872192E+00
1.071191E+01        -2.088647E+01        +1.865479E+00
1.070229E+01        -2.081151E+01        +1.858782E+00
1.069268E+01        -2.073655E+01        +1.852085E+00
1.068307E+01        -2.066238E+01        +1.845468E+00
1.067347E+01        -2.058752E+01        +1.838867E+00
1.066389E+01        -2.051345E+01        +1.832273E+00
1.065431E+01        -2.044031E+01        +1.825673E+00
1.064473E+01        -2.036640E+01        +1.819153E+00
1.063517E+01        -2.029329E+01        +1.812570E+00
1.062562E+01        -2.022033E+01        +1.806058E+00
1.061607E+01        -2.014731E+01        +1.799641E+00
1.060654E+01        -2.007522E+01        +1.793161E+00
1.059701E+01        -2.000322E+01        +1.786745E+00
1.058749E+01        -1.993123E+01        +1.780260E+00
1.057798E+01        -1.985925E+01        +1.773932E+00
1.056848E+01        -1.978813E+01        +1.767549E+00
1.055898E+01        -1.971710E+01        +1.761231E+00
1.054950E+01        -1.964615E+01        +1.754850E+00
1.054002E+01        -1.957599E+01        +1.748533E+00
1.053055E+01        -1.950514E+01        +1.742318E+00
1.052109E+01        -1.943501E+01        +1.736033E+00
1.051164E+01        -1.936503E+01        +1.729820E+00
1.050220E+01        -1.929591E+01        +1.723622E+00
1.049276E+01        -1.922603E+01        +1.717419E+00
1.048334E+01        -1.915694E+01        +1.711224E+00
1.047392E+01        -1.908793E+01        +1.705108E+00
1.046451E+01        -1.901979E+01        +1.699008E+00
1.045511E+01        -1.895181E+01        +1.692909E+00
1.044572E+01        -1.888383E+01        +1.686810E+00
1.043634E+01        -1.881587E+01        +1.680798E+00
1.042696E+01        -1.874785E+01        +1.674711E+00
1.041759E+01        -1.868069E+01        +1.668694E+00
1.040824E+01        -1.861376E+01        +1.662700E+00
1.039889E+01        -1.854677E+01        +1.656786E+00
1.038954E+01        -1.847972E+01        +1.650796E+00
1.038021E+01        -1.841361E+01        +1.644884E+00
1.037089E+01        -1.834681E+01        +1.638987E+00
1.036157E+01        -1.828149E+01        +1.633085E+00
1.035226E+01        -1.821564E+01        +1.627185E+00
1.034296E+01        -1.814965E+01        +1.621370E+00
1.033367E+01        -1.808452E+01        +1.615571E+00
1.032439E+01        -1.801955E+01        +1.609774E+00
1.031511E+01        -1.795453E+01        +1.603971E+00
1.030585E+01        -1.789043E+01        +1.598260E+00
1.029659E+01        -1.782643E+01        +1.592475E+00
1.028734E+01        -1.776244E+01        +1.586760E+00
1.027810E+01        -1.769846E+01        +1.581061E+00
1.026887E+01        -1.763449E+01        +1.575449E+00
1.025964E+01        -1.757132E+01        +1.569761E+00
1.025042E+01        -1.750831E+01        +1.564144E+00
1.024122E+01        -1.744537E+01        +1.558550E+00
1.023202E+01        -1.738238E+01        +1.552950E+00
1.022283E+01        -1.732026E+01        +1.547352E+00
1.021364E+01        -1.725737E+01        +1.541833E+00
1.020447E+01        -1.719527E+01        +1.536252E+00
1.019530E+01        -1.713411E+01        +1.530735E+00
1.018614E+01        -1.707226E+01        +1.525235E+00
1.017699E+01        -1.701112E+01        +1.519736E+00
1.016785E+01        -1.695015E+01        +1.514322E+00
1.015871E+01        -1.688912E+01        +1.508835E+00
1.014959E+01        -1.682817E+01        +1.503423E+00
1.014047E+01        -1.676802E+01        +1.498022E+00
1.013136E+01        -1.670717E+01        +1.492707E+00
1.012226E+01        -1.664704E+01        +1.487324E+00
1.011317E+01        -1.658707E+01        +1.482011E+00
1.010408E+01        -1.652790E+01        +1.476708E+00
1.009501E+01        -1.646811E+01        +1.471413E+00
1.008594E+01        -1.640895E+01        +1.466112E+00
1.007688E+01        -1.634997E+01        +1.460813E+00
1.006783E+01        -1.629099E+01        +1.455600E+00
1.005878E+01        -1.623281E+01        +1.450397E+00
1.004975E+01        -1.617486E+01        +1.445201E+00
1.004072E+01        -1.611602E+01        +1.440000E+00
1.003170E+01        -1.605872E+01        +1.434800E+00
1.002269E+01        -1.600089E+01        +1.429686E+00
1.001368E+01        -1.594286E+01        +1.424499E+00
1.000469E+01        -1.588576E+01        +1.419387E+00
9.995700E+00        -1.582875E+01        +1.414286E+00
9.986721E+00        -1.577176E+01        +1.409186E+00
9.977749E+00        -1.571477E+01        +1.404171E+00
9.968786E+00        -1.565863E+01        +1.399087E+00
9.959831E+00        -1.560264E+01        +1.394072E+00
9.950884E+00        -1.554665E+01        +1.389073E+00
9.941945E+00        -1.549066E+01        +1.384158E+00
9.933014E+00        -1.543467E+01        +1.379174E+00
9.924091E+00        -1.537953E+01        +1.374174E+00
9.915176E+00        -1.532369E+01        +1.369259E+00
9.906269E+00        -1.526855E+01        +1.364360E+00
9.897370E+00        -1.521356E+01        +1.359460E+00
9.888479E+00        -1.515942E+01        +1.354561E+00
9.879596E+00        -1.510458E+01        +1.349746E+00
9.870721E+00        -1.505044E+01        +1.344862E+00
9.861854E+00        -1.499645E+01        +1.340047E+00
9.852995E+00        -1.494246E+01        +1.335247E+00
9.844144E+00        -1.488847E+01        +1.330448E+00
9.835301E+00        -1.483533E+01        +1.325648E+00
9.826466E+00        -1.478234E+01        +1.320933E+00
9.817638E+00        -1.472850E+01        +1.316149E+00
9.808819E+00        -1.467536E+01        +1.311434E+00
9.800008E+00        -1.462322E+01        +1.306735E+00
9.791204E+00        -1.457038E+01        +1.302035E+00
9.782408E+00        -1.451823E+01        +1.297335E+00
9.773621E+00        -1.446625E+01        +1.292720E+00
9.764841E+00        -1.441425E+01        +1.288036E+00
9.756069E+00        -1.436226E+01        +1.283421E+00
9.747305E+00        -1.431028E+01        +1.278822E+00
9.738549E+00        -1.425913E+01        +1.274222E+00
9.729801E+00        -1.420814E+01        +1.269707E+00
9.721060E+00        -1.415715E+01        +1.265123E+00
9.712327E+00        -1.410616E+01        +1.260607E+00
9.703603E+00        -1.405517E+01        +1.256024E+00
9.694886E+00        -1.400418E+01        +1.251509E+00
9.686177E+00        -1.395403E+01        +1.247009E+00
9.677476E+00        -1.390405E+01        +1.242594E+00
9.668782E+00        -1.385405E+01        +1.238110E+00
9.660096E+00        -1.380406E+01        +1.233694E+00
9.651419E+00        -1.375408E+01        +1.229211E+00
9.642749E+00        -1.370493E+01        +1.224796E+00
9.634086E+00        -1.365593E+01        +1.220396E+00
9.625432E+00        -1.360695E+01        +1.216081E+00
9.616785E+00        -1.355795E+01        +1.211697E+00
9.608146E+00        -1.350896E+01        +1.207381E+00
9.599515E+00        -1.346082E+01        +1.202998E+00
9.590892E+00        -1.341199E+01        +1.198682E+00
9.582276E+00        -1.336384E+01        +1.194383E+00
9.573668E+00        -1.331585E+01        +1.190083E+00
9.565068E+00        -1.326786E+01        +1.185783E+00
9.556476E+00        -1.321987E+01        +1.181568E+00
9.547891E+00        -1.317272E+01        +1.177284E+00
9.539314E+00        -1.312573E+01        +1.173069E+00
9.530745E+00        -1.307790E+01        +1.168870E+00
9.522183E+00        -1.303075E+01        +1.164670E+00
9.513629E+00        -1.298460E+01        +1.160470E+00
9.505083E+00        -1.293777E+01        +1.156355E+00
9.496544E+00        -1.289077E+01        +1.152171E+00
9.488013E+00        -1.284462E+01        +1.148055E+00
9.479490E+00        -1.279864E+01        +1.143956E+00
9.470974E+00        -1.275264E+01        +1.139856E+00
9.462467E+00        -1.270666E+01        +1.135757E+00
9.453966E+00        -1.266066E+01        +1.131657E+00
9.445474E+00        -1.261552E+01        +1.127558E+00
9.436989E+00        -1.257052E+01        +1.123542E+00
9.428511E+00        -1.252469E+01        +1.119542E+00
9.420041E+00        -1.247954E+01        +1.115542E+00
9.411579E+00        -1.243539E+01        +1.111459E+00
9.403125E+00        -1.239056E+01        +1.107528E+00
9.394678E+00        -1.234557E+01        +1.103544E+00
9.386238E+00        -1.230142E+01        +1.099544E+00
9.377807E+00        -1.225743E+01        +1.095629E+00
9.369382E+00        -1.221344E+01        +1.091729E+00
9.360966E+00        -1.216945E+01        +1.087746E+00
9.352556E+00        -1.212545E+01        +1.083829E+00
9.344155E+00        -1.208146E+01        +1.080014E+00
9.335761E+00        -1.203831E+01        +1.076130E+00
9.327374E+00        -1.199532E+01        +1.072231E+00
9.318996E+00        -1.195233E+01        +1.068415E+00
9.310624E+00        -1.190934E+01        +1.064532E+00
9.302260E+00        -1.186635E+01        +1.060716E+00
9.293904E+00        -1.182336E+01        +1.056916E+00
9.285555E+00        -1.178120E+01        +1.053117E+00
9.277214E+00        -1.173838E+01        +1.049317E+00
9.268880E+00        -1.169622E+01        +1.045601E+00
9.260553E+00        -1.165423E+01        +1.041818E+00
9.252235E+00        -1.161224E+01        +1.038102E+00
9.243923E+00        -1.157025E+01        +1.034402E+00
9.235619E+00        -1.152909E+01        +1.030619E+00
9.227323E+00        -1.148727E+01        +1.026987E+00
9.219034E+00        -1.144611E+01        +1.023303E+00
9.210752E+00        -1.140512E+01        +1.019604E+00
9.202478E+00        -1.136413E+01        +1.015904E+00
9.194211E+00        -1.132314E+01        +1.012288E+00
9.185952E+00        -1.128215E+01        +1.008689E+00
9.177700E+00        -1.124199E+01        +1.005005E+00
9.169455E+00        -1.120116E+01        +1.001389E+00
9.161218E+00        -1.116101E+01        +9.978228E-01
9.152989E+00        -1.112102E+01        +9.942467E-01
9.144766E+00        -1.108103E+01        +9.906751E-01
9.136551E+00        -1.104103E+01        +9.871222E-01
9.128344E+00        -1.100188E+01        +9.835727E-01
9.120144E+00        -1.096205E+01        +9.800482E-01
9.111951E+00        -1.092290E+01        +9.765285E-01
9.103766E+00        -1.088307E+01        +9.730257E-01
9.095588E+00        -1.084392E+01        +9.695261E-01
9.087417E+00        -1.080492E+01        +9.660430E-01
9.079254E+00        -1.076593E+01        +9.625802E-01
9.071097E+00        -1.072777E+01        +9.591285E-01
9.062949E+00        -1.068895E+01        +9.556792E-01
9.054807E+00        -1.065079E+01        +9.522543E-01
9.046673E+00        -1.061196E+01        +9.488347E-01
9.038547E+00        -1.057381E+01        +9.454237E-01
9.030427E+00        -1.053582E+01        +9.420305E-01
9.022315E+00        -1.049866E+01        +9.386493E-01
9.014210E+00        -1.046083E+01        +9.352779E-01
9.006112E+00        -1.042284E+01        +9.319248E-01
8.998022E+00        -1.038568E+01        +9.285752E-01
8.989939E+00        -1.034786E+01        +9.252423E-01
8.981863E+00        -1.031070E+01        +9.219209E-01
8.973795E+00        -1.027371E+01        +9.186181E-01
8.965733E+00        -1.023672E+01        +9.153182E-01
8.957679E+00        -1.019972E+01        +9.120269E-01
8.949632E+00        -1.016357E+01        +9.087538E-01
8.941593E+00        -1.012674E+01        +9.054927E-01
8.933560E+00        -1.009058E+01        +9.022411E-01
8.925535E+00        -1.005376E+01        +8.990082E-01
8.917517E+00        -1.001760E+01        +8.957785E-01
8.909507E+00        -9.981859E+00        +8.925657E-01
8.901503E+00        -9.945998E+00        +8.893559E-01
8.893507E+00        -9.910274E+00        +8.861630E-01
8.885518E+00        -9.874583E+00        +8.829817E-01
8.877536E+00        -9.839058E+00        +8.798104E-01
8.869561E+00        -9.803731E+00        +8.766573E-01
8.861593E+00        -9.768438E+00        +8.735075E-01
8.853633E+00        -9.733314E+00        +8.703746E-01
8.845679E+00        -9.698303E+00        +8.672530E-01
8.837733E+00        -9.663478E+00        +8.641334E-01
8.829794E+00        -9.628686E+00        +8.610304E-01
8.821862E+00        -9.594060E+00        +8.579390E-01
8.813937E+00        -9.559550E+00        +8.548659E-01
8.806019E+00        -9.525140E+00        +8.517961E-01
8.798109E+00        -9.490916E+00        +8.487349E-01
8.790205E+00        -9.456805E+00        +8.456917E-01
8.782309E+00        -9.422797E+00        +8.426521E-01
8.774420E+00        -9.388889E+00        +8.396291E-01
8.766537E+00        -9.355077E+00        +8.366175E-01
8.758662E+00        -9.321451E+00        +8.336078E-01
8.750794E+00        -9.287942E+00        +8.306147E-01
8.742933E+00        -9.254533E+00        +8.276333E-01
8.735079E+00        -9.221223E+00        +8.246702E-01
8.727233E+00        -9.188100E+00        +8.217109E-01
8.719393E+00        -9.155007E+00        +8.187594E-01
8.711560E+00        -9.122080E+00        +8.158179E-01
8.703734E+00        -9.089269E+00        +8.128864E-01
8.695916E+00        -9.056646E+00        +8.099736E-01
8.688104E+00        -9.024052E+00        +8.070637E-01
8.680299E+00        -8.991624E+00        +8.041622E-01
8.672502E+00        -8.959234E+00        +8.012793E-01
8.664711E+00        -8.927006E+00        +7.983995E-01
8.656927E+00        -8.894895E+00        +7.955363E-01
8.649151E+00        -8.862971E+00        +7.926768E-01
8.641381E+00        -8.831077E+00        +7.898335E-01
8.633618E+00        -8.799266E+00        +7.870020E-01
8.625862E+00        -8.767638E+00        +7.841722E-01
8.618114E+00        -8.736131E+00        +7.813593E-01
8.610372E+00        -8.704720E+00        +7.785578E-01
8.602637E+00        -8.673410E+00        +7.757580E-01
8.594909E+00        -8.642200E+00        +7.729749E-01
8.587188E+00        -8.611090E+00        +7.701951E-01
8.579474E+00        -8.580163E+00        +7.674320E-01
8.571767E+00        -8.549270E+00        +7.646806E-01
8.564067E+00        -8.518544E+00        +7.619309E-01
8.556374E+00        -8.487852E+00        +7.591978E-01
8.548687E+00        -8.457322E+00        +7.564762E-01
8.541008E+00        -8.426913E+00        +7.537566E-01
8.533336E+00        -8.396605E+00        +7.510536E-01
8.525670E+00        -8.366394E+00        +7.483537E-01
8.518011E+00        -8.336283E+00        +7.456705E-01
8.510359E+00        -8.306355E+00        +7.429907E-01
8.502714E+00        -8.276462E+00        +7.403275E-01
8.495076E+00        -8.246735E+00        +7.376678E-01
8.487445E+00        -8.217043E+00        +7.350165E-01
8.479821E+00        -8.187434E+00        +7.323834E-01
8.472203E+00        -8.158005E+00        +7.297535E-01
8.464592E+00        -8.128693E+00        +7.271320E-01
8.456988E+00        -8.099483E+00        +7.245205E-01
8.449391E+00        -8.070290E+00        +7.219190E-01
8.441801E+00        -8.041263E+00        +7.193276E-01
8.434218E+00        -8.012354E+00        +7.167463E-01
8.426641E+00        -7.983542E+00        +7.141747E-01
8.419071E+00        -7.954830E+00        +7.116131E-01
8.411508E+00        -7.926220E+00        +7.090534E-01
8.403952E+00        -7.897710E+00        +7.065102E-01
8.396403E+00        -7.869301E+00        +7.039706E-01
8.388860E+00        -7.840989E+00        +7.014473E-01
8.381324E+00        -7.812778E+00        +6.989275E-01
8.373795E+00        -7.784667E+00        +6.964160E-01
8.366273E+00        -7.756658E+00        +6.939147E-01
8.358757E+00        -7.728745E+00        +6.914230E-01
8.351248E+00        -7.700934E+00        +6.889415E-01
8.343746E+00        -7.673223E+00        +6.864700E-01
8.336251E+00        -7.645614E+00        +6.840086E-01
8.328763E+00        -7.618188E+00        +6.815490E-01
8.321281E+00        -7.590794E+00        +6.791057E-01
8.313806E+00        -7.563483E+00        +6.766660E-01
8.306337E+00        -7.536270E+00        +6.742343E-01
8.298875E+00        -7.509158E+00        +6.718127E-01
8.291420E+00        -7.482147E+00        +6.694012E-01
8.283972E+00        -7.455237E+00        +6.669998E-01
8.276530E+00        -7.428425E+00        +6.646082E-01
8.269095E+00        -7.401631E+00        +6.622184E-01
8.261667E+00        -7.375004E+00        +6.598452E-01
8.254246E+00        -7.348495E+00        +6.574757E-01
8.246831E+00        -7.322083E+00        +6.551141E-01
8.239422E+00        -7.295770E+00        +6.527624E-01
8.232021E+00        -7.269478E+00        +6.504210E-01
8.224626E+00        -7.243349E+00        +6.480895E-01
8.217238E+00        -7.217257E+00        +6.457598E-01
8.209856E+00        -7.191327E+00        +6.434382E-01
8.202481E+00        -7.165433E+00        +6.411267E-01
8.195112E+00        -7.139702E+00        +6.388250E-01
8.187751E+00        -7.114011E+00        +6.365337E-01
8.180395E+00        -7.088397E+00        +6.342519E-01
8.173047E+00        -7.062888E+00        +6.319723E-01
8.165705E+00        -7.037476E+00        +6.297008E-01
8.158370E+00        -7.012166E+00        +6.274393E-01
8.151041E+00        -6.986954E+00        +6.251877E-01
8.143719E+00        -6.961843E+00        +6.229463E-01
8.136403E+00        -6.936748E+00        +6.207064E-01
8.129094E+00        -6.911819E+00        +6.184831E-01
8.121791E+00        -6.886923E+00        +6.162631E-01
8.114495E+00        -6.862194E+00        +6.140516E-01
8.107206E+00        -6.837501E+00        +6.118419E-01
8.099923E+00        -6.812889E+00        +6.096485E-01
8.092647E+00        -6.788378E+00        +6.074588E-01
8.085377E+00        -6.763966E+00        +6.052772E-01
8.078114E+00        -6.739655E+00        +6.031057E-01
8.070857E+00        -6.715360E+00        +6.009441E-01
8.063607E+00        -6.691231E+00        +5.987843E-01
8.056363E+00        -6.667136E+00        +5.966327E-01
8.049126E+00        -6.643124E+00        +5.944911E-01
8.041896E+00        -6.619215E+00        +5.923598E-01
8.034671E+00        -6.595400E+00        +5.902297E-01
8.027454E+00        -6.571691E+00        +5.881084E-01
8.020243E+00        -6.548079E+00        +5.859968E-01
8.013038E+00        -6.524484E+00        +5.838952E-01
8.005840E+00        -6.501055E+00        +5.818037E-01
7.998648E+00        -6.477660E+00        +5.797138E-01
7.991462E+00        -6.454346E+00        +5.776320E-01
7.984284E+00        -6.431137E+00        +5.755607E-01
7.977111E+00        -6.407941E+00        +5.734907E-01
7.969945E+00        -6.384911E+00        +5.714291E-01
7.962786E+00        -6.361918E+00        +5.693777E-01
7.955633E+00        -6.339088E+00        +5.673362E-01
7.948486E+00        -6.316211E+00        +5.652963E-01
7.941346E+00        -6.293482E+00        +5.632647E-01
7.934212E+00        -6.270869E+00        +5.612431E-01
7.927084E+00        -6.248273E+00        +5.592313E-01
7.919963E+00        -6.225843E+00        +5.572215E-01
7.912849E+00        -6.203450E+00        +5.552201E-01
7.905741E+00        -6.181139E+00        +5.532286E-01
7.898639E+00        -6.158844E+00        +5.512469E-01
7.891543E+00        -6.136712E+00        +5.492670E-01
7.884454E+00        -6.114618E+00        +5.472954E-01
7.877371E+00        -6.092605E+00        +5.453255E-01
7.870295E+00        -6.070693E+00        +5.433722E-01
7.863225E+00        -6.048881E+00        +5.414224E-01
7.856161E+00        -6.027086E+00        +5.394725E-01
7.849104E+00        -6.005374E+00        +5.375392E-01
7.842053E+00        -5.983761E+00        +5.356094E-01
7.835008E+00        -5.962248E+00        +5.336877E-01
7.827970E+00        -5.940836E+00        +5.317679E-01
7.820938E+00        -5.919442E+00        +5.298645E-01
7.813912E+00        -5.898128E+00        +5.279564E-01
7.806893E+00        -5.876916E+00        +5.260631E-01
7.799880E+00        -5.855804E+00        +5.241733E-01
7.792873E+00        -5.834709E+00        +5.222916E-01
7.785873E+00        -5.813697E+00        +5.204201E-01
7.778879E+00        -5.792785E+00        +5.185503E-01
7.771891E+00        -5.771972E+00        +5.166886E-01
7.764909E+00        -5.751176E+00        +5.148369E-01
7.757934E+00        -5.730464E+00        +5.129872E-01
7.750965E+00        -5.709852E+00        +5.111456E-01
7.744002E+00        -5.689338E+00        +5.093057E-01
7.737045E+00        -5.668842E+00        +5.074821E-01
7.730095E+00        -5.648430E+00        +5.056624E-01
7.723151E+00        -5.628118E+00        +5.038426E-01
7.716213E+00        -5.607823E+00        +5.020309E-01
7.709282E+00        -5.587693E+00        +5.002294E-01
7.702356E+00        -5.567597E+00        +4.984376E-01
7.695437E+00        -5.547584E+00        +4.966478E-01
7.688524E+00        -5.527589E+00        +4.948661E-01
7.681617E+00        -5.507675E+00        +4.930862E-01
7.674717E+00        -5.487864E+00        +4.913147E-01
7.667823E+00        -5.468151E+00        +4.895531E-01
7.660934E+00        -5.448454E+00        +4.877931E-01
7.654052E+00        -5.428841E+00        +4.860414E-01
7.647177E+00        -5.409330E+00        +4.842999E-01
7.640307E+00        -5.389834E+00        +4.825600E-01
7.633444E+00        -5.370422E+00        +4.808284E-01
7.626586E+00        -5.351106E+00        +4.790984E-01
7.619735E+00        -5.331812E+00        +4.773768E-01
7.612890E+00        -5.312680E+00        +4.756651E-01
7.606052E+00        -5.293587E+00        +4.739555E-01
7.599219E+00        -5.274491E+00        +4.722537E-01
7.592393E+00        -5.255561E+00        +4.705621E-01
7.585572E+00        -5.236582E+00        +4.688722E-01
7.578758E+00        -5.217751E+00        +4.671905E-01
7.571950E+00        -5.198957E+00        +4.655107E-01
7.565148E+00        -5.180243E+00        +4.638390E-01
7.558352E+00        -5.161629E+00        +4.621773E-01
7.551562E+00        -5.143034E+00        +4.605175E-01
7.544778E+00        -5.124519E+00        +4.588575E-01
7.538001E+00        -5.106107E+00        +4.572141E-01
7.531229E+00        -5.087711E+00        +4.555742E-01
7.524464E+00        -5.069399E+00        +4.539345E-01
7.517705E+00        -5.051186E+00        +4.523028E-01
7.510951E+00        -5.032989E+00        +4.506810E-01
7.504204E+00        -5.014876E+00        +4.490612E-01
7.497463E+00        -4.996863E+00        +4.474495E-01
7.490728E+00        -4.978868E+00        +4.458478E-01
7.483999E+00        -4.960954E+00        +4.442480E-01
7.477276E+00        -4.943059E+00        +4.426482E-01
7.470559E+00        -4.925326E+00        +4.410646E-01
7.463848E+00        -4.907550E+00        +4.394766E-01
7.457143E+00        -4.889917E+00        +4.379030E-01
7.450444E+00        -4.872321E+00        +4.363250E-01
7.443751E+00        -4.854807E+00        +4.347614E-01
7.437064E+00        -4.837312E+00        +4.332015E-01
7.430384E+00        -4.819900E+00        +4.316418E-01
7.423709E+00        -4.802504E+00        +4.300901E-01
7.417040E+00        -4.785271E+00        +4.285483E-01
7.410377E+00        -4.767994E+00        +4.270085E-01
7.403720E+00        -4.750861E+00        +4.254767E-01
7.397069E+00        -4.733766E+00        +4.239550E-01
7.390424E+00        -4.716751E+00        +4.224270E-01
7.383786E+00        -4.699758E+00        +4.209136E-01
7.377153E+00        -4.682844E+00        +4.194037E-01
7.370526E+00        -4.665949E+00        +4.178939E-01
7.363904E+00        -4.649214E+00        +4.163919E-01
7.357289E+00        -4.632437E+00        +4.149002E-01
7.350680E+00        -4.615805E+00        +4.134104E-01
7.344077E+00        -4.599210E+00        +4.119287E-01
7.337480E+00        -4.582615E+00        +4.104489E-01
7.330888E+00        -4.566100E+00        +4.089771E-01
7.324303E+00        -4.549687E+00        +4.075073E-01
7.317723E+00        -4.533290E+00        +4.060455E-01
7.311150E+00        -4.516977E+00        +4.045858E-01
7.304582E+00        -4.500762E+00        +4.031340E-01
7.298020E+00        -4.484566E+00        +4.016841E-01
7.291464E+00        -4.468371E+00        +4.002423E-01
7.284914E+00        -4.452257E+00        +3.988024E-01
7.278370E+00        -4.436243E+00        +3.973707E-01
7.271832E+00        -4.420329E+00        +3.959490E-01
7.265299E+00        -4.404432E+00        +3.945291E-01
7.258773E+00        -4.388538E+00        +3.931093E-01
7.252252E+00        -4.372722E+00        +3.916975E-01
7.245737E+00        -4.357007E+00        +3.902876E-01
7.239228E+00        -4.341312E+00        +3.888858E-01
7.232725E+00        -4.325698E+00        +3.874941E-01
7.226228E+00        -4.310103E+00        +3.861043E-01
7.219737E+00        -4.294589E+00        +3.847145E-01
7.213251E+00        -4.279174E+00        +3.833327E-01
7.206771E+00        -4.263777E+00        +3.819609E-01
7.200297E+00        -4.248382E+00        +3.805910E-01
7.193829E+00        -4.233067E+00        +3.792211E-01
7.187367E+00        -4.217854E+00        +3.778594E-01
7.180910E+00        -4.202657E+00        +3.764995E-01
7.174459E+00        -4.187541E+00        +3.751476E-01
7.168015E+00        -4.172448E+00        +3.738061E-01
7.161575E+00        -4.157431E+00        +3.724579E-01
7.155142E+00        -4.142517E+00        +3.711243E-01
7.148714E+00        -4.127621E+00        +3.697944E-01
7.142293E+00        -4.112727E+00        +3.684647E-01
7.135877E+00        -4.097912E+00        +3.671429E-01
7.129466E+00        -4.083195E+00        +3.658229E-01
7.123062E+00        -4.068501E+00        +3.645112E-01
7.116663E+00        -4.053805E+00        +3.632013E-01
7.110270E+00        -4.039271E+00        +3.618914E-01
7.103883E+00        -4.024694E+00        +3.605978E-01
7.097501E+00        -4.010178E+00        +3.592997E-01
7.091125E+00        -3.995763E+00        +3.580079E-01
7.084755E+00        -3.981367E+00        +3.567261E-01
7.078391E+00        -3.967053E+00        +3.554463E-01
7.072032E+00        -3.952756E+00        +3.541663E-01
7.065679E+00        -3.938541E+00        +3.528945E-01
7.059332E+00        -3.924346E+00        +3.516328E-01
7.052991E+00        -3.910232E+00        +3.503649E-01
7.046655E+00        -3.896136E+00        +3.491112E-01
7.040325E+00        -3.882121E+00        +3.478532E-01
7.034000E+00        -3.868124E+00        +3.466094E-01
7.027682E+00        -3.854210E+00        +3.453616E-01
7.021369E+00        -3.840314E+00        +3.441198E-01
7.015061E+00        -3.826498E+00        +3.428879E-01
7.008759E+00        -3.812701E+00        +3.416579E-01
7.002463E+00        -3.798986E+00        +3.404281E-01
6.996173E+00        -3.785372E+00        +3.392064E-01
6.989888E+00        -3.771695E+00        +3.379864E-01
6.983609E+00        -3.758160E+00        +3.367746E-01
6.977336E+00        -3.744585E+00        +3.355649E-01
6.971068E+00        -3.731150E+00        +3.343630E-01
6.964805E+00        -3.717672E+00        +3.331630E-01
6.958549E+00        -3.704257E+00        +3.319632E-01
6.952298E+00        -3.690942E+00        +3.307714E-01
6.946053E+00        -3.677647E+00        +3.295816E-01
6.939813E+00        -3.664431E+00        +3.283997E-01
6.933579E+00        -3.651235E+00        +3.272198E-01
6.927350E+00        -3.638119E+00        +3.260479E-01
6.921127E+00        -3.625022E+00        +3.248780E-01
6.914910E+00        -3.611927E+00        +3.237082E-01
6.908698E+00        -3.598911E+00        +3.225463E-01
6.902492E+00        -3.585996E+00        +3.213865E-01
6.896291E+00        -3.573099E+00        +3.202346E-01
6.890096E+00        -3.560203E+00        +3.190847E-01
6.883907E+00        -3.547388E+00        +3.179430E-01
6.877723E+00        -3.534592E+00        +3.167950E-01
6.871544E+00        -3.521875E+00        +3.156611E-01
6.865372E+00        -3.509181E+00        +3.145314E-01
6.859204E+00        -3.496564E+00        +3.134013E-01
6.853043E+00        -3.483969E+00        +3.122716E-01
6.846886E+00        -3.471451E+00        +3.111496E-01
6.840736E+00        -3.458957E+00        +3.100298E-01
6.834591E+00        -3.446461E+00        +3.089180E-01
6.828451E+00        -3.434044E+00        +3.078080E-01
6.822317E+00        -3.421729E+00        +3.067062E-01
6.816188E+00        -3.409351E+00        +3.056062E-01
6.810065E+00        -3.397116E+00        +3.045064E-01
6.803948E+00        -3.384840E+00        +3.034146E-01
6.797835E+00        -3.372703E+00        +3.023246E-01
6.791729E+00        -3.360528E+00        +3.012348E-01
6.785628E+00        -3.348412E+00        +3.001529E-01
6.779532E+00        -3.336395E+00        +2.990810E-01
6.773442E+00        -3.324399E+00        +2.980031E-01
6.767357E+00        -3.312402E+00        +2.969312E-01
6.761278E+00        -3.300487E+00        +2.958694E-01
6.755204E+00        -3.288590E+00        +2.948094E-01
6.749136E+00        -3.276775E+00        +2.937496E-01
6.743073E+00        -3.264978E+00        +2.926897E-01
6.737016E+00        -3.253183E+00        +2.916379E-01
6.730964E+00        -3.241466E+00        +2.905960E-01
6.724917E+00        -3.229769E+00        +2.895560E-01
6.718876E+00        -3.218153E+00        +2.885161E-01
6.712840E+00        -3.206556E+00        +2.874762E-01
6.706810E+00        -3.195040E+00        +2.864443E-01
6.700785E+00        -3.183544E+00        +2.854144E-01
6.694766E+00        -3.172048E+00        +2.843926E-01
6.688752E+00        -3.160632E+00        +2.833727E-01
6.682743E+00        -3.149235E+00        +2.823527E-01
6.676740E+00        -3.137919E+00        +2.813409E-01
6.670742E+00        -3.126622E+00        +2.803310E-01
6.664750E+00        -3.115327E+00        +2.793211E-01
6.658763E+00        -3.104110E+00        +2.783193E-01
6.652781E+00        -3.092913E+00        +2.773193E-01
6.646805E+00        -3.081797E+00        +2.763195E-01
6.640834E+00        -3.070701E+00        +2.753275E-01
6.634868E+00        -3.059684E+00        +2.743376E-01
6.628908E+00        -3.048688E+00        +2.733557E-01
6.622953E+00        -3.037691E+00        +2.723758E-01
6.617004E+00        -3.026695E+00        +2.713960E-01
6.611060E+00        -3.015779E+00        +2.704241E-01
6.605121E+00        -3.004962E+00        +2.694542E-01
6.599187E+00        -2.994165E+00        +2.684842E-01
6.593259E+00        -2.983369E+00        +2.675223E-01
6.587336E+00        -2.972652E+00        +2.665624E-01
6.581419E+00        -2.961956E+00        +2.656025E-01
6.575507E+00        -2.951260E+00        +2.646507E-01
6.569600E+00        -2.940643E+00        +2.637007E-01
6.563698E+00        -2.930046E+00        +2.627508E-01
6.557802E+00        -2.919450E+00        +2.618089E-01
6.551911E+00        -2.908933E+00        +2.608690E-01
6.546025E+00        -2.898436E+00        +2.599290E-01
6.540145E+00        -2.888020E+00        +2.589972E-01
6.534270E+00        -2.877623E+00        +2.580673E-01
6.528400E+00        -2.867226E+00        +2.571373E-01
6.522535E+00        -2.856909E+00        +2.562154E-01
6.516676E+00        -2.846613E+00        +2.552955E-01
6.510822E+00        -2.836396E+00        +2.543836E-01
6.504973E+00        -2.826199E+00        +2.534656E-01
6.499130E+00        -2.816003E+00        +2.525538E-01
6.493291E+00        -2.805885E+00        +2.516518E-01
6.487458E+00        -2.795789E+00        +2.507439E-01
6.481630E+00        -2.785691E+00        +2.498419E-01
6.475808E+00        -2.775676E+00        +2.489501E-01
6.469991E+00        -2.765679E+00        +2.480522E-01
6.464179E+00        -2.755683E+00        +2.471603E-01
6.458372E+00        -2.745766E+00        +2.462784E-01
6.452570E+00        -2.735868E+00        +2.453904E-01
6.446774E+00        -2.726052E+00        +2.445085E-01
6.440982E+00        -2.716174E+00        +2.436285E-01
6.435196E+00        -2.706437E+00        +2.427566E-01
6.429415E+00        -2.696660E+00        +2.418866E-01
6.423640E+00        -2.686945E+00        +2.410168E-01
6.417869E+00        -2.677247E+00        +2.401548E-01
6.412104E+00        -2.667630E+00        +2.392870E-01
6.406344E+00        -2.658034E+00        +2.384250E-01
6.400589E+00        -2.648437E+00        +2.375731E-01
6.394839E+00        -2.638919E+00        +2.367231E-01
6.389095E+00        -2.629423E+00        +2.358733E-01
6.383355E+00        -2.619925E+00        +2.350233E-01
6.377621E+00        -2.610509E+00        +2.341814E-01
6.371892E+00        -2.601112E+00        +2.333415E-01
6.366168E+00        -2.591715E+00        +2.325015E-01
6.360449E+00        -2.582398E+00        +2.316696E-01
6.354735E+00        -2.573100E+00        +2.308316E-01
6.349027E+00        -2.563804E+00        +2.300077E-01
6.343323E+00        -2.554586E+00        +2.291798E-01
6.337625E+00        -2.545390E+00        +2.283578E-01
6.331932E+00        -2.536193E+00        +2.275380E-01
6.326244E+00        -2.527076E+00        +2.267180E-01
6.320561E+00        -2.517979E+00        +2.259061E-01
6.314883E+00        -2.508882E+00        +2.250961E-01
6.309210E+00        -2.499864E+00        +2.242862E-01
6.303543E+00        -2.490868E+00        +2.234764E-01
6.297880E+00        -2.481871E+00        +2.226743E-01
6.292223E+00        -2.472954E+00        +2.218745E-01
6.286570E+00        -2.464056E+00        +2.210824E-01
6.280923E+00        -2.455160E+00        +2.202846E-01
6.275281E+00        -2.446343E+00        +2.194927E-01
6.269643E+00        -2.437465E+00        +2.187026E-01
6.264011E+00        -2.428727E+00        +2.179207E-01
6.258384E+00        -2.419951E+00        +2.171407E-01
6.252762E+00        -2.411233E+00        +2.163608E-01
6.247145E+00        -2.402536E+00        +2.155809E-01
6.241533E+00        -2.393918E+00        +2.148089E-01
6.235926E+00        -2.385242E+00        +2.140390E-01
6.230325E+00        -2.376705E+00        +2.132691E-01
6.224728E+00        -2.368128E+00        +2.124992E-01
6.219136E+00        -2.359610E+00        +2.117372E-01
6.213549E+00        -2.351113E+00        +2.109772E-01
6.207968E+00        -2.342617E+00        +2.102253E-01
6.202391E+00        -2.334199E+00        +2.094674E-01
6.196819E+00        -2.325801E+00        +2.087154E-01
6.191252E+00        -2.317404E+00        +2.079654E-01
6.185691E+00        -2.309008E+00        +2.072156E-01
6.180134E+00        -2.300689E+00        +2.064736E-01
6.174582E+00        -2.292392E+00        +2.057336E-01
6.169036E+00        -2.284175E+00        +2.049938E-01
6.163494E+00        -2.275898E+00        +2.042538E-01
6.157957E+00        -2.267680E+00        +2.035218E-01
6.152425E+00        -2.259562E+00        +2.027918E-01
6.146898E+00        -2.251385E+00        +2.020619E-01
6.141377E+00        -2.243269E+00        +2.013400E-01
6.135860E+00        -2.235251E+00        +2.006200E-01
6.130348E+00        -2.227174E+00        +1.999001E-01
6.124841E+00        -2.219156E+00        +1.991802E-01
6.119339E+00        -2.211159E+00        +1.984602E-01
6.113842E+00        -2.203162E+00        +1.977482E-01
6.108349E+00        -2.195243E+00        +1.970382E-01
6.102862E+00        -2.187346E+00        +1.963283E-01
6.097380E+00        -2.179449E+00        +1.956263E-01
6.091903E+00        -2.171632E+00        +1.949264E-01
6.086430E+00        -2.163755E+00        +1.942264E-01
6.080963E+00        -2.155938E+00        +1.935266E-01
6.075500E+00        -2.148219E+00        +1.928345E-01
6.070042E+00        -2.140442E+00        +1.921366E-01
6.064589E+00        -2.132724E+00        +1.914446E-01
6.059141E+00        -2.125026E+00        +1.907625E-01
6.053698E+00        -2.117408E+00        +1.900747E-01
6.048260E+00        -2.109811E+00        +1.893927E-01
6.042827E+00        -2.102214E+00        +1.887128E-01
6.037399E+00        -2.094618E+00        +1.880329E-01
6.031975E+00        -2.087020E+00        +1.873608E-01
6.026557E+00        -2.079502E+00        +1.866910E-01
6.021143E+00        -2.072005E+00        +1.860210E-01
6.015734E+00        -2.064586E+00        +1.853510E-01
6.010330E+00        -2.057110E+00        +1.846811E-01
6.004931E+00        -2.049692E+00        +1.840191E-01
5.999536E+00        -2.042294E+00        +1.833591E-01
5.994147E+00        -2.034976E+00        +1.826992E-01
5.988762E+00        -2.027599E+00        +1.820471E-01
5.983383E+00        -2.020282E+00        +1.813894E-01
5.978008E+00        -2.013064E+00        +1.807373E-01
5.972637E+00        -2.005786E+00        +1.800873E-01
5.967272E+00        -1.998568E+00        +1.794453E-01
5.961912E+00        -1.991372E+00        +1.787975E-01
5.956556E+00        -1.984174E+00        +1.781554E-01
5.951205E+00        -1.977055E+00        +1.775155E-01
5.945859E+00        -1.969879E+00        +1.768756E-01
5.940518E+00        -1.962840E+00        +1.762435E-01
5.935181E+00        -1.955763E+00        +1.756135E-01
5.929850E+00        -1.948666E+00        +1.749837E-01
5.924523E+00        -1.941648E+00        +1.743537E-01
5.919201E+00        -1.934650E+00        +1.737238E-01
5.913883E+00        -1.927652E+00        +1.731017E-01
5.908571E+00        -1.920734E+00        +1.724818E-01
5.903263E+00        -1.913837E+00        +1.718618E-01
5.897960E+00        -1.906939E+00        +1.712419E-01
5.892662E+00        -1.900042E+00        +1.706298E-01
5.887368E+00        -1.893223E+00        +1.700198E-01
5.882080E+00        -1.886426E+00        +1.694100E-01
5.876796E+00        -1.879629E+00        +1.688000E-01
5.871516E+00        -1.872830E+00        +1.681900E-01
5.866242E+00        -1.866033E+00        +1.675880E-01
5.860972E+00        -1.859314E+00        +1.669880E-01
5.855707E+00        -1.852617E+00        +1.663881E-01
5.850447E+00        -1.845920E+00        +1.657882E-01
5.845191E+00        -1.839300E+00        +1.651882E-01
5.839941E+00        -1.832625E+00        +1.645962E-01
5.834694E+00        -1.826005E+00        +1.640062E-01
5.829453E+00        -1.819487E+00        +1.634163E-01
5.824216E+00        -1.812911E+00        +1.628341E-01
5.818984E+00        -1.806392E+00        +1.622463E-01
5.813757E+00        -1.799895E+00        +1.616643E-01
5.808534E+00        -1.793397E+00        +1.610843E-01
5.803317E+00        -1.786900E+00        +1.605045E-01
5.798103E+00        -1.780480E+00        +1.599244E-01
5.792895E+00        -1.774083E+00        +1.593524E-01
5.787691E+00        -1.767686E+00        +1.587824E-01
5.782492E+00        -1.761288E+00        +1.582125E-01
5.777297E+00        -1.754969E+00        +1.576425E-01
5.772107E+00        -1.748592E+00        +1.570804E-01
5.766922E+00        -1.742274E+00        +1.565126E-01
5.761742E+00        -1.736055E+00        +1.559506E-01
5.756566E+00        -1.729779E+00        +1.553906E-01
5.751395E+00        -1.723560E+00        +1.548307E-01
5.746228E+00        -1.717362E+00        +1.542786E-01
5.741066E+00        -1.711164E+00        +1.537208E-01
5.735909E+00        -1.704967E+00        +1.531687E-01
5.730756E+00        -1.698848E+00        +1.526187E-01
5.725608E+00        -1.692672E+00        +1.520688E-01
5.720465E+00        -1.686553E+00        +1.515267E-01
5.715326E+00        -1.680534E+00        +1.509789E-01
5.710192E+00        -1.674458E+00        +1.504368E-01
5.705062E+00        -1.668438E+00        +1.498968E-01
5.699937E+00        -1.662440E+00        +1.493569E-01
5.694817E+00        -1.656443E+00        +1.488248E-01
5.689701E+00        -1.650445E+00        +1.482870E-01
5.684590E+00        -1.644526E+00        +1.477549E-01
5.679484E+00        -1.638551E+00        +1.472250E-01
5.674382E+00        -1.632631E+00        +1.466950E-01
5.669284E+00        -1.626733E+00        +1.461729E-01
5.664191E+00        -1.620914E+00        +1.456451E-01
5.659103E+00        -1.615038E+00        +1.451230E-01
5.654019E+00        -1.609218E+00        +1.446030E-01
5.648940E+00        -1.603420E+00        +1.440831E-01
5.643866E+00        -1.597623E+00        +1.435632E-01
5.638796E+00        -1.591904E+00        +1.430510E-01
5.633730E+00        -1.586127E+00        +1.425332E-01
5.628670E+00        -1.580409E+00        +1.420212E-01
5.623613E+00        -1.574710E+00        +1.415111E-01
5.618561E+00        -1.569091E+00        +1.410012E-01
5.613514E+00        -1.563415E+00        +1.404991E-01
5.608472E+00        -1.557796E+00        +1.399914E-01
5.603433E+00        -1.552120E+00        +1.394892E-01
5.598400E+00        -1.546501E+00        +1.389893E-01
5.593371E+00        -1.540981E+00        +1.384893E-01
5.588346E+00        -1.535405E+00        +1.379893E-01
5.583326E+00        -1.529886E+00        +1.374972E-01
5.578310E+00        -1.524387E+00        +1.369994E-01
5.573299E+00        -1.518890E+00        +1.365073E-01
5.568293E+00        -1.513393E+00        +1.360174E-01
5.563291E+00        -1.507895E+00        +1.355275E-01
5.558293E+00        -1.502475E+00        +1.350453E-01
5.553300E+00        -1.497077E+00        +1.345575E-01
5.548311E+00        -1.491679E+00        +1.340753E-01
5.543327E+00        -1.486281E+00        +1.335954E-01
5.538347E+00        -1.480961E+00        +1.331154E-01
5.533372E+00        -1.475586E+00        +1.326355E-01
5.528402E+00        -1.470267E+00        +1.321634E-01
5.523435E+00        -1.464968E+00        +1.316856E-01
5.518473E+00        -1.459670E+00        +1.312134E-01
5.513516E+00        -1.454451E+00        +1.307435E-01
5.508563E+00        -1.449175E+00        +1.302735E-01
5.503615E+00        -1.443955E+00        +1.298036E-01
5.498671E+00        -1.438757E+00        +1.293336E-01
5.493731E+00        -1.433559E+00        +1.288714E-01
5.488796E+00        -1.428361E+00        +1.284115E-01
5.483866E+00        -1.423242E+00        +1.279516E-01
5.478939E+00        -1.418144E+00        +1.274916E-01
5.474017E+00        -1.412968E+00        +1.270316E-01
5.469100E+00        -1.407926E+00        +1.265795E-01
5.464187E+00        -1.402850E+00        +1.261217E-01
5.459279E+00        -1.397753E+00        +1.256696E-01
5.454374E+00        -1.392732E+00        +1.252196E-01
5.449475E+00        -1.387735E+00        +1.247697E-01
5.444579E+00        -1.382659E+00        +1.243197E-01
5.439688E+00        -1.377716E+00        +1.238697E-01
5.434802E+00        -1.372741E+00        +1.234276E-01
5.429920E+00        -1.367821E+00        +1.229799E-01
5.425042E+00        -1.362845E+00        +1.225377E-01
5.420168E+00        -1.357925E+00        +1.220977E-01
5.415299E+00        -1.353027E+00        +1.216655E-01
5.410435E+00        -1.348130E+00        +1.212278E-01
5.405574E+00        -1.343309E+00        +1.207878E-01
5.400719E+00        -1.338434E+00        +1.203557E-01
5.395867E+00        -1.333613E+00        +1.199257E-01
5.391020E+00        -1.328816E+00        +1.194958E-01
5.386177E+00        -1.324018E+00        +1.190658E-01
5.381338E+00        -1.319219E+00        +1.186358E-01
5.376504E+00        -1.314499E+00        +1.182059E-01
5.371674E+00        -1.309723E+00        +1.177837E-01
5.366849E+00        -1.305003E+00        +1.173637E-01
5.362028E+00        -1.300306E+00        +1.169438E-01
5.357211E+00        -1.295607E+00        +1.165238E-01
5.352399E+00        -1.290988E+00        +1.161039E-01
5.347591E+00        -1.286312E+00        +1.156839E-01
5.342787E+00        -1.281614E+00        +1.152717E-01
5.337987E+00        -1.276993E+00        +1.148540E-01
5.333192E+00        -1.272395E+00        +1.144418E-01
5.328401E+00        -1.267797E+00        +1.140318E-01
5.323614E+00        -1.263277E+00        +1.136218E-01
5.318832E+00        -1.258701E+00        +1.132119E-01
5.314054E+00        -1.254181E+00        +1.128097E-01
5.309281E+00        -1.249606E+00        +1.124020E-01
5.304511E+00        -1.245162E+00        +1.119998E-01
5.299746E+00        -1.240687E+00        +1.115998E-01
5.294985E+00        -1.236189E+00        +1.111921E-01
5.290229E+00        -1.231691E+00        +1.107977E-01
5.285476E+00        -1.227270E+00        +1.103999E-01
5.280728E+00        -1.222872E+00        +1.100000E-01
5.275984E+00        -1.218474E+00        +1.096077E-01
5.271245E+00        -1.214076E+00        +1.092101E-01
5.266510E+00        -1.209679E+00        +1.088179E-01
5.261779E+00        -1.205280E+00        +1.084279E-01
5.257052E+00        -1.200960E+00        +1.080379E-01
5.252329E+00        -1.196584E+00        +1.076479E-01
5.247611E+00        -1.192263E+00        +1.072657E-01
5.242897E+00        -1.187965E+00        +1.068780E-01
5.238187E+00        -1.183667E+00        +1.064958E-01
5.233482E+00        -1.179447E+00        +1.061159E-01
5.228781E+00        -1.175172E+00        +1.057359E-01
5.224083E+00        -1.170950E+00        +1.053559E-01
5.219391E+00        -1.166675E+00        +1.049760E-01
5.214702E+00        -1.162454E+00        +1.045960E-01
5.210018E+00        -1.158334E+00        +1.042238E-01
5.205337E+00        -1.154158E+00        +1.038461E-01
5.200661E+00        -1.149960E+00        +1.034739E-01
5.195989E+00        -1.145839E+00        +1.031039E-01
5.191322E+00        -1.141664E+00        +1.027340E-01
5.186658E+00        -1.137543E+00        +1.023640E-01
5.181999E+00        -1.133445E+00        +1.019940E-01
5.177344E+00        -1.129347E+00        +1.016241E-01
5.172693E+00        -1.125326E+00        +1.012618E-01
5.168046E+00        -1.121250E+00        +1.009018E-01
5.163404E+00        -1.117230E+00        +1.005342E-01
5.158765E+00        -1.113154E+00        +1.001719E-01
5.154131E+00        -1.109133E+00        +9.981504E-02
5.149501E+00        -1.105135E+00        +9.945753E-02
5.144875E+00        -1.101137E+00        +9.909956E-02
5.140254E+00        -1.097139E+00        +9.874396E-02
5.135636E+00        -1.093218E+00        +9.838897E-02
5.131023E+00        -1.089243E+00        +9.803558E-02
5.126413E+00        -1.085321E+00        +9.768333E-02
5.121808E+00        -1.081423E+00        +9.733215E-02
5.117207E+00        -1.077525E+00        +9.698273E-02
5.112610E+00        -1.073627E+00        +9.663452E-02
5.108018E+00        -1.069729E+00        +9.628738E-02
5.103429E+00        -1.065908E+00        +9.594116E-02
5.098844E+00        -1.062032E+00        +9.559670E-02
5.094264E+00        -1.058212E+00        +9.525353E-02
5.089688E+00        -1.054414E+00        +9.491136E-02
5.085116E+00        -1.050615E+00        +9.457017E-02
5.080548E+00        -1.046817E+00        +9.423075E-02
5.075984E+00        -1.043019E+00        +9.389178E-02
5.071424E+00        -1.039298E+00        +9.355434E-02
5.066868E+00        -1.035522E+00        +9.321813E-02
5.062317E+00        -1.031802E+00        +9.288375E-02
5.057769E+00        -1.028026E+00        +9.254975E-02
5.053225E+00        -1.024304E+00        +9.221729E-02
5.048686E+00        -1.020606E+00        +9.188612E-02
5.044151E+00        -1.016985E+00        +9.155594E-02
5.039620E+00        -1.013310E+00        +9.122676E-02
5.035092E+00        -1.009612E+00        +9.089928E-02
5.030569E+00        -1.005990E+00        +9.057232E-02
5.026050E+00        -1.002392E+00        +9.024689E-02
5.021535E+00        -9.987477E-01        +8.992269E-02
5.017024E+00        -9.951355E-01        +8.959949E-02
5.012517E+00        -9.915448E-01        +8.927805E-02
5.008015E+00        -9.879649E-01        +8.895714E-02
5.003516E+00        -9.844019E-01        +8.863770E-02
4.999021E+00        -9.808511E-01        +8.831948E-02
4.994530E+00        -9.773102E-01        +8.800226E-02
4.990044E+00        -9.737802E-01        +8.768610E-02
4.985561E+00        -9.702670E-01        +8.737088E-02
4.981082E+00        -9.667661E-01        +8.705665E-02
4.976608E+00        -9.632759E-01        +8.674426E-02
4.972137E+00        -9.597950E-01        +8.643226E-02
4.967671E+00        -9.563325E-01        +8.612187E-02
4.963208E+00        -9.528815E-01        +8.581263E-02
4.958750E+00        -9.494413E-01        +8.550447E-02
4.954295E+00        -9.460103E-01        +8.519724E-02
4.949845E+00        -9.425977E-01        +8.489107E-02
4.945398E+00        -9.391967E-01        +8.458584E-02
4.940956E+00        -9.358065E-01        +8.428167E-02
4.936517E+00        -9.324255E-01        +8.397920E-02
4.932083E+00        -9.290629E-01        +8.367727E-02
4.927652E+00        -9.257042E-01        +8.337681E-02
4.923225E+00        -9.223609E-01        +8.307758E-02
4.918803E+00        -9.190384E-01        +8.277865E-02
4.914384E+00        -9.157198E-01        +8.248119E-02
4.909969E+00        -9.124089E-01        +8.218496E-02
4.905559E+00        -9.091164E-01        +8.188981E-02
4.901152E+00        -9.058355E-01        +8.159558E-02
4.896749E+00        -9.025646E-01        +8.130237E-02
4.892350E+00        -8.993038E-01        +8.101015E-02
4.887955E+00        -8.960607E-01        +8.071894E-02
4.883565E+00        -8.928307E-01        +8.042956E-02
4.879178E+00        -8.896023E-01        +8.014059E-02
4.874795E+00        -8.863893E-01        +7.985239E-02
4.870415E+00        -8.831879E-01        +7.956512E-02
4.866040E+00        -8.800049E-01        +7.927969E-02
4.861669E+00        -8.768267E-01        +7.899474E-02
4.857302E+00        -8.736639E-01        +7.871055E-02
4.852938E+00        -8.705051E-01        +7.842807E-02
4.848579E+00        -8.673623E-01        +7.814613E-02
4.844223E+00        -8.642312E-01        +7.786566E-02
4.839872E+00        -8.611110E-01        +7.758573E-02
4.835524E+00        -8.580000E-01        +7.730727E-02
4.831180E+00        -8.549068E-01        +7.702929E-02
4.826840E+00        -8.518183E-01        +7.675284E-02
4.822504E+00        -8.487452E-01        +7.647687E-02
4.818172E+00        -8.456769E-01        +7.620167E-02
4.813844E+00        -8.426239E-01        +7.592825E-02
4.809519E+00        -8.395827E-01        +7.565523E-02
4.805199E+00        -8.365522E-01        +7.538305E-02
4.800882E+00        -8.335311E-01        +7.511258E-02
4.796570E+00        -8.305209E-01        +7.484265E-02
4.792261E+00        -8.275199E-01        +7.457344E-02
4.787956E+00        -8.245291E-01        +7.430599E-02
4.783655E+00        -8.215560E-01        +7.403902E-02
4.779358E+00        -8.185877E-01        +7.377283E-02
4.775064E+00        -8.156341E-01        +7.350758E-02
4.770775E+00        -8.126860E-01        +7.324340E-02
4.766489E+00        -8.097526E-01        +7.298017E-02
4.762207E+00        -8.068316E-01        +7.271795E-02
4.757929E+00        -8.039131E-01        +7.245674E-02
4.753655E+00        -8.010100E-01        +7.219653E-02
4.749385E+00        -7.981194E-01        +7.193734E-02
4.745118E+00        -7.952381E-01        +7.167909E-02
4.740856E+00        -7.923677E-01        +7.142116E-02
4.736597E+00        -7.895067E-01        +7.116470E-02
4.732342E+00        -7.866558E-01        +7.090872E-02
4.728091E+00        -7.838150E-01        +7.065428E-02
4.723844E+00        -7.809844E-01        +7.040032E-02
4.719600E+00        -7.781632E-01        +7.014708E-02
4.715360E+00        -7.753521E-01        +6.989485E-02
4.711124E+00        -7.725511E-01        +6.964363E-02
4.706892E+00        -7.697603E-01        +6.939342E-02
4.702664E+00        -7.669796E-01        +6.914423E-02
4.698440E+00        -7.642090E-01        +6.889604E-02
4.694219E+00        -7.614479E-01        +6.864805E-02
4.690002E+00        -7.586969E-01        +6.840159E-02
4.685789E+00        -7.559561E-01        +6.815562E-02
4.681580E+00        -7.532254E-01        +6.791119E-02
4.677374E+00        -7.505118E-01        +6.766718E-02
4.673172E+00        -7.478031E-01        +6.742396E-02
4.668974E+00        -7.450946E-01        +6.718174E-02
4.664780E+00        -7.424090E-01        +6.694054E-02
4.660590E+00        -7.397231E-01        +6.669959E-02
4.656403E+00        -7.370496E-01        +6.646012E-02
4.652220E+00        -7.343886E-01        +6.622114E-02
4.648041E+00        -7.317378E-01        +6.598293E-02
4.643865E+00        -7.290965E-01        +6.574568E-02
4.639694E+00        -7.264583E-01        +6.550950E-02
4.635526E+00        -7.238349E-01        +6.527428E-02
4.631362E+00        -7.212241E-01        +6.504007E-02
4.627201E+00        -7.186151E-01        +6.480607E-02
4.623045E+00        -7.160222E-01        +6.457365E-02
4.618892E+00        -7.134336E-01        +6.434167E-02
4.614742E+00        -7.108597E-01        +6.411041E-02
4.610597E+00        -7.082915E-01        +6.387946E-02
4.606455E+00        -7.057303E-01        +6.364999E-02
4.602317E+00        -7.031794E-01        +6.342178E-02
4.598183E+00        -7.006386E-01        +6.319382E-02
4.594052E+00        -6.981074E-01        +6.296658E-02
4.589925E+00        -6.955863E-01        +6.274036E-02
4.585802E+00        -6.930754E-01        +6.251515E-02
4.581683E+00        -6.905747E-01        +6.229020E-02
4.577567E+00        -6.880760E-01        +6.206597E-02
4.573455E+00        -6.855926E-01        +6.184276E-02
4.569346E+00        -6.831137E-01        +6.162050E-02
4.565242E+00        -6.806507E-01        +6.139932E-02
4.561141E+00        -6.781921E-01        +6.117911E-02
4.557043E+00        -6.757406E-01        +6.095909E-02
4.552949E+00        -6.732994E-01        +6.073986E-02
4.548860E+00        -6.708614E-01        +6.052169E-02
4.544773E+00        -6.684375E-01        +6.030443E-02
4.540691E+00        -6.660268E-01        +6.008749E-02
4.536612E+00        -6.636182E-01        +5.987127E-02
4.532536E+00        -6.612243E-01        +5.965601E-02
4.528465E+00        -6.588360E-01        +5.944182E-02
4.524397E+00        -6.564550E-01        +5.922860E-02
4.520332E+00        -6.540835E-01        +5.901559E-02
4.516272E+00        -6.517153E-01        +5.880340E-02
4.512215E+00        -6.493618E-01        +5.859218E-02
4.508161E+00        -6.470128E-01        +5.838193E-02
4.504111E+00        -6.446791E-01        +5.817194E-02
4.500065E+00        -6.423505E-01        +5.796272E-02
4.496023E+00        -6.400297E-01        +5.775453E-02
4.491984E+00        -6.377185E-01        +5.754654E-02
4.487949E+00        -6.354100E-01        +5.734009E-02
4.483917E+00        -6.331162E-01        +5.713409E-02
4.479889E+00        -6.308275E-01        +5.692886E-02
4.475865E+00        -6.285466E-01        +5.672390E-02
4.471844E+00        -6.262754E-01        +5.652042E-02
4.467827E+00        -6.240143E-01        +5.631745E-02
4.463813E+00        -6.217554E-01        +5.611444E-02
4.459804E+00        -6.195123E-01        +5.591302E-02
4.455797E+00        -6.172732E-01        +5.571201E-02
4.451794E+00        -6.150419E-01        +5.551177E-02
4.447795E+00        -6.128209E-01        +5.531255E-02
4.443800E+00        -6.106025E-01        +5.511360E-02
4.439808E+00        -6.083988E-01        +5.491537E-02
4.435820E+00        -6.062003E-01        +5.471816E-02
4.431835E+00        -6.040091E-01        +5.452193E-02
4.427854E+00        -6.018280E-01        +5.432595E-02
4.423876E+00        -5.996491E-01        +5.413071E-02
4.419902E+00        -5.974855E-01        +5.393573E-02
4.415931E+00        -5.953265E-01        +5.374224E-02
4.411965E+00        -5.931682E-01        +5.354930E-02
4.408001E+00        -5.910243E-01        +5.335629E-02
4.404041E+00        -5.888930E-01        +5.316480E-02
4.400085E+00        -5.867644E-01        +5.297383E-02
4.396133E+00        -5.846435E-01        +5.278289E-02
4.392183E+00        -5.825319E-01        +5.259337E-02
4.388238E+00        -5.804234E-01        +5.240442E-02
4.384296E+00        -5.783222E-01        +5.221619E-02
4.380357E+00        -5.762308E-01        +5.202819E-02
4.376422E+00        -5.741495E-01        +5.184171E-02
4.372491E+00        -5.720785E-01        +5.165499E-02
4.368563E+00        -5.700097E-01        +5.146952E-02
4.364639E+00        -5.679487E-01        +5.128455E-02
4.360718E+00        -5.658974E-01        +5.110031E-02
4.356801E+00        -5.638488E-01        +5.091635E-02
4.352887E+00        -5.618074E-01        +5.073311E-02
4.348977E+00        -5.597839E-01        +5.055089E-02
4.345070E+00        -5.577575E-01        +5.036965E-02
4.341167E+00        -5.557439E-01        +5.018868E-02
4.337267E+00        -5.537350E-01        +5.000844E-02
4.333371E+00        -5.517339E-01        +4.982847E-02
4.329478E+00        -5.497349E-01        +4.964923E-02
4.325589E+00        -5.477513E-01        +4.947101E-02
4.321703E+00        -5.457724E-01        +4.929302E-02
4.317821E+00        -5.437938E-01        +4.911580E-02
4.313942E+00        -5.418299E-01        +4.893956E-02
4.310067E+00        -5.398713E-01        +4.876359E-02
4.306195E+00        -5.379199E-01        +4.858835E-02
4.302327E+00        -5.359713E-01        +4.841338E-02
4.298462E+00        -5.340374E-01        +4.823990E-02
4.294600E+00        -5.321083E-01        +4.806613E-02
4.290742E+00        -5.301795E-01        +4.789365E-02
4.286888E+00        -5.282659E-01        +4.772169E-02
4.283037E+00        -5.263571E-01        +4.754970E-02
4.279189E+00        -5.244556E-01        +4.737845E-02
4.275345E+00        -5.225568E-01        +4.720822E-02
4.271505E+00        -5.206658E-01        +4.703902E-02
4.267668E+00        -5.187846E-01        +4.687004E-02
4.263834E+00        -5.169056E-01        +4.670105E-02
4.260004E+00        -5.150344E-01        +4.653358E-02
4.256177E+00        -5.131730E-01        +4.636659E-02
4.252353E+00        -5.113214E-01        +4.619958E-02
4.248533E+00        -5.094726E-01        +4.603334E-02
4.244717E+00        -5.076315E-01        +4.586813E-02
4.240904E+00        -5.057927E-01        +4.570315E-02
4.237094E+00        -5.039612E-01        +4.553891E-02
4.233288E+00        -5.021400E-01        +4.537493E-02
4.229485E+00        -5.003286E-01        +4.521244E-02
4.225686E+00        -4.985199E-01        +4.504973E-02
4.221890E+00        -4.967186E-01        +4.488749E-02
4.218097E+00        -4.949195E-01        +4.472624E-02
4.214308E+00        -4.931283E-01        +4.456527E-02
4.210522E+00        -4.913468E-01        +4.440502E-02
4.206740E+00        -4.895681E-01        +4.424580E-02
4.202961E+00        -4.877968E-01        +4.408682E-02
4.199185E+00        -4.860352E-01        +4.392857E-02
4.195413E+00        -4.842764E-01        +4.377059E-02
4.191644E+00        -4.825250E-01        +4.361335E-02
4.187879E+00        -4.807838E-01        +4.345638E-02
4.184117E+00        -4.790449E-01        +4.330015E-02
4.180358E+00        -4.773134E-01        +4.314415E-02
4.176603E+00        -4.755846E-01        +4.298967E-02
4.172851E+00        -4.738632E-01        +4.283494E-02
4.169102E+00        -4.721516E-01        +4.268068E-02
4.165357E+00        -4.704428E-01        +4.252745E-02
4.161615E+00        -4.687413E-01        +4.237446E-02
4.157877E+00        -4.670426E-01        +4.222224E-02
4.154142E+00        -4.653513E-01        +4.207026E-02
4.150410E+00        -4.636697E-01        +4.191901E-02
4.146682E+00        -4.619985E-01        +4.176879E-02
4.142957E+00        -4.603221E-01        +4.161881E-02
4.139235E+00        -4.586580E-01        +4.146881E-02
4.135517E+00        -4.569993E-01        +4.131959E-02
4.131802E+00        -4.553479E-01        +4.117135E-02
4.128090E+00        -4.536988E-01        +4.102335E-02
4.124382E+00        -4.520575E-01        +4.087613E-02
4.120677E+00        -4.504261E-01        +4.072914E-02
4.116975E+00        -4.487970E-01        +4.058214E-02
4.113277E+00        -4.471757E-01        +4.043667E-02
4.109582E+00        -4.455568E-01        +4.029093E-02
4.105890E+00        -4.439452E-01        +4.014643E-02
4.102201E+00        -4.423360E-01        +4.000242E-02
4.098516E+00        -4.407346E-01        +3.985844E-02
4.094835E+00        -4.391435E-01        +3.971523E-02
4.091156E+00        -4.375543E-01        +3.957222E-02
4.087481E+00        -4.359729E-01        +3.942999E-02
4.083809E+00        -4.343939E-01        +3.928800E-02
4.080141E+00        -4.328227E-01        +3.914678E-02
4.076475E+00        -4.312534E-01        +3.900651E-02
4.072813E+00        -4.296919E-01        +3.886578E-02
4.069155E+00        -4.281407E-01        +3.872631E-02
4.065499E+00        -4.265915E-01        +3.858730E-02
4.061847E+00        -4.250501E-01        +3.844832E-02
4.058198E+00        -4.235111E-01        +3.831007E-02
4.054553E+00        -4.219798E-01        +3.817210E-02
4.050911E+00        -4.204510E-01        +3.803487E-02
4.047272E+00        -4.189295E-01        +3.789863E-02
4.043636E+00        -4.174179E-01        +3.776264E-02
4.040003E+00        -4.159012E-01        +3.762663E-02
4.036374E+00        -4.143972E-01        +3.749140E-02
4.032748E+00        -4.128982E-01        +3.735641E-02
4.029126E+00        -4.114070E-01        +3.722219E-02
4.025506E+00        -4.099178E-01        +3.708818E-02
4.021890E+00        -4.084364E-01        +3.695495E-02
4.018277E+00        -4.069574E-01        +3.682196E-02
4.014667E+00        -4.054857E-01        +3.668971E-02
4.011061E+00        -4.040169E-01        +3.655773E-02
4.007458E+00        -4.025554E-01        +3.642650E-02
4.003858E+00        -4.010964E-01        +3.629551E-02
4.000261E+00        -3.996448E-01        +3.616526E-02
3.996668E+00        -3.981960E-01        +3.603529E-02
3.993077E+00        -3.967542E-01        +3.590528E-02
3.989490E+00        -3.953226E-01        +3.577603E-02
3.985906E+00        -3.938936E-01        +3.564779E-02
3.982326E+00        -3.924648E-01        +3.551982E-02
3.978748E+00        -3.910430E-01        +3.539181E-02
3.975174E+00        -3.896315E-01        +3.526457E-02
3.971603E+00        -3.882225E-01        +3.513758E-02
3.968036E+00        -3.868138E-01        +3.501137E-02
3.964471E+00        -3.854120E-01        +3.488536E-02
3.960910E+00        -3.840206E-01        +3.476013E-02
3.957352E+00        -3.826316E-01        +3.463515E-02
3.953797E+00        -3.812426E-01        +3.451090E-02
3.950245E+00        -3.798609E-01        +3.438691E-02
3.946696E+00        -3.784892E-01        +3.426290E-02
3.943151E+00        -3.771203E-01        +3.413967E-02
3.939609E+00        -3.757588E-01        +3.401743E-02
3.936070E+00        -3.743998E-01        +3.389470E-02
3.932534E+00        -3.730407E-01        +3.377319E-02
3.929001E+00        -3.716890E-01        +3.365145E-02
3.925472E+00        -3.703475E-01        +3.353022E-02
3.921945E+00        -3.690082E-01        +3.340995E-02
3.918422E+00        -3.676693E-01        +3.328997E-02
3.914902E+00        -3.663376E-01        +3.316998E-02
3.911385E+00        -3.650085E-01        +3.305073E-02
3.907872E+00        -3.636872E-01        +3.293176E-02
3.904361E+00        -3.623754E-01        +3.281350E-02
3.900854E+00        -3.610664E-01        +3.269552E-02
3.897350E+00        -3.597575E-01        +3.257828E-02
3.893849E+00        -3.584559E-01        +3.246130E-02
3.890351E+00        -3.571568E-01        +3.234431E-02
3.886856E+00        -3.558650E-01        +3.222805E-02
3.883364E+00        -3.545759E-01        +3.211205E-02
3.879876E+00        -3.532944E-01        +3.199682E-02
3.876391E+00        -3.520155E-01        +3.188184E-02
3.872908E+00        -3.507361E-01        +3.176683E-02
3.869429E+00        -3.494645E-01        +3.165258E-02
3.865953E+00        -3.482028E-01        +3.153859E-02
3.862480E+00        -3.469437E-01        +3.142534E-02
3.859011E+00        -3.456849E-01        +3.131237E-02
3.855544E+00        -3.444331E-01        +3.120011E-02
3.852081E+00        -3.431842E-01        +3.108814E-02
3.848620E+00        -3.419423E-01        +3.097613E-02
3.845163E+00        -3.407033E-01        +3.086489E-02
3.841709E+00        -3.394717E-01        +3.075391E-02
3.838258E+00        -3.382427E-01        +3.064292E-02
3.834810E+00        -3.370210E-01        +3.053267E-02
3.831365E+00        -3.358019E-01        +3.042342E-02
3.827923E+00        -3.345827E-01        +3.031368E-02
3.824484E+00        -3.333709E-01        +3.020442E-02
3.821049E+00        -3.321620E-01        +3.009619E-02
3.817616E+00        -3.309601E-01        +2.998819E-02
3.814187E+00        -3.297612E-01        +2.988021E-02
3.810760E+00        -3.285693E-01        +2.977294E-02
3.807337E+00        -3.273803E-01        +2.966596E-02
3.803917E+00        -3.261912E-01        +2.955898E-02
3.800500E+00        -3.250096E-01        +2.945273E-02
3.797086E+00        -3.238305E-01        +2.934674E-02
3.793675E+00        -3.226588E-01        +2.924149E-02
3.790267E+00        -3.214896E-01        +2.913576E-02
3.786862E+00        -3.203279E-01        +2.903124E-02
3.783460E+00        -3.191687E-01        +2.892724E-02
3.780062E+00        -3.180098E-01        +2.882328E-02
3.776666E+00        -3.168580E-01        +2.871928E-02
3.773273E+00        -3.157161E-01        +2.861602E-02
3.769884E+00        -3.145698E-01        +2.851304E-02
3.766497E+00        -3.134279E-01        +2.841078E-02
3.763114E+00        -3.122964E-01        +2.830880E-02
3.759733E+00        -3.111671E-01        +2.820680E-02
3.756356E+00        -3.100381E-01        +2.810482E-02
3.752981E+00        -3.089161E-01        +2.800355E-02
3.749610E+00        -3.077971E-01        +2.790331E-02
3.746242E+00        -3.066781E-01        +2.780333E-02
3.742876E+00        -3.055661E-01        +2.770332E-02
3.739514E+00        -3.044644E-01        +2.760334E-02
3.736155E+00        -3.033580E-01        +2.750409E-02
3.732798E+00        -3.022560E-01        +2.740508E-02
3.729445E+00        -3.011643E-01        +2.730683E-02
3.726095E+00        -3.000753E-01        +2.720885E-02
3.722748E+00        -2.989862E-01        +2.711086E-02
3.719404E+00        -2.979045E-01        +2.701288E-02
3.716062E+00        -2.968251E-01        +2.691560E-02
3.712724E+00        -2.957460E-01        +2.681935E-02
3.709389E+00        -2.946743E-01        +2.672263E-02
3.706057E+00        -2.936125E-01        +2.662638E-02
3.702728E+00        -2.925461E-01        +2.653113E-02
3.699401E+00        -2.914841E-01        +2.643539E-02
3.696078E+00        -2.904323E-01        +2.634014E-02
3.692758E+00        -2.893759E-01        +2.624589E-02
3.689441E+00        -2.883315E-01        +2.615117E-02
3.686126E+00        -2.872848E-01        +2.605690E-02
3.682815E+00        -2.862431E-01        +2.596365E-02
3.679507E+00        -2.852040E-01        +2.587067E-02
3.676201E+00        -2.841720E-01        +2.577766E-02
3.672899E+00        -2.831430E-01        +2.568468E-02
3.669600E+00        -2.821213E-01        +2.559243E-02
3.666303E+00        -2.810946E-01        +2.550043E-02
3.663010E+00        -2.800803E-01        +2.540845E-02
3.659719E+00        -2.790636E-01        +2.531718E-02
3.656431E+00        -2.780516E-01        +2.522618E-02
3.653147E+00        -2.770427E-01        +2.513521E-02
3.649865E+00        -2.760407E-01        +2.504494E-02
3.646586E+00        -2.750415E-01        +2.495494E-02
3.643311E+00        -2.740425E-01        +2.486497E-02
3.640038E+00        -2.730506E-01        +2.477571E-02
3.636768E+00        -2.720614E-01        +2.468672E-02
3.633501E+00        -2.710722E-01        +2.459772E-02
3.630237E+00        -2.700904E-01        +2.450947E-02
3.626976E+00        -2.691112E-01        +2.442148E-02
3.623718E+00        -2.681394E-01        +2.433349E-02
3.620462E+00        -2.671700E-01        +2.424548E-02
3.617210E+00        -2.662009E-01        +2.415823E-02
3.613961E+00        -2.652318E-01        +2.407125E-02
3.610714E+00        -2.642698E-01        +2.398498E-02
3.607471E+00        -2.633107E-01        +2.389900E-02
3.604230E+00        -2.623588E-01        +2.381300E-02
3.600992E+00        -2.614095E-01        +2.372700E-02
3.597757E+00        -2.604602E-01        +2.364174E-02
3.594525E+00        -2.595183E-01        +2.355675E-02
3.591296E+00        -2.585791E-01        +2.347175E-02
3.588070E+00        -2.576400E-01        +2.338750E-02
3.584847E+00        -2.567081E-01        +2.330351E-02
3.581627E+00        -2.557790E-01        +2.321953E-02
3.578409E+00        -2.548496E-01        +2.313626E-02
3.575195E+00        -2.539279E-01        +2.305328E-02
3.571983E+00        -2.530012E-01        +2.297028E-02
3.568774E+00        -2.520866E-01        +2.288728E-02
3.565569E+00        -2.511703E-01        +2.280504E-02
3.562365E+00        -2.502581E-01        +2.272302E-02
3.559165E+00        -2.493563E-01        +2.264104E-02
3.555968E+00        -2.484498E-01        +2.255978E-02
3.552774E+00        -2.475480E-01        +2.247880E-02
3.549582E+00        -2.466559E-01        +2.239780E-02
3.546394E+00        -2.457596E-01        +2.231755E-02
3.543208E+00        -2.448676E-01        +2.223682E-02
3.540025E+00        -2.439783E-01        +2.215729E-02
3.536845E+00        -2.430964E-01        +2.207757E-02
3.533668E+00        -2.422172E-01        +2.199831E-02
3.530493E+00        -2.413378E-01        +2.191930E-02
3.527322E+00        -2.404587E-01        +2.184032E-02
3.524153E+00        -2.395867E-01        +2.176132E-02
3.520987E+00        -2.387174E-01        +2.168306E-02
3.517824E+00        -2.378554E-01        +2.160506E-02
3.514664E+00        -2.369962E-01        +2.152780E-02
3.511507E+00        -2.361370E-01        +2.145009E-02
3.508353E+00        -2.352779E-01        +2.137284E-02
3.505201E+00        -2.344258E-01        +2.129583E-02
3.502052E+00        -2.335765E-01        +2.121957E-02
3.498906E+00        -2.327273E-01        +2.114284E-02
3.495763E+00        -2.318853E-01        +2.106658E-02
3.492623E+00        -2.310389E-01        +2.099133E-02
3.489485E+00        -2.302040E-01        +2.091559E-02
3.486351E+00        -2.293677E-01        +2.084035E-02
3.483219E+00        -2.285357E-01        +2.076535E-02
3.480090E+00        -2.277064E-01        +2.069109E-02
3.476964E+00        -2.268845E-01        +2.061637E-02
3.473840E+00        -2.260578E-01        +2.054209E-02
3.470719E+00        -2.252357E-01        +2.046809E-02
3.467602E+00        -2.244239E-01        +2.039484E-02
3.464487E+00        -2.236074E-01        +2.032112E-02
3.461374E+00        -2.227952E-01        +2.024784E-02
3.458265E+00        -2.219860E-01        +2.017559E-02
3.455158E+00        -2.211839E-01        +2.010286E-02
3.452055E+00        -2.203848E-01        +2.003061E-02
3.448954E+00        -2.195856E-01        +1.995862E-02
3.445855E+00        -2.187861E-01        +1.988661E-02
3.442760E+00        -2.179942E-01        +1.981535E-02
3.439667E+00        -2.172049E-01        +1.974363E-02
3.436577E+00        -2.164155E-01        +1.967309E-02
3.433490E+00        -2.156263E-01        +1.960237E-02
3.430406E+00        -2.148444E-01        +1.953138E-02
3.427324E+00        -2.140650E-01        +1.946111E-02
3.424245E+00        -2.132929E-01        +1.939111E-02
3.421169E+00        -2.125164E-01        +1.932185E-02
3.418096E+00        -2.117444E-01        +1.925213E-02
3.415026E+00        -2.109753E-01        +1.918288E-02
3.411958E+00        -2.102132E-01        +1.911388E-02
3.408893E+00        -2.094539E-01        +1.904489E-02
3.405830E+00        -2.086944E-01        +1.897660E-02
3.402771E+00        -2.079352E-01        +1.890862E-02
3.399714E+00        -2.071831E-01        +1.884062E-02
3.396660E+00        -2.064266E-01        +1.877263E-02
3.393609E+00        -2.056746E-01        +1.870464E-02
3.390560E+00        -2.049324E-01        +1.863737E-02
3.387515E+00        -2.041861E-01        +1.857039E-02
3.384472E+00        -2.034440E-01        +1.850340E-02
3.381431E+00        -2.027118E-01        +1.843712E-02
3.378394E+00        -2.019754E-01        +1.837114E-02
3.375359E+00        -2.012433E-01        +1.830514E-02
3.372327E+00        -2.005140E-01        +1.823915E-02
3.369297E+00        -1.997846E-01        +1.817314E-02
3.366270E+00        -1.990552E-01        +1.810787E-02
3.363247E+00        -1.983333E-01        +1.804289E-02
3.360225E+00        -1.976138E-01        +1.797789E-02
3.357207E+00        -1.968946E-01        +1.791290E-02
3.354191E+00        -1.961825E-01        +1.784863E-02
3.351178E+00        -1.954732E-01        +1.778464E-02
3.348167E+00        -1.947638E-01        +1.772063E-02
3.345160E+00        -1.940546E-01        +1.765666E-02
3.342155E+00        -1.933525E-01        +1.759339E-02
3.339152E+00        -1.926530E-01        +1.752965E-02
3.336153E+00        -1.919538E-01        +1.746640E-02
3.333156E+00        -1.912545E-01        +1.740413E-02
3.330162E+00        -1.905625E-01        +1.734141E-02
3.327170E+00        -1.898658E-01        +1.727913E-02
3.324181E+00        -1.891809E-01        +1.721714E-02
3.321195E+00        -1.884943E-01        +1.715515E-02
3.318212E+00        -1.878124E-01        +1.709316E-02
3.315231E+00        -1.871257E-01        +1.703116E-02
3.312253E+00        -1.864509E-01        +1.696990E-02
3.309277E+00        -1.857742E-01        +1.690889E-02
3.306304E+00        -1.850948E-01        +1.684789E-02
3.303334E+00        -1.844227E-01        +1.678762E-02
3.300367E+00        -1.837535E-01        +1.672764E-02
3.297402E+00        -1.830913E-01        +1.666692E-02
3.294440E+00        -1.824247E-01        +1.660737E-02
3.291480E+00        -1.817625E-01        +1.654764E-02
3.288524E+00        -1.811033E-01        +1.648766E-02
3.285570E+00        -1.804440E-01        +1.642840E-02
3.282618E+00        -1.797917E-01        +1.636939E-02
3.279669E+00        -1.791351E-01        +1.631039E-02
3.276723E+00        -1.784830E-01        +1.625140E-02
3.273780E+00        -1.778410E-01        +1.619314E-02
3.270839E+00        -1.771944E-01        +1.613514E-02
3.267900E+00        -1.765521E-01        +1.607714E-02
3.264965E+00        -1.759056E-01        +1.601915E-02
3.262032E+00        -1.752707E-01        +1.596188E-02
3.259101E+00        -1.746340E-01        +1.590415E-02
3.256174E+00        -1.740020E-01        +1.584689E-02
3.253249E+00        -1.733654E-01        +1.578990E-02
3.250326E+00        -1.727331E-01        +1.573289E-02
3.247406E+00        -1.721109E-01        +1.567662E-02
3.244489E+00        -1.714844E-01        +1.561991E-02
3.241575E+00        -1.708624E-01        +1.556364E-02
3.238663E+00        -1.702430E-01        +1.550765E-02
3.235753E+00        -1.696235E-01        +1.545164E-02
3.232847E+00        -1.690042E-01        +1.539638E-02
3.229943E+00        -1.683921E-01        +1.534139E-02
3.227041E+00        -1.677826E-01        +1.528566E-02
3.224142E+00        -1.671732E-01        +1.523039E-02
3.221246E+00        -1.665639E-01        +1.517612E-02
3.218352E+00        -1.659617E-01        +1.512140E-02
3.215461E+00        -1.653623E-01        +1.506713E-02
3.212573E+00        -1.647558E-01        +1.501314E-02
3.209687E+00        -1.641608E-01        +1.495915E-02
3.206803E+00        -1.635641E-01        +1.490514E-02
3.203923E+00        -1.629720E-01        +1.485116E-02
3.201044E+00        -1.623753E-01        +1.479787E-02
3.198169E+00        -1.617832E-01        +1.474488E-02
3.195296E+00        -1.612010E-01        +1.469189E-02
3.192426E+00        -1.606145E-01        +1.463890E-02
3.189558E+00        -1.600322E-01        +1.458590E-02
3.186693E+00        -1.594529E-01        +1.453363E-02
3.183830E+00        -1.588734E-01        +1.448091E-02
3.180970E+00        -1.582940E-01        +1.442863E-02
3.178112E+00        -1.577217E-01        +1.437663E-02
3.175257E+00        -1.571451E-01        +1.432535E-02
3.172405E+00        -1.565730E-01        +1.427365E-02
3.169555E+00        -1.560035E-01        +1.422237E-02
3.166708E+00        -1.554414E-01        +1.417138E-02
3.163863E+00        -1.548747E-01        +1.412038E-02
3.161021E+00        -1.543125E-01        +1.406938E-02
3.158181E+00        -1.537530E-01        +1.401838E-02
3.155344E+00        -1.531936E-01        +1.396811E-02
3.152510E+00        -1.526343E-01        +1.391812E-02
3.149678E+00        -1.520821E-01        +1.386812E-02
3.146848E+00        -1.515326E-01        +1.381812E-02
3.144022E+00        -1.509761E-01        +1.376814E-02
3.141197E+00        -1.504309E-01        +1.371885E-02
3.138376E+00        -1.498845E-01        +1.366915E-02
3.135556E+00        -1.493421E-01        +1.361986E-02
3.132740E+00        -1.487957E-01        +1.357088E-02
3.129925E+00        -1.482532E-01        +1.352187E-02
3.127114E+00        -1.477140E-01        +1.347360E-02
3.124305E+00        -1.471817E-01        +1.342489E-02
3.121498E+00        -1.466451E-01        +1.337661E-02
3.118694E+00        -1.461128E-01        +1.332861E-02
3.115892E+00        -1.455833E-01        +1.328061E-02
3.113093E+00        -1.450539E-01        +1.323262E-02
3.110297E+00        -1.445246E-01        +1.318535E-02
3.107503E+00        -1.439951E-01        +1.313763E-02
3.104711E+00        -1.434728E-01        +1.309035E-02
3.101922E+00        -1.429534E-01        +1.304335E-02
3.099136E+00        -1.424340E-01        +1.299637E-02
3.096352E+00        -1.419146E-01        +1.294937E-02
3.093570E+00        -1.414022E-01        +1.290308E-02
3.090791E+00        -1.408856E-01        +1.285637E-02
3.088015E+00        -1.403734E-01        +1.281010E-02
3.085241E+00        -1.398640E-01        +1.276410E-02
3.082469E+00        -1.393545E-01        +1.271810E-02
3.079700E+00        -1.388522E-01        +1.267211E-02
3.076933E+00        -1.383455E-01        +1.262682E-02
3.074169E+00        -1.378432E-01        +1.258111E-02
3.071408E+00        -1.373439E-01        +1.253584E-02
3.068649E+00        -1.368445E-01        +1.249084E-02
3.065892E+00        -1.363449E-01        +1.244584E-02
3.063138E+00        -1.358455E-01        +1.240085E-02
3.060386E+00        -1.353532E-01        +1.235656E-02
3.057637E+00        -1.348637E-01        +1.231186E-02
3.054890E+00        -1.343742E-01        +1.226757E-02
3.052146E+00        -1.338848E-01        +1.222358E-02
3.049404E+00        -1.333953E-01        +1.217958E-02
3.046665E+00        -1.329131E-01        +1.213559E-02
3.043928E+00        -1.324265E-01        +1.209159E-02
3.041194E+00        -1.319442E-01        +1.204832E-02
3.038462E+00        -1.314648E-01        +1.200532E-02
3.035732E+00        -1.309852E-01        +1.196232E-02
3.033005E+00        -1.305129E-01        +1.191932E-02
3.030281E+00        -1.300364E-01        +1.187633E-02
3.027559E+00        -1.295641E-01        +1.183334E-02
3.024839E+00        -1.290946E-01        +1.179034E-02
3.022122E+00        -1.286252E-01        +1.174806E-02
3.019407E+00        -1.281557E-01        +1.170606E-02
3.016694E+00        -1.276932E-01        +1.166406E-02
3.013984E+00        -1.272266E-01        +1.162206E-02
3.011277E+00        -1.267644E-01        +1.158007E-02
3.008572E+00        -1.263049E-01        +1.153808E-02
3.005869E+00        -1.258454E-01        +1.149679E-02
3.003169E+00        -1.253860E-01        +1.145509E-02
3.000471E+00        -1.249265E-01        +1.141380E-02
2.997776E+00        -1.244742E-01        +1.137281E-02
2.995083E+00        -1.240247E-01        +1.133181E-02
2.992392E+00        -1.235751E-01        +1.129081E-02
2.989704E+00        -1.231257E-01        +1.125053E-02
2.987018E+00        -1.226761E-01        +1.120981E-02
2.984335E+00        -1.222267E-01        +1.116953E-02
2.981654E+00        -1.217843E-01        +1.112954E-02
2.978976E+00        -1.213378E-01        +1.108955E-02
2.976300E+00        -1.208954E-01        +1.104955E-02
2.973626E+00        -1.204559E-01        +1.100955E-02
2.970955E+00        -1.200236E-01        +1.097027E-02
2.968286E+00        -1.195870E-01        +1.093056E-02
2.965620E+00        -1.191475E-01        +1.089128E-02
2.962956E+00        -1.187152E-01        +1.085229E-02
2.960294E+00        -1.182856E-01        +1.081329E-02
2.957635E+00        -1.178562E-01        +1.077429E-02
2.954978E+00        -1.174267E-01        +1.073530E-02
2.952323E+00        -1.169971E-01        +1.069629E-02
2.949671E+00        -1.165747E-01        +1.065801E-02
2.947021E+00        -1.161481E-01        +1.061930E-02
2.944374E+00        -1.157258E-01        +1.058102E-02
2.941729E+00        -1.153063E-01        +1.054302E-02
2.939086E+00        -1.148867E-01        +1.050502E-02
2.936446E+00        -1.144672E-01        +1.046774E-02
2.933808E+00        -1.140477E-01        +1.043003E-02
2.931173E+00        -1.136354E-01        +1.039204E-02
2.928540E+00        -1.132259E-01        +1.035475E-02
2.925909E+00        -1.128093E-01        +1.031775E-02
2.923281E+00        -1.123969E-01        +1.028076E-02
2.920655E+00        -1.119874E-01        +1.024377E-02
2.918031E+00        -1.115850E-01        +1.020677E-02
2.915410E+00        -1.111784E-01        +1.016977E-02
2.912791E+00        -1.107689E-01        +1.013278E-02
2.910174E+00        -1.103664E-01        +1.009648E-02
2.907560E+00        -1.099670E-01        +1.006049E-02
2.904948E+00        -1.095674E-01        +1.002379E-02
2.902338E+00        -1.091679E-01        +9.987775E-03
2.899731E+00        -1.087684E-01        +9.951969E-03
2.897126E+00        -1.083759E-01        +9.916142E-03
2.894524E+00        -1.079794E-01        +9.880423E-03
2.891923E+00        -1.075869E-01        +9.844858E-03
2.889326E+00        -1.071975E-01        +9.809373E-03
2.886730E+00        -1.068079E-01        +9.774012E-03
2.884137E+00        -1.064184E-01        +9.738859E-03
2.881546E+00        -1.060289E-01        +9.703832E-03
2.878957E+00        -1.056464E-01        +9.668829E-03
2.876371E+00        -1.052598E-01        +9.633977E-03
2.873787E+00        -1.048773E-01        +9.599321E-03
2.871206E+00        -1.044979E-01        +9.564732E-03
2.868627E+00        -1.041113E-01        +9.530280E-03
2.866050E+00        -1.037359E-01        +9.495953E-03
2.863475E+00        -1.033593E-01        +9.461793E-03
2.860903E+00        -1.029798E-01        +9.427700E-03
2.858333E+00        -1.026074E-01        +9.393745E-03
2.855765E+00        -1.022307E-01        +9.359915E-03
2.853200E+00        -1.018583E-01        +9.326194E-03
2.850637E+00        -1.014888E-01        +9.292639E-03
2.848076E+00        -1.011192E-01        +9.259140E-03
2.845517E+00        -1.007496E-01        +9.225778E-03
2.842961E+00        -1.003872E-01        +9.192554E-03
2.840407E+00        -1.000206E-01        +9.159497E-03
2.837856E+00        -9.965464E-02        +9.126507E-03
2.835306E+00        -9.929142E-02        +9.093643E-03
2.832759E+00        -9.892959E-02        +9.060846E-03
2.830215E+00        -9.856956E-02        +9.028200E-03
2.827672E+00        -9.821065E-02        +8.995737E-03
2.825132E+00        -9.785284E-02        +8.963342E-03
2.822594E+00        -9.749598E-02        +8.931014E-03
2.820059E+00        -9.714094E-02        +8.898865E-03
2.817525E+00        -9.678700E-02        +8.866830E-03
2.814994E+00        -9.643488E-02        +8.834904E-03
2.812466E+00        -9.608344E-02        +8.803088E-03
2.809939E+00        -9.573323E-02        +8.771355E-03
2.807415E+00        -9.538513E-02        +8.739731E-03
2.804893E+00        -9.503757E-02        +8.708275E-03
2.802373E+00        -9.469139E-02        +8.676944E-03
2.799856E+00        -9.434660E-02        +8.645652E-03
2.797341E+00        -9.400278E-02        +8.614498E-03
2.794828E+00        -9.365992E-02        +8.583471E-03
2.792317E+00        -9.331873E-02        +8.552540E-03
2.789809E+00        -9.297893E-02        +8.521788E-03
2.787303E+00        -9.264010E-02        +8.491093E-03
2.784799E+00        -9.230294E-02        +8.460465E-03
2.782297E+00        -9.196633E-02        +8.430004E-03
2.779798E+00        -9.163123E-02        +8.399612E-03
2.777301E+00        -9.129740E-02        +8.369357E-03
2.774806E+00        -9.096524E-02        +8.339229E-03
2.772313E+00        -9.063363E-02        +8.309198E-03
2.769823E+00        -9.030354E-02        +8.279277E-03
2.767334E+00        -8.997387E-02        +8.249440E-03
2.764848E+00        -8.964641E-02        +8.219713E-03
2.762365E+00        -8.931994E-02        +8.190094E-03
2.759883E+00        -8.899402E-02        +8.160561E-03
2.757404E+00        -8.866989E-02        +8.131208E-03
2.754927E+00        -8.834703E-02        +8.101911E-03
2.752452E+00        -8.802514E-02        +8.072682E-03
2.749980E+00        -8.770436E-02        +8.043632E-03
2.747509E+00        -8.738441E-02        +8.014698E-03
2.745041E+00        -8.706556E-02        +7.985802E-03
2.742575E+00        -8.674838E-02        +7.957044E-03
2.740112E+00        -8.643261E-02        +7.928355E-03
2.737650E+00        -8.611767E-02        +7.899793E-03
2.735191E+00        -8.580384E-02        +7.871369E-03
2.732734E+00        -8.549097E-02        +7.842972E-03
2.730279E+00        -8.517909E-02        +7.814714E-03
2.727826E+00        -8.486817E-02        +7.786583E-03
2.725376E+00        -8.455906E-02        +7.758491E-03
2.722928E+00        -8.425122E-02        +7.730537E-03
2.720481E+00        -8.394422E-02        +7.702699E-03
2.718038E+00        -8.363775E-02        +7.674981E-03
2.715596E+00        -8.333253E-02        +7.647280E-03
2.713157E+00        -8.302941E-02        +7.619728E-03
2.710719E+00        -8.272674E-02        +7.592293E-03
2.708284E+00        -8.242488E-02        +7.564967E-03
2.705851E+00        -8.212398E-02        +7.537668E-03
2.703421E+00        -8.182489E-02        +7.510519E-03
2.700992E+00        -8.152625E-02        +7.483487E-03
2.698566E+00        -8.122911E-02        +7.456493E-03
2.696142E+00        -8.093325E-02        +7.429638E-03
2.693720E+00        -8.063836E-02        +7.402910E-03
2.691300E+00        -8.034375E-02        +7.376211E-03
2.688882E+00        -8.005052E-02        +7.349650E-03
2.686467E+00        -7.975868E-02        +7.323157E-03
2.684053E+00        -7.946841E-02        +7.296722E-03
2.681642E+00        -7.917884E-02        +7.270466E-03
2.679233E+00        -7.888995E-02        +7.244268E-03
2.676826E+00        -7.860203E-02        +7.218139E-03
2.674422E+00        -7.831522E-02        +7.192118E-03
2.672019E+00        -7.802925E-02        +7.166255E-03
2.669619E+00        -7.774510E-02        +7.140461E-03
2.667221E+00        -7.746152E-02        +7.114665E-03
2.664825E+00        -7.717933E-02        +7.089008E-03
2.662431E+00        -7.689771E-02        +7.063479E-03
2.660039E+00        -7.661678E-02        +7.038048E-03
2.657650E+00        -7.633765E-02        +7.012726E-03
2.655262E+00        -7.605898E-02        +6.987422E-03
2.652877E+00        -7.578181E-02        +6.962268E-03
2.650494E+00        -7.550522E-02        +6.937171E-03
2.648113E+00        -7.523002E-02        +6.912143E-03
2.645734E+00        -7.495539E-02        +6.887214E-03
2.643357E+00        -7.468215E-02        +6.862383E-03
2.640983E+00        -7.440962E-02        +6.837662E-03
2.638610E+00        -7.413765E-02        +6.813028E-03
2.636240E+00        -7.386748E-02        +6.788503E-03
2.633872E+00        -7.359789E-02        +6.764077E-03
2.631506E+00        -7.332969E-02        +6.739680E-03
2.629142E+00        -7.306207E-02        +6.715352E-03
2.626780E+00        -7.279514E-02        +6.691192E-03
2.624420E+00        -7.252989E-02        +6.667091E-03
2.622063E+00        -7.226534E-02        +6.643069E-03
2.619707E+00        -7.200137E-02        +6.619065E-03
2.617354E+00        -7.173849E-02        +6.595210E-03
2.615003E+00        -7.147659E-02        +6.571485E-03
2.612654E+00        -7.121569E-02        +6.547788E-03
2.610307E+00        -7.095578E-02        +6.524160E-03
2.607962E+00        -7.069685E-02        +6.500631E-03
2.605619E+00        -7.043890E-02        +6.477200E-03
2.603279E+00        -7.018205E-02        +6.453879E-03
2.600940E+00        -6.992609E-02        +6.430647E-03
2.598603E+00        -6.967111E-02        +6.407444E-03
2.596269E+00        -6.941653E-02        +6.384389E-03
2.593937E+00        -6.916333E-02        +6.361394E-03
2.591607E+00        -6.891074E-02        +6.338467E-03
2.589279E+00        -6.865951E-02        +6.315571E-03
2.586953E+00        -6.840890E-02        +6.292812E-03
2.584629E+00        -6.815896E-02        +6.270113E-03
2.582307E+00        -6.791001E-02        +6.247553E-03
2.579987E+00        -6.766205E-02        +6.225052E-03
2.577670E+00        -6.741520E-02        +6.202561E-03
2.575354E+00        -6.716921E-02        +6.180198E-03
2.573040E+00        -6.692354E-02        +6.157965E-03
2.570729E+00        -6.667935E-02        +6.135771E-03
2.568420E+00        -6.643575E-02        +6.113646E-03
2.566112E+00        -6.619343E-02        +6.091610E-03
2.563807E+00        -6.595183E-02        +6.069614E-03
2.561504E+00        -6.571090E-02        +6.047756E-03
2.559203E+00        -6.547097E-02        +6.025959E-03
2.556904E+00        -6.523203E-02        +6.004230E-03
2.554607E+00        -6.499409E-02        +5.982601E-03
2.552312E+00        -6.475644E-02        +5.961001E-03
2.550020E+00        -6.452028E-02        +5.939550E-03
2.547729E+00        -6.428461E-02        +5.918149E-03
2.545440E+00        -6.404963E-02        +5.896818E-03
2.543154E+00        -6.381576E-02        +5.875526E-03
2.540869E+00        -6.358278E-02        +5.854362E-03
2.538587E+00        -6.335088E-02        +5.833269E-03
2.536306E+00        -6.311919E-02        +5.812235E-03
2.534028E+00        -6.288898E-02        +5.791311E-03
2.531751E+00        -6.265927E-02        +5.770407E-03
2.529477E+00        -6.243036E-02        +5.749581E-03
2.527205E+00        -6.220244E-02        +5.728855E-03
2.524935E+00        -6.197482E-02        +5.708228E-03
2.522666E+00        -6.174848E-02        +5.687623E-03
2.520400E+00        -6.152286E-02        +5.667096E-03
2.518136E+00        -6.129792E-02        +5.646668E-03
2.515874E+00        -6.107397E-02        +5.626340E-03
2.513614E+00        -6.085103E-02        +5.606043E-03
2.511356E+00        -6.062908E-02        +5.585814E-03
2.509100E+00        -6.040743E-02        +5.565685E-03
2.506846E+00        -6.018647E-02        +5.545656E-03
2.504594E+00        -5.996652E-02        +5.525658E-03
2.502344E+00        -5.974755E-02        +5.505728E-03
2.500096E+00        -5.952958E-02        +5.485898E-03
2.497850E+00        -5.931192E-02        +5.466099E-03
2.495607E+00        -5.909505E-02        +5.446378E-03
2.493365E+00        -5.887908E-02        +5.426748E-03
2.491125E+00        -5.866410E-02        +5.407217E-03
2.488887E+00        -5.844943E-02        +5.387718E-03
2.486651E+00        -5.823614E-02        +5.368287E-03
2.484417E+00        -5.802347E-02        +5.348887E-03
2.482186E+00        -5.781158E-02        +5.329634E-03
2.479956E+00        -5.759990E-02        +5.310434E-03
2.477728E+00        -5.738961E-02        +5.291234E-03
2.475502E+00        -5.717994E-02        +5.272173E-03
2.473279E+00        -5.697104E-02        +5.253181E-03
2.471057E+00        -5.676236E-02        +5.234250E-03
2.468837E+00        -5.655507E-02        +5.215350E-03
2.466619E+00        -5.634839E-02        +5.196520E-03
2.464403E+00        -5.614240E-02        +5.177789E-03
2.462190E+00        -5.593751E-02        +5.159167E-03
2.459978E+00        -5.573283E-02        +5.140567E-03
2.457768E+00        -5.552885E-02        +5.122036E-03
2.455560E+00        -5.532586E-02        +5.103537E-03
2.453354E+00        -5.512387E-02        +5.085107E-03
2.451150E+00        -5.492220E-02        +5.066777E-03
2.448948E+00        -5.472122E-02        +5.048478E-03
2.446748E+00        -5.452124E-02        +5.030317E-03
2.444550E+00        -5.432226E-02        +5.012149E-03
2.442354E+00        -5.412359E-02        +4.994089E-03
2.440160E+00        -5.392561E-02        +4.976091E-03
2.437968E+00        -5.372864E-02        +4.958162E-03
2.435778E+00        -5.353198E-02        +4.940264E-03
2.433590E+00        -5.333601E-02        +4.922436E-03
2.431404E+00        -5.314104E-02        +4.904707E-03
2.429220E+00        -5.294707E-02        +4.887010E-03
2.427038E+00        -5.275342E-02        +4.869383E-03
2.424858E+00        -5.256046E-02        +4.851855E-03
2.422679E+00        -5.236841E-02        +4.834351E-03
2.420503E+00        -5.217676E-02        +4.816925E-03
2.418329E+00        -5.198581E-02        +4.799529E-03
2.416156E+00        -5.179578E-02        +4.782195E-03
2.413986E+00        -5.160615E-02        +4.764970E-03
2.411817E+00        -5.141712E-02        +4.747768E-03
2.409651E+00        -5.122918E-02        +4.730643E-03
2.407486E+00        -5.104216E-02        +4.713541E-03
2.405323E+00        -5.085545E-02        +4.696578E-03
2.403162E+00        -5.066944E-02        +4.679609E-03
2.401004E+00        -5.048383E-02        +4.662754E-03
2.398847E+00        -5.029882E-02        +4.645955E-03
2.396692E+00        -5.011482E-02        +4.629156E-03
2.394539E+00        -4.993183E-02        +4.612495E-03
2.392388E+00        -4.974916E-02        +4.595828E-03
2.390239E+00        -4.956717E-02        +4.579268E-03
2.388092E+00        -4.938619E-02        +4.562771E-03
2.385946E+00        -4.920544E-02        +4.546267E-03
2.383803E+00        -4.902547E-02        +4.529909E-03
2.381662E+00        -4.884582E-02        +4.513545E-03
2.379522E+00        -4.866679E-02        +4.497280E-03
2.377384E+00        -4.848875E-02        +4.481078E-03
2.375249E+00        -4.831180E-02        +4.464885E-03
2.373115E+00        -4.813510E-02        +4.448753E-03
2.370983E+00        -4.795839E-02        +4.432722E-03
2.368853E+00        -4.778306E-02        +4.416723E-03
2.366725E+00        -4.760837E-02        +4.400793E-03
2.364599E+00        -4.743369E-02        +4.384895E-03
2.362475E+00        -4.726038E-02        +4.369066E-03
2.360353E+00        -4.708772E-02        +4.353338E-03
2.358233E+00        -4.691505E-02        +4.337642E-03
2.356114E+00        -4.674300E-02        +4.322008E-03
2.353998E+00        -4.657204E-02        +4.306414E-03
2.351883E+00        -4.640200E-02        +4.290881E-03
2.349770E+00        -4.623229E-02        +4.275380E-03
2.347659E+00        -4.606258E-02        +4.259949E-03
2.345551E+00        -4.589432E-02        +4.244626E-03
2.343443E+00        -4.572655E-02        +4.229321E-03
2.341338E+00        -4.555887E-02        +4.214023E-03
2.339235E+00        -4.539188E-02        +4.198795E-03
2.337134E+00        -4.522590E-02        +4.183668E-03
2.335034E+00        -4.506016E-02        +4.168566E-03
2.332937E+00        -4.489519E-02        +4.153540E-03
2.330841E+00        -4.473047E-02        +4.138539E-03
2.328747E+00        -4.456713E-02        +4.123608E-03
2.326655E+00        -4.440373E-02        +4.108709E-03
2.324565E+00        -4.424141E-02        +4.093880E-03
2.322477E+00        -4.407904E-02        +4.079151E-03
2.320391E+00        -4.391773E-02        +4.064455E-03
2.318306E+00        -4.375698E-02        +4.049752E-03
2.316224E+00        -4.359701E-02        +4.035126E-03
2.314143E+00        -4.343728E-02        +4.020594E-03
2.312064E+00        -4.327824E-02        +4.006094E-03
2.309987E+00        -4.311954E-02        +3.991595E-03
2.307912E+00        -4.296152E-02        +3.977234E-03
2.305839E+00        -4.280452E-02        +3.962869E-03
2.303767E+00        -4.264777E-02        +3.948534E-03
2.301698E+00        -4.249110E-02        +3.934307E-03
2.299630E+00        -4.233573E-02        +3.920106E-03
2.297564E+00        -4.218032E-02        +3.905974E-03
2.295500E+00        -4.202597E-02        +3.891875E-03
2.293438E+00        -4.187227E-02        +3.877846E-03
2.291378E+00        -4.171858E-02        +3.863849E-03
2.289320E+00        -4.156558E-02        +3.849921E-03
2.287263E+00        -4.141352E-02        +3.836019E-03
2.285208E+00        -4.126178E-02        +3.822187E-03
2.283156E+00        -4.111081E-02        +3.808394E-03
2.281105E+00        -4.096010E-02        +3.794663E-03
2.279056E+00        -4.081008E-02        +3.780965E-03
2.277008E+00        -4.066031E-02        +3.767330E-03
2.274963E+00        -4.051132E-02        +3.753735E-03
2.272919E+00        -4.036257E-02        +3.740134E-03
2.270877E+00        -4.021521E-02        +3.726670E-03
2.268837E+00        -4.006781E-02        +3.713203E-03
2.266799E+00        -3.992078E-02        +3.699773E-03
2.264763E+00        -3.977476E-02        +3.686445E-03
2.262728E+00        -3.962901E-02        +3.673143E-03
2.260696E+00        -3.948334E-02        +3.659916E-03
2.258665E+00        -3.933896E-02        +3.646716E-03
2.256636E+00        -3.919456E-02        +3.633518E-03
2.254609E+00        -3.905053E-02        +3.620388E-03
2.252583E+00        -3.890745E-02        +3.607353E-03
2.250560E+00        -3.876545E-02        +3.594290E-03
2.248538E+00        -3.862303E-02        +3.581326E-03
2.246518E+00        -3.848166E-02        +3.568426E-03
2.244500E+00        -3.834094E-02        +3.555528E-03
2.242484E+00        -3.820023E-02        +3.542699E-03
2.240469E+00        -3.806015E-02        +3.529897E-03
2.238457E+00        -3.792047E-02        +3.517170E-03
2.236446E+00        -3.778142E-02        +3.504470E-03
2.234437E+00        -3.764269E-02        +3.491840E-03
2.232430E+00        -3.750466E-02        +3.479243E-03
2.230424E+00        -3.736690E-02        +3.466640E-03
2.228421E+00        -3.722989E-02        +3.454113E-03
2.226419E+00        -3.709383E-02        +3.441681E-03
2.224419E+00        -3.695810E-02        +3.429283E-03
2.222421E+00        -3.682239E-02        +3.416885E-03
2.220424E+00        -3.668729E-02        +3.404551E-03
2.218430E+00        -3.655261E-02        +3.392256E-03
2.216437E+00        -3.641855E-02        +3.380024E-03
2.214446E+00        -3.628482E-02        +3.367826E-03
2.212456E+00        -3.615172E-02        +3.355623E-03
2.210469E+00        -3.601902E-02        +3.343495E-03
2.208483E+00        -3.588695E-02        +3.331462E-03
2.206499E+00        -3.575521E-02        +3.319463E-03
2.204517E+00        -3.562416E-02        +3.307465E-03
2.202537E+00        -3.549344E-02        +3.295536E-03
2.200558E+00        -3.536336E-02        +3.283634E-03
2.198581E+00        -3.523362E-02        +3.271734E-03
2.196606E+00        -3.510456E-02        +3.259903E-03
2.194633E+00        -3.497584E-02        +3.248174E-03
2.192662E+00        -3.484781E-02        +3.236478E-03
2.190692E+00        -3.471937E-02        +3.224777E-03
2.188724E+00        -3.459199E-02        +3.213146E-03
2.186758E+00        -3.446526E-02        +3.201548E-03
2.184793E+00        -3.433848E-02        +3.189945E-03
2.182831E+00        -3.421246E-02        +3.178418E-03
2.180870E+00        -3.408739E-02        +3.166918E-03
2.178911E+00        -3.396198E-02        +3.155488E-03
2.176953E+00        -3.383755E-02        +3.144085E-03
2.174998E+00        -3.371317E-02        +3.132758E-03
2.173044E+00        -3.358977E-02        +3.121458E-03
2.171092E+00        -3.346635E-02        +3.110227E-03
2.169142E+00        -3.334331E-02        +3.098962E-03
2.167193E+00        -3.322121E-02        +3.087729E-03
2.165246E+00        -3.309946E-02        +3.076596E-03
2.163301E+00        -3.297771E-02        +3.065498E-03
2.161358E+00        -3.285667E-02        +3.054401E-03
2.159416E+00        -3.273590E-02        +3.043367E-03
2.157476E+00        -3.261582E-02        +3.032435E-03
2.155538E+00        -3.249607E-02        +3.021469E-03
2.153602E+00        -3.237702E-02        +3.010540E-03
2.151667E+00        -3.225825E-02        +2.999706E-03
2.149734E+00        -3.213950E-02        +2.988839E-03
2.147803E+00        -3.202143E-02        +2.978008E-03
2.145874E+00        -3.190371E-02        +2.967279E-03
2.143946E+00        -3.178662E-02        +2.956578E-03
2.142020E+00        -3.166986E-02        +2.945879E-03
2.140096E+00        -3.155380E-02        +2.935249E-03
2.138174E+00        -3.143807E-02        +2.924652E-03
2.136253E+00        -3.132231E-02        +2.914120E-03
2.134334E+00        -3.120723E-02        +2.903621E-03
2.132417E+00        -3.109317E-02        +2.893124E-03
2.130501E+00        -3.097872E-02        +2.882622E-03
2.128587E+00        -3.086463E-02        +2.872190E-03
2.126675E+00        -3.075156E-02        +2.861859E-03
2.124764E+00        -3.063877E-02        +2.851490E-03
2.122856E+00        -3.052606E-02        +2.841229E-03
2.120949E+00        -3.041398E-02        +2.830963E-03
2.119044E+00        -3.030224E-02        +2.820733E-03
2.117140E+00        -3.019113E-02        +2.810532E-03
2.115238E+00        -3.008036E-02        +2.800399E-03
2.113338E+00        -2.996961E-02        +2.790301E-03
2.111439E+00        -2.985950E-02        +2.780199E-03
2.109543E+00        -2.974978E-02        +2.770171E-03
2.107648E+00        -2.964070E-02        +2.760173E-03
2.105754E+00        -2.953190E-02        +2.750170E-03
2.103863E+00        -2.942317E-02        +2.740242E-03
2.101973E+00        -2.931508E-02        +2.730342E-03
2.100085E+00        -2.920734E-02        +2.720512E-03
2.098198E+00        -2.910023E-02        +2.710643E-03
2.096313E+00        -2.899278E-02        +2.700878E-03
2.094430E+00        -2.888637E-02        +2.691112E-03
2.092549E+00        -2.877996E-02        +2.681383E-03
2.090669E+00        -2.867453E-02        +2.671683E-03
2.088791E+00        -2.856910E-02        +2.662051E-03
2.086914E+00        -2.846397E-02        +2.652449E-03
2.085040E+00        -2.835925E-02        +2.642854E-03
2.083167E+00        -2.825515E-02        +2.633322E-03
2.081295E+00        -2.815135E-02        +2.623819E-03
2.079426E+00        -2.804762E-02        +2.614324E-03
2.077558E+00        -2.794452E-02        +2.604825E-03
2.075691E+00        -2.784172E-02        +2.595456E-03
2.073827E+00        -2.773966E-02        +2.586093E-03
2.071964E+00        -2.763789E-02        +2.576694E-03
2.070102E+00        -2.753608E-02        +2.567358E-03
2.068243E+00        -2.743501E-02        +2.558129E-03
2.066385E+00        -2.733424E-02        +2.548930E-03
2.064529E+00        -2.723349E-02        +2.539732E-03
2.062674E+00        -2.713336E-02        +2.530531E-03
2.060821E+00        -2.703359E-02        +2.521332E-03
2.058970E+00        -2.693451E-02        +2.512268E-03
2.057120E+00        -2.683504E-02        +2.503200E-03
2.055272E+00        -2.673594E-02        +2.494168E-03
2.053426E+00        -2.663785E-02        +2.485103E-03
2.051581E+00        -2.654006E-02        +2.476136E-03
2.049738E+00        -2.644228E-02        +2.467170E-03
2.047897E+00        -2.634519E-02        +2.458239E-03
2.046057E+00        -2.624840E-02        +2.449405E-03
2.044219E+00        -2.615163E-02        +2.440539E-03
2.042383E+00        -2.605554E-02        +2.431709E-03
2.040548E+00        -2.595975E-02        +2.422908E-03
2.038715E+00        -2.586398E-02        +2.414176E-03
2.036884E+00        -2.576889E-02        +2.405479E-03
2.035054E+00        -2.567410E-02        +2.396779E-03
2.033226E+00        -2.558000E-02        +2.388080E-03
2.031400E+00        -2.548625E-02        +2.379450E-03
2.029575E+00        -2.539246E-02        +2.370851E-03
2.027752E+00        -2.529869E-02        +2.362252E-03
2.025930E+00        -2.520556E-02        +2.353718E-03
2.024110E+00        -2.511278E-02        +2.345218E-03
2.022292E+00        -2.502001E-02        +2.336788E-03
2.020475E+00        -2.492788E-02        +2.328320E-03
2.018660E+00        -2.483610E-02        +2.319888E-03
2.016847E+00        -2.474501E-02        +2.311490E-03
2.015035E+00        -2.465422E-02        +2.303157E-03
2.013225E+00        -2.456344E-02        +2.294858E-03
2.011416E+00        -2.447263E-02        +2.286557E-03
2.009609E+00        -2.438251E-02        +2.278257E-03
2.007804E+00        -2.429274E-02        +2.270026E-03
2.006000E+00        -2.420361E-02        +2.261825E-03
2.004198E+00        -2.411482E-02        +2.253626E-03
2.002398E+00        -2.402606E-02        +2.245496E-03
2.000599E+00        -2.393726E-02        +2.237395E-03
1.998802E+00        -2.384915E-02        +2.229297E-03
1.997007E+00        -2.376139E-02        +2.221267E-03
1.995213E+00        -2.367427E-02        +2.213201E-03
1.993420E+00        -2.358678E-02        +2.205232E-03
1.991630E+00        -2.349970E-02        +2.197269E-03
1.989840E+00        -2.341353E-02        +2.189333E-03
1.988053E+00        -2.332710E-02        +2.181436E-03
1.986267E+00        -2.324098E-02        +2.173536E-03
1.984483E+00        -2.315587E-02        +2.165638E-03
1.982700E+00        -2.307040E-02        +2.157804E-03
1.980919E+00        -2.298528E-02        +2.150006E-03
1.979139E+00        -2.290046E-02        +2.142204E-03
1.977362E+00        -2.281638E-02        +2.134475E-03
1.975585E+00        -2.273256E-02        +2.126773E-03
1.973811E+00        -2.264880E-02        +2.119077E-03
1.972037E+00        -2.256563E-02        +2.111440E-03
1.970266E+00        -2.248220E-02        +2.103777E-03
1.968496E+00        -2.239906E-02        +2.096144E-03
1.966728E+00        -2.231695E-02        +2.088612E-03
1.964961E+00        -2.223448E-02        +2.081046E-03
1.963196E+00        -2.215236E-02        +2.073513E-03
1.961432E+00        -2.207121E-02        +2.066012E-03
1.959670E+00        -2.198975E-02        +2.058580E-03
1.957910E+00        -2.190864E-02        +2.051115E-03
1.956151E+00        -2.182783E-02        +2.043682E-03
1.954394E+00        -2.174771E-02        +2.036284E-03
1.952638E+00        -2.166790E-02        +2.028950E-03
1.950884E+00        -2.158811E-02        +2.021584E-03
1.949131E+00        -2.150829E-02        +2.014249E-03
1.947381E+00        -2.142920E-02        +2.007020E-03
1.945631E+00        -2.134971E-02        +1.999752E-03
1.943883E+00        -2.127123E-02        +1.992518E-03
1.942137E+00        -2.119277E-02        +1.985320E-03
1.940393E+00        -2.111467E-02        +1.978123E-03
1.938649E+00        -2.103683E-02        +1.970987E-03
1.936908E+00        -2.095905E-02        +1.963889E-03
1.935168E+00        -2.088191E-02        +1.956790E-03
1.933430E+00        -2.080513E-02        +1.949692E-03
1.931693E+00        -2.072832E-02        +1.942592E-03
1.929957E+00        -2.065215E-02        +1.935556E-03
1.928224E+00        -2.057572E-02        +1.928560E-03
1.926492E+00        -2.049958E-02        +1.921628E-03
1.924761E+00        -2.042443E-02        +1.914660E-03
1.923032E+00        -2.034896E-02        +1.907727E-03
1.921304E+00        -2.027380E-02        +1.900826E-03
1.919579E+00        -2.019903E-02        +1.893931E-03
1.917854E+00        -2.012487E-02        +1.887095E-03
1.916131E+00        -2.005039E-02        +1.880295E-03
1.914410E+00        -1.997626E-02        +1.873497E-03
1.912690E+00        -1.990244E-02        +1.866697E-03
1.910972E+00        -1.982931E-02        +1.859964E-03
1.909255E+00        -1.975649E-02        +1.853264E-03
1.907540E+00        -1.968369E-02        +1.846565E-03
1.905827E+00        -1.961090E-02        +1.839868E-03
1.904115E+00        -1.953876E-02        +1.833168E-03
1.902404E+00        -1.946627E-02        +1.826533E-03
1.900695E+00        -1.939478E-02        +1.819934E-03
1.898988E+00        -1.932333E-02        +1.813336E-03
1.897282E+00        -1.925152E-02        +1.806802E-03
1.895578E+00        -1.918038E-02        +1.800305E-03
1.893875E+00        -1.910957E-02        +1.793804E-03
1.892173E+00        -1.903939E-02        +1.787302E-03
1.890474E+00        -1.896961E-02        +1.780806E-03
1.888775E+00        -1.889911E-02        +1.774370E-03
1.887079E+00        -1.882965E-02        +1.767973E-03
1.885384E+00        -1.876018E-02        +1.761575E-03
1.883690E+00        -1.869102E-02        +1.755174E-03
1.881998E+00        -1.862221E-02        +1.748841E-03
1.880307E+00        -1.855338E-02        +1.742474E-03
1.878618E+00        -1.848457E-02        +1.736141E-03
1.876930E+00        -1.841640E-02        +1.729907E-03
1.875244E+00        -1.834859E-02        +1.723641E-03
1.873560E+00        -1.828080E-02        +1.717410E-03
1.871877E+00        -1.821299E-02        +1.711211E-03
1.870195E+00        -1.814581E-02        +1.705010E-03
1.868515E+00        -1.807900E-02        +1.698811E-03
1.866837E+00        -1.801220E-02        +1.692679E-03
1.865160E+00        -1.794539E-02        +1.686580E-03
1.863484E+00        -1.787921E-02        +1.680479E-03
1.861810E+00        -1.781339E-02        +1.674379E-03
1.860138E+00        -1.774760E-02        +1.668282E-03
1.858467E+00        -1.768178E-02        +1.662248E-03
1.856797E+00        -1.761660E-02        +1.656247E-03
1.855129E+00        -1.755178E-02        +1.650247E-03
1.853463E+00        -1.748698E-02        +1.644316E-03
1.851798E+00        -1.742216E-02        +1.638350E-03
1.850134E+00        -1.735798E-02        +1.632415E-03
1.848472E+00        -1.729416E-02        +1.626516E-03
1.846812E+00        -1.723036E-02        +1.620618E-03
1.845153E+00        -1.716654E-02        +1.614719E-03
1.843495E+00        -1.710270E-02        +1.608883E-03
1.841839E+00        -1.703954E-02        +1.603084E-03
1.840184E+00        -1.697670E-02        +1.597283E-03
1.838531E+00        -1.691388E-02        +1.591484E-03
1.836880E+00        -1.685174E-02        +1.585752E-03
1.835230E+00        -1.678926E-02        +1.579987E-03
1.833581E+00        -1.672708E-02        +1.574252E-03
1.831934E+00        -1.666527E-02        +1.568553E-03
1.830288E+00        -1.660409E-02        +1.562853E-03
1.828644E+00        -1.654261E-02        +1.557220E-03
1.827001E+00        -1.648143E-02        +1.551619E-03
1.825360E+00        -1.642062E-02        +1.545955E-03
1.823720E+00        -1.635978E-02        +1.540386E-03
1.822082E+00        -1.629963E-02        +1.534822E-03
1.820445E+00        -1.623914E-02        +1.529222E-03
1.818810E+00        -1.617898E-02        +1.523689E-03
1.817176E+00        -1.611915E-02        +1.518189E-03
1.815544E+00        -1.605999E-02        +1.512691E-03
1.813913E+00        -1.600050E-02        +1.507191E-03
1.812283E+00        -1.594131E-02        +1.501756E-03
1.810655E+00        -1.588249E-02        +1.496356E-03
1.809029E+00        -1.582368E-02        +1.490959E-03
1.807404E+00        -1.576485E-02        +1.485494E-03
1.805780E+00        -1.570667E-02        +1.480124E-03
1.804158E+00        -1.564884E-02        +1.474760E-03
1.802537E+00        -1.559100E-02        +1.469425E-03
1.800918E+00        -1.553318E-02        +1.464126E-03
1.799300E+00        -1.547600E-02        +1.458826E-03
1.797684E+00        -1.541852E-02        +1.453528E-03
1.796069E+00        -1.536134E-02        +1.448228E-03
1.794456E+00        -1.530453E-02        +1.442995E-03
1.792844E+00        -1.524770E-02        +1.437796E-03
1.791233E+00        -1.519150E-02        +1.432595E-03
1.789624E+00        -1.513567E-02        +1.427396E-03
1.788016E+00        -1.507983E-02        +1.422195E-03
1.786410E+00        -1.502400E-02        +1.417062E-03
1.784805E+00        -1.496816E-02        +1.411961E-03
1.783202E+00        -1.491299E-02        +1.406863E-03
1.781600E+00        -1.485750E-02        +1.401763E-03
1.780000E+00        -1.480234E-02        +1.396665E-03
1.778401E+00        -1.474750E-02        +1.391565E-03
1.776803E+00        -1.469331E-02        +1.386530E-03
1.775207E+00        -1.463882E-02        +1.381531E-03
1.773612E+00        -1.458463E-02        +1.376530E-03
1.772019E+00        -1.453080E-02        +1.371532E-03
1.770427E+00        -1.447696E-02        +1.366597E-03
1.768837E+00        -1.442314E-02        +1.361634E-03
1.767248E+00        -1.436995E-02        +1.356699E-03
1.765660E+00        -1.431710E-02        +1.351798E-03
1.764074E+00        -1.426427E-02        +1.346899E-03
1.762489E+00        -1.421142E-02        +1.341999E-03
1.760906E+00        -1.415859E-02        +1.337165E-03
1.759324E+00        -1.410575E-02        +1.332300E-03
1.757744E+00        -1.405358E-02        +1.327467E-03
1.756165E+00        -1.400174E-02        +1.322668E-03
1.754587E+00        -1.394988E-02        +1.317867E-03
1.753011E+00        -1.389805E-02        +1.313068E-03
1.751436E+00        -1.384685E-02        +1.308333E-03
1.749863E+00        -1.379537E-02        +1.303635E-03
1.748291E+00        -1.374418E-02        +1.298869E-03
1.746721E+00        -1.369336E-02        +1.294137E-03
1.745151E+00        -1.364249E-02        +1.289500E-03
1.743584E+00        -1.359232E-02        +1.284837E-03
1.742017E+00        -1.354180E-02        +1.280135E-03
1.740453E+00        -1.349164E-02        +1.275504E-03
1.738889E+00        -1.344178E-02        +1.270903E-03
1.737327E+00        -1.339194E-02        +1.266303E-03
1.735766E+00        -1.334209E-02        +1.261703E-03
1.734207E+00        -1.329290E-02        +1.257104E-03
1.732649E+00        -1.324405E-02        +1.252569E-03
1.731093E+00        -1.319457E-02        +1.248071E-03
1.729538E+00        -1.314538E-02        +1.243507E-03
1.727984E+00        -1.309718E-02        +1.238971E-03
1.726432E+00        -1.304869E-02        +1.234538E-03
1.724881E+00        -1.300049E-02        +1.230073E-03
1.723331E+00        -1.295198E-02        +1.225571E-03
1.721783E+00        -1.290379E-02        +1.221137E-03
1.720237E+00        -1.285596E-02        +1.216740E-03
1.718691E+00        -1.280875E-02        +1.212338E-03
1.717147E+00        -1.276124E-02        +1.207938E-03
1.715605E+00        -1.271406E-02        +1.203540E-03
1.714064E+00        -1.266657E-02        +1.199141E-03
1.712524E+00        -1.261937E-02        +1.194806E-03
1.710986E+00        -1.257253E-02        +1.190508E-03
1.709449E+00        -1.252633E-02        +1.186208E-03
1.707913E+00        -1.247982E-02        +1.181907E-03
1.706379E+00        -1.243363E-02        +1.177609E-03
1.704846E+00        -1.238778E-02        +1.173309E-03
1.703314E+00        -1.234191E-02        +1.169073E-03
1.701784E+00        -1.229606E-02        +1.164873E-03
1.700255E+00        -1.225021E-02        +1.160608E-03
1.698728E+00        -1.220502E-02        +1.156374E-03
1.697202E+00        -1.215952E-02        +1.152175E-03
1.695677E+00        -1.211430E-02        +1.148039E-03
1.694154E+00        -1.206946E-02        +1.143875E-03
1.692632E+00        -1.202460E-02        +1.139740E-03
1.691112E+00        -1.198041E-02        +1.135642E-03
1.689593E+00        -1.193592E-02        +1.131478E-03
1.688075E+00        -1.189171E-02        +1.127343E-03
1.686558E+00        -1.184719E-02        +1.123242E-03
1.685043E+00        -1.180299E-02        +1.119207E-03
1.683530E+00        -1.175915E-02        +1.115144E-03
1.682017E+00        -1.171593E-02        +1.111108E-03
1.680506E+00        -1.167242E-02        +1.107108E-03
1.678997E+00        -1.162924E-02        +1.103110E-03
1.677488E+00        -1.158636E-02        +1.099109E-03
1.675982E+00        -1.154288E-02        +1.095112E-03
1.674476E+00        -1.150031E-02        +1.091111E-03
1.672972E+00        -1.145781E-02        +1.087177E-03
1.671469E+00        -1.141495E-02        +1.083212E-03
1.669967E+00        -1.137273E-02        +1.079276E-03
1.668467E+00        -1.133023E-02        +1.075376E-03
1.666968E+00        -1.128802E-02        +1.071476E-03
1.665471E+00        -1.124617E-02        +1.067578E-03
1.663975E+00        -1.120497E-02        +1.063743E-03
1.662480E+00        -1.116345E-02        +1.059878E-03
1.660987E+00        -1.112161E-02        +1.056045E-03
1.659495E+00        -1.108040E-02        +1.052181E-03
1.658004E+00        -1.103953E-02        +1.048345E-03
1.656514E+00        -1.099866E-02        +1.044544E-03
1.655026E+00        -1.095780E-02        +1.040744E-03
1.653540E+00        -1.091696E-02        +1.037011E-03
1.652054E+00        -1.087609E-02        +1.033245E-03
1.650570E+00        -1.083587E-02        +1.029511E-03
1.649087E+00        -1.079536E-02        +1.025746E-03
1.647606E+00        -1.075516E-02        +1.022012E-03
1.646126E+00        -1.071530E-02        +1.018312E-03
1.644647E+00        -1.067543E-02        +1.014612E-03
1.643170E+00        -1.063622E-02        +1.010913E-03
1.641694E+00        -1.059672E-02        +1.007278E-03
1.640219E+00        -1.055750E-02        +1.003614E-03
1.638745E+00        -1.051797E-02        +9.999772E-04
1.637273E+00        -1.047876E-02        +9.963649E-04
1.635803E+00        -1.043992E-02        +9.927537E-04
1.634333E+00        -1.040104E-02        +9.891492E-04
1.632865E+00        -1.036218E-02        +9.855628E-04
1.631398E+00        -1.032396E-02        +9.819892E-04
1.629933E+00        -1.028546E-02        +9.784272E-04
1.628468E+00        -1.024722E-02        +9.748720E-04
1.627006E+00        -1.020938E-02        +9.713374E-04
1.625544E+00        -1.017150E-02        +9.678131E-04
1.624084E+00        -1.013365E-02        +9.643005E-04
1.622625E+00        -1.009578E-02        +9.607972E-04
1.621167E+00        -1.005855E-02        +9.573095E-04
1.619711E+00        -1.002105E-02        +9.538371E-04
1.618256E+00        -9.983825E-03        +9.503739E-04
1.616802E+00        -9.946694E-03        +9.469264E-04
1.615350E+00        -9.909695E-03        +9.434941E-04
1.613899E+00        -9.872895E-03        +9.400711E-04
1.612449E+00        -9.836186E-03        +9.366574E-04
1.611000E+00        -9.799570E-03        +9.332594E-04
1.609553E+00        -9.763136E-03        +9.298702E-04
1.608107E+00        -9.726830E-03        +9.264931E-04
1.606663E+00        -9.690641E-03        +9.231312E-04
1.605219E+00        -9.654583E-03        +9.197828E-04
1.603777E+00        -9.618678E-03        +9.164431E-04
1.602337E+00        -9.582891E-03        +9.131179E-04
1.600897E+00        -9.547236E-03        +9.098033E-04
1.599459E+00        -9.511733E-03        +9.065003E-04
1.598022E+00        -9.476323E-03        +9.032066E-04
1.596587E+00        -9.441095E-03        +8.999310E-04
1.595153E+00        -9.405994E-03        +8.966683E-04
1.593720E+00        -9.370987E-03        +8.934085E-04
1.592288E+00        -9.336136E-03        +8.901673E-04
1.590858E+00        -9.301439E-03        +8.869385E-04
1.589428E+00        -9.266745E-03        +8.837132E-04
1.588001E+00        -9.232285E-03        +8.805082E-04
1.586574E+00        -9.197967E-03        +8.773138E-04
1.585149E+00        -9.163700E-03        +8.741247E-04
1.583725E+00        -9.129555E-03        +8.709478E-04
1.582302E+00        -9.095603E-03        +8.677902E-04
1.580881E+00        -9.061740E-03        +8.646414E-04
1.579461E+00        -9.027998E-03        +8.614984E-04
1.578042E+00        -8.994385E-03        +8.583712E-04
1.576624E+00        -8.960930E-03        +8.552570E-04
1.575208E+00        -8.927563E-03        +8.521480E-04
1.573793E+00        -8.894318E-03        +8.490512E-04
1.572379E+00        -8.861202E-03        +8.459674E-04
1.570967E+00        -8.828204E-03        +8.429016E-04
1.569555E+00        -8.795338E-03        +8.398402E-04
1.568146E+00        -8.762585E-03        +8.367890E-04
1.566737E+00        -8.729931E-03        +8.337514E-04
1.565329E+00        -8.697406E-03        +8.307205E-04
1.563923E+00        -8.665062E-03        +8.277039E-04
1.562518E+00        -8.632783E-03        +8.247004E-04
1.561115E+00        -8.600649E-03        +8.217085E-04
1.559712E+00        -8.568622E-03        +8.187174E-04
1.558311E+00        -8.536648E-03        +8.157408E-04
1.556911E+00        -8.504859E-03        +8.127835E-04
1.555513E+00        -8.473195E-03        +8.098351E-04
1.554115E+00        -8.441567E-03        +8.068904E-04
1.552719E+00        -8.410119E-03        +8.039573E-04
1.551325E+00        -8.378823E-03        +8.010421E-04
1.549931E+00        -8.347599E-03        +7.981315E-04
1.548539E+00        -8.316492E-03        +7.952288E-04
1.547148E+00        -8.285479E-03        +7.923421E-04
1.545758E+00        -8.254623E-03        +7.894620E-04
1.544369E+00        -8.223834E-03        +7.865942E-04
1.542982E+00        -8.193190E-03        +7.837351E-04
1.541596E+00        -8.162676E-03        +7.808884E-04
1.540211E+00        -8.132256E-03        +7.780547E-04
1.538827E+00        -8.101930E-03        +7.752242E-04
1.537445E+00        -8.071721E-03        +7.724079E-04
1.536064E+00        -8.041607E-03        +7.696048E-04
1.534684E+00        -8.011650E-03        +7.668048E-04
1.533305E+00        -7.981761E-03        +7.640171E-04
1.531928E+00        -7.952016E-03        +7.612445E-04
1.530552E+00        -7.922337E-03        +7.584815E-04
1.529177E+00        -7.892781E-03        +7.557216E-04
1.527803E+00        -7.863355E-03        +7.529740E-04
1.526431E+00        -7.834046E-03        +7.502415E-04
1.525059E+00        -7.804810E-03        +7.475166E-04
1.523689E+00        -7.775691E-03        +7.447969E-04
1.522321E+00        -7.746687E-03        +7.420914E-04
1.520953E+00        -7.717757E-03        +7.393907E-04
1.519587E+00        -7.689007E-03        +7.367043E-04
1.518222E+00        -7.660325E-03        +7.340311E-04
1.516858E+00        -7.631765E-03        +7.313610E-04
1.515495E+00        -7.603273E-03        +7.287033E-04
1.514134E+00        -7.574923E-03        +7.260543E-04
1.512774E+00        -7.546642E-03        +7.234176E-04
1.511415E+00        -7.518483E-03        +7.207878E-04
1.510057E+00        -7.490392E-03        +7.181639E-04
1.508701E+00        -7.462444E-03        +7.155578E-04
1.507345E+00        -7.434607E-03        +7.129567E-04
1.505991E+00        -7.406886E-03        +7.103635E-04
1.504638E+00        -7.379197E-03        +7.077798E-04
1.503287E+00        -7.351651E-03        +7.052076E-04
1.501936E+00        -7.324216E-03        +7.026432E-04
1.500587E+00        -7.296897E-03        +7.000902E-04
1.499239E+00        -7.269610E-03        +6.975468E-04
1.497892E+00        -7.242445E-03        +6.950066E-04
1.496547E+00        -7.215433E-03        +6.924807E-04
1.495202E+00        -7.188496E-03        +6.899661E-04
1.493859E+00        -7.161674E-03        +6.874567E-04
1.492517E+00        -7.134885E-03        +6.849532E-04
1.491177E+00        -7.108238E-03        +6.824675E-04
1.489837E+00        -7.081704E-03        +6.799869E-04
1.488499E+00        -7.055286E-03        +6.775142E-04
1.487161E+00        -7.028943E-03        +6.750492E-04
1.485826E+00        -7.002672E-03        +6.725975E-04
1.484491E+00        -6.976504E-03        +6.701472E-04
1.483157E+00        -6.950468E-03        +6.677093E-04
1.481825E+00        -6.924485E-03        +6.652802E-04
1.480494E+00        -6.898624E-03        +6.628634E-04
1.479164E+00        -6.872833E-03        +6.604535E-04
1.477835E+00        -6.847101E-03        +6.580497E-04
1.476507E+00        -6.821528E-03        +6.556555E-04
1.475181E+00        -6.796044E-03        +6.532727E-04
1.473856E+00        -6.770619E-03        +6.508996E-04
1.472532E+00        -6.745354E-03        +6.485298E-04
1.471209E+00        -6.720158E-03        +6.461660E-04
1.469888E+00        -6.695041E-03        +6.438200E-04
1.468567E+00        -6.670001E-03        +6.414792E-04
1.467248E+00        -6.645077E-03        +6.391462E-04
1.465930E+00        -6.620248E-03        +6.368228E-04
1.464613E+00        -6.595452E-03        +6.345028E-04
1.463297E+00        -6.570780E-03        +6.321952E-04
1.461983E+00        -6.546259E-03        +6.298963E-04
1.460669E+00        -6.521753E-03        +6.276016E-04
1.459357E+00        -6.497324E-03        +6.253184E-04
1.458046E+00        -6.473056E-03        +6.230449E-04
1.456737E+00        -6.448876E-03        +6.207828E-04
1.455428E+00        -6.424738E-03        +6.185224E-04
1.454121E+00        -6.400714E-03        +6.162697E-04
1.452814E+00        -6.376769E-03        +6.140249E-04
1.451509E+00        -6.352939E-03        +6.117916E-04
1.450205E+00        -6.329142E-03        +6.095680E-04
1.448903E+00        -6.305486E-03        +6.073495E-04
1.447601E+00        -6.281882E-03        +6.051353E-04
1.446301E+00        -6.258357E-03        +6.029388E-04
1.445001E+00        -6.234910E-03        +6.007414E-04
1.443703E+00        -6.211578E-03        +5.985544E-04
1.442406E+00        -6.188342E-03        +5.963744E-04
1.441111E+00        -6.165222E-03        +5.942085E-04
1.439816E+00        -6.142118E-03        +5.920480E-04
1.438523E+00        -6.119154E-03        +5.898889E-04
1.437230E+00        -6.096243E-03        +5.877405E-04
1.435939E+00        -6.073410E-03        +5.856008E-04
1.434649E+00        -6.050674E-03        +5.834672E-04
1.433361E+00        -6.028052E-03        +5.813450E-04
1.432073E+00        -6.005447E-03        +5.792309E-04
1.430787E+00        -5.982982E-03        +5.771281E-04
1.429501E+00        -5.960571E-03        +5.750272E-04
1.428217E+00        -5.938238E-03        +5.729339E-04
1.426934E+00        -5.916001E-03        +5.708441E-04
1.425652E+00        -5.893862E-03        +5.687667E-04
1.424372E+00        -5.871838E-03        +5.666980E-04
1.423092E+00        -5.849830E-03        +5.646337E-04
1.421814E+00        -5.827900E-03        +5.625809E-04
1.420536E+00        -5.806049E-03        +5.605298E-04
1.419260E+00        -5.784313E-03        +5.584865E-04
1.417985E+00        -5.762612E-03        +5.564529E-04
1.416712E+00        -5.741050E-03        +5.544306E-04
1.415439E+00        -5.719544E-03        +5.524103E-04
1.414167E+00        -5.698097E-03        +5.503960E-04
1.412897E+00        -5.676765E-03        +5.483931E-04
1.411628E+00        -5.655467E-03        +5.463999E-04
1.410360E+00        -5.634292E-03        +5.444103E-04
1.409093E+00        -5.613189E-03        +5.424267E-04
1.407827E+00        -5.592147E-03        +5.404528E-04
1.406562E+00        -5.571202E-03        +5.384825E-04
1.405299E+00        -5.550309E-03        +5.365198E-04
1.404036E+00        -5.529459E-03        +5.345654E-04
1.402775E+00        -5.508723E-03        +5.326223E-04
1.401515E+00        -5.488085E-03        +5.306827E-04
1.400256E+00        -5.467544E-03        +5.287491E-04
1.398998E+00        -5.447039E-03        +5.268191E-04
1.397741E+00        -5.426593E-03        +5.249015E-04
1.396486E+00        -5.406262E-03        +5.229926E-04
1.395231E+00        -5.385950E-03        +5.210883E-04
1.393978E+00        -5.365777E-03        +5.191890E-04
1.392726E+00        -5.345676E-03        +5.172958E-04
1.391475E+00        -5.325635E-03        +5.154125E-04
1.390225E+00        -5.305630E-03        +5.135326E-04
1.388976E+00        -5.285748E-03        +5.116589E-04
1.387728E+00        -5.265939E-03        +5.097949E-04
1.386481E+00        -5.246127E-03        +5.079408E-04
1.385236E+00        -5.226454E-03        +5.060917E-04
1.383991E+00        -5.206839E-03        +5.042473E-04
1.382748E+00        -5.187300E-03        +5.024078E-04
1.381506E+00        -5.167858E-03        +5.005745E-04
1.380265E+00        -5.148452E-03        +4.987510E-04
1.379025E+00        -5.129107E-03        +4.969373E-04
1.377786E+00        -5.109859E-03        +4.951272E-04
1.376549E+00        -5.090725E-03        +4.933246E-04
1.375312E+00        -5.071612E-03        +4.915242E-04
1.374077E+00        -5.052574E-03        +4.897313E-04
1.372842E+00        -5.033557E-03        +4.879468E-04
1.371609E+00        -5.014677E-03        +4.861673E-04
1.370377E+00        -4.995871E-03        +4.843939E-04
1.369146E+00        -4.977064E-03        +4.826304E-04
1.367916E+00        -4.958380E-03        +4.808705E-04
1.366687E+00        -4.939768E-03        +4.791166E-04
1.365459E+00        -4.921218E-03        +4.773727E-04
1.364233E+00        -4.902718E-03        +4.756337E-04
1.363007E+00        -4.884327E-03        +4.738994E-04
1.361783E+00        -4.866024E-03        +4.721702E-04
1.360559E+00        -4.847703E-03        +4.704456E-04
1.359337E+00        -4.829460E-03        +4.687323E-04
1.358116E+00        -4.811314E-03        +4.670227E-04
1.356896E+00        -4.793266E-03        +4.653191E-04
1.355677E+00        -4.775255E-03        +4.636254E-04
1.354459E+00        -4.757305E-03        +4.619353E-04
1.353243E+00        -4.739467E-03        +4.602528E-04
1.352027E+00        -4.721651E-03        +4.585724E-04
1.350812E+00        -4.703896E-03        +4.568982E-04
1.349599E+00        -4.686191E-03        +4.552352E-04
1.348387E+00        -4.668610E-03        +4.535759E-04
1.347175E+00        -4.651025E-03        +4.519213E-04
1.345965E+00        -4.633541E-03        +4.502717E-04
1.344756E+00        -4.616131E-03        +4.486283E-04
1.343548E+00        -4.598781E-03        +4.469947E-04
1.342341E+00        -4.581468E-03        +4.453648E-04
1.341135E+00        -4.564216E-03        +4.437409E-04
1.339931E+00        -4.547076E-03        +4.421221E-04
1.338727E+00        -4.529959E-03        +4.405081E-04
1.337524E+00        -4.512902E-03        +4.389039E-04
1.336323E+00        -4.495958E-03        +4.373048E-04
1.335122E+00        -4.479038E-03        +4.357104E-04
1.333923E+00        -4.462192E-03        +4.341211E-04
1.332725E+00        -4.445444E-03        +4.325378E-04
1.331527E+00        -4.428719E-03        +4.309569E-04
1.330331E+00        -4.412069E-03        +4.293835E-04
1.329136E+00        -4.395456E-03        +4.278199E-04
1.327942E+00        -4.378903E-03        +4.262601E-04
1.326749E+00        -4.362449E-03        +4.247001E-04
1.325558E+00        -4.346047E-03        +4.231538E-04
1.324367E+00        -4.329691E-03        +4.216136E-04
1.323177E+00        -4.313371E-03        +4.200734E-04
1.321988E+00        -4.297113E-03        +4.185393E-04
1.320801E+00        -4.280967E-03        +4.170102E-04
1.319614E+00        -4.264845E-03        +4.154859E-04
1.318429E+00        -4.248798E-03        +4.139728E-04
1.317245E+00        -4.232786E-03        +4.124634E-04
1.316061E+00        -4.216823E-03        +4.109589E-04
1.314879E+00        -4.200972E-03        +4.094593E-04
1.313698E+00        -4.185157E-03        +4.079659E-04
1.312518E+00        -4.169405E-03        +4.064762E-04
1.311339E+00        -4.153689E-03        +4.049926E-04
1.310161E+00        -4.138034E-03        +4.035128E-04
1.308984E+00        -4.122478E-03        +4.020390E-04
1.307808E+00        -4.106959E-03        +4.005690E-04
1.306633E+00        -4.091501E-03        +3.991052E-04
1.305459E+00        -4.076080E-03        +3.976512E-04
1.304287E+00        -4.060733E-03        +3.962022E-04
1.303115E+00        -4.045411E-03        +3.947582E-04
1.301944E+00        -4.030150E-03        +3.933116E-04
1.300775E+00        -4.015001E-03        +3.918748E-04
1.299606E+00        -3.999876E-03        +3.904444E-04
1.298439E+00        -3.984763E-03        +3.890213E-04
1.297272E+00        -3.969698E-03        +3.876007E-04
1.296107E+00        -3.954746E-03        +3.861875E-04
1.294943E+00        -3.939893E-03        +3.847780E-04
1.293779E+00        -3.925064E-03        +3.833672E-04
1.292617E+00        -3.910247E-03        +3.819700E-04
1.291456E+00        -3.895492E-03        +3.805742E-04
1.290296E+00        -3.880836E-03        +3.791869E-04
1.289137E+00        -3.866217E-03        +3.778009E-04
1.287979E+00        -3.851597E-03        +3.764235E-04
1.286822E+00        -3.837039E-03        +3.750475E-04
1.285666E+00        -3.822580E-03        +3.736737E-04
1.284511E+00        -3.808158E-03        +3.723100E-04
1.283357E+00        -3.793798E-03        +3.709500E-04
1.282204E+00        -3.779475E-03        +3.695961E-04
1.281052E+00        -3.765213E-03        +3.682461E-04
1.279901E+00        -3.751051E-03        +3.669021E-04
1.278752E+00        -3.736877E-03        +3.655631E-04
1.277603E+00        -3.722776E-03        +3.642291E-04
1.276455E+00        -3.708751E-03        +3.628989E-04
1.275309E+00        -3.694736E-03        +3.615698E-04
1.274163E+00        -3.680772E-03        +3.602457E-04
1.273018E+00        -3.666906E-03        +3.589315E-04
1.271875E+00        -3.653090E-03        +3.576223E-04
1.270732E+00        -3.639262E-03        +3.563119E-04
1.269591E+00        -3.625508E-03        +3.550088E-04
1.268450E+00        -3.611840E-03        +3.537145E-04
1.267311E+00        -3.598223E-03        +3.524252E-04
1.266172E+00        -3.584654E-03        +3.511347E-04
1.265035E+00        -3.571136E-03        +3.498515E-04
1.263899E+00        -3.557617E-03        +3.485720E-04
1.262763E+00        -3.544147E-03        +3.472976E-04
1.261629E+00        -3.530790E-03        +3.460282E-04
1.260495E+00        -3.517458E-03        +3.447637E-04
1.259363E+00        -3.504199E-03        +3.435042E-04
1.258232E+00        -3.490978E-03        +3.422508E-04
1.257102E+00        -3.477757E-03        +3.410013E-04
1.255972E+00        -3.464585E-03        +3.397506E-04
1.254844E+00        -3.451525E-03        +3.385071E-04
1.253717E+00        -3.438503E-03        +3.372737E-04
1.252590E+00        -3.425469E-03        +3.360430E-04
1.251465E+00        -3.412507E-03        +3.348133E-04
1.250341E+00        -3.399646E-03        +3.335898E-04
1.249218E+00        -3.386823E-03        +3.323702E-04
1.248096E+00        -3.374000E-03        +3.311567E-04
1.246974E+00        -3.361226E-03        +3.299459E-04
1.245854E+00        -3.348563E-03        +3.287362E-04
1.244735E+00        -3.335877E-03        +3.275327E-04
1.243617E+00        -3.323276E-03        +3.263330E-04
1.242500E+00        -3.310690E-03        +3.251394E-04
1.241384E+00        -3.298188E-03        +3.239558E-04
1.240268E+00        -3.285690E-03        +3.227689E-04
1.239154E+00        -3.273287E-03        +3.215853E-04
1.238041E+00        -3.260900E-03        +3.204117E-04
1.236929E+00        -3.248536E-03        +3.192420E-04
1.235818E+00        -3.236272E-03        +3.180723E-04
1.234708E+00        -3.224046E-03        +3.169087E-04
1.233599E+00        -3.211820E-03        +3.157490E-04
1.232490E+00        -3.199644E-03        +3.145944E-04
1.231383E+00        -3.187579E-03        +3.134446E-04
1.230277E+00        -3.175553E-03        +3.123011E-04
1.229172E+00        -3.163526E-03        +3.111552E-04
1.228068E+00        -3.151561E-03        +3.100178E-04
1.226965E+00        -3.139635E-03        +3.088881E-04
1.225862E+00        -3.127759E-03        +3.077574E-04
1.224761E+00        -3.115932E-03        +3.066277E-04
1.223661E+00        -3.104105E-03        +3.055042E-04
1.222562E+00        -3.092339E-03        +3.043907E-04
1.221463E+00        -3.080602E-03        +3.032739E-04
1.220366E+00        -3.068937E-03        +3.021665E-04
1.219270E+00        -3.057371E-03        +3.010608E-04
1.218175E+00        -3.045783E-03        +2.999573E-04
1.217080E+00        -3.034207E-03        +2.988567E-04
1.215987E+00        -3.022742E-03        +2.977633E-04
1.214895E+00        -3.011315E-03        +2.966737E-04
1.213803E+00        -2.999878E-03        +2.955893E-04
1.212713E+00        -2.988512E-03        +2.945098E-04
1.211623E+00        -2.977175E-03        +2.934293E-04
1.210535E+00        -2.965910E-03        +2.923559E-04
1.209448E+00        -2.954684E-03        +2.912865E-04
1.208361E+00        -2.943508E-03        +2.902222E-04
1.207276E+00        -2.932381E-03        +2.891566E-04
1.206191E+00        -2.921245E-03        +2.880985E-04
1.205108E+00        -2.910180E-03        +2.870430E-04
1.204025E+00        -2.899144E-03        +2.859888E-04
1.202943E+00        -2.888169E-03        +2.849446E-04
1.201863E+00        -2.877244E-03        +2.839053E-04
1.200783E+00        -2.866308E-03        +2.828651E-04
1.199704E+00        -2.855433E-03        +2.818249E-04
1.198627E+00        -2.844608E-03        +2.807918E-04
1.197550E+00        -2.833834E-03        +2.797678E-04
1.196474E+00        -2.823099E-03        +2.787415E-04
1.195399E+00        -2.812365E-03        +2.777176E-04
1.194326E+00        -2.801701E-03        +2.767046E-04
1.193253E+00        -2.791067E-03        +2.756946E-04
1.192181E+00        -2.780494E-03        +2.746846E-04
1.191110E+00        -2.769960E-03        +2.736746E-04
1.190040E+00        -2.759426E-03        +2.726708E-04
1.188971E+00        -2.748953E-03        +2.716770E-04
1.187903E+00        -2.738520E-03        +2.706811E-04
1.186836E+00        -2.728148E-03        +2.696874E-04
1.185769E+00        -2.717806E-03        +2.686967E-04
1.184704E+00        -2.707474E-03        +2.677131E-04
1.183640E+00        -2.697203E-03        +2.667334E-04
1.182577E+00        -2.686971E-03        +2.657538E-04
1.181514E+00        -2.676730E-03        +2.647793E-04
1.180453E+00        -2.666559E-03        +2.638098E-04
1.179393E+00        -2.656489E-03        +2.628463E-04
1.178333E+00        -2.646388E-03        +2.618860E-04
1.177275E+00        -2.636319E-03        +2.609265E-04
1.176217E+00        -2.626340E-03        +2.599662E-04
1.175160E+00        -2.616340E-03        +2.590120E-04
1.174105E+00        -2.606372E-03        +2.580627E-04
1.173050E+00        -2.596494E-03        +2.571187E-04
1.171996E+00        -2.586656E-03        +2.561785E-04
1.170943E+00        -2.576818E-03        +2.552385E-04
1.169892E+00        -2.567051E-03        +2.543054E-04
1.168841E+00        -2.557314E-03        +2.533755E-04
1.167791E+00        -2.547578E-03        +2.524455E-04
1.166742E+00        -2.537903E-03        +2.515157E-04
1.165694E+00        -2.528266E-03        +2.505919E-04
1.164646E+00        -2.518622E-03        +2.496774E-04
1.163600E+00        -2.509048E-03        +2.487616E-04
1.162555E+00        -2.499513E-03        +2.478480E-04
1.161511E+00        -2.490040E-03        +2.469384E-04
1.160467E+00        -2.480597E-03        +2.460340E-04
1.159425E+00        -2.471164E-03        +2.451345E-04
1.158383E+00        -2.461722E-03        +2.442342E-04
1.157343E+00        -2.452350E-03        +2.433408E-04
1.156303E+00        -2.443070E-03        +2.424506E-04
1.155264E+00        -2.433769E-03        +2.415605E-04
1.154226E+00        -2.424489E-03        +2.406704E-04
1.153190E+00        -2.415259E-03        +2.397873E-04
1.152154E+00        -2.406081E-03        +2.389073E-04
1.151119E+00        -2.396942E-03        +2.380334E-04
1.150085E+00        -2.387804E-03        +2.371636E-04
1.149051E+00        -2.378718E-03        +2.362930E-04
1.148019E+00        -2.369681E-03        +2.354232E-04
1.146988E+00        -2.360705E-03        +2.345596E-04
1.145958E+00        -2.351709E-03        +2.337000E-04
1.144928E+00        -2.342725E-03        +2.328396E-04
1.143900E+00        -2.333850E-03        +2.319861E-04
1.142872E+00        -2.324947E-03        +2.311359E-04
1.141845E+00        -2.316064E-03        +2.302857E-04
1.140820E+00        -2.307291E-03        +2.294424E-04
1.139795E+00        -2.298490E-03        +2.286024E-04
1.138771E+00        -2.289709E-03        +2.277624E-04
1.137748E+00        -2.281029E-03        +2.269285E-04
1.136726E+00        -2.272328E-03        +2.260926E-04
1.135705E+00        -2.263650E-03        +2.252648E-04
1.134684E+00        -2.255063E-03        +2.244382E-04
1.133665E+00        -2.246465E-03        +2.236146E-04
1.132647E+00        -2.237888E-03        +2.227950E-04
1.131629E+00        -2.229402E-03        +2.219747E-04
1.130613E+00        -2.220906E-03        +2.211612E-04
1.129597E+00        -2.212422E-03        +2.203510E-04
1.128582E+00        -2.203978E-03        +2.195409E-04
1.127569E+00        -2.195604E-03        +2.187316E-04
1.126556E+00        -2.187262E-03        +2.179277E-04
1.125544E+00        -2.178920E-03        +2.171278E-04
1.124533E+00        -2.170579E-03        +2.163340E-04
1.123522E+00        -2.162291E-03        +2.155374E-04
1.122513E+00        -2.154051E-03        +2.147437E-04
1.121505E+00        -2.145872E-03        +2.139541E-04
1.120497E+00        -2.137726E-03        +2.131697E-04
1.119491E+00        -2.129528E-03        +2.123903E-04
1.118485E+00        -2.121403E-03        +2.116101E-04
1.117480E+00        -2.113298E-03        +2.108300E-04
1.116476E+00        -2.105214E-03        +2.100559E-04
1.115473E+00        -2.097231E-03        +2.092860E-04
1.114471E+00        -2.089228E-03        +2.085161E-04
1.113470E+00        -2.081246E-03        +2.077523E-04
1.112470E+00        -2.073305E-03        +2.069866E-04
1.111471E+00        -2.065424E-03        +2.062289E-04
1.110472E+00        -2.057577E-03        +2.054726E-04
1.109475E+00        -2.049737E-03        +2.047191E-04
1.108478E+00        -2.041891E-03        +2.039629E-04
1.107482E+00        -2.034105E-03        +2.032148E-04
1.106487E+00        -2.026300E-03        +2.024688E-04
1.105493E+00        -2.018576E-03        +2.017248E-04
1.104500E+00        -2.010872E-03        +2.009850E-04
1.103508E+00        -2.003190E-03        +2.002452E-04
1.102517E+00        -1.995548E-03        +1.995115E-04
1.101526E+00        -1.987899E-03        +1.987751E-04
1.100537E+00        -1.980318E-03        +1.980416E-04
1.099548E+00        -1.972770E-03        +1.973174E-04
1.098561E+00        -1.965231E-03        +1.965920E-04
1.097574E+00        -1.957745E-03        +1.958680E-04
1.096588E+00        -1.950240E-03        +1.951480E-04
1.095603E+00        -1.942815E-03        +1.944342E-04
1.094618E+00        -1.935404E-03        +1.937176E-04
1.093635E+00        -1.927960E-03        +1.930039E-04
1.092653E+00        -1.920578E-03        +1.922943E-04
1.091671E+00        -1.913288E-03        +1.915901E-04
1.090690E+00        -1.905980E-03        +1.908839E-04
1.089711E+00        -1.898700E-03        +1.901805E-04
1.088732E+00        -1.891453E-03        +1.894805E-04
1.087754E+00        -1.884207E-03        +1.887866E-04
1.086777E+00        -1.876962E-03        +1.880908E-04
1.085800E+00        -1.869770E-03        +1.873963E-04
1.084825E+00        -1.862626E-03        +1.867067E-04
1.083850E+00        -1.855536E-03        +1.860224E-04
1.082877E+00        -1.848434E-03        +1.853369E-04
1.081904E+00        -1.841345E-03        +1.846528E-04
1.080932E+00        -1.834298E-03        +1.839788E-04
1.079961E+00        -1.827310E-03        +1.833029E-04
1.078991E+00        -1.820304E-03        +1.826291E-04
1.078022E+00        -1.813319E-03        +1.819593E-04
1.077053E+00        -1.806427E-03        +1.812890E-04
1.076086E+00        -1.799524E-03        +1.806194E-04
1.075119E+00        -1.792633E-03        +1.799552E-04
1.074153E+00        -1.785784E-03        +1.792951E-04
1.073188E+00        -1.778936E-03        +1.786352E-04
1.072224E+00        -1.772147E-03        +1.779753E-04
1.071261E+00        -1.765341E-03        +1.773215E-04
1.070299E+00        -1.758556E-03        +1.766717E-04
1.069337E+00        -1.751803E-03        +1.760214E-04
1.068377E+00        -1.745118E-03        +1.753719E-04
1.067417E+00        -1.738468E-03        +1.747278E-04
1.066458E+00        -1.731819E-03        +1.740818E-04
1.065500E+00        -1.725170E-03        +1.734378E-04
1.064543E+00        -1.718582E-03        +1.727980E-04
1.063587E+00        -1.711975E-03        +1.721642E-04
1.062631E+00        -1.705382E-03        +1.715339E-04
1.061677E+00        -1.698896E-03        +1.709044E-04
1.060723E+00        -1.692385E-03        +1.702742E-04
1.059770E+00        -1.685895E-03        +1.696442E-04
1.058818E+00        -1.679445E-03        +1.690202E-04
1.057867E+00        -1.672996E-03        +1.684004E-04
1.056917E+00        -1.666608E-03        +1.677807E-04
1.055967E+00        -1.660195E-03        +1.671604E-04
1.055019E+00        -1.653809E-03        +1.665468E-04
1.054071E+00        -1.647457E-03        +1.659307E-04
1.053124E+00        -1.641166E-03        +1.653167E-04
1.052178E+00        -1.634915E-03        +1.647067E-04
1.051233E+00        -1.628607E-03        +1.641029E-04
1.050288E+00        -1.622371E-03        +1.635025E-04
1.049345E+00        -1.616164E-03        +1.628969E-04
1.048402E+00        -1.609970E-03        +1.622927E-04
1.047460E+00        -1.603758E-03        +1.616986E-04
1.046519E+00        -1.597626E-03        +1.611027E-04
1.045579E+00        -1.591516E-03        +1.605088E-04
1.044640E+00        -1.585367E-03        +1.599190E-04
1.043702E+00        -1.579278E-03        +1.593293E-04
1.042764E+00        -1.573224E-03        +1.587391E-04
1.041827E+00        -1.567170E-03        +1.581549E-04
1.040891E+00        -1.561178E-03        +1.575749E-04
1.039956E+00        -1.555167E-03        +1.569950E-04
1.039022E+00        -1.549176E-03        +1.564152E-04
1.038089E+00        -1.543286E-03        +1.558355E-04
1.037156E+00        -1.537371E-03        +1.552612E-04
1.036225E+00        -1.531483E-03        +1.546917E-04
1.035294E+00        -1.525571E-03        +1.541216E-04
1.034364E+00        -1.519678E-03        +1.535517E-04
1.033435E+00        -1.513886E-03        +1.529878E-04
1.032506E+00        -1.508070E-03        +1.524215E-04
1.031579E+00        -1.502280E-03        +1.518579E-04
1.030652E+00        -1.496525E-03        +1.512977E-04
1.029726E+00        -1.490772E-03        +1.507436E-04
1.028801E+00        -1.485019E-03        +1.501877E-04
1.027877E+00        -1.479327E-03        +1.496339E-04
1.026954E+00        -1.473617E-03        +1.490841E-04
1.026031E+00        -1.467920E-03        +1.485339E-04
1.025109E+00        -1.462324E-03        +1.479838E-04
1.024188E+00        -1.456710E-03        +1.474397E-04
1.023268E+00        -1.451116E-03        +1.468938E-04
1.022349E+00        -1.445505E-03        +1.463499E-04
1.021431E+00        -1.439912E-03        +1.458102E-04
1.020513E+00        -1.434415E-03        +1.452700E-04
1.019597E+00        -1.428906E-03        +1.447364E-04
1.018681E+00        -1.423411E-03        +1.442064E-04
1.017766E+00        -1.417958E-03        +1.436706E-04
1.016851E+00        -1.412499E-03        +1.431421E-04
1.015938E+00        -1.407047E-03        +1.426165E-04
1.015025E+00        -1.401650E-03        +1.420863E-04
1.014113E+00        -1.396235E-03        +1.415622E-04
1.013202E+00        -1.390840E-03        +1.410423E-04
1.012292E+00        -1.385486E-03        +1.405224E-04
1.011383E+00        -1.380192E-03        +1.400027E-04
1.010474E+00        -1.374876E-03        +1.394824E-04
1.009567E+00        -1.369584E-03        +1.389688E-04
1.008660E+00        -1.364329E-03        +1.384588E-04
1.007754E+00        -1.359074E-03        +1.379489E-04
1.006848E+00        -1.353814E-03        +1.374386E-04
1.005944E+00        -1.348621E-03        +1.369289E-04
1.005040E+00        -1.343404E-03        +1.364247E-04
1.004137E+00        -1.338207E-03        +1.359187E-04
1.003235E+00        -1.333052E-03        +1.354147E-04
1.002334E+00        -1.327956E-03        +1.349149E-04
1.001434E+00        -1.322843E-03        +1.344210E-04
1.000534E+00        -1.317744E-03        +1.339250E-04
9.996352E-01        -1.312688E-03        +1.334309E-04
9.987372E-01        -1.307632E-03        +1.329351E-04
9.978401E-01        -1.302576E-03        +1.324410E-04
9.969437E-01        -1.297519E-03        +1.319570E-04
9.960481E-01        -1.292522E-03        +1.314711E-04
9.951533E-01        -1.287565E-03        +1.309811E-04
9.942594E-01        -1.282609E-03        +1.304971E-04
9.933662E-01        -1.277652E-03        +1.300171E-04
9.924739E-01        -1.272696E-03        +1.295372E-04
9.915823E-01        -1.267797E-03        +1.290573E-04
9.906916E-01        -1.262941E-03        +1.285773E-04
9.898016E-01        -1.258083E-03        +1.281032E-04
9.889124E-01        -1.253226E-03        +1.276333E-04
9.880241E-01        -1.248369E-03        +1.271633E-04
9.871365E-01        -1.243570E-03        +1.266934E-04
9.862498E-01        -1.238754E-03        +1.262234E-04
9.853638E-01        -1.233955E-03        +1.257535E-04
9.844786E-01        -1.229197E-03        +1.252894E-04
9.835943E-01        -1.224440E-03        +1.248295E-04
9.827107E-01        -1.219741E-03        +1.243695E-04
9.818279E-01        -1.215024E-03        +1.239095E-04
9.809459E-01        -1.210325E-03        +1.234496E-04
9.800647E-01        -1.205667E-03        +1.229896E-04
9.791843E-01        -1.201008E-03        +1.225356E-04
9.783047E-01        -1.196350E-03        +1.220856E-04
9.774259E-01        -1.191751E-03        +1.216357E-04
9.765478E-01        -1.187133E-03        +1.211857E-04
9.756706E-01        -1.182534E-03        +1.207357E-04
9.747941E-01        -1.177974E-03        +1.202858E-04
9.739184E-01        -1.173415E-03        +1.198417E-04
9.730436E-01        -1.168916E-03        +1.194018E-04
9.721695E-01        -1.164398E-03        +1.189618E-04
9.712961E-01        -1.159897E-03        +1.185218E-04
9.704236E-01        -1.155438E-03        +1.180819E-04
9.695519E-01        -1.150980E-03        +1.176419E-04
9.686809E-01        -1.146520E-03        +1.172078E-04
9.678107E-01        -1.142061E-03        +1.167720E-04
9.669413E-01        -1.137660E-03        +1.163379E-04
9.660727E-01        -1.133242E-03        +1.159080E-04
9.652049E-01        -1.128841E-03        +1.154780E-04
9.643378E-01        -1.124481E-03        +1.150539E-04
9.634715E-01        -1.120121E-03        +1.146281E-04
9.626060E-01        -1.115820E-03        +1.142040E-04
9.617413E-01        -1.111501E-03        +1.137840E-04
9.608773E-01        -1.107200E-03        +1.133582E-04
9.600142E-01        -1.102939E-03        +1.129400E-04
9.591518E-01        -1.098679E-03        +1.125242E-04
9.582902E-01        -1.094419E-03        +1.121042E-04
9.574293E-01        -1.090159E-03        +1.116901E-04
9.565692E-01        -1.085956E-03        +1.112801E-04
9.557099E-01        -1.081737E-03        +1.108643E-04
9.548514E-01        -1.077535E-03        +1.104502E-04
9.539936E-01        -1.073374E-03        +1.100461E-04
9.531367E-01        -1.069213E-03        +1.096403E-04
9.522804E-01        -1.065052E-03        +1.092303E-04
9.514250E-01        -1.060950E-03        +1.088262E-04
9.505703E-01        -1.056830E-03        +1.084263E-04
9.497164E-01        -1.052728E-03        +1.080263E-04
9.488633E-01        -1.048666E-03        +1.076264E-04
9.480109E-01        -1.044605E-03        +1.072264E-04
9.471593E-01        -1.040543E-03        +1.068264E-04
9.463084E-01        -1.036540E-03        +1.064264E-04
9.454583E-01        -1.032520E-03        +1.060323E-04
9.446090E-01        -1.028516E-03        +1.056424E-04
9.437605E-01        -1.024555E-03        +1.052524E-04
9.429127E-01        -1.020593E-03        +1.048625E-04
9.420656E-01        -1.016631E-03        +1.044725E-04
9.412194E-01        -1.012669E-03        +1.040826E-04
9.403738E-01        -1.008765E-03        +1.036984E-04
9.395291E-01        -1.004844E-03        +1.033126E-04
9.386851E-01        -1.000941E-03        +1.029285E-04
9.378419E-01        -9.970786E-04        +1.025485E-04
9.369994E-01        -9.932158E-04        +1.021686E-04
9.361577E-01        -9.893533E-04        +1.017886E-04
9.353167E-01        -9.854964E-04        +1.014145E-04
9.344765E-01        -9.816671E-04        +1.010387E-04
9.336370E-01        -9.778601E-04        +1.006645E-04
9.327983E-01        -9.740627E-04        +1.002887E-04
9.319604E-01        -9.702816E-04        +9.991636E-05
9.311232E-01        -9.665147E-04        +9.954765E-05
9.302867E-01        -9.627629E-04        +9.917824E-05
9.294511E-01        -9.590255E-04        +9.881048E-05
9.286161E-01        -9.553038E-04        +9.844349E-05
9.277819E-01        -9.515964E-04        +9.807827E-05
9.269485E-01        -9.478988E-04        +9.771432E-05
9.261158E-01        -9.442167E-04        +9.735152E-05
9.252838E-01        -9.405487E-04        +9.699070E-05
9.244526E-01        -9.368967E-04        +9.663073E-05
9.236222E-01        -9.332590E-04        +9.627195E-05
9.227925E-01        -9.296312E-04        +9.591457E-05
9.219635E-01        -9.260185E-04        +9.555875E-05
9.211353E-01        -9.224203E-04        +9.520437E-05
9.203078E-01        -9.188317E-04        +9.485098E-05
9.194811E-01        -9.152594E-04        +9.449860E-05
9.186551E-01        -9.117067E-04        +9.414779E-05
9.178299E-01        -9.081623E-04        +9.379843E-05
9.170054E-01        -9.046298E-04        +9.345004E-05
9.161816E-01        -9.011112E-04        +9.310322E-05
9.153586E-01        -8.976083E-04        +9.275726E-05
9.145363E-01        -8.941193E-04        +9.241245E-05
9.137148E-01        -8.906401E-04        +9.206966E-05
9.128940E-01        -8.871766E-04        +9.172770E-05
9.120739E-01        -8.837276E-04        +9.138688E-05
9.112546E-01        -8.802889E-04        +9.104751E-05
9.104360E-01        -8.768594E-04        +9.070912E-05
9.096181E-01        -8.734458E-04        +9.037229E-05
9.088010E-01        -8.700464E-04        +9.003692E-05
9.079846E-01        -8.666623E-04        +8.970252E-05
9.071690E-01        -8.632875E-04        +8.936916E-05
9.063540E-01        -8.599235E-04        +8.903674E-05
9.055398E-01        -8.565794E-04        +8.870593E-05
9.047264E-01        -8.532440E-04        +8.837657E-05
9.039136E-01        -8.499196E-04        +8.804815E-05
9.031016E-01        -8.466097E-04        +8.772076E-05
9.022904E-01        -8.433159E-04        +8.739498E-05
9.014798E-01        -8.400300E-04        +8.706999E-05
9.006700E-01        -8.367554E-04        +8.674618E-05
8.998609E-01        -8.334950E-04        +8.642379E-05
8.990526E-01        -8.302448E-04        +8.610242E-05
8.982449E-01        -8.270100E-04        +8.578201E-05
8.974380E-01        -8.237895E-04        +8.546320E-05
8.966319E-01        -8.205795E-04        +8.514584E-05
8.958264E-01        -8.173789E-04        +8.482885E-05
8.950217E-01        -8.141939E-04        +8.451306E-05
8.942176E-01        -8.110226E-04        +8.419921E-05
8.934144E-01        -8.078621E-04        +8.388627E-05
8.926118E-01        -8.047110E-04        +8.357387E-05
8.918099E-01        -8.015699E-04        +8.326304E-05
8.910088E-01        -7.984391E-04        +8.295365E-05
8.902084E-01        -7.953234E-04        +8.264526E-05
8.894087E-01        -7.922220E-04        +8.233787E-05
8.886097E-01        -7.891304E-04        +8.203146E-05
8.878115E-01        -7.860550E-04        +8.172609E-05
8.870140E-01        -7.829879E-04        +8.142171E-05
8.862171E-01        -7.799320E-04        +8.111886E-05
8.854210E-01        -7.768847E-04        +8.081690E-05
8.846257E-01        -7.738489E-04        +8.051611E-05
8.838310E-01        -7.708327E-04        +8.021671E-05
8.830370E-01        -7.678248E-04        +7.991772E-05
8.822438E-01        -7.648230E-04        +7.961992E-05
8.814512E-01        -7.618366E-04        +7.932350E-05
8.806594E-01        -7.588647E-04        +7.902812E-05
8.798683E-01        -7.558971E-04        +7.873430E-05
8.790779E-01        -7.529409E-04        +7.844133E-05
8.782882E-01        -7.499983E-04        +7.814893E-05
8.774992E-01        -7.470716E-04        +7.785810E-05
8.767110E-01        -7.441536E-04        +7.756816E-05
8.759234E-01        -7.412468E-04        +7.727933E-05
8.751365E-01        -7.383484E-04        +7.699134E-05
8.743504E-01        -7.354614E-04        +7.670454E-05
8.735650E-01        -7.325891E-04        +7.641858E-05
8.727802E-01        -7.297264E-04        +7.613374E-05
8.719962E-01        -7.268735E-04        +7.585035E-05
8.712129E-01        -7.240307E-04        +7.556796E-05
8.704302E-01        -7.211974E-04        +7.528654E-05
8.696483E-01        -7.183745E-04        +7.500557E-05
8.688671E-01        -7.155610E-04        +7.472576E-05
8.680866E-01        -7.127634E-04        +7.444737E-05
8.673068E-01        -7.099748E-04        +7.416997E-05
8.665276E-01        -7.071967E-04        +7.389355E-05
8.657492E-01        -7.044276E-04        +7.361815E-05
8.649715E-01        -7.016698E-04        +7.334376E-05
8.641945E-01        -6.989265E-04        +7.307037E-05
8.634182E-01        -6.961930E-04        +7.279798E-05
8.626425E-01        -6.934687E-04        +7.252655E-05
8.618676E-01        -6.907496E-04        +7.225616E-05
8.610934E-01        -6.880419E-04        +7.198677E-05
8.603199E-01        -6.853480E-04        +7.171838E-05
8.595470E-01        -6.826638E-04        +7.145096E-05
8.587749E-01        -6.799894E-04        +7.118457E-05
8.580034E-01        -6.773248E-04        +7.091916E-05
8.572327E-01        -6.746710E-04        +7.065420E-05
8.564626E-01        -6.720269E-04        +7.039036E-05
8.556932E-01        -6.693979E-04        +7.012795E-05
8.549245E-01        -6.667777E-04        +6.986655E-05
8.541566E-01        -6.641640E-04        +6.960560E-05
8.533893E-01        -6.615594E-04        +6.934578E-05
8.526226E-01        -6.589641E-04        +6.908735E-05
8.518567E-01        -6.563797E-04        +6.882938E-05
8.510915E-01        -6.538053E-04        +6.857256E-05
8.503269E-01        -6.512401E-04        +6.831657E-05
8.495631E-01        -6.486853E-04        +6.806119E-05
8.487999E-01        -6.461401E-04        +6.780735E-05
8.480374E-01        -6.436051E-04        +6.755437E-05
8.472756E-01        -6.410801E-04        +6.730197E-05
8.465145E-01        -6.385651E-04        +6.705057E-05
8.457540E-01        -6.360599E-04        +6.680015E-05
8.449943E-01        -6.335650E-04        +6.655076E-05
8.442352E-01        -6.310793E-04        +6.630235E-05
8.434768E-01        -6.285981E-04        +6.605494E-05
8.427191E-01        -6.261282E-04        +6.580797E-05
8.419621E-01        -6.236728E-04        +6.556215E-05
8.412057E-01        -6.212270E-04        +6.531715E-05
8.404501E-01        -6.187861E-04        +6.507334E-05
8.396951E-01        -6.163561E-04        +6.483036E-05
8.389408E-01        -6.139344E-04        +6.458796E-05
8.381871E-01        -6.115181E-04        +6.434653E-05
8.374342E-01        -6.091180E-04        +6.410615E-05
8.366819E-01        -6.067261E-04        +6.386673E-05
8.359303E-01        -6.043401E-04        +6.362776E-05
8.351794E-01        -6.019641E-04        +6.338993E-05
8.344291E-01        -5.995979E-04        +6.315294E-05
8.336795E-01        -5.972418E-04        +6.291653E-05
8.329306E-01        -5.948952E-04        +6.268170E-05
8.321824E-01        -5.925588E-04        +6.244773E-05
8.314348E-01        -5.902269E-04        +6.221431E-05
8.306879E-01        -5.879059E-04        +6.198133E-05
8.299417E-01        -5.855932E-04        +6.174950E-05
8.291962E-01        -5.832869E-04        +6.151854E-05
8.284513E-01        -5.809902E-04        +6.128812E-05
8.277071E-01        -5.787037E-04        +6.105929E-05
8.269635E-01        -5.764269E-04        +6.083072E-05
8.262206E-01        -5.741597E-04        +6.060288E-05
8.254784E-01        -5.719026E-04        +6.037647E-05
8.247369E-01        -5.696500E-04        +6.015051E-05
8.239960E-01        -5.674085E-04        +5.992509E-05
8.232558E-01        -5.651757E-04        +5.970125E-05
8.225163E-01        -5.629488E-04        +5.947829E-05
8.217774E-01        -5.607311E-04        +5.925530E-05
8.210392E-01        -5.585236E-04        +5.903347E-05
8.203016E-01        -5.563207E-04        +5.881247E-05
8.195647E-01        -5.541286E-04        +5.859206E-05
8.188285E-01        -5.519455E-04        +5.837266E-05
8.180929E-01        -5.497734E-04        +5.815424E-05
8.173580E-01        -5.476102E-04        +5.793683E-05
8.166238E-01        -5.454527E-04        +5.771986E-05
8.158902E-01        -5.432990E-04        +5.750345E-05
8.151573E-01        -5.411570E-04        +5.728805E-05
8.144250E-01        -5.390233E-04        +5.707363E-05
8.136934E-01        -5.368953E-04        +5.686022E-05
8.129624E-01        -5.347771E-04        +5.664723E-05
8.122321E-01        -5.326690E-04        +5.643481E-05
8.115025E-01        -5.305710E-04        +5.622341E-05
8.107735E-01        -5.284770E-04        +5.601300E-05
8.100452E-01        -5.263888E-04        +5.580303E-05
8.093175E-01        -5.243161E-04        +5.559361E-05
8.085905E-01        -5.222464E-04        +5.538520E-05
8.078641E-01        -5.201835E-04        +5.517778E-05
8.071384E-01        -5.181293E-04        +5.497080E-05
8.064133E-01        -5.160863E-04        +5.476495E-05
8.056889E-01        -5.140520E-04        +5.455997E-05
8.049652E-01        -5.120235E-04        +5.435501E-05
8.042420E-01        -5.099988E-04        +5.415114E-05
8.035196E-01        -5.079858E-04        +5.394818E-05
8.027978E-01        -5.059813E-04        +5.374577E-05
8.020766E-01        -5.039823E-04        +5.354434E-05
8.013561E-01        -5.019877E-04        +5.334393E-05
8.006362E-01        -5.000041E-04        +5.314394E-05
7.999170E-01        -4.980294E-04        +5.294454E-05
7.991984E-01        -4.960601E-04        +5.274555E-05
7.984805E-01        -4.941010E-04        +5.254771E-05
7.977632E-01        -4.921460E-04        +5.235073E-05
7.970465E-01        -4.902021E-04        +5.215429E-05
7.963305E-01        -4.882670E-04        +5.195831E-05
7.956152E-01        -4.863321E-04        +5.176348E-05
7.949005E-01        -4.844082E-04        +5.156950E-05
7.941864E-01        -4.824929E-04        +5.137608E-05
7.934730E-01        -4.805833E-04        +5.118310E-05
7.927602E-01        -4.786835E-04        +5.099068E-05
7.920480E-01        -4.767880E-04        +5.079925E-05
7.913365E-01        -4.749038E-04        +5.060884E-05
7.906257E-01        -4.730285E-04        +5.041888E-05
7.899154E-01        -4.711527E-04        +5.022944E-05
7.892058E-01        -4.692883E-04        +5.004046E-05
7.884969E-01        -4.674327E-04        +4.985262E-05
7.877886E-01        -4.655826E-04        +4.966564E-05
7.870809E-01        -4.637368E-04        +4.947922E-05
7.863738E-01        -4.618964E-04        +4.929323E-05
7.856674E-01        -4.600661E-04        +4.910781E-05
7.849616E-01        -4.582457E-04        +4.892339E-05
7.842565E-01        -4.564298E-04        +4.873942E-05
7.835520E-01        -4.546194E-04        +4.855656E-05
7.828481E-01        -4.528188E-04        +4.837401E-05
7.821449E-01        -4.510283E-04        +4.819217E-05
7.814422E-01        -4.492418E-04        +4.801116E-05
7.807403E-01        -4.474613E-04        +4.783077E-05
7.800389E-01        -4.456848E-04        +4.765077E-05
7.793382E-01        -4.439141E-04        +4.747136E-05
7.786381E-01        -4.421532E-04        +4.729294E-05
7.779386E-01        -4.404022E-04        +4.711551E-05
7.772398E-01        -4.386557E-04        +4.693853E-05
7.765416E-01        -4.369147E-04        +4.676155E-05
7.758440E-01        -4.351836E-04        +4.658569E-05
7.751471E-01        -4.334570E-04        +4.641072E-05
7.744507E-01        -4.317356E-04        +4.623628E-05
7.737550E-01        -4.300243E-04        +4.606230E-05
7.730600E-01        -4.283176E-04        +4.588889E-05
7.723655E-01        -4.266161E-04        +4.571590E-05
7.716717E-01        -4.249247E-04        +4.554405E-05
7.709785E-01        -4.232376E-04        +4.537307E-05
7.702859E-01        -4.215561E-04        +4.520208E-05
7.695939E-01        -4.198788E-04        +4.503165E-05
7.689026E-01        -4.182129E-04        +4.486223E-05
7.682119E-01        -4.165556E-04        +4.469325E-05
7.675218E-01        -4.148983E-04        +4.452483E-05
7.668323E-01        -4.132464E-04        +4.435740E-05
7.661434E-01        -4.116045E-04        +4.419041E-05
7.654552E-01        -4.099671E-04        +4.402400E-05
7.647676E-01        -4.083408E-04        +4.385858E-05
7.640806E-01        -4.067175E-04        +4.369359E-05
7.633942E-01        -4.051011E-04        +4.352861E-05
7.627084E-01        -4.034933E-04        +4.336474E-05
7.620233E-01        -4.018856E-04        +4.320177E-05
7.613387E-01        -4.002832E-04        +4.303877E-05
7.606548E-01        -3.986910E-04        +4.287635E-05
7.599715E-01        -3.971088E-04        +4.271493E-05
7.592888E-01        -3.955308E-04        +4.255394E-05
7.586067E-01        -3.939527E-04        +4.239351E-05
7.579253E-01        -3.923859E-04        +4.223354E-05
7.572444E-01        -3.908277E-04        +4.207467E-05
7.565642E-01        -3.892696E-04        +4.191613E-05
7.558845E-01        -3.877168E-04        +4.175769E-05
7.552055E-01        -3.861742E-04        +4.160027E-05
7.545271E-01        -3.846359E-04        +4.144385E-05
7.538493E-01        -3.831031E-04        +4.128787E-05
7.531721E-01        -3.815802E-04        +4.113188E-05
7.524955E-01        -3.800617E-04        +4.097645E-05
7.518195E-01        -3.785487E-04        +4.082202E-05
7.511442E-01        -3.770402E-04        +4.066805E-05
7.504694E-01        -3.755371E-04        +4.051462E-05
7.497952E-01        -3.740383E-04        +4.036162E-05
7.491217E-01        -3.725453E-04        +4.020921E-05
7.484487E-01        -3.710619E-04        +4.005777E-05
7.477764E-01        -3.695832E-04        +3.990680E-05
7.471046E-01        -3.681097E-04        +3.975636E-05
7.464335E-01        -3.666409E-04        +3.960638E-05
7.457630E-01        -3.651775E-04        +3.945640E-05
7.450930E-01        -3.637239E-04        +3.930752E-05
7.444237E-01        -3.622749E-04        +3.915954E-05
7.437550E-01        -3.608258E-04        +3.901156E-05
7.430869E-01        -3.593822E-04        +3.886413E-05
7.424193E-01        -3.579484E-04        +3.871713E-05
7.417524E-01        -3.565192E-04        +3.857071E-05
7.410861E-01        -3.550955E-04        +3.842529E-05
7.404203E-01        -3.536815E-04        +3.828029E-05
7.397552E-01        -3.522721E-04        +3.813587E-05
7.390907E-01        -3.508627E-04        +3.799189E-05
7.384267E-01        -3.494586E-04        +3.784789E-05
7.377634E-01        -3.480647E-04        +3.770502E-05
7.371007E-01        -3.466751E-04        +3.756249E-05
7.364385E-01        -3.452909E-04        +3.742061E-05
7.357770E-01        -3.439113E-04        +3.727908E-05
7.351160E-01        -3.425370E-04        +3.713819E-05
7.344556E-01        -3.411671E-04        +3.699764E-05
7.337959E-01        -3.398029E-04        +3.685779E-05
7.331367E-01        -3.384430E-04        +3.671879E-05
7.324781E-01        -3.370885E-04        +3.657981E-05
7.318201E-01        -3.357441E-04        +3.644137E-05
7.311627E-01        -3.344041E-04        +3.630339E-05
7.305059E-01        -3.330640E-04        +3.616596E-05
7.298496E-01        -3.317292E-04        +3.602951E-05
7.291940E-01        -3.304046E-04        +3.589298E-05
7.285390E-01        -3.290844E-04        +3.575711E-05
7.278845E-01        -3.277641E-04        +3.562212E-05
7.272306E-01        -3.264492E-04        +3.548713E-05
7.265774E-01        -3.251445E-04        +3.535271E-05
7.259247E-01        -3.238440E-04        +3.521928E-05
7.252725E-01        -3.225489E-04        +3.508627E-05
7.246210E-01        -3.212585E-04        +3.495329E-05
7.239701E-01        -3.199680E-04        +3.482087E-05
7.233197E-01        -3.186828E-04        +3.468887E-05
7.226700E-01        -3.174078E-04        +3.455745E-05
7.220208E-01        -3.161370E-04        +3.442646E-05
7.213722E-01        -3.148718E-04        +3.429603E-05
7.207242E-01        -3.136110E-04        +3.416660E-05
7.200767E-01        -3.123556E-04        +3.403705E-05
7.194299E-01        -3.111048E-04        +3.390762E-05
7.187836E-01        -3.098538E-04        +3.377919E-05
7.181379E-01        -3.086084E-04        +3.365120E-05
7.174928E-01        -3.073729E-04        +3.352377E-05
7.168482E-01        -3.061416E-04        +3.339677E-05
7.162043E-01        -3.049161E-04        +3.327034E-05
7.155609E-01        -3.036894E-04        +3.314435E-05
7.149181E-01        -3.024692E-04        +3.301892E-05
7.142759E-01        -3.012580E-04        +3.289393E-05
7.136342E-01        -3.000466E-04        +3.276893E-05
7.129932E-01        -2.988409E-04        +3.264451E-05
7.123527E-01        -2.976450E-04        +3.252108E-05
7.117128E-01        -2.964536E-04        +3.239754E-05
7.110734E-01        -2.952620E-04        +3.227465E-05
7.104346E-01        -2.940759E-04        +3.215210E-05
7.097965E-01        -2.928945E-04        +3.203023E-05
7.091588E-01        -2.917183E-04        +3.190868E-05
7.085218E-01        -2.905467E-04        +3.178725E-05
7.078853E-01        -2.893804E-04        +3.166681E-05
7.072494E-01        -2.882187E-04        +3.154682E-05
7.066141E-01        -2.870569E-04        +3.142739E-05
7.059793E-01        -2.859006E-04        +3.130785E-05
7.053451E-01        -2.847542E-04        +3.118896E-05
7.047115E-01        -2.836123E-04        +3.107042E-05
7.040784E-01        -2.824702E-04        +3.095253E-05
7.034459E-01        -2.813337E-04        +3.083499E-05
7.028140E-01        -2.802016E-04        +3.071755E-05
7.021827E-01        -2.790751E-04        +3.060113E-05
7.015519E-01        -2.779530E-04        +3.048513E-05
7.009217E-01        -2.768308E-04        +3.036915E-05
7.002920E-01        -2.757140E-04        +3.025370E-05
6.996630E-01        -2.746073E-04        +3.013873E-05
6.990344E-01        -2.735049E-04        +3.002427E-05
6.984065E-01        -2.724026E-04        +2.991030E-05
6.977791E-01        -2.713057E-04        +2.979685E-05
6.971523E-01        -2.702132E-04        +2.968387E-05
6.965260E-01        -2.691262E-04        +2.957088E-05
6.959003E-01        -2.680437E-04        +2.945844E-05
6.952752E-01        -2.669612E-04        +2.934645E-05
6.946506E-01        -2.658840E-04        +2.923501E-05
6.940266E-01        -2.648114E-04        +2.912347E-05
6.934031E-01        -2.637441E-04        +2.901258E-05
6.927802E-01        -2.626813E-04        +2.890259E-05
6.921579E-01        -2.616241E-04        +2.879260E-05
6.915361E-01        -2.605712E-04        +2.868316E-05
6.909149E-01        -2.595184E-04        +2.857417E-05
6.902942E-01        -2.584709E-04        +2.846518E-05
6.896741E-01        -2.574280E-04        +2.835674E-05
6.890546E-01        -2.563905E-04        +2.824876E-05
6.884356E-01        -2.553575E-04        +2.814131E-05
6.878172E-01        -2.543245E-04        +2.803433E-05
6.871993E-01        -2.532967E-04        +2.792734E-05
6.865820E-01        -2.522736E-04        +2.782090E-05
6.859652E-01        -2.512558E-04        +2.771490E-05
6.853490E-01        -2.502426E-04        +2.760947E-05
6.847333E-01        -2.492348E-04        +2.750447E-05
6.841182E-01        -2.482315E-04        +2.739948E-05
6.835037E-01        -2.472281E-04        +2.729505E-05
6.828897E-01        -2.462247E-04        +2.719161E-05
6.822762E-01        -2.452322E-04        +2.708806E-05
6.816633E-01        -2.442432E-04        +2.698462E-05
6.810510E-01        -2.432552E-04        +2.688164E-05
6.804392E-01        -2.422717E-04        +2.677920E-05
6.798279E-01        -2.412935E-04        +2.667720E-05
6.792172E-01        -2.403198E-04        +2.657575E-05
6.786071E-01        -2.393462E-04        +2.647423E-05
6.779975E-01        -2.383780E-04        +2.637333E-05
6.773884E-01        -2.374141E-04        +2.627279E-05
6.767799E-01        -2.364503E-04        +2.617234E-05
6.761719E-01        -2.354919E-04        +2.607289E-05
6.755645E-01        -2.345435E-04        +2.597336E-05
6.749576E-01        -2.335941E-04        +2.587446E-05
6.743513E-01        -2.326456E-04        +2.577593E-05
6.737455E-01        -2.317070E-04        +2.567748E-05
6.731403E-01        -2.307676E-04        +2.557949E-05
6.725356E-01        -2.298344E-04        +2.548205E-05
6.719315E-01        -2.289049E-04        +2.538452E-05
6.713279E-01        -2.279762E-04        +2.528762E-05
6.707248E-01        -2.270519E-04        +2.519108E-05
6.701223E-01        -2.261332E-04        +2.509464E-05
6.695203E-01        -2.252189E-04        +2.499919E-05
6.689188E-01        -2.243045E-04        +2.490365E-05
6.683179E-01        -2.233956E-04        +2.480820E-05
6.677176E-01        -2.224913E-04        +2.471377E-05
6.671178E-01        -2.215868E-04        +2.461978E-05
6.665185E-01        -2.206878E-04        +2.452579E-05
6.659197E-01        -2.197932E-04        +2.443179E-05
6.653215E-01        -2.189041E-04        +2.433834E-05
6.647239E-01        -2.180197E-04        +2.424536E-05
6.641267E-01        -2.171349E-04        +2.415236E-05
6.635301E-01        -2.162503E-04        +2.405991E-05
6.629341E-01        -2.153711E-04        +2.396793E-05
6.623385E-01        -2.144963E-04        +2.387647E-05
6.617436E-01        -2.136271E-04        +2.378550E-05
6.611491E-01        -2.127622E-04        +2.369450E-05
6.605552E-01        -2.118973E-04        +2.360405E-05
6.599618E-01        -2.110379E-04        +2.351352E-05
6.593689E-01        -2.101829E-04        +2.342361E-05
6.587766E-01        -2.093279E-04        +2.333408E-05
6.581848E-01        -2.084783E-04        +2.324463E-05
6.575936E-01        -2.076280E-04        +2.315564E-05
6.570028E-01        -2.067837E-04        +2.306719E-05
6.564126E-01        -2.059431E-04        +2.297919E-05
6.558230E-01        -2.051035E-04        +2.289121E-05
6.552338E-01        -2.042736E-04        +2.280321E-05
6.546452E-01        -2.034430E-04        +2.271576E-05
6.540572E-01        -2.026133E-04        +2.262878E-05
6.534696E-01        -2.017934E-04        +2.254233E-05
6.528826E-01        -2.009726E-04        +2.245634E-05
6.522961E-01        -2.001527E-04        +2.237035E-05
6.517101E-01        -1.993372E-04        +2.228435E-05
6.511247E-01        -1.985272E-04        +2.219891E-05
6.505398E-01        -1.977217E-04        +2.211392E-05
6.499554E-01        -1.969162E-04        +2.202947E-05
6.493715E-01        -1.961161E-04        +2.194493E-05
6.487882E-01        -1.953151E-04        +2.186049E-05
6.482054E-01        -1.945204E-04        +2.177704E-05
6.476231E-01        -1.937293E-04        +2.169350E-05
6.470413E-01        -1.929389E-04        +2.161005E-05
6.464600E-01        -1.921531E-04        +2.152759E-05
6.458793E-01        -1.913674E-04        +2.144506E-05
6.452991E-01        -1.905871E-04        +2.136261E-05
6.447194E-01        -1.898112E-04        +2.128062E-05
6.441403E-01        -1.890354E-04        +2.119918E-05
6.435616E-01        -1.882649E-04        +2.111818E-05
6.429835E-01        -1.874989E-04        +2.103719E-05
6.424059E-01        -1.867329E-04        +2.095620E-05
6.418288E-01        -1.859723E-04        +2.087574E-05
6.412523E-01        -1.852164E-04        +2.079576E-05
6.406762E-01        -1.844602E-04        +2.071576E-05
6.401007E-01        -1.837095E-04        +2.063631E-05
6.395257E-01        -1.829580E-04        +2.055732E-05
6.389512E-01        -1.822072E-04        +2.047833E-05
6.383772E-01        -1.814663E-04        +2.039933E-05
6.378037E-01        -1.807301E-04        +2.032088E-05
6.372308E-01        -1.799938E-04        +2.024289E-05
6.366583E-01        -1.792574E-04        +2.016543E-05
6.360864E-01        -1.785211E-04        +2.008790E-05
6.355150E-01        -1.777901E-04        +2.001045E-05
6.349441E-01        -1.770636E-04        +1.993346E-05
6.343737E-01        -1.763426E-04        +1.985700E-05
6.338039E-01        -1.756208E-04        +1.978102E-05
6.332345E-01        -1.748996E-04        +1.970502E-05
6.326657E-01        -1.741884E-04        +1.962903E-05
6.320973E-01        -1.734763E-04        +1.955357E-05
6.315295E-01        -1.727651E-04        +1.947858E-05
6.309622E-01        -1.720585E-04        +1.940359E-05
6.303954E-01        -1.713572E-04        +1.932860E-05
6.298291E-01        -1.706550E-04        +1.925414E-05
6.292633E-01        -1.699536E-04        +1.918015E-05
6.286980E-01        -1.692622E-04        +1.910669E-05
6.281333E-01        -1.685701E-04        +1.903317E-05
6.275690E-01        -1.678785E-04        +1.895971E-05
6.270053E-01        -1.671917E-04        +1.888673E-05
6.264420E-01        -1.665047E-04        +1.881426E-05
6.258793E-01        -1.658232E-04        +1.874174E-05
6.253170E-01        -1.651461E-04        +1.866928E-05
6.247553E-01        -1.644691E-04        +1.859783E-05
6.241941E-01        -1.637975E-04        +1.852630E-05
6.236333E-01        -1.631249E-04        +1.845483E-05
6.230731E-01        -1.624532E-04        +1.838384E-05
6.225134E-01        -1.617860E-04        +1.831285E-05
6.219542E-01        -1.611242E-04        +1.824240E-05
6.213955E-01        -1.604670E-04        +1.817187E-05
6.208373E-01        -1.598098E-04        +1.810195E-05
6.202796E-01        -1.591525E-04        +1.803242E-05
6.197224E-01        -1.585005E-04        +1.796243E-05
6.191657E-01        -1.578532E-04        +1.789298E-05
6.186094E-01        -1.572057E-04        +1.782397E-05
6.180537E-01        -1.565583E-04        +1.775551E-05
6.174985E-01        -1.559162E-04        +1.768699E-05
6.169438E-01        -1.552734E-04        +1.761853E-05
6.163896E-01        -1.546366E-04        +1.755107E-05
6.158359E-01        -1.540037E-04        +1.748355E-05
6.152827E-01        -1.533715E-04        +1.741556E-05
6.147300E-01        -1.527385E-04        +1.734810E-05
6.141777E-01        -1.521115E-04        +1.728163E-05
6.136260E-01        -1.514885E-04        +1.721511E-05
6.130748E-01        -1.508662E-04        +1.714865E-05
6.125241E-01        -1.502485E-04        +1.708266E-05
6.119738E-01        -1.496306E-04        +1.701666E-05
6.114241E-01        -1.490129E-04        +1.695068E-05
6.108748E-01        -1.484003E-04        +1.688521E-05
6.103261E-01        -1.477926E-04        +1.682022E-05
6.097778E-01        -1.471846E-04        +1.675523E-05
6.092300E-01        -1.465767E-04        +1.669023E-05
6.086827E-01        -1.459740E-04        +1.662577E-05
6.081359E-01        -1.453760E-04        +1.656124E-05
6.075896E-01        -1.447780E-04        +1.649732E-05
6.070438E-01        -1.441800E-04        +1.643379E-05
6.064985E-01        -1.435819E-04        +1.637033E-05
6.059537E-01        -1.429892E-04        +1.630681E-05
6.054094E-01        -1.424011E-04        +1.624335E-05
6.048655E-01        -1.418182E-04        +1.618089E-05
6.043221E-01        -1.412346E-04        +1.611835E-05
6.037793E-01        -1.406518E-04        +1.605590E-05
6.032369E-01        -1.400735E-04        +1.599391E-05
6.026950E-01        -1.394952E-04        +1.593191E-05
6.021536E-01        -1.389169E-04        +1.587045E-05
6.016127E-01        -1.383439E-04        +1.580893E-05
6.010722E-01        -1.377754E-04        +1.574746E-05
6.005323E-01        -1.372071E-04        +1.568647E-05
5.999928E-01        -1.366440E-04        +1.562601E-05
5.994538E-01        -1.360801E-04        +1.556548E-05
5.989153E-01        -1.355169E-04        +1.550502E-05
5.983773E-01        -1.349584E-04        +1.544503E-05
5.978398E-01        -1.343999E-04        +1.538504E-05
5.973027E-01        -1.338466E-04        +1.532557E-05
5.967662E-01        -1.332981E-04        +1.526658E-05
5.962301E-01        -1.327441E-04        +1.520705E-05
5.956945E-01        -1.321960E-04        +1.514813E-05
5.951593E-01        -1.316519E-04        +1.508959E-05
5.946247E-01        -1.311085E-04        +1.503113E-05
5.940905E-01        -1.305644E-04        +1.497260E-05
5.935569E-01        -1.300210E-04        +1.491415E-05
5.930237E-01        -1.294875E-04        +1.485669E-05
5.924909E-01        -1.289533E-04        +1.479915E-05
5.919587E-01        -1.284197E-04        +1.474169E-05
5.914269E-01        -1.278908E-04        +1.468470E-05
5.908956E-01        -1.273619E-04        +1.462770E-05
5.903648E-01        -1.268329E-04        +1.457071E-05
5.898345E-01        -1.263093E-04        +1.451425E-05
5.893046E-01        -1.257849E-04        +1.445825E-05
5.887753E-01        -1.252612E-04        +1.440173E-05
5.882464E-01        -1.247421E-04        +1.434580E-05
5.877179E-01        -1.242282E-04        +1.429027E-05
5.871900E-01        -1.237138E-04        +1.423481E-05
5.866625E-01        -1.232000E-04        +1.417928E-05
5.861355E-01        -1.226908E-04        +1.412382E-05
5.856089E-01        -1.221868E-04        +1.406935E-05
5.850829E-01        -1.216823E-04        +1.401483E-05
5.845573E-01        -1.211783E-04        +1.396037E-05
5.840322E-01        -1.206737E-04        +1.390637E-05
5.835075E-01        -1.201696E-04        +1.385237E-05
5.829834E-01        -1.196757E-04        +1.379839E-05
5.824596E-01        -1.191809E-04        +1.374438E-05
5.819364E-01        -1.186867E-04        +1.369092E-05
5.814137E-01        -1.181920E-04        +1.363793E-05
5.808914E-01        -1.177032E-04        +1.358494E-05
5.803695E-01        -1.172183E-04        +1.353193E-05
5.798482E-01        -1.167288E-04        +1.347894E-05
5.793273E-01        -1.162445E-04        +1.342648E-05
5.788069E-01        -1.157650E-04        +1.337448E-05
5.782869E-01        -1.152801E-04        +1.332249E-05
5.777674E-01        -1.148010E-04        +1.327049E-05
5.772484E-01        -1.143261E-04        +1.321903E-05
5.767299E-01        -1.138517E-04        +1.316751E-05
5.762118E-01        -1.133766E-04        +1.311604E-05
5.756942E-01        -1.129022E-04        +1.306505E-05
5.751770E-01        -1.124377E-04        +1.301405E-05
5.746603E-01        -1.119726E-04        +1.296358E-05
5.741441E-01        -1.115027E-04        +1.291306E-05
5.736283E-01        -1.110381E-04        +1.286259E-05
5.731130E-01        -1.105783E-04        +1.281259E-05
5.725982E-01        -1.101184E-04        +1.276260E-05
5.720838E-01        -1.096584E-04        +1.271260E-05
5.715699E-01        -1.092038E-04        +1.266314E-05
5.710565E-01        -1.087539E-04        +1.261362E-05
5.705435E-01        -1.082986E-04        +1.256415E-05
5.700309E-01        -1.078490E-04        +1.251515E-05
5.695189E-01        -1.074037E-04        +1.246669E-05
5.690073E-01        -1.069536E-04        +1.241817E-05
5.684961E-01        -1.065087E-04        +1.236969E-05
5.679854E-01        -1.060633E-04        +1.232117E-05
5.674752E-01        -1.056184E-04        +1.227271E-05
5.669654E-01        -1.051782E-04        +1.222523E-05
5.664561E-01        -1.047432E-04        +1.217771E-05
5.659473E-01        -1.043078E-04        +1.213025E-05
5.654389E-01        -1.038728E-04        +1.208273E-05
5.649309E-01        -1.034424E-04        +1.203525E-05
5.644234E-01        -1.030121E-04        +1.198826E-05
5.639164E-01        -1.025818E-04        +1.194127E-05
5.634098E-01        -1.021513E-04        +1.189479E-05
5.629037E-01        -1.017262E-04        +1.184827E-05
5.623980E-01        -1.013005E-04        +1.180180E-05
5.618928E-01        -1.008753E-04        +1.175581E-05
5.613881E-01        -1.004549E-04        +1.170982E-05
5.608838E-01        -1.000344E-04        +1.166382E-05
5.603799E-01        -9.961908E-05        +1.161835E-05
5.598765E-01        -9.920325E-05        +1.157283E-05
5.593736E-01        -9.878794E-05        +1.152736E-05
5.588711E-01        -9.837733E-05        +1.148236E-05
5.583690E-01        -9.796667E-05        +1.143736E-05
5.578674E-01        -9.755600E-05        +1.139289E-05
5.573663E-01        -9.714853E-05        +1.134838E-05
5.568656E-01        -9.674381E-05        +1.130390E-05
5.563654E-01        -9.633961E-05        +1.125991E-05
5.558656E-01        -9.593689E-05        +1.121592E-05
5.553662E-01        -9.553561E-05        +1.117192E-05
5.548673E-01        -9.513584E-05        +1.112792E-05
5.543689E-01        -9.473807E-05        +1.108445E-05
5.538709E-01        -9.434173E-05        +1.104093E-05
5.533733E-01        -9.394688E-05        +1.099746E-05
5.528762E-01        -9.355407E-05        +1.095446E-05
5.523796E-01        -9.316273E-05        +1.091147E-05
5.518834E-01        -9.277282E-05        +1.086848E-05
5.513876E-01        -9.238430E-05        +1.082600E-05
5.508923E-01        -9.199736E-05        +1.078348E-05
5.503974E-01        -9.161185E-05        +1.074101E-05
5.499030E-01        -9.122786E-05        +1.069902E-05
5.494090E-01        -9.084583E-05        +1.065702E-05
5.489154E-01        -9.046525E-05        +1.061502E-05
5.484223E-01        -9.008618E-05        +1.057355E-05
5.479297E-01        -8.970859E-05        +1.053203E-05
5.474375E-01        -8.933248E-05        +1.049056E-05
5.469457E-01        -8.895777E-05        +1.044956E-05
5.464544E-01        -8.858463E-05        +1.040857E-05
5.459635E-01        -8.821345E-05        +1.036757E-05
5.454730E-01        -8.784367E-05        +1.032709E-05
5.449830E-01        -8.747488E-05        +1.028658E-05
5.444935E-01        -8.710767E-05        +1.024611E-05
5.440043E-01        -8.674234E-05        +1.020558E-05
5.435156E-01        -8.637797E-05        +1.016511E-05
5.430274E-01        -8.601521E-05        +1.012564E-05
5.425396E-01        -8.565432E-05        +1.008612E-05
5.420522E-01        -8.529436E-05        +1.004612E-05
5.415653E-01        -8.493596E-05        +1.000650E-05
5.410788E-01        -8.457902E-05        +9.967199E-06
5.405927E-01        -8.422357E-05        +9.928004E-06
5.401071E-01        -8.386959E-05        +9.888962E-06
5.396219E-01        -8.351706E-05        +9.850069E-06
5.391372E-01        -8.316605E-05        +9.811277E-06
5.386528E-01        -8.281647E-05        +9.772630E-06
5.381690E-01        -8.246843E-05        +9.734193E-06
5.376855E-01        -8.212124E-05        +9.695844E-06
5.372025E-01        -8.177563E-05        +9.657653E-06
5.367199E-01        -8.143147E-05        +9.619607E-06
5.362378E-01        -8.108888E-05        +9.581719E-06
5.357561E-01        -8.074769E-05        +9.543975E-06
5.352748E-01        -8.040795E-05        +9.506329E-06
5.347940E-01        -8.006921E-05        +9.468841E-06
5.343135E-01        -7.973190E-05        +9.431542E-06
5.338336E-01        -7.939614E-05        +9.394352E-06
5.333540E-01        -7.906133E-05        +9.357308E-06
5.328749E-01        -7.872851E-05        +9.320413E-06
5.323962E-01        -7.839716E-05        +9.283620E-06
5.319179E-01        -7.806673E-05        +9.247025E-06
5.314401E-01        -7.773736E-05        +9.210531E-06
5.309627E-01        -7.740948E-05        +9.174138E-06
5.304857E-01        -7.708301E-05        +9.137944E-06
5.300092E-01        -7.675806E-05        +9.101903E-06
5.295331E-01        -7.643406E-05        +9.065959E-06
5.290574E-01        -7.611159E-05        +9.030166E-06
5.285821E-01        -7.579049E-05        +8.994518E-06
5.281073E-01        -7.547049E-05        +8.958976E-06
5.276329E-01        -7.515189E-05        +8.923584E-06
5.271589E-01        -7.483428E-05        +8.888338E-06
5.266853E-01        -7.451817E-05        +8.853190E-06
5.262122E-01        -7.420354E-05        +8.818200E-06
5.257395E-01        -7.389036E-05        +8.783356E-06
5.252672E-01        -7.357813E-05        +8.748609E-06
5.247954E-01        -7.326698E-05        +8.714021E-06
5.243239E-01        -7.295718E-05        +8.679571E-06
5.238529E-01        -7.264896E-05        +8.645227E-06
5.233823E-01        -7.234220E-05        +8.610981E-06
5.229122E-01        -7.203643E-05        +8.576893E-06
5.224424E-01        -7.173154E-05        +8.542943E-06
5.219731E-01        -7.142770E-05        +8.509152E-06
5.215042E-01        -7.112537E-05        +8.475507E-06
5.210358E-01        -7.082456E-05        +8.441967E-06
5.205677E-01        -7.052463E-05        +8.408519E-06
5.201001E-01        -7.022627E-05        +8.375176E-06
5.196329E-01        -6.992937E-05        +8.341984E-06
5.191661E-01        -6.963336E-05        +8.308939E-06
5.186997E-01        -6.933835E-05        +8.276044E-06
5.182337E-01        -6.904431E-05        +8.243244E-06
5.177682E-01        -6.875180E-05        +8.210553E-06
5.173031E-01        -6.846076E-05        +8.178009E-06
5.168384E-01        -6.817070E-05        +8.145564E-06
5.163741E-01        -6.788164E-05        +8.113270E-06
5.159102E-01        -6.759351E-05        +8.081123E-06
5.154468E-01        -6.730691E-05        +8.049081E-06
5.149837E-01        -6.702171E-05        +8.017131E-06
5.145211E-01        -6.673757E-05        +7.985287E-06
5.140589E-01        -6.645436E-05        +7.953594E-06
5.135971E-01        -6.617215E-05        +7.922048E-06
5.131358E-01        -6.589098E-05        +7.890607E-06
5.126748E-01        -6.561122E-05        +7.859259E-06
5.122143E-01        -6.533294E-05        +7.828017E-06
5.117541E-01        -6.505559E-05        +7.796918E-06
5.112944E-01        -6.477929E-05        +7.765974E-06
5.108351E-01        -6.450394E-05        +7.735077E-06
5.103762E-01        -6.422957E-05        +7.704334E-06
5.099177E-01        -6.395672E-05        +7.673736E-06
5.094597E-01        -6.368489E-05        +7.643195E-06
5.090020E-01        -6.341397E-05        +7.612798E-06
5.085448E-01        -6.314453E-05        +7.582556E-06
5.080879E-01        -6.287604E-05        +7.552406E-06
5.076315E-01        -6.260859E-05        +7.522362E-06
5.071755E-01        -6.234209E-05        +7.492417E-06
5.067199E-01        -6.207710E-05        +7.462572E-06
5.062647E-01        -6.181307E-05        +7.432877E-06
5.058099E-01        -6.154950E-05        +7.403279E-06
5.053555E-01        -6.128744E-05        +7.373784E-06
5.049016E-01        -6.102687E-05        +7.344442E-06
5.044480E-01        -6.076724E-05        +7.315194E-06
5.039948E-01        -6.050809E-05        +7.286046E-06
5.035421E-01        -6.024997E-05        +7.257003E-06
5.030898E-01        -5.999333E-05        +7.228111E-06
5.026378E-01        -5.973758E-05        +7.199310E-06
5.021863E-01        -5.948289E-05        +7.170617E-06
5.017352E-01        -5.922970E-05        +7.142021E-06
5.012845E-01        -5.897743E-05        +7.113528E-06
5.008341E-01        -5.872562E-05        +7.085176E-06
5.003842E-01        -5.847487E-05        +7.056931E-06
4.999347E-01        -5.822557E-05        +7.028785E-06
4.994856E-01        -5.797719E-05        +7.000739E-06
4.990369E-01        -5.772938E-05        +6.972793E-06
4.985886E-01        -5.748307E-05        +6.944947E-06
4.981408E-01        -5.723770E-05        +6.917206E-06
4.976933E-01        -5.699329E-05        +6.889611E-06
4.972462E-01        -5.674985E-05        +6.862113E-06
4.967995E-01        -5.650740E-05        +6.834666E-06
4.963532E-01        -5.626596E-05        +6.807370E-06
4.959073E-01        -5.602550E-05        +6.780171E-06
4.954619E-01        -5.578602E-05        +6.753081E-06
4.950168E-01        -5.554750E-05        +6.726083E-06
4.945721E-01        -5.530997E-05        +6.699187E-06
4.941278E-01        -5.507345E-05        +6.672388E-06
4.936839E-01        -5.483838E-05        +6.645693E-06
4.932404E-01        -5.460379E-05        +6.619145E-06
4.927974E-01        -5.436972E-05        +6.592653E-06
4.923547E-01        -5.413706E-05        +6.566257E-06
4.919124E-01        -5.390543E-05        +6.540010E-06
4.914705E-01        -5.367482E-05        +6.513813E-06
4.910290E-01        -5.344509E-05        +6.487717E-06
4.905879E-01        -5.321588E-05        +6.461771E-06
4.901472E-01        -5.298822E-05        +6.435873E-06
4.897069E-01        -5.276150E-05        +6.410079E-06
4.892670E-01        -5.253524E-05        +6.384433E-06
4.888275E-01        -5.230998E-05        +6.358836E-06
4.883883E-01        -5.208567E-05        +6.333337E-06
4.879496E-01        -5.186237E-05        +6.307992E-06
4.875113E-01        -5.164007E-05        +6.282696E-06
4.870733E-01        -5.141872E-05        +6.257497E-06
4.866358E-01        -5.119786E-05        +6.232402E-06
4.861986E-01        -5.097798E-05        +6.207404E-06
4.857619E-01        -5.075913E-05        +6.182510E-06
4.853255E-01        -5.054121E-05        +6.157661E-06
4.848895E-01        -5.032427E-05        +6.132965E-06
4.844539E-01        -5.010835E-05        +6.108366E-06
4.840188E-01        -4.989341E-05        +6.083825E-06
4.835840E-01        -4.967895E-05        +6.059378E-06
4.831495E-01        -4.946538E-05        +6.035026E-06
4.827155E-01        -4.925287E-05        +6.010781E-06
4.822819E-01        -4.904137E-05        +5.986636E-06
4.818486E-01        -4.883082E-05        +5.962586E-06
4.814158E-01        -4.862082E-05        +5.938642E-06
4.809833E-01        -4.841169E-05        +5.914793E-06
4.805513E-01        -4.820359E-05        +5.891000E-06
4.801196E-01        -4.799597E-05        +5.867303E-06
4.796883E-01        -4.778935E-05        +5.843706E-06
4.792574E-01        -4.758373E-05        +5.820159E-06
4.788268E-01        -4.737902E-05        +5.796759E-06
4.783967E-01        -4.717486E-05        +5.773464E-06
4.779669E-01        -4.697162E-05        +5.750214E-06
4.775376E-01        -4.676942E-05        +5.727071E-06
4.771086E-01        -4.656769E-05        +5.704023E-06
4.766800E-01        -4.636742E-05        +5.681025E-06
4.762518E-01        -4.616764E-05        +5.658129E-06
4.758240E-01        -4.596839E-05        +5.635333E-06
4.753965E-01        -4.577059E-05        +5.612633E-06
4.749695E-01        -4.557328E-05        +5.590038E-06
4.745428E-01        -4.537645E-05        +5.567490E-06
4.741165E-01        -4.518062E-05        +5.545042E-06
4.736906E-01        -4.498575E-05        +5.522696E-06
4.732651E-01        -4.479188E-05        +5.500399E-06
4.728399E-01        -4.459848E-05        +5.478200E-06
4.724152E-01        -4.440609E-05        +5.456105E-06
4.719908E-01        -4.421460E-05        +5.434107E-06
4.715668E-01        -4.402367E-05        +5.412209E-06
4.711432E-01        -4.383375E-05        +5.390363E-06
4.707200E-01        -4.364429E-05        +5.368567E-06
4.702971E-01        -4.345524E-05        +5.346868E-06
4.698746E-01        -4.326771E-05        +5.325269E-06
4.694525E-01        -4.308118E-05        +5.303772E-06
4.690308E-01        -4.289465E-05        +5.282375E-06
4.686095E-01        -4.270915E-05        +5.260979E-06
4.681885E-01        -4.252455E-05        +5.239680E-06
4.677679E-01        -4.234042E-05        +5.218532E-06
4.673477E-01        -4.215729E-05        +5.197434E-06
4.669279E-01        -4.197518E-05        +5.176388E-06
4.665085E-01        -4.179357E-05        +5.155443E-06
4.660894E-01        -4.161243E-05        +5.134595E-06
4.656707E-01        -4.143225E-05        +5.113847E-06
4.652524E-01        -4.125308E-05        +5.093150E-06
4.648344E-01        -4.107432E-05        +5.072500E-06
4.644169E-01        -4.089613E-05        +5.051956E-06
4.639997E-01        -4.071889E-05        +5.031508E-06
4.635828E-01        -4.054258E-05        +5.011156E-06
4.631664E-01        -4.036687E-05        +4.990860E-06
4.627503E-01        -4.019158E-05        +4.970611E-06
4.623346E-01        -4.001725E-05        +4.950464E-06
4.619193E-01        -3.984398E-05        +4.930367E-06
4.615044E-01        -3.967117E-05        +4.910372E-06
4.610898E-01        -3.949883E-05        +4.890473E-06
4.606756E-01        -3.932750E-05        +4.870625E-06
4.602618E-01        -3.915713E-05        +4.850879E-06
4.598483E-01        -3.898723E-05        +4.831230E-06
4.594352E-01        -3.881780E-05        +4.811631E-06
4.590225E-01        -3.864938E-05        +4.792084E-06
4.586101E-01        -3.848142E-05        +4.772634E-06
4.581982E-01        -3.831402E-05        +4.753240E-06
4.577866E-01        -3.814760E-05        +4.733892E-06
4.573753E-01        -3.798159E-05        +4.714641E-06
4.569644E-01        -3.781655E-05        +4.695492E-06
4.565540E-01        -3.765255E-05        +4.676449E-06
4.561438E-01        -3.748854E-05        +4.657448E-06
4.557341E-01        -3.732554E-05        +4.638503E-06
4.553247E-01        -3.716345E-05        +4.619654E-06
4.549156E-01        -3.700134E-05        +4.600853E-06
4.545070E-01        -3.684028E-05        +4.582108E-06
4.540987E-01        -3.668019E-05        +4.563459E-06
4.536908E-01        -3.652062E-05        +4.544912E-06
4.532832E-01        -3.636147E-05        +4.526412E-06
4.528760E-01        -3.620284E-05        +4.507964E-06
4.524692E-01        -3.604521E-05        +4.489617E-06
4.520627E-01        -3.588801E-05        +4.471367E-06
4.516566E-01        -3.573133E-05        +4.453169E-06
4.512509E-01        -3.557566E-05        +4.435022E-06
4.508455E-01        -3.542091E-05        +4.416923E-06
4.504405E-01        -3.526668E-05        +4.398875E-06
4.500359E-01        -3.511246E-05        +4.380928E-06
4.496316E-01        -3.495917E-05        +4.363079E-06
4.492277E-01        -3.480688E-05        +4.345281E-06
4.488242E-01        -3.465512E-05        +4.327535E-06
4.484210E-01        -3.450383E-05        +4.309887E-06
4.480182E-01        -3.435305E-05        +4.292339E-06
4.476157E-01        -3.420321E-05        +4.274839E-06
4.472136E-01        -3.405382E-05        +4.257391E-06
4.468119E-01        -3.390500E-05        +4.239995E-06
4.464105E-01        -3.375716E-05        +4.222646E-06
4.460095E-01        -3.360978E-05        +4.205398E-06
4.456088E-01        -3.346288E-05        +4.188198E-06
4.452085E-01        -3.331644E-05        +4.171100E-06
4.448086E-01        -3.317052E-05        +4.154053E-06
4.444090E-01        -3.302558E-05        +4.137054E-06
4.440098E-01        -3.288110E-05        +4.120156E-06
4.436109E-01        -3.273715E-05        +4.103306E-06
4.432124E-01        -3.259371E-05        +4.086508E-06
4.428143E-01        -3.245119E-05        +4.069761E-06
4.424165E-01        -3.230915E-05        +4.053113E-06
4.420190E-01        -3.216764E-05        +4.036511E-06
4.416220E-01        -3.202713E-05        +4.020016E-06
4.412253E-01        -3.188660E-05        +4.003568E-06
4.408289E-01        -3.174655E-05        +3.987168E-06
4.404329E-01        -3.160746E-05        +3.970820E-06
4.400372E-01        -3.146886E-05        +3.954519E-06
4.396420E-01        -3.133080E-05        +3.938324E-06
4.392470E-01        -3.119364E-05        +3.922173E-06
4.388524E-01        -3.105700E-05        +3.906074E-06
4.384582E-01        -3.092087E-05        +3.890077E-06
4.380643E-01        -3.078518E-05        +3.874127E-06
4.376708E-01        -3.065000E-05        +3.858229E-06
4.372776E-01        -3.051535E-05        +3.842430E-06
4.368848E-01        -3.038116E-05        +3.826632E-06
4.364924E-01        -3.024795E-05        +3.810886E-06
4.361003E-01        -3.011526E-05        +3.795237E-06
4.357085E-01        -2.998301E-05        +3.779687E-06
4.353171E-01        -2.985127E-05        +3.764189E-06
4.349260E-01        -2.972002E-05        +3.748688E-06
4.345353E-01        -2.958923E-05        +3.733239E-06
4.341450E-01        -2.945896E-05        +3.717893E-06
4.337550E-01        -2.932967E-05        +3.702644E-06
4.333653E-01        -2.920081E-05        +3.687443E-06
4.329760E-01        -2.907247E-05        +3.672245E-06
4.325871E-01        -2.894465E-05        +3.657148E-06
4.321985E-01        -2.881731E-05        +3.642100E-06
4.318102E-01        -2.869046E-05        +3.627099E-06
4.314223E-01        -2.856407E-05        +3.612200E-06
4.310348E-01        -2.843820E-05        +3.597304E-06
4.306476E-01        -2.831281E-05        +3.582455E-06
4.302607E-01        -2.818786E-05        +3.567704E-06
4.298742E-01        -2.806342E-05        +3.553006E-06
4.294881E-01        -2.794000E-05        +3.538360E-06
4.291022E-01        -2.781703E-05        +3.523808E-06
4.287168E-01        -2.769461E-05        +3.509262E-06
4.283316E-01        -2.757260E-05        +3.494760E-06
4.279469E-01        -2.745064E-05        +3.480364E-06
4.275624E-01        -2.732962E-05        +3.466013E-06
4.271784E-01        -2.720916E-05        +3.451717E-06
4.267946E-01        -2.708860E-05        +3.437466E-06
4.264112E-01        -2.696906E-05        +3.423267E-06
4.260282E-01        -2.685004E-05        +3.409120E-06
4.256455E-01        -2.673145E-05        +3.395071E-06
4.252631E-01        -2.661335E-05        +3.381071E-06
4.248811E-01        -2.649576E-05        +3.367074E-06
4.244994E-01        -2.637867E-05        +3.353124E-06
4.241181E-01        -2.626208E-05        +3.339276E-06
4.237371E-01        -2.614594E-05        +3.325477E-06
4.233564E-01        -2.603028E-05        +3.311726E-06
4.229761E-01        -2.591564E-05        +3.298027E-06
4.225961E-01        -2.580100E-05        +3.284377E-06
4.222165E-01        -2.568686E-05        +3.270779E-06
4.218372E-01        -2.557317E-05        +3.257229E-06
4.214583E-01        -2.545998E-05        +3.243732E-06
4.210797E-01        -2.534730E-05        +3.230283E-06
4.207014E-01        -2.523504E-05        +3.216933E-06
4.203235E-01        -2.512331E-05        +3.203635E-06
4.199459E-01        -2.501206E-05        +3.190335E-06
4.195687E-01        -2.490128E-05        +3.177088E-06
4.191918E-01        -2.479054E-05        +3.163939E-06
4.188152E-01        -2.468079E-05        +3.150839E-06
4.184390E-01        -2.457150E-05        +3.137741E-06
4.180631E-01        -2.446266E-05        +3.124691E-06
4.176875E-01        -2.435432E-05        +3.111740E-06
4.173123E-01        -2.424603E-05        +3.098842E-06
4.169374E-01        -2.413818E-05        +3.085992E-06
4.165629E-01        -2.403134E-05        +3.073194E-06
4.161887E-01        -2.392499E-05        +3.060445E-06
4.158148E-01        -2.381862E-05        +3.047745E-06
4.154413E-01        -2.371274E-05        +3.035048E-06
4.150681E-01        -2.360734E-05        +3.022398E-06
4.146952E-01        -2.350243E-05        +3.009847E-06
4.143227E-01        -2.339802E-05        +2.997350E-06
4.139505E-01        -2.329409E-05        +2.984900E-06
4.135787E-01        -2.319067E-05        +2.972503E-06
4.132071E-01        -2.308770E-05        +2.960102E-06
4.128359E-01        -2.298523E-05        +2.947752E-06
4.124651E-01        -2.288278E-05        +2.935504E-06
4.120946E-01        -2.278080E-05        +2.923306E-06
4.117244E-01        -2.267931E-05        +2.911107E-06
4.113545E-01        -2.257829E-05        +2.898956E-06
4.109850E-01        -2.247778E-05        +2.886907E-06
4.106158E-01        -2.237774E-05        +2.874908E-06
4.102469E-01        -2.227820E-05        +2.862908E-06
4.098784E-01        -2.217866E-05        +2.850959E-06
4.095102E-01        -2.207960E-05        +2.839061E-06
4.091423E-01        -2.198152E-05        +2.827210E-06
4.087748E-01        -2.188395E-05        +2.815412E-06
4.084076E-01        -2.178636E-05        +2.803663E-06
4.080407E-01        -2.168925E-05        +2.791963E-06
4.076741E-01        -2.159262E-05        +2.780312E-06
4.073079E-01        -2.149600E-05        +2.768714E-06
4.069420E-01        -2.139986E-05        +2.757164E-06
4.065765E-01        -2.130424E-05        +2.745667E-06
4.062112E-01        -2.120906E-05        +2.734166E-06
4.058463E-01        -2.111439E-05        +2.722716E-06
4.054818E-01        -2.102023E-05        +2.711320E-06
4.051175E-01        -2.092653E-05        +2.699968E-06
4.047536E-01        -2.083284E-05        +2.688670E-06
4.043900E-01        -2.073962E-05        +2.677420E-06
4.040267E-01        -2.064690E-05        +2.666220E-06
4.036638E-01        -2.055467E-05        +2.655072E-06
4.033012E-01        -2.046294E-05        +2.643973E-06
4.029389E-01        -2.037118E-05        +2.632923E-06
4.025769E-01        -2.027991E-05        +2.621874E-06
4.022153E-01        -2.018964E-05        +2.610874E-06
4.018539E-01        -2.009935E-05        +2.599973E-06
4.014929E-01        -2.000905E-05        +2.589074E-06
4.011323E-01        -1.991975E-05        +2.578177E-06
4.007719E-01        -1.983044E-05        +2.567374E-06
4.004119E-01        -1.974160E-05        +2.556627E-06
4.000522E-01        -1.965328E-05        +2.545877E-06
3.996928E-01        -1.956492E-05        +2.535177E-06
3.993338E-01        -1.947708E-05        +2.524528E-06
3.989751E-01        -1.938972E-05        +2.513930E-06
3.986167E-01        -1.930285E-05        +2.503380E-06
3.982586E-01        -1.921645E-05        +2.492881E-06
3.979008E-01        -1.913055E-05        +2.482381E-06
3.975434E-01        -1.904466E-05        +2.471932E-06
3.971863E-01        -1.895924E-05        +2.461582E-06
3.968295E-01        -1.887432E-05        +2.451234E-06
3.964730E-01        -1.878938E-05        +2.440883E-06
3.961168E-01        -1.870492E-05        +2.430632E-06
3.957610E-01        -1.862097E-05        +2.420434E-06
3.954055E-01        -1.853702E-05        +2.410235E-06
3.950503E-01        -1.845353E-05        +2.400085E-06
3.946954E-01        -1.837103E-05        +2.389986E-06
3.943408E-01        -1.828855E-05        +2.379934E-06
3.939866E-01        -1.820605E-05        +2.369936E-06
3.936327E-01        -1.812404E-05        +2.359938E-06
3.932790E-01        -1.804249E-05        +2.349985E-06
3.929258E-01        -1.796148E-05        +2.340088E-06
3.925728E-01        -1.788043E-05        +2.330189E-06
3.922201E-01        -1.779986E-05        +2.320337E-06
3.918678E-01        -1.771981E-05        +2.310539E-06
3.915158E-01        -1.764023E-05        +2.300789E-06
3.911641E-01        -1.756116E-05        +2.291090E-06
3.908127E-01        -1.748207E-05        +2.281439E-06
3.904616E-01        -1.740296E-05        +2.271791E-06
3.901109E-01        -1.732435E-05        +2.262191E-06
3.897604E-01        -1.724623E-05        +2.252642E-06
3.894103E-01        -1.716860E-05        +2.243092E-06
3.890605E-01        -1.709146E-05        +2.233642E-06
3.887110E-01        -1.701432E-05        +2.224194E-06
3.883618E-01        -1.693717E-05        +2.214743E-06
3.880129E-01        -1.686048E-05        +2.205392E-06
3.876644E-01        -1.678432E-05        +2.196094E-06
3.873161E-01        -1.670861E-05        +2.186794E-06
3.869682E-01        -1.663343E-05        +2.177544E-06
3.866206E-01        -1.655824E-05        +2.168297E-06
3.862732E-01        -1.648350E-05        +2.159092E-06
3.859263E-01        -1.640930E-05        +2.149947E-06
3.855796E-01        -1.633507E-05        +2.140845E-06
3.852332E-01        -1.626083E-05        +2.131796E-06
3.848871E-01        -1.618706E-05        +2.122745E-06
3.845414E-01        -1.611382E-05        +2.113747E-06
3.841959E-01        -1.604102E-05        +2.104795E-06
3.838508E-01        -1.596875E-05        +2.095848E-06
3.835060E-01        -1.589648E-05        +2.086946E-06
3.831615E-01        -1.582420E-05        +2.078099E-06
3.828173E-01        -1.575238E-05        +2.069248E-06
3.824734E-01        -1.568107E-05        +2.060449E-06
3.821298E-01        -1.561023E-05        +2.051697E-06
3.817865E-01        -1.553990E-05        +2.042997E-06
3.814436E-01        -1.546958E-05        +2.034300E-06
3.811009E-01        -1.539922E-05        +2.025648E-06
3.807586E-01        -1.532937E-05        +2.017050E-06
3.804165E-01        -1.526000E-05        +2.008449E-06
3.800748E-01        -1.519063E-05        +1.999899E-06
3.797334E-01        -1.512174E-05        +1.991401E-06
3.793922E-01        -1.505286E-05        +1.982900E-06
3.790514E-01        -1.498443E-05        +1.974449E-06
3.787109E-01        -1.491654E-05        +1.966050E-06
3.783707E-01        -1.484861E-05        +1.957699E-06
3.780308E-01        -1.478119E-05        +1.949352E-06
3.776912E-01        -1.471424E-05        +1.941001E-06
3.773519E-01        -1.464732E-05        +1.932749E-06
3.770130E-01        -1.458037E-05        +1.924504E-06
3.766743E-01        -1.451439E-05        +1.916301E-06
3.763359E-01        -1.444844E-05        +1.908153E-06
3.759978E-01        -1.438244E-05        +1.900001E-06
3.756601E-01        -1.431697E-05        +1.891903E-06
3.753226E-01        -1.425196E-05        +1.883803E-06
3.749855E-01        -1.418747E-05        +1.875753E-06
3.746486E-01        -1.412295E-05        +1.867753E-06
3.743121E-01        -1.405845E-05        +1.859755E-06
3.739758E-01        -1.399440E-05        +1.851803E-06
3.736399E-01        -1.393087E-05        +1.843905E-06
3.733042E-01        -1.386732E-05        +1.836004E-06
3.729689E-01        -1.380378E-05        +1.828154E-06
3.726338E-01        -1.374070E-05        +1.820306E-06
3.722991E-01        -1.367814E-05        +1.812503E-06
3.719646E-01        -1.361604E-05        +1.804755E-06
3.716305E-01        -1.355399E-05        +1.797005E-06
3.712967E-01        -1.349189E-05        +1.789306E-06
3.709631E-01        -1.343028E-05        +1.781654E-06
3.706299E-01        -1.336916E-05        +1.774055E-06
3.702969E-01        -1.330806E-05        +1.766455E-06
3.699643E-01        -1.324692E-05        +1.758857E-06
3.696319E-01        -1.318676E-05        +1.751304E-06
3.692999E-01        -1.312665E-05        +1.743806E-06
3.689681E-01        -1.306648E-05        +1.736305E-06
3.686367E-01        -1.300683E-05        +1.728855E-06
3.683055E-01        -1.294716E-05        +1.721455E-06
3.679747E-01        -1.288798E-05        +1.714057E-06
3.676441E-01        -1.282930E-05        +1.706657E-06
3.673139E-01        -1.277063E-05        +1.699307E-06
3.669839E-01        -1.271193E-05        +1.692007E-06
3.666542E-01        -1.265370E-05        +1.684754E-06
3.663249E-01        -1.259600E-05        +1.677509E-06
3.659958E-01        -1.253829E-05        +1.670257E-06
3.656670E-01        -1.248104E-05        +1.663105E-06
3.653385E-01        -1.242382E-05        +1.655958E-06
3.650103E-01        -1.236656E-05        +1.648806E-06
3.646824E-01        -1.230981E-05        +1.641706E-06
3.643548E-01        -1.225353E-05        +1.634607E-06
3.640275E-01        -1.219730E-05        +1.627556E-06
3.637005E-01        -1.214101E-05        +1.620557E-06
3.633738E-01        -1.208571E-05        +1.613558E-06
3.630474E-01        -1.203045E-05        +1.606607E-06
3.627213E-01        -1.197513E-05        +1.599708E-06
3.623954E-01        -1.192032E-05        +1.592807E-06
3.620699E-01        -1.186552E-05        +1.585909E-06
3.617446E-01        -1.181070E-05        +1.579057E-06
3.614197E-01        -1.175637E-05        +1.572258E-06
3.610950E-01        -1.170253E-05        +1.565458E-06
3.607706E-01        -1.164869E-05        +1.558706E-06
3.604465E-01        -1.159532E-05        +1.551959E-06
3.601227E-01        -1.154198E-05        +1.545207E-06
3.597992E-01        -1.148860E-05        +1.538556E-06
3.594760E-01        -1.143574E-05        +1.531909E-06
3.591531E-01        -1.138334E-05        +1.525258E-06
3.588305E-01        -1.133099E-05        +1.518659E-06
3.585081E-01        -1.127857E-05        +1.512059E-06
3.581861E-01        -1.122668E-05        +1.505508E-06
3.578643E-01        -1.117525E-05        +1.499008E-06
3.575428E-01        -1.112385E-05        +1.492508E-06
3.572216E-01        -1.107241E-05        +1.486056E-06
3.569007E-01        -1.102148E-05        +1.479609E-06
3.565801E-01        -1.097055E-05        +1.473157E-06
3.562598E-01        -1.092009E-05        +1.466806E-06
3.559398E-01        -1.086967E-05        +1.460460E-06
3.556200E-01        -1.081918E-05        +1.454107E-06
3.553006E-01        -1.076923E-05        +1.447809E-06
3.549814E-01        -1.071973E-05        +1.441509E-06
3.546625E-01        -1.067028E-05        +1.435257E-06
3.543439E-01        -1.062077E-05        +1.429010E-06
3.540256E-01        -1.057179E-05        +1.422758E-06
3.537076E-01        -1.052327E-05        +1.416607E-06
3.533898E-01        -1.047478E-05        +1.410459E-06
3.530724E-01        -1.042625E-05        +1.404308E-06
3.527552E-01        -1.037823E-05        +1.398208E-06
3.524383E-01        -1.033020E-05        +1.392108E-06
3.521217E-01        -1.028217E-05        +1.386056E-06
3.518054E-01        -1.023461E-05        +1.380010E-06
3.514894E-01        -1.018757E-05        +1.373958E-06
3.511736E-01        -1.014003E-05        +1.368005E-06
3.508581E-01        -1.009292E-05        +1.362058E-06
3.505430E-01        -1.004639E-05        +1.356107E-06
3.502281E-01        -9.999791E-06        +1.350208E-06
3.499135E-01        -9.953713E-06        +1.344309E-06
3.495991E-01        -9.907618E-06        +1.338455E-06
3.492851E-01        -9.861535E-06        +1.332610E-06
3.489713E-01        -9.815904E-06        +1.326757E-06
3.486578E-01        -9.770323E-06        +1.320957E-06
3.483446E-01        -9.724682E-06        +1.315205E-06
3.480317E-01        -9.679564E-06        +1.309459E-06
3.477190E-01        -9.634904E-06        +1.303706E-06
3.474067E-01        -9.590304E-06        +1.298007E-06
3.470946E-01        -9.545544E-06        +1.292355E-06
3.467828E-01        -9.501247E-06        +1.286708E-06
3.464713E-01        -9.457136E-06        +1.281056E-06
3.461600E-01        -9.413219E-06        +1.275456E-06
3.458491E-01        -9.369457E-06        +1.269857E-06
3.455384E-01        -9.325920E-06        +1.264305E-06
3.452280E-01        -9.282592E-06        +1.258805E-06
3.449179E-01        -9.239405E-06        +1.253306E-06
3.446080E-01        -9.196396E-06        +1.247806E-06
3.442985E-01        -9.153603E-06        +1.242308E-06
3.439892E-01        -9.110996E-06        +1.236855E-06
3.436802E-01        -9.068581E-06        +1.231456E-06
3.433714E-01        -9.026350E-06        +1.226055E-06
3.430630E-01        -8.984332E-06        +1.220657E-06
3.427548E-01        -8.942492E-06        +1.215257E-06
3.424469E-01        -8.900846E-06        +1.209905E-06
3.421393E-01        -8.859356E-06        +1.204606E-06
3.418319E-01        -8.818045E-06        +1.199305E-06
3.415248E-01        -8.776932E-06        +1.194052E-06
3.412180E-01        -8.735966E-06        +1.188806E-06
3.409115E-01        -8.695239E-06        +1.183554E-06
3.406053E-01        -8.654716E-06        +1.178355E-06
3.402993E-01        -8.614330E-06        +1.173155E-06
3.399936E-01        -8.574096E-06        +1.168003E-06
3.396882E-01        -8.534049E-06        +1.162856E-06
3.393830E-01        -8.494189E-06        +1.157703E-06
3.390782E-01        -8.454486E-06        +1.152605E-06
3.387736E-01        -8.414969E-06        +1.147552E-06
3.384692E-01        -8.375638E-06        +1.142505E-06
3.381652E-01        -8.336517E-06        +1.137453E-06
3.378614E-01        -8.297536E-06        +1.132453E-06
3.375579E-01        -8.258695E-06        +1.127454E-06
3.372547E-01        -8.220051E-06        +1.122455E-06
3.369517E-01        -8.181595E-06        +1.117502E-06
3.366490E-01        -8.143331E-06        +1.112602E-06
3.363466E-01        -8.105224E-06        +1.107656E-06
3.360445E-01        -8.067263E-06        +1.102704E-06
3.357426E-01        -8.029482E-06        +1.097851E-06
3.354410E-01        -7.991853E-06        +1.093004E-06
3.351396E-01        -7.954357E-06        +1.088151E-06
3.348386E-01        -7.917072E-06        +1.083352E-06
3.345378E-01        -7.879974E-06        +1.078552E-06
3.342373E-01        -7.843022E-06        +1.073800E-06
3.339370E-01        -7.806204E-06        +1.069053E-06
3.336370E-01        -7.769584E-06        +1.064300E-06
3.333373E-01        -7.733163E-06        +1.059601E-06
3.330379E-01        -7.696893E-06        +1.054902E-06
3.327387E-01        -7.660706E-06        +1.050202E-06
3.324398E-01        -7.624710E-06        +1.045549E-06
3.321412E-01        -7.588925E-06        +1.040903E-06
3.318428E-01        -7.553273E-06        +1.036250E-06
3.315447E-01        -7.517769E-06        +1.031650E-06
3.312469E-01        -7.482410E-06        +1.027098E-06
3.309493E-01        -7.447238E-06        +1.022551E-06
3.306520E-01        -7.412213E-06        +1.017998E-06
3.303550E-01        -7.377333E-06        +1.013499E-06
3.300582E-01        -7.342599E-06        +1.008999E-06
3.297617E-01        -7.308011E-06        +1.004500E-06
3.294655E-01        -7.273617E-06        +1.000010E-06
3.291695E-01        -7.239362E-06        +9.955485E-07
3.288738E-01        -7.205254E-06        +9.911135E-07
3.285784E-01        -7.171345E-06        +9.866985E-07
3.282832E-01        -7.137576E-06        +9.823031E-07
3.279883E-01        -7.103907E-06        +9.779229E-07
3.276937E-01        -7.070383E-06        +9.735632E-07
3.273993E-01        -7.037041E-06        +9.692225E-07
3.271052E-01        -7.003852E-06        +9.648977E-07
3.268114E-01        -6.970814E-06        +9.605881E-07
3.265178E-01        -6.937917E-06        +9.563022E-07
3.262245E-01        -6.905160E-06        +9.520329E-07
3.259314E-01        -6.872545E-06        +9.477766E-07
3.256386E-01        -6.840075E-06        +9.435462E-07
3.253461E-01        -6.807758E-06        +9.393316E-07
3.250538E-01        -6.775575E-06        +9.351308E-07
3.247618E-01        -6.743545E-06        +9.309459E-07
3.244701E-01        -6.711661E-06        +9.267808E-07
3.241786E-01        -6.679918E-06        +9.226355E-07
3.238874E-01        -6.648321E-06        +9.185055E-07
3.235965E-01        -6.616876E-06        +9.143913E-07
3.233058E-01        -6.585567E-06        +9.102909E-07
3.230153E-01        -6.554399E-06        +9.062096E-07
3.227252E-01        -6.523388E-06        +9.021502E-07
3.224353E-01        -6.492514E-06        +8.981054E-07
3.221456E-01        -6.461728E-06        +8.940744E-07
3.218562E-01        -6.431092E-06        +8.900639E-07
3.215671E-01        -6.400610E-06        +8.860740E-07
3.212782E-01        -6.370263E-06        +8.820986E-07
3.209896E-01        -6.340068E-06        +8.781337E-07
3.207013E-01        -6.310015E-06        +8.741887E-07
3.204132E-01        -6.280103E-06        +8.702636E-07
3.201253E-01        -6.250286E-06        +8.663477E-07
3.198378E-01        -6.220624E-06        +8.624530E-07
3.195504E-01        -6.191090E-06        +8.585769E-07
3.192634E-01        -6.161665E-06        +8.547127E-07
3.189766E-01        -6.132381E-06        +8.508623E-07
3.186901E-01        -6.103249E-06        +8.470325E-07
3.184038E-01        -6.074253E-06        +8.432173E-07
3.181177E-01        -6.045401E-06        +8.394160E-07
3.178320E-01        -6.016652E-06        +8.356366E-07
3.175465E-01        -5.988039E-06        +8.318717E-07
3.172612E-01        -5.959527E-06        +8.281162E-07
3.169762E-01        -5.931154E-06        +8.243804E-07
3.166915E-01        -5.902942E-06        +8.206614E-07
3.164070E-01        -5.874811E-06        +8.169555E-07
3.161227E-01        -5.846824E-06        +8.132696E-07
3.158388E-01        -5.818992E-06        +8.095956E-07
3.155550E-01        -5.791293E-06        +8.059342E-07
3.152716E-01        -5.763704E-06        +8.022947E-07
3.149883E-01        -5.736195E-06        +7.986685E-07
3.147054E-01        -5.708841E-06        +7.950543E-07
3.144227E-01        -5.681630E-06        +7.914539E-07
3.141402E-01        -5.654510E-06        +7.878729E-07
3.138580E-01        -5.627534E-06        +7.843078E-07
3.135761E-01        -5.600717E-06        +7.807579E-07
3.132944E-01        -5.573991E-06        +7.772228E-07
3.130130E-01        -5.547358E-06        +7.736982E-07
3.127318E-01        -5.520862E-06        +7.701876E-07
3.124508E-01        -5.494468E-06        +7.666963E-07
3.121702E-01        -5.468175E-06        +7.632222E-07
3.118897E-01        -5.442059E-06        +7.597563E-07
3.116096E-01        -5.416063E-06        +7.563068E-07
3.113296E-01        -5.390141E-06        +7.528708E-07
3.110500E-01        -5.364381E-06        +7.494512E-07
3.107705E-01        -5.338708E-06        +7.460452E-07
3.104914E-01        -5.313138E-06        +7.426556E-07
3.102125E-01        -5.287705E-06        +7.392808E-07
3.099338E-01        -5.262374E-06        +7.359199E-07
3.096554E-01        -5.237136E-06        +7.325751E-07
3.093772E-01        -5.212037E-06        +7.292396E-07
3.090993E-01        -5.187083E-06        +7.259194E-07
3.088216E-01        -5.162233E-06        +7.226139E-07
3.085442E-01        -5.137474E-06        +7.193191E-07
3.082670E-01        -5.112814E-06        +7.160382E-07
3.079901E-01        -5.088250E-06        +7.127780E-07
3.077134E-01        -5.063877E-06        +7.095280E-07
3.074370E-01        -5.039607E-06        +7.062878E-07
3.071608E-01        -5.015373E-06        +7.030670E-07
3.068849E-01        -4.991290E-06        +6.998576E-07
3.066092E-01        -4.967306E-06        +6.966615E-07
3.063338E-01        -4.943413E-06        +6.934821E-07
3.060586E-01        -4.919665E-06        +6.903115E-07
3.057837E-01        -4.896017E-06        +6.871568E-07
3.055090E-01        -4.872510E-06        +6.840116E-07
3.052345E-01        -4.849103E-06        +6.808804E-07
3.049603E-01        -4.825741E-06        +6.777653E-07
3.046864E-01        -4.802524E-06        +6.746653E-07
3.044127E-01        -4.779407E-06        +6.715802E-07
3.041392E-01        -4.756373E-06        +6.685047E-07
3.038660E-01        -4.733492E-06        +6.654397E-07
3.035930E-01        -4.710707E-06        +6.623888E-07
3.033203E-01        -4.688023E-06        +6.593539E-07
3.030478E-01        -4.665429E-06        +6.563285E-07
3.027756E-01        -4.642935E-06        +6.533138E-07
3.025036E-01        -4.620532E-06        +6.503131E-07
3.022319E-01        -4.598233E-06        +6.473284E-07
3.019604E-01        -4.576027E-06        +6.443579E-07
3.016891E-01        -4.553957E-06        +6.413977E-07
3.014181E-01        -4.531995E-06        +6.384472E-07
3.011473E-01        -4.510071E-06        +6.355118E-07
3.008768E-01        -4.488292E-06        +6.325915E-07
3.006065E-01        -4.466612E-06        +6.296816E-07
3.003365E-01        -4.445029E-06        +6.267814E-07
3.000667E-01        -4.423546E-06        +6.238962E-07
2.997971E-01        -4.402146E-06        +6.210252E-07
2.995278E-01        -4.380905E-06        +6.181656E-07
2.992588E-01        -4.359718E-06        +6.153157E-07
2.989899E-01        -4.338606E-06        +6.124798E-07
2.987213E-01        -4.317602E-06        +6.096545E-07
2.984530E-01        -4.296689E-06        +6.068398E-07
2.981849E-01        -4.275877E-06        +6.040393E-07
2.979170E-01        -4.255152E-06        +6.012537E-07
2.976494E-01        -4.234582E-06        +5.984788E-07
2.973820E-01        -4.214057E-06        +5.957135E-07
2.971149E-01        -4.193629E-06        +5.929587E-07
2.968480E-01        -4.173301E-06        +5.902182E-07
2.965813E-01        -4.153057E-06        +5.874880E-07
2.963149E-01        -4.132921E-06        +5.847677E-07
2.960487E-01        -4.112823E-06        +5.820623E-07
2.957828E-01        -4.092869E-06        +5.793676E-07
2.955171E-01        -4.073021E-06        +5.766870E-07
2.952516E-01        -4.053212E-06        +5.740169E-07
2.949864E-01        -4.033547E-06        +5.713566E-07
2.947214E-01        -4.013988E-06        +5.687068E-07
2.944566E-01        -3.994468E-06        +5.660656E-07
2.941921E-01        -3.975046E-06        +5.634406E-07
2.939278E-01        -3.955717E-06        +5.608252E-07
2.936638E-01        -3.936442E-06        +5.582249E-07
2.934000E-01        -3.917255E-06        +5.556352E-07
2.931364E-01        -3.898220E-06        +5.530496E-07
2.928731E-01        -3.879239E-06        +5.504793E-07
2.926100E-01        -3.860337E-06        +5.479240E-07
2.923471E-01        -3.841540E-06        +5.453738E-07
2.920845E-01        -3.822835E-06        +5.428333E-07
2.918221E-01        -3.804230E-06        +5.403080E-07
2.915600E-01        -3.785676E-06        +5.377932E-07
2.912981E-01        -3.767214E-06        +5.352881E-07
2.910364E-01        -3.748850E-06        +5.327927E-07
2.907749E-01        -3.730578E-06        +5.303114E-07
2.905137E-01        -3.712361E-06        +5.278417E-07
2.902528E-01        -3.694234E-06        +5.253772E-07
2.899920E-01        -3.676201E-06        +5.229259E-07
2.897315E-01        -3.658218E-06        +5.204862E-07
2.894713E-01        -3.640381E-06        +5.180562E-07
2.892112E-01        -3.622593E-06        +5.156358E-07
2.889514E-01        -3.604846E-06        +5.132251E-07
2.886918E-01        -3.587246E-06        +5.108296E-07
2.884325E-01        -3.569700E-06        +5.084402E-07
2.881734E-01        -3.552243E-06        +5.060595E-07
2.879145E-01        -3.534888E-06        +5.036940E-07
2.876559E-01        -3.517577E-06        +5.013391E-07
2.873975E-01        -3.500365E-06        +4.989893E-07
2.871393E-01        -3.483245E-06        +4.966484E-07
2.868814E-01        -3.466180E-06        +4.943235E-07
2.866237E-01        -3.449157E-06        +4.920083E-07
2.863662E-01        -3.432273E-06        +4.897029E-07
2.861089E-01        -3.415491E-06        +4.874026E-07
2.858519E-01        -3.398714E-06        +4.851120E-07
2.855951E-01        -3.382020E-06        +4.828366E-07
2.853386E-01        -3.365436E-06        +4.805718E-07
2.850823E-01        -3.348889E-06        +4.783168E-07
2.848262E-01        -3.332440E-06        +4.760670E-07
2.845703E-01        -3.316090E-06        +4.738259E-07
2.843147E-01        -3.299834E-06        +4.716009E-07
2.840593E-01        -3.283631E-06        +4.693811E-07
2.838041E-01        -3.267471E-06        +4.671702E-07
2.835491E-01        -3.251400E-06        +4.649744E-07
2.832944E-01        -3.235432E-06        +4.627848E-07
2.830399E-01        -3.219559E-06        +4.606039E-07
2.827857E-01        -3.203739E-06        +4.584346E-07
2.825316E-01        -3.187961E-06        +4.562687E-07
2.822778E-01        -3.172283E-06        +4.541180E-07
2.820243E-01        -3.156655E-06        +4.519788E-07
2.817709E-01        -3.141062E-06        +4.498431E-07
2.815178E-01        -3.125576E-06        +4.477179E-07
2.812649E-01        -3.110182E-06        +4.456026E-07
2.810122E-01        -3.094881E-06        +4.434970E-07
2.807598E-01        -3.079635E-06        +4.414020E-07
2.805076E-01        -3.064432E-06        +4.393168E-07
2.802556E-01        -3.049328E-06        +4.372368E-07
2.800039E-01        -3.034278E-06        +4.351665E-07
2.797523E-01        -3.019305E-06        +4.331061E-07
2.795010E-01        -3.004447E-06        +4.310554E-07
2.792499E-01        -2.989583E-06        +4.290154E-07
2.789991E-01        -2.974807E-06        +4.269805E-07
2.787485E-01        -2.960140E-06        +4.249555E-07
2.784980E-01        -2.945507E-06        +4.229394E-07
2.782479E-01        -2.930933E-06        +4.209347E-07
2.779979E-01        -2.916441E-06        +4.189390E-07
2.777482E-01        -2.902015E-06        +4.169494E-07
2.774987E-01        -2.887621E-06        +4.149686E-07
2.772494E-01        -2.873337E-06        +4.129987E-07
2.770003E-01        -2.859131E-06        +4.110330E-07
2.767515E-01        -2.844994E-06        +4.090779E-07
2.765029E-01        -2.830891E-06        +4.071327E-07
2.762545E-01        -2.816887E-06        +4.051928E-07
2.760063E-01        -2.802925E-06        +4.032616E-07
2.757584E-01        -2.789025E-06        +4.013421E-07
2.755107E-01        -2.775162E-06        +3.994314E-07
2.752632E-01        -2.761393E-06        +3.975316E-07
2.750159E-01        -2.747722E-06        +3.956360E-07
2.747689E-01        -2.734112E-06        +3.937466E-07
2.745220E-01        -2.720529E-06        +3.918652E-07
2.742754E-01        -2.707006E-06        +3.899954E-07
2.740290E-01        -2.693526E-06        +3.881299E-07
2.737829E-01        -2.680146E-06        +3.862795E-07
2.735369E-01        -2.666859E-06        +3.844348E-07
2.732912E-01        -2.653627E-06        +3.825941E-07
2.730457E-01        -2.640433E-06        +3.807643E-07
2.728004E-01        -2.627293E-06        +3.789433E-07
2.725554E-01        -2.614198E-06        +3.771339E-07
2.723105E-01        -2.601190E-06        +3.753281E-07
2.720659E-01        -2.588243E-06        +3.735284E-07
2.718215E-01        -2.575339E-06        +3.717375E-07
2.715773E-01        -2.562529E-06        +3.699576E-07
2.713334E-01        -2.549774E-06        +3.681826E-07
2.710896E-01        -2.537056E-06        +3.664169E-07
2.708461E-01        -2.524443E-06        +3.646572E-07
2.706028E-01        -2.511880E-06        +3.629063E-07
2.703597E-01        -2.499356E-06        +3.611664E-07
2.701168E-01        -2.486885E-06        +3.594308E-07
2.698742E-01        -2.474459E-06        +3.577013E-07
2.696318E-01        -2.462082E-06        +3.559806E-07
2.693895E-01        -2.449788E-06        +3.542702E-07
2.691475E-01        -2.437564E-06        +3.525648E-07
2.689058E-01        -2.425374E-06        +3.508699E-07
2.686642E-01        -2.413288E-06        +3.491798E-07
2.684229E-01        -2.401207E-06        +3.474948E-07
2.681817E-01        -2.389199E-06        +3.458189E-07
2.679408E-01        -2.377260E-06        +3.441536E-07
2.677001E-01        -2.365356E-06        +3.424937E-07
2.674596E-01        -2.353556E-06        +3.408426E-07
2.672194E-01        -2.341756E-06        +3.391987E-07
2.669793E-01        -2.329993E-06        +3.375574E-07
2.667395E-01        -2.318336E-06        +3.359278E-07
2.664999E-01        -2.306723E-06        +3.343025E-07
2.662605E-01        -2.295153E-06        +3.326871E-07
2.660213E-01        -2.283683E-06        +3.310816E-07
2.657823E-01        -2.272263E-06        +3.294815E-07
2.655436E-01        -2.260847E-06        +3.278865E-07
2.653050E-01        -2.249470E-06        +3.262963E-07
2.650667E-01        -2.238192E-06        +3.247155E-07
2.648286E-01        -2.226964E-06        +3.231457E-07
2.645907E-01        -2.215779E-06        +3.215759E-07
2.643530E-01        -2.204649E-06        +3.200148E-07
2.641155E-01        -2.193559E-06        +3.184648E-07
2.638783E-01        -2.182567E-06        +3.169197E-07
2.636412E-01        -2.171626E-06        +3.153795E-07
2.634044E-01        -2.160688E-06        +3.138443E-07
2.631678E-01        -2.149790E-06        +3.123190E-07
2.629314E-01        -2.138986E-06        +3.108036E-07
2.626952E-01        -2.128237E-06        +3.092937E-07
2.624592E-01        -2.117531E-06        +3.077882E-07
2.622234E-01        -2.106876E-06        +3.062926E-07
2.619878E-01        -2.096260E-06        +3.048025E-07
2.617525E-01        -2.085703E-06        +3.033173E-07
2.615174E-01        -2.075190E-06        +3.018377E-07
2.612824E-01        -2.064727E-06        +3.003662E-07
2.610477E-01        -2.054309E-06        +2.989020E-07
2.608132E-01        -2.043940E-06        +2.974410E-07
2.605789E-01        -2.033610E-06        +2.959911E-07
2.603448E-01        -2.023335E-06        +2.945456E-07
2.601110E-01        -2.013109E-06        +2.931061E-07
2.598773E-01        -2.002977E-06        +2.916749E-07
2.596439E-01        -1.992901E-06        +2.902509E-07
2.594106E-01        -1.982814E-06        +2.888295E-07
2.591776E-01        -1.972776E-06        +2.874198E-07
2.589448E-01        -1.962792E-06        +2.860101E-07
2.587121E-01        -1.952849E-06        +2.846085E-07
2.584797E-01        -1.943001E-06        +2.832187E-07
2.582475E-01        -1.933205E-06        +2.818288E-07
2.580156E-01        -1.923414E-06        +2.804439E-07
2.577838E-01        -1.913660E-06        +2.790683E-07
2.575522E-01        -1.903959E-06        +2.777027E-07
2.573208E-01        -1.894300E-06        +2.763426E-07
2.570897E-01        -1.884698E-06        +2.749830E-07
2.568587E-01        -1.875134E-06        +2.736316E-07
2.566280E-01        -1.865628E-06        +2.722876E-07
2.563975E-01        -1.856163E-06        +2.709467E-07
2.561671E-01        -1.846747E-06        +2.696164E-07
2.559370E-01        -1.837377E-06        +2.682911E-07
2.557071E-01        -1.828061E-06        +2.669713E-07
2.554774E-01        -1.818786E-06        +2.656558E-07
2.552479E-01        -1.809565E-06        +2.643459E-07
2.550186E-01        -1.800385E-06        +2.630404E-07
2.547895E-01        -1.791215E-06        +2.617448E-07
2.545606E-01        -1.782074E-06        +2.604549E-07
2.543320E-01        -1.773048E-06        +2.591698E-07
2.541035E-01        -1.764015E-06        +2.578898E-07
2.538752E-01        -1.755023E-06        +2.566141E-07
2.536472E-01        -1.746090E-06        +2.553489E-07
2.534193E-01        -1.737194E-06        +2.540888E-07
2.531917E-01        -1.728356E-06        +2.528336E-07
2.529642E-01        -1.719555E-06        +2.515834E-07
2.527370E-01        -1.710813E-06        +2.503381E-07
2.525099E-01        -1.702108E-06        +2.490979E-07
2.522831E-01        -1.693460E-06        +2.478626E-07
2.520565E-01        -1.684812E-06        +2.466372E-07
2.518300E-01        -1.676200E-06        +2.454170E-07
2.516038E-01        -1.667647E-06        +2.442016E-07
2.513778E-01        -1.659135E-06        +2.429918E-07
2.511520E-01        -1.650677E-06        +2.417820E-07
2.509264E-01        -1.642261E-06        +2.405809E-07
2.507010E-01        -1.633855E-06        +2.393867E-07
2.504758E-01        -1.625479E-06        +2.381956E-07
2.502507E-01        -1.617209E-06        +2.370153E-07
2.500259E-01        -1.608941E-06        +2.358354E-07
2.498013E-01        -1.600670E-06        +2.346599E-07
2.495769E-01        -1.592485E-06        +2.334944E-07
2.493527E-01        -1.584368E-06        +2.323345E-07
2.491287E-01        -1.576235E-06        +2.311746E-07
2.489049E-01        -1.568157E-06        +2.300190E-07
2.486814E-01        -1.560125E-06        +2.288740E-07
2.484580E-01        -1.552143E-06        +2.277341E-07
2.482348E-01        -1.544202E-06        +2.265985E-07
2.480118E-01        -1.536273E-06        +2.254686E-07
2.477890E-01        -1.528372E-06        +2.243430E-07
2.475664E-01        -1.520539E-06        +2.232231E-07
2.473440E-01        -1.512735E-06        +2.221075E-07
2.471218E-01        -1.504998E-06        +2.209976E-07
2.468998E-01        -1.497246E-06        +2.198876E-07
2.466780E-01        -1.489549E-06        +2.187864E-07
2.464564E-01        -1.481893E-06        +2.176965E-07
2.462350E-01        -1.474293E-06        +2.166066E-07
2.460138E-01        -1.466734E-06        +2.155210E-07
2.457928E-01        -1.459187E-06        +2.144411E-07
2.455720E-01        -1.451668E-06        +2.133656E-07
2.453514E-01        -1.444216E-06        +2.122957E-07
2.451310E-01        -1.436750E-06        +2.112258E-07
2.449108E-01        -1.429382E-06        +2.101646E-07
2.446908E-01        -1.422026E-06        +2.091104E-07
2.444710E-01        -1.414655E-06        +2.080592E-07
2.442514E-01        -1.407382E-06        +2.070151E-07
2.440320E-01        -1.400164E-06        +2.059696E-07
2.438128E-01        -1.392944E-06        +2.049341E-07
2.435937E-01        -1.385763E-06        +2.039038E-07
2.433749E-01        -1.378640E-06        +2.028784E-07
2.431563E-01        -1.371516E-06        +2.018586E-07
2.429379E-01        -1.364433E-06        +2.008388E-07
2.427196E-01        -1.357402E-06        +1.998230E-07
2.425016E-01        -1.350372E-06        +1.988176E-07
2.422837E-01        -1.343381E-06        +1.978174E-07
2.420661E-01        -1.336449E-06        +1.968177E-07
2.418486E-01        -1.329511E-06        +1.958219E-07
2.416314E-01        -1.322619E-06        +1.948323E-07
2.414143E-01        -1.315779E-06        +1.938465E-07
2.411975E-01        -1.308983E-06        +1.928669E-07
2.409808E-01        -1.302239E-06        +1.918912E-07
2.407643E-01        -1.295494E-06        +1.909212E-07
2.405480E-01        -1.288791E-06        +1.899556E-07
2.403319E-01        -1.282144E-06        +1.889956E-07
2.401160E-01        -1.275494E-06        +1.880357E-07
2.399003E-01        -1.268844E-06        +1.870801E-07
2.396848E-01        -1.262235E-06        +1.861302E-07
2.394695E-01        -1.255724E-06        +1.851847E-07
2.392544E-01        -1.249226E-06        +1.842448E-07
2.390395E-01        -1.242712E-06        +1.833094E-07
2.388247E-01        -1.236252E-06        +1.823792E-07
2.386102E-01        -1.229836E-06        +1.814537E-07
2.383959E-01        -1.223475E-06        +1.805340E-07
2.381817E-01        -1.217110E-06        +1.796139E-07
2.379677E-01        -1.210786E-06        +1.786982E-07
2.377540E-01        -1.204521E-06        +1.777885E-07
2.375404E-01        -1.198252E-06        +1.768828E-07
2.373270E-01        -1.191982E-06        +1.759829E-07
2.371138E-01        -1.185753E-06        +1.750829E-07
2.369008E-01        -1.179580E-06        +1.741873E-07
2.366880E-01        -1.173449E-06        +1.733018E-07
2.364754E-01        -1.167373E-06        +1.724177E-07
2.362629E-01        -1.161294E-06        +1.715318E-07
2.360507E-01        -1.155215E-06        +1.706563E-07
2.358387E-01        -1.149179E-06        +1.697866E-07
2.356268E-01        -1.143195E-06        +1.689165E-07
2.354151E-01        -1.137254E-06        +1.680507E-07
2.352037E-01        -1.131327E-06        +1.671911E-07
2.349924E-01        -1.125383E-06        +1.663355E-07
2.347813E-01        -1.119495E-06        +1.654855E-07
2.345704E-01        -1.113648E-06        +1.646356E-07
2.343596E-01        -1.107855E-06        +1.637897E-07
2.341491E-01        -1.102063E-06        +1.629499E-07
2.339388E-01        -1.096313E-06        +1.621144E-07
2.337286E-01        -1.090573E-06        +1.612843E-07
2.335187E-01        -1.084820E-06        +1.604546E-07
2.333089E-01        -1.079163E-06        +1.596289E-07
2.330993E-01        -1.073563E-06        +1.588089E-07
2.328899E-01        -1.067962E-06        +1.579933E-07
2.326807E-01        -1.062359E-06        +1.571834E-07
2.324717E-01        -1.056755E-06        +1.563735E-07
2.322628E-01        -1.051190E-06        +1.555677E-07
2.320542E-01        -1.045685E-06        +1.547679E-07
2.318457E-01        -1.040218E-06        +1.539678E-07
2.316375E-01        -1.034810E-06        +1.531724E-07
2.314294E-01        -1.029355E-06        +1.523825E-07
2.312215E-01        -1.023928E-06        +1.515925E-07
2.310138E-01        -1.018571E-06        +1.508069E-07
2.308063E-01        -1.013199E-06        +1.500314E-07
2.305989E-01        -1.007880E-06        +1.492569E-07
2.303918E-01        -1.002606E-06        +1.484815E-07
2.301848E-01        -9.973422E-07        +1.477157E-07
2.299780E-01        -9.920635E-07        +1.469557E-07
2.297714E-01        -9.868413E-07        +1.461957E-07
2.295650E-01        -9.816609E-07        +1.454358E-07
2.293588E-01        -9.765361E-07        +1.446802E-07
2.291528E-01        -9.714105E-07        +1.439304E-07
2.289469E-01        -9.662819E-07        +1.431846E-07
2.287412E-01        -9.611517E-07        +1.424403E-07
2.285358E-01        -9.560659E-07        +1.416992E-07
2.283305E-01        -9.510430E-07        +1.409650E-07
2.281254E-01        -9.460347E-07        +1.402294E-07
2.279204E-01        -9.410413E-07        +1.395035E-07
2.277157E-01        -9.360750E-07        +1.387794E-07
2.275111E-01        -9.311299E-07        +1.380536E-07
2.273067E-01        -9.262142E-07        +1.373336E-07
2.271026E-01        -9.213255E-07        +1.366183E-07
2.268985E-01        -9.164552E-07        +1.359080E-07
2.266947E-01        -9.116124E-07        +1.351982E-07
2.264911E-01        -9.067932E-07        +1.344926E-07
2.262876E-01        -9.019964E-07        +1.337926E-07
2.260843E-01        -8.972227E-07        +1.330968E-07
2.258812E-01        -8.924784E-07        +1.324026E-07
2.256783E-01        -8.877545E-07        +1.317070E-07
2.254756E-01        -8.830527E-07        +1.310172E-07
2.252730E-01        -8.783754E-07        +1.303313E-07
2.250707E-01        -8.737219E-07        +1.296516E-07
2.248685E-01        -8.690924E-07        +1.289716E-07
2.246665E-01        -8.644807E-07        +1.282959E-07
2.244647E-01        -8.598985E-07        +1.276261E-07
2.242630E-01        -8.553386E-07        +1.269559E-07
2.240616E-01        -8.508005E-07        +1.262904E-07
2.238603E-01        -8.462833E-07        +1.256304E-07
2.236592E-01        -8.417912E-07        +1.249705E-07
2.234583E-01        -8.373186E-07        +1.243148E-07
2.232575E-01        -8.328669E-07        +1.236647E-07
2.230570E-01        -8.284426E-07        +1.230149E-07
2.228566E-01        -8.240356E-07        +1.223649E-07
2.226564E-01        -8.196518E-07        +1.217192E-07
2.224564E-01        -8.152930E-07        +1.210793E-07
2.222566E-01        -8.109538E-07        +1.204395E-07
2.220569E-01        -8.066356E-07        +1.198036E-07
2.218574E-01        -8.023426E-07        +1.191736E-07
2.216581E-01        -7.980690E-07        +1.185437E-07
2.214590E-01        -7.938144E-07        +1.179180E-07
2.212601E-01        -7.895834E-07        +1.172982E-07
2.210613E-01        -7.853756E-07        +1.166782E-07
2.208627E-01        -7.811828E-07        +1.160624E-07
2.206643E-01        -7.770124E-07        +1.154525E-07
2.204661E-01        -7.728682E-07        +1.148426E-07
2.202680E-01        -7.687397E-07        +1.142325E-07
2.200702E-01        -7.646386E-07        +1.136270E-07
2.198725E-01        -7.605549E-07        +1.130271E-07
2.196750E-01        -7.564902E-07        +1.124272E-07
2.194776E-01        -7.524427E-07        +1.118312E-07
2.192805E-01        -7.484169E-07        +1.112415E-07
2.190835E-01        -7.444126E-07        +1.106515E-07
2.188867E-01        -7.404337E-07        +1.100616E-07
2.186901E-01        -7.364695E-07        +1.094759E-07
2.184936E-01        -7.325216E-07        +1.088958E-07
2.182973E-01        -7.285991E-07        +1.083158E-07
2.181012E-01        -7.246955E-07        +1.077401E-07
2.179053E-01        -7.208113E-07        +1.071702E-07
2.177096E-01        -7.169466E-07        +1.066004E-07
2.175140E-01        -7.131037E-07        +1.060304E-07
2.173186E-01        -7.092818E-07        +1.054646E-07
2.171234E-01        -7.054735E-07        +1.049048E-07
2.169283E-01        -7.016828E-07        +1.043447E-07
2.167335E-01        -6.979173E-07        +1.037849E-07
2.165388E-01        -6.941708E-07        +1.032292E-07
2.163442E-01        -6.904366E-07        +1.026790E-07
2.161499E-01        -6.867238E-07        +1.021334E-07
2.159557E-01        -6.830328E-07        +1.015891E-07
2.157617E-01        -6.793629E-07        +1.010434E-07
2.155679E-01        -6.757062E-07        +1.005035E-07
2.153743E-01        -6.720689E-07        +9.996536E-08
2.151808E-01        -6.684497E-07        +9.943018E-08
2.149875E-01        -6.648501E-07        +9.889749E-08
2.147944E-01        -6.612699E-07        +9.836787E-08
2.146014E-01        -6.577073E-07        +9.784064E-08
2.144086E-01        -6.541597E-07        +9.731547E-08
2.142160E-01        -6.506297E-07        +9.679280E-08
2.140236E-01        -6.471214E-07        +9.627320E-08
2.138313E-01        -6.436250E-07        +9.575598E-08
2.136392E-01        -6.401527E-07        +9.524126E-08
2.134473E-01        -6.367017E-07        +9.472919E-08
2.132556E-01        -6.332596E-07        +9.421961E-08
2.130640E-01        -6.298335E-07        +9.371242E-08
2.128726E-01        -6.264328E-07        +9.320772E-08
2.126814E-01        -6.230478E-07        +9.270567E-08
2.124903E-01        -6.196748E-07        +9.220586E-08
2.122994E-01        -6.163212E-07        +9.170870E-08
2.121087E-01        -6.129873E-07        +9.121362E-08
2.119182E-01        -6.096685E-07        +9.072102E-08
2.117278E-01        -6.063660E-07        +9.023125E-08
2.115376E-01        -6.030845E-07        +8.974413E-08
2.113476E-01        -5.998130E-07        +8.925908E-08
2.111577E-01        -5.965577E-07        +8.877585E-08
2.109680E-01        -5.933240E-07        +8.829512E-08
2.107785E-01        -5.901041E-07        +8.781746E-08
2.105892E-01        -5.869031E-07        +8.734245E-08
2.104000E-01        -5.837204E-07        +8.686927E-08
2.102110E-01        -5.805531E-07        +8.639817E-08
2.100222E-01        -5.773993E-07        +8.592955E-08
2.098335E-01        -5.742598E-07        +8.546335E-08
2.096450E-01        -5.711340E-07        +8.499922E-08
2.094567E-01        -5.680277E-07        +8.453717E-08
2.092685E-01        -5.649392E-07        +8.407736E-08
2.090805E-01        -5.618661E-07        +8.362063E-08
2.088927E-01        -5.588070E-07        +8.316614E-08
2.087051E-01        -5.557681E-07        +8.271356E-08
2.085176E-01        -5.527429E-07        +8.226339E-08
2.083303E-01        -5.497309E-07        +8.181530E-08
2.081431E-01        -5.467329E-07        +8.136905E-08
2.079561E-01        -5.437493E-07        +8.092529E-08
2.077693E-01        -5.407847E-07        +8.048377E-08
2.075827E-01        -5.378358E-07        +8.004416E-08
2.073962E-01        -5.348996E-07        +7.960739E-08
2.072099E-01        -5.319829E-07        +7.917287E-08
2.070238E-01        -5.290815E-07        +7.873983E-08
2.068378E-01        -5.261885E-07        +7.830906E-08
2.066520E-01        -5.233094E-07        +7.788094E-08
2.064663E-01        -5.204480E-07        +7.745468E-08
2.062809E-01        -5.176041E-07        +7.703071E-08
2.060956E-01        -5.147724E-07        +7.660859E-08
2.059104E-01        -5.119544E-07        +7.618833E-08
2.057255E-01        -5.091521E-07        +7.577036E-08
2.055406E-01        -5.063669E-07        +7.535444E-08
2.053560E-01        -5.035943E-07        +7.494098E-08
2.051715E-01        -5.008322E-07        +7.452921E-08
2.049872E-01        -4.980876E-07        +7.411968E-08
2.048031E-01        -4.953551E-07        +7.371206E-08
2.046191E-01        -4.926422E-07        +7.330688E-08
2.044353E-01        -4.899394E-07        +7.290377E-08
2.042516E-01        -4.872492E-07        +7.250211E-08
2.040682E-01        -4.845763E-07        +7.210257E-08
2.038848E-01        -4.819139E-07        +7.170526E-08
2.037017E-01        -4.792684E-07        +7.131024E-08
2.035187E-01        -4.766318E-07        +7.091667E-08
2.033359E-01        -4.740083E-07        +7.052500E-08
2.031532E-01        -4.714032E-07        +7.013578E-08
2.029707E-01        -4.688104E-07        +6.974822E-08
2.027884E-01        -4.662297E-07        +6.936256E-08
2.026062E-01        -4.636645E-07        +6.897895E-08
2.024242E-01        -4.611077E-07        +6.859723E-08
2.022424E-01        -4.585703E-07        +6.821777E-08
2.020607E-01        -4.560428E-07        +6.783958E-08
2.018792E-01        -4.535235E-07        +6.746389E-08
2.016978E-01        -4.510230E-07        +6.709024E-08
2.015166E-01        -4.485382E-07        +6.671807E-08
2.013356E-01        -4.460631E-07        +6.634757E-08
2.011548E-01        -4.436014E-07        +6.597898E-08
2.009741E-01        -4.411548E-07        +6.561284E-08
2.007935E-01        -4.387165E-07        +6.524816E-08
2.006131E-01        -4.362916E-07        +6.488497E-08
2.004329E-01        -4.338827E-07        +6.452386E-08
2.002529E-01        -4.314838E-07        +6.416482E-08
2.000730E-01        -4.290936E-07        +6.380766E-08
1.998933E-01        -4.267170E-07        +6.345257E-08
1.997137E-01        -4.243545E-07        +6.309895E-08
1.995343E-01        -4.220061E-07        +6.274682E-08
1.993550E-01        -4.196682E-07        +6.239657E-08
1.991760E-01        -4.173397E-07        +6.204818E-08
1.989970E-01        -4.150283E-07        +6.170130E-08
1.988183E-01        -4.127294E-07        +6.135686E-08
1.986397E-01        -4.104378E-07        +6.101372E-08
1.984612E-01        -4.081610E-07        +6.067246E-08
1.982829E-01        -4.058978E-07        +6.033287E-08
1.981048E-01        -4.036458E-07        +5.999476E-08
1.979269E-01        -4.014020E-07        +5.965873E-08
1.977491E-01        -3.991729E-07        +5.932459E-08
1.975714E-01        -3.969525E-07        +5.899192E-08
1.973939E-01        -3.947422E-07        +5.866074E-08
1.972166E-01        -3.925455E-07        +5.833163E-08
1.970395E-01        -3.903646E-07        +5.800419E-08
1.968624E-01        -3.881913E-07        +5.767786E-08
1.966856E-01        -3.860287E-07        +5.735380E-08
1.965089E-01        -3.838790E-07        +5.703121E-08
1.963324E-01        -3.817411E-07        +5.671011E-08
1.961560E-01        -3.796101E-07        +5.639090E-08
1.959798E-01        -3.774951E-07        +5.607336E-08
1.958038E-01        -3.753896E-07        +5.575730E-08
1.956279E-01        -3.732969E-07        +5.544314E-08
1.954521E-01        -3.712150E-07        +5.513047E-08
1.952766E-01        -3.691419E-07        +5.481904E-08
1.951011E-01        -3.670822E-07        +5.450916E-08
1.949259E-01        -3.650297E-07        +5.420171E-08
1.947508E-01        -3.629842E-07        +5.389515E-08
1.945758E-01        -3.609575E-07        +5.358991E-08
1.944010E-01        -3.589426E-07        +5.328674E-08
1.942264E-01        -3.569319E-07        +5.298524E-08
1.940519E-01        -3.549336E-07        +5.268504E-08
1.938776E-01        -3.529470E-07        +5.238651E-08
1.937034E-01        -3.509675E-07        +5.208930E-08
1.935294E-01        -3.490039E-07        +5.179375E-08
1.933556E-01        -3.470503E-07        +5.149968E-08
1.931819E-01        -3.451051E-07        +5.120751E-08
1.930083E-01        -3.431687E-07        +5.091684E-08
1.928350E-01        -3.412438E-07        +5.062742E-08
1.926617E-01        -3.393269E-07        +5.033914E-08
1.924887E-01        -3.374205E-07        +5.005269E-08
1.923157E-01        -3.355218E-07        +4.976739E-08
1.921430E-01        -3.336384E-07        +4.948433E-08
1.919704E-01        -3.317653E-07        +4.920237E-08
1.917979E-01        -3.298990E-07        +4.892154E-08
1.916256E-01        -3.280452E-07        +4.864256E-08
1.914535E-01        -3.261954E-07        +4.836487E-08
1.912815E-01        -3.243582E-07        +4.808887E-08
1.911097E-01        -3.225327E-07        +4.781376E-08
1.909380E-01        -3.207144E-07        +4.754057E-08
1.907665E-01        -3.189118E-07        +4.726903E-08
1.905951E-01        -3.171147E-07        +4.699842E-08
1.904239E-01        -3.153253E-07        +4.672928E-08
1.902528E-01        -3.135465E-07        +4.646165E-08
1.900819E-01        -3.117761E-07        +4.619509E-08
1.899112E-01        -3.100172E-07        +4.593001E-08
1.897406E-01        -3.082657E-07        +4.566685E-08
1.895701E-01        -3.065243E-07        +4.540480E-08
1.893998E-01        -3.047915E-07        +4.514362E-08
1.892297E-01        -3.030707E-07        +4.488452E-08
1.890597E-01        -3.013568E-07        +4.462653E-08
1.888899E-01        -2.996550E-07        +4.436942E-08
1.887202E-01        -2.979560E-07        +4.411423E-08
1.885507E-01        -2.962712E-07        +4.386070E-08
1.883813E-01        -2.945971E-07        +4.360810E-08
1.882121E-01        -2.929272E-07        +4.335657E-08
1.880430E-01        -2.912657E-07        +4.310636E-08
1.878741E-01        -2.896145E-07        +4.285782E-08
1.877053E-01        -2.879726E-07        +4.261021E-08
1.875367E-01        -2.863404E-07        +4.236407E-08
1.873682E-01        -2.847135E-07        +4.211945E-08
1.871999E-01        -2.830943E-07        +4.187590E-08
1.870317E-01        -2.814863E-07        +4.163328E-08
1.868637E-01        -2.798860E-07        +4.139213E-08
1.866958E-01        -2.782974E-07        +4.115250E-08
1.865281E-01        -2.767164E-07        +4.091435E-08
1.863606E-01        -2.751471E-07        +4.067746E-08
1.861932E-01        -2.735810E-07        +4.044130E-08
1.860259E-01        -2.720198E-07        +4.020667E-08
1.858588E-01        -2.704671E-07        +3.997311E-08
1.856918E-01        -2.689295E-07        +3.974089E-08
1.855250E-01        -2.673973E-07        +3.950992E-08
1.853584E-01        -2.658735E-07        +3.927984E-08
1.851918E-01        -2.643600E-07        +3.905154E-08
1.850255E-01        -2.628512E-07        +3.882465E-08
1.848593E-01        -2.613516E-07        +3.859809E-08
1.846932E-01        -2.598609E-07        +3.837286E-08
1.845273E-01        -2.583767E-07        +3.814930E-08
1.843615E-01        -2.568992E-07        +3.792668E-08
1.841959E-01        -2.554335E-07        +3.770553E-08
1.840305E-01        -2.539722E-07        +3.748564E-08
1.838651E-01        -2.525193E-07        +3.726635E-08
1.837000E-01        -2.510770E-07        +3.704887E-08
1.835350E-01        -2.496399E-07        +3.683232E-08
1.833701E-01        -2.482059E-07        +3.661670E-08
1.832054E-01        -2.467862E-07        +3.640216E-08
1.830408E-01        -2.453778E-07        +3.618895E-08
1.828763E-01        -2.439679E-07        +3.597688E-08
1.827121E-01        -2.425672E-07        +3.576581E-08
1.825479E-01        -2.411769E-07        +3.555614E-08
1.823839E-01        -2.397904E-07        +3.534755E-08
1.822201E-01        -2.384144E-07        +3.514002E-08
1.820564E-01        -2.370471E-07        +3.493343E-08
1.818929E-01        -2.356860E-07        +3.472791E-08
1.817295E-01        -2.343323E-07        +3.452332E-08
1.815662E-01        -2.329894E-07        +3.432008E-08
1.814031E-01        -2.316511E-07        +3.411811E-08
1.812402E-01        -2.303184E-07        +3.391700E-08
1.810774E-01        -2.289890E-07        +3.371743E-08
1.809147E-01        -2.276689E-07        +3.351841E-08
1.807522E-01        -2.263588E-07        +3.332025E-08
1.805898E-01        -2.250580E-07        +3.312364E-08
1.804276E-01        -2.237631E-07        +3.292809E-08
1.802655E-01        -2.224716E-07        +3.273348E-08
1.801036E-01        -2.211900E-07        +3.253995E-08
1.799418E-01        -2.199138E-07        +3.234735E-08
1.797801E-01        -2.186408E-07        +3.215570E-08
1.796186E-01        -2.173778E-07        +3.196512E-08
1.794573E-01        -2.161249E-07        +3.177560E-08
1.792961E-01        -2.148773E-07        +3.158743E-08
1.791350E-01        -2.136329E-07        +3.140041E-08
1.789741E-01        -2.123986E-07        +3.121385E-08
1.788133E-01        -2.111696E-07        +3.102824E-08
1.786527E-01        -2.099486E-07        +3.084369E-08
1.784922E-01        -2.087350E-07        +3.066009E-08
1.783318E-01        -2.075226E-07        +3.047784E-08
1.781716E-01        -2.063224E-07        +3.029686E-08
1.780116E-01        -2.051261E-07        +3.011633E-08
1.778517E-01        -2.039392E-07        +2.993676E-08
1.776919E-01        -2.027576E-07        +2.975814E-08
1.775323E-01        -2.015801E-07        +2.958058E-08
1.773728E-01        -2.004119E-07        +2.940398E-08
1.772135E-01        -1.992497E-07        +2.922843E-08
1.770543E-01        -1.980909E-07        +2.905384E-08
1.768952E-01        -1.969374E-07        +2.888020E-08
1.767363E-01        -1.957920E-07        +2.870763E-08
1.765776E-01        -1.946587E-07        +2.853611E-08
1.764189E-01        -1.935240E-07        +2.836504E-08
1.762605E-01        -1.923980E-07        +2.819494E-08
1.761021E-01        -1.912788E-07        +2.802629E-08
1.759439E-01        -1.901616E-07        +2.785830E-08
1.757859E-01        -1.890565E-07        +2.769117E-08
1.756280E-01        -1.879547E-07        +2.752519E-08
1.754702E-01        -1.868583E-07        +2.735957E-08
1.753126E-01        -1.857700E-07        +2.719502E-08
1.751551E-01        -1.846891E-07        +2.703141E-08
1.749977E-01        -1.836095E-07        +2.686877E-08
1.748405E-01        -1.825381E-07        +2.670719E-08
1.746835E-01        -1.814687E-07        +2.654626E-08
1.745265E-01        -1.804101E-07        +2.638599E-08
1.743698E-01        -1.793562E-07        +2.622709E-08
1.742131E-01        -1.783070E-07        +2.606884E-08
1.740566E-01        -1.772619E-07        +2.591185E-08
1.739003E-01        -1.762269E-07        +2.575532E-08
1.737440E-01        -1.751967E-07        +2.559965E-08
1.735880E-01        -1.741712E-07        +2.544514E-08
1.734320E-01        -1.731504E-07        +2.529109E-08
1.732762E-01        -1.721338E-07        +2.513789E-08
1.731206E-01        -1.711273E-07        +2.498596E-08
1.729651E-01        -1.701262E-07        +2.483439E-08
1.728097E-01        -1.691245E-07        +2.468378E-08
1.726544E-01        -1.681302E-07        +2.453413E-08
1.724993E-01        -1.671480E-07        +2.438514E-08
1.723444E-01        -1.661660E-07        +2.423700E-08
1.721896E-01        -1.651873E-07        +2.409003E-08
1.720349E-01        -1.642182E-07        +2.394342E-08
1.718803E-01        -1.632546E-07        +2.379778E-08
1.717259E-01        -1.622910E-07        +2.365319E-08
1.715717E-01        -1.613354E-07        +2.350926E-08
1.714176E-01        -1.603874E-07        +2.336570E-08
1.712636E-01        -1.594408E-07        +2.322309E-08
1.711097E-01        -1.585058E-07        +2.308145E-08
1.709560E-01        -1.575708E-07        +2.294087E-08
1.708024E-01        -1.566393E-07        +2.280086E-08
1.706490E-01        -1.557140E-07        +2.266130E-08
1.704957E-01        -1.547920E-07        +2.252270E-08
1.703425E-01        -1.538796E-07        +2.238507E-08
1.701895E-01        -1.529733E-07        +2.224850E-08
1.700366E-01        -1.520705E-07        +2.211250E-08
1.698839E-01        -1.511738E-07        +2.197695E-08
1.697313E-01        -1.502806E-07        +2.184236E-08
1.695788E-01        -1.493929E-07        +2.170835E-08
1.694265E-01        -1.485054E-07        +2.157479E-08
1.692743E-01        -1.476252E-07        +2.144219E-08
1.691222E-01        -1.467528E-07        +2.131056E-08
1.689703E-01        -1.458823E-07        +2.117960E-08
1.688185E-01        -1.450194E-07        +2.104939E-08
1.686669E-01        -1.441585E-07        +2.092044E-08
1.685153E-01        -1.433047E-07        +2.079139E-08
1.683640E-01        -1.424535E-07        +2.066325E-08
1.682127E-01        -1.416094E-07        +2.053622E-08
1.680616E-01        -1.407672E-07        +2.040963E-08
1.679106E-01        -1.399328E-07        +2.028362E-08
1.677598E-01        -1.391002E-07        +2.015805E-08
1.676091E-01        -1.382754E-07        +2.003346E-08
1.674585E-01        -1.374480E-07        +1.990983E-08
1.673081E-01        -1.366307E-07        +1.978687E-08
1.671578E-01        -1.358191E-07        +1.966427E-08
1.670076E-01        -1.350110E-07        +1.954264E-08
1.668576E-01        -1.342090E-07        +1.942167E-08
1.667077E-01        -1.334067E-07        +1.930107E-08
1.665580E-01        -1.326123E-07        +1.918152E-08
1.664083E-01        -1.318251E-07        +1.906247E-08
1.662589E-01        -1.310364E-07        +1.894394E-08
1.661095E-01        -1.302528E-07        +1.882630E-08
1.659603E-01        -1.294733E-07        +1.870933E-08
1.658112E-01        -1.287034E-07        +1.859311E-08
1.656622E-01        -1.279352E-07        +1.847769E-08
1.655134E-01        -1.271689E-07        +1.836250E-08
1.653647E-01        -1.264105E-07        +1.824850E-08
1.652162E-01        -1.256539E-07        +1.813455E-08
1.650678E-01        -1.249051E-07        +1.802135E-08
1.649195E-01        -1.241538E-07        +1.790935E-08
1.647714E-01        -1.234127E-07        +1.779740E-08
1.646233E-01        -1.226766E-07        +1.768574E-08
1.644754E-01        -1.219407E-07        +1.757512E-08
1.643277E-01        -1.212088E-07        +1.746556E-08
1.641801E-01        -1.204827E-07        +1.735659E-08
1.640326E-01        -1.197562E-07        +1.724798E-08
1.638852E-01        -1.190331E-07        +1.713995E-08
1.637380E-01        -1.183202E-07        +1.703237E-08
1.635909E-01        -1.176131E-07        +1.692576E-08
1.634440E-01        -1.169060E-07        +1.681981E-08
1.632972E-01        -1.162025E-07        +1.671423E-08
1.631505E-01        -1.155047E-07        +1.660923E-08
1.630039E-01        -1.148065E-07        +1.650460E-08
1.628575E-01        -1.141124E-07        +1.640102E-08
1.627112E-01        -1.134279E-07        +1.629803E-08
1.625650E-01        -1.127491E-07        +1.619502E-08
1.624190E-01        -1.120705E-07        +1.609283E-08
1.622731E-01        -1.113915E-07        +1.599184E-08
1.621273E-01        -1.107161E-07        +1.589083E-08
1.619817E-01        -1.100508E-07        +1.579026E-08
1.618361E-01        -1.093908E-07        +1.569059E-08
1.616908E-01        -1.087313E-07        +1.559166E-08
1.615455E-01        -1.080711E-07        +1.549302E-08
1.614004E-01        -1.074148E-07        +1.539543E-08
1.612554E-01        -1.067683E-07        +1.529843E-08
1.611105E-01        -1.061236E-07        +1.520141E-08
1.609658E-01        -1.054768E-07        +1.510483E-08
1.608212E-01        -1.048397E-07        +1.500923E-08
1.606768E-01        -1.042089E-07        +1.491428E-08
1.605324E-01        -1.035772E-07        +1.481925E-08
1.603882E-01        -1.029496E-07        +1.472504E-08
1.602441E-01        -1.023278E-07        +1.463203E-08
1.601002E-01        -1.017061E-07        +1.453907E-08
1.599564E-01        -1.010879E-07        +1.444648E-08
1.598127E-01        -1.004756E-07        +1.435449E-08
1.596691E-01        -9.986295E-08        +1.426286E-08
1.595257E-01        -9.925434E-08        +1.417227E-08
1.593824E-01        -9.865153E-08        +1.408229E-08
1.592392E-01        -9.805228E-08        +1.399228E-08
1.590961E-01        -9.745884E-08        +1.390264E-08
1.589532E-01        -9.686549E-08        +1.381405E-08
1.588104E-01        -9.627458E-08        +1.372605E-08
1.586678E-01        -9.568927E-08        +1.363810E-08
1.585252E-01        -9.510623E-08        +1.355084E-08
1.583828E-01        -9.452672E-08        +1.346446E-08
1.582406E-01        -9.395097E-08        +1.337790E-08
1.580984E-01        -9.337750E-08        +1.329227E-08
1.579564E-01        -9.280790E-08        +1.320729E-08
1.578145E-01        -9.224186E-08        +1.312229E-08
1.576727E-01        -9.167835E-08        +1.303805E-08
1.575311E-01        -9.111854E-08        +1.295470E-08
1.573896E-01        -9.056146E-08        +1.287110E-08
1.572482E-01        -9.000752E-08        +1.278848E-08
1.571069E-01        -8.945689E-08        +1.270647E-08
1.569658E-01        -8.890977E-08        +1.262449E-08
1.568248E-01        -8.836602E-08        +1.254289E-08
1.566839E-01        -8.782500E-08        +1.246227E-08
1.565432E-01        -8.728713E-08        +1.238231E-08
1.564025E-01        -8.675157E-08        +1.230227E-08
1.562620E-01        -8.621952E-08        +1.222266E-08
1.561217E-01        -8.569122E-08        +1.214410E-08
1.559814E-01        -8.516524E-08        +1.206569E-08
1.558413E-01        -8.464238E-08        +1.198748E-08
1.557013E-01        -8.412233E-08        +1.191010E-08
1.555614E-01        -8.360542E-08        +1.183286E-08
1.554217E-01        -8.309221E-08        +1.175650E-08
1.552821E-01        -8.258135E-08        +1.167990E-08
1.551426E-01        -8.207303E-08        +1.160429E-08
1.550032E-01        -8.156807E-08        +1.152928E-08
1.548640E-01        -8.106624E-08        +1.145431E-08
1.547249E-01        -8.056716E-08        +1.137971E-08
1.545859E-01        -8.007051E-08        +1.130609E-08
1.544470E-01        -7.957639E-08        +1.123270E-08
1.543082E-01        -7.908561E-08        +1.115906E-08
1.541696E-01        -7.859793E-08        +1.108646E-08
1.540311E-01        -7.811306E-08        +1.101446E-08
1.538928E-01        -7.763132E-08        +1.094289E-08
1.537545E-01        -7.715160E-08        +1.087187E-08
1.536164E-01        -7.667477E-08        +1.080088E-08
1.534784E-01        -7.620092E-08        +1.073027E-08
1.533405E-01        -7.572924E-08        +1.066026E-08
1.532028E-01        -7.526066E-08        +1.059030E-08
1.530652E-01        -7.479528E-08        +1.052070E-08
1.529277E-01        -7.433253E-08        +1.045209E-08
1.527903E-01        -7.387173E-08        +1.038408E-08
1.526530E-01        -7.341397E-08        +1.031606E-08
1.525159E-01        -7.295866E-08        +1.024809E-08
1.523789E-01        -7.250616E-08        +1.018048E-08
1.522420E-01        -7.205639E-08        +1.011386E-08
1.521052E-01        -7.160910E-08        +1.004785E-08
1.519686E-01        -7.116427E-08        +9.981870E-09
1.518321E-01        -7.072227E-08        +9.916113E-09
1.516957E-01        -7.028306E-08        +9.850869E-09
1.515594E-01        -6.984623E-08        +9.786013E-09
1.514233E-01        -6.941193E-08        +9.721595E-09
1.512873E-01        -6.898008E-08        +9.657565E-09
1.511514E-01        -6.855040E-08        +9.593887E-09
1.510156E-01        -6.812348E-08        +9.530575E-09
1.508799E-01        -6.769902E-08        +9.467677E-09
1.507444E-01        -6.727704E-08        +9.405152E-09
1.506090E-01        -6.685749E-08        +9.343018E-09
1.504737E-01        -6.644018E-08        +9.281235E-09
1.503385E-01        -6.602564E-08        +9.219818E-09
1.502034E-01        -6.561351E-08        +9.158816E-09
1.500685E-01        -6.520389E-08        +9.098150E-09
1.499337E-01        -6.479674E-08        +9.037812E-09
1.497990E-01        -6.439136E-08        +8.977864E-09
1.496644E-01        -6.398820E-08        +8.918307E-09
1.495300E-01        -6.358818E-08        +8.859147E-09
1.493957E-01        -6.319057E-08        +8.800315E-09
1.492615E-01        -6.279474E-08        +8.741836E-09
1.491274E-01        -6.240117E-08        +8.683687E-09
1.489934E-01        -6.201009E-08        +8.625890E-09
1.488596E-01        -6.162145E-08        +8.568466E-09
1.487259E-01        -6.123523E-08        +8.511395E-09
1.485923E-01        -6.085083E-08        +8.454653E-09
1.484588E-01        -6.046872E-08        +8.398264E-09
1.483254E-01        -6.008903E-08        +8.342206E-09
1.481922E-01        -5.971141E-08        +8.286542E-09
1.480590E-01        -5.933576E-08        +8.231129E-09
1.479260E-01        -5.896289E-08        +8.176088E-09
1.477932E-01        -5.859208E-08        +8.121441E-09
1.476604E-01        -5.822322E-08        +8.067045E-09
1.475277E-01        -5.785682E-08        +8.012980E-09
1.473952E-01        -5.749251E-08        +7.959309E-09
1.472628E-01        -5.713002E-08        +7.905930E-09
1.471305E-01        -5.676982E-08        +7.852882E-09
1.469983E-01        -5.641209E-08        +7.800188E-09
1.468663E-01        -5.605648E-08        +7.747827E-09
1.467344E-01        -5.570268E-08        +7.695758E-09
1.466026E-01        -5.535070E-08        +7.643981E-09
1.464709E-01        -5.500060E-08        +7.592535E-09
1.463393E-01        -5.465271E-08        +7.541444E-09
1.462078E-01        -5.430731E-08        +7.490609E-09
1.460765E-01        -5.396400E-08        +7.440080E-09
1.459453E-01        -5.362261E-08        +7.389907E-09
1.458142E-01        -5.328303E-08        +7.340026E-09
1.456832E-01        -5.294529E-08        +7.290477E-09
1.455523E-01        -5.260983E-08        +7.241245E-09
1.454215E-01        -5.227644E-08        +7.192245E-09
1.452909E-01        -5.194489E-08        +7.143575E-09
1.451604E-01        -5.161550E-08        +7.095237E-09
1.450300E-01        -5.128773E-08        +7.047217E-09
1.448997E-01        -5.096243E-08        +6.999428E-09
1.447695E-01        -5.063861E-08        +6.951933E-09
1.446395E-01        -5.031665E-08        +6.904768E-09
1.445096E-01        -4.999680E-08        +6.857934E-09
1.443797E-01        -4.967831E-08        +6.811346E-09
1.442500E-01        -4.936256E-08        +6.765000E-09
1.441205E-01        -4.904856E-08        +6.719046E-09
1.439910E-01        -4.873596E-08        +6.673313E-09
1.438617E-01        -4.842568E-08        +6.627885E-09
1.437324E-01        -4.811646E-08        +6.582741E-09
1.436033E-01        -4.780968E-08        +6.537864E-09
1.434743E-01        -4.750499E-08        +6.493244E-09
1.433454E-01        -4.720164E-08        +6.448893E-09
1.432166E-01        -4.690017E-08        +6.404861E-09
1.430880E-01        -4.660073E-08        +6.361096E-09
1.429595E-01        -4.630283E-08        +6.317626E-09
1.428310E-01        -4.600632E-08        +6.274379E-09
1.427027E-01        -4.571252E-08        +6.231435E-09
1.425745E-01        -4.542026E-08        +6.188774E-09
1.424465E-01        -4.512948E-08        +6.146353E-09
1.423185E-01        -4.484037E-08        +6.104220E-09
1.421906E-01        -4.455278E-08        +6.062318E-09
1.420629E-01        -4.426700E-08        +6.020708E-09
1.419353E-01        -4.398340E-08        +5.979329E-09
1.418078E-01        -4.370104E-08        +5.938209E-09
1.416804E-01        -4.342055E-08        +5.897321E-09
1.415531E-01        -4.314160E-08        +5.856729E-09
1.414260E-01        -4.286450E-08        +5.816426E-09
1.412989E-01        -4.258928E-08        +5.776325E-09
1.411720E-01        -4.231521E-08        +5.736513E-09
1.410452E-01        -4.204279E-08        +5.696934E-09
1.409185E-01        -4.177252E-08        +5.657613E-09
1.407919E-01        -4.150347E-08        +5.618525E-09
1.406654E-01        -4.123635E-08        +5.579696E-09
1.405390E-01        -4.097077E-08        +5.541100E-09
1.404128E-01        -4.070667E-08        +5.502793E-09
1.402867E-01        -4.044404E-08        +5.464682E-09
1.401606E-01        -4.018251E-08        +5.426774E-09
1.400347E-01        -3.992306E-08        +5.389192E-09
1.399089E-01        -3.966552E-08        +5.351831E-09
1.397833E-01        -3.940974E-08        +5.314671E-09
1.396577E-01        -3.915464E-08        +5.277777E-09
1.395322E-01        -3.890119E-08        +5.241105E-09
1.394069E-01        -3.865010E-08        +5.204633E-09
1.392817E-01        -3.839990E-08        +5.168457E-09
1.391565E-01        -3.815083E-08        +5.132474E-09
1.390315E-01        -3.790381E-08        +5.096691E-09
1.389066E-01        -3.765836E-08        +5.061167E-09
1.387819E-01        -3.741435E-08        +5.025905E-09
1.386572E-01        -3.717168E-08        +4.990837E-09
1.385326E-01        -3.692996E-08        +4.955940E-09
1.384082E-01        -3.669005E-08        +4.921330E-09
1.382838E-01        -3.645211E-08        +4.886926E-09
1.381596E-01        -3.621528E-08        +4.852773E-09
1.380355E-01        -3.597970E-08        +4.818790E-09
1.379115E-01        -3.574572E-08        +4.785068E-09
1.377876E-01        -3.551296E-08        +4.751542E-09
1.376638E-01        -3.528181E-08        +4.718213E-09
1.375402E-01        -3.505213E-08        +4.685108E-09
1.374166E-01        -3.482377E-08        +4.652173E-09
1.372932E-01        -3.459690E-08        +4.619498E-09
1.371699E-01        -3.437157E-08        +4.587047E-09
1.370466E-01        -3.414698E-08        +4.554741E-09
1.369235E-01        -3.392386E-08        +4.522721E-09
1.368005E-01        -3.370229E-08        +4.490898E-09
1.366776E-01        -3.348200E-08        +4.459235E-09
1.365548E-01        -3.326327E-08        +4.427744E-09
1.364322E-01        -3.304600E-08        +4.396538E-09
1.363096E-01        -3.283012E-08        +4.365505E-09
1.361872E-01        -3.261532E-08        +4.334694E-09
1.360648E-01        -3.240128E-08        +4.304056E-09
1.359426E-01        -3.218908E-08        +4.273603E-09
1.358205E-01        -3.197868E-08        +4.243321E-09
1.356985E-01        -3.176858E-08        +4.213300E-09
1.355766E-01        -3.155978E-08        +4.183477E-09
1.354548E-01        -3.135291E-08        +4.153814E-09
1.353331E-01        -3.114723E-08        +4.124323E-09
1.352115E-01        -3.094220E-08        +4.095056E-09
1.350901E-01        -3.073928E-08        +4.065984E-09
1.349687E-01        -3.053738E-08        +4.037112E-09
1.348475E-01        -3.033632E-08        +4.008399E-09
1.347263E-01        -3.013665E-08        +3.979860E-09
1.346053E-01        -2.993844E-08        +3.951543E-09
1.344844E-01        -2.974143E-08        +3.923387E-09
1.343636E-01        -2.954508E-08        +3.895402E-09
1.342429E-01        -2.935067E-08        +3.867641E-09
1.341223E-01        -2.915746E-08        +3.840016E-09
1.340018E-01        -2.896491E-08        +3.812588E-09
1.338814E-01        -2.877393E-08        +3.785359E-09
1.337612E-01        -2.858405E-08        +3.758314E-09
1.336410E-01        -2.839495E-08        +3.731380E-09
1.335209E-01        -2.820714E-08        +3.704646E-09
1.334010E-01        -2.802070E-08        +3.678131E-09
1.332812E-01        -2.783493E-08        +3.651779E-09
1.331614E-01        -2.765094E-08        +3.625575E-09
1.330418E-01        -2.746831E-08        +3.599583E-09
1.329223E-01        -2.728598E-08        +3.573698E-09
1.328029E-01        -2.710496E-08        +3.548038E-09
1.326836E-01        -2.692551E-08        +3.522514E-09
1.325644E-01        -2.674701E-08        +3.497188E-09
1.324453E-01        -2.656945E-08        +3.472023E-09
1.323263E-01        -2.639282E-08        +3.446994E-09
1.322075E-01        -2.621766E-08        +3.422185E-09
1.320887E-01        -2.604356E-08        +3.397516E-09
1.319700E-01        -2.587013E-08        +3.372983E-09
1.318515E-01        -2.569843E-08        +3.348632E-09
1.317331E-01        -2.552767E-08        +3.324417E-09
1.316147E-01        -2.535771E-08        +3.300380E-09
1.314965E-01        -2.518884E-08        +3.276525E-09
1.313784E-01        -2.502092E-08        +3.252805E-09
1.312603E-01        -2.485380E-08        +3.229228E-09
1.311424E-01        -2.468777E-08        +3.205806E-09
1.310246E-01        -2.452305E-08        +3.182582E-09
1.309069E-01        -2.435955E-08        +3.159521E-09
1.307893E-01        -2.419673E-08        +3.136559E-09
1.306718E-01        -2.403512E-08        +3.113732E-09
1.305544E-01        -2.387420E-08        +3.091105E-09
1.304372E-01        -2.371500E-08        +3.068658E-09
1.303200E-01        -2.355625E-08        +3.046328E-09
1.302029E-01        -2.339817E-08        +3.024161E-09
1.300860E-01        -2.324182E-08        +3.002111E-09
1.299691E-01        -2.308628E-08        +2.980178E-09
1.298524E-01        -2.293147E-08        +2.958463E-09
1.297357E-01        -2.277721E-08        +2.936892E-09
1.296192E-01        -2.262466E-08        +2.915438E-09
1.295027E-01        -2.247294E-08        +2.894102E-09
1.293864E-01        -2.232194E-08        +2.872947E-09
1.292702E-01        -2.217162E-08        +2.851890E-09
1.291540E-01        -2.202276E-08        +2.830952E-09
1.290380E-01        -2.187499E-08        +2.810230E-09
1.289221E-01        -2.172781E-08        +2.789671E-09
1.288063E-01        -2.158131E-08        +2.769212E-09
1.286906E-01        -2.143605E-08        +2.748851E-09
1.285750E-01        -2.129146E-08        +2.728627E-09
1.284595E-01        -2.114810E-08        +2.708565E-09
1.283441E-01        -2.100543E-08        +2.688639E-09
1.282288E-01        -2.086399E-08        +2.668876E-09
1.281136E-01        -2.072288E-08        +2.649212E-09
1.279985E-01        -2.058272E-08        +2.629684E-09
1.278835E-01        -2.044352E-08        +2.610320E-09
1.277686E-01        -2.030565E-08        +2.591054E-09
1.276539E-01        -2.016877E-08        +2.571905E-09
1.275392E-01        -2.003181E-08        +2.552875E-09
1.274246E-01        -1.989645E-08        +2.534008E-09
1.273101E-01        -1.976170E-08        +2.515277E-09
1.271958E-01        -1.962775E-08        +2.496689E-09
1.270815E-01        -1.949492E-08        +2.478157E-09
1.269674E-01        -1.936253E-08        +2.459804E-09
1.268533E-01        -1.923098E-08        +2.441572E-09
1.267393E-01        -1.910040E-08        +2.423466E-09
1.266255E-01        -1.897090E-08        +2.405448E-09
1.265117E-01        -1.884225E-08        +2.387578E-09
1.263981E-01        -1.871432E-08        +2.369823E-09
1.262846E-01        -1.858670E-08        +2.352204E-09
1.261711E-01        -1.845995E-08        +2.334733E-09
1.260578E-01        -1.833426E-08        +2.317341E-09
1.259445E-01        -1.820944E-08        +2.300042E-09
1.258314E-01        -1.808569E-08        +2.282949E-09
1.257184E-01        -1.796255E-08        +2.265892E-09
1.256054E-01        -1.783999E-08        +2.248956E-09
1.254926E-01        -1.771878E-08        +2.232163E-09
1.253799E-01        -1.759754E-08        +2.215441E-09
1.252672E-01        -1.747688E-08        +2.198869E-09
1.251547E-01        -1.735757E-08        +2.182410E-09
1.250423E-01        -1.723896E-08        +2.166088E-09
1.249299E-01        -1.712148E-08        +2.149879E-09
1.248177E-01        -1.700445E-08        +2.133720E-09
1.247056E-01        -1.688802E-08        +2.117698E-09
1.245936E-01        -1.677191E-08        +2.101803E-09
1.244816E-01        -1.665704E-08        +2.085965E-09
1.243698E-01        -1.654316E-08        +2.070306E-09
1.242581E-01        -1.642934E-08        +2.054747E-09
1.241465E-01        -1.631676E-08        +2.039287E-09
1.240349E-01        -1.620477E-08        +2.023914E-09
1.239235E-01        -1.609377E-08        +2.008654E-09
1.238122E-01        -1.598283E-08        +1.993495E-09
1.237010E-01        -1.587314E-08        +1.978471E-09
1.235899E-01        -1.576378E-08        +1.963575E-09
1.234788E-01        -1.565529E-08        +1.948702E-09
1.233679E-01        -1.554788E-08        +1.933943E-09
1.232571E-01        -1.544109E-08        +1.919319E-09
1.231464E-01        -1.533462E-08        +1.904823E-09
1.230357E-01        -1.522867E-08        +1.890350E-09
1.229252E-01        -1.512351E-08        +1.876027E-09
1.228148E-01        -1.501961E-08        +1.861831E-09
1.227045E-01        -1.491569E-08        +1.847672E-09
1.225942E-01        -1.481236E-08        +1.833635E-09
1.224841E-01        -1.471038E-08        +1.819740E-09
1.223741E-01        -1.460874E-08        +1.805881E-09
1.222641E-01        -1.450761E-08        +1.792109E-09
1.221543E-01        -1.440692E-08        +1.778486E-09
1.220446E-01        -1.430721E-08        +1.764991E-09
1.219349E-01        -1.420802E-08        +1.751520E-09
1.218254E-01        -1.410962E-08        +1.738162E-09
1.217160E-01        -1.401213E-08        +1.724903E-09
1.216066E-01        -1.391458E-08        +1.711697E-09
1.214974E-01        -1.381839E-08        +1.698575E-09
1.213882E-01        -1.372209E-08        +1.685605E-09
1.212792E-01        -1.362658E-08        +1.672711E-09
1.211703E-01        -1.353233E-08        +1.659889E-09
1.210614E-01        -1.343833E-08        +1.647185E-09
1.209527E-01        -1.334503E-08        +1.634563E-09
1.208440E-01        -1.325199E-08        +1.622059E-09
1.207354E-01        -1.315957E-08        +1.609591E-09
1.206270E-01        -1.306756E-08        +1.597234E-09
1.205186E-01        -1.297646E-08        +1.584931E-09
1.204104E-01        -1.288642E-08        +1.572710E-09
1.203022E-01        -1.279657E-08        +1.560643E-09
1.201941E-01        -1.270676E-08        +1.548641E-09
1.200862E-01        -1.261830E-08        +1.536686E-09
1.199783E-01        -1.253010E-08        +1.524819E-09
1.198705E-01        -1.244252E-08        +1.513054E-09
1.197628E-01        -1.235529E-08        +1.501388E-09
1.196552E-01        -1.226903E-08        +1.489788E-09
1.195477E-01        -1.218340E-08        +1.478259E-09
1.194404E-01        -1.209819E-08        +1.466870E-09
1.193331E-01        -1.201352E-08        +1.455506E-09
1.192259E-01        -1.192920E-08        +1.444242E-09
1.191188E-01        -1.184550E-08        +1.433043E-09
1.190118E-01        -1.176214E-08        +1.421880E-09
1.189048E-01        -1.167969E-08        +1.410843E-09
1.187980E-01        -1.159794E-08        +1.399945E-09
1.186913E-01        -1.151617E-08        +1.389048E-09
1.185847E-01        -1.143510E-08        +1.378222E-09
1.184782E-01        -1.135494E-08        +1.367526E-09
1.183717E-01        -1.127476E-08        +1.356855E-09
1.182654E-01        -1.119558E-08        +1.346295E-09
1.181592E-01        -1.111644E-08        +1.335800E-09
1.180530E-01        -1.103851E-08        +1.325366E-09
1.179470E-01        -1.096064E-08        +1.315072E-09
1.178410E-01        -1.088303E-08        +1.304769E-09
1.177351E-01        -1.080605E-08        +1.294536E-09
1.176294E-01        -1.072983E-08        +1.284443E-09
1.175237E-01        -1.065448E-08        +1.274376E-09
1.174181E-01        -1.057881E-08        +1.264410E-09
1.173127E-01        -1.050420E-08        +1.254519E-09
1.172073E-01        -1.043016E-08        +1.244653E-09
1.171020E-01        -1.035609E-08        +1.234888E-09
1.169968E-01        -1.028238E-08        +1.225224E-09
1.168917E-01        -1.020965E-08        +1.215625E-09
1.167867E-01        -1.013754E-08        +1.206062E-09
1.166818E-01        -1.006543E-08        +1.196563E-09
1.165770E-01        -9.993663E-09        +1.187101E-09
1.164722E-01        -9.922806E-09        +1.177766E-09
1.163676E-01        -9.852659E-09        +1.168534E-09
1.162631E-01        -9.782678E-09        +1.159273E-09
1.161586E-01        -9.713114E-09        +1.150104E-09
1.160543E-01        -9.644065E-09        +1.141044E-09
1.159500E-01        -9.575377E-09        +1.132041E-09
1.158459E-01        -9.507247E-09        +1.123082E-09
1.157418E-01        -9.439499E-09        +1.114215E-09
1.156378E-01        -9.372180E-09        +1.105413E-09
1.155340E-01        -9.305415E-09        +1.096656E-09
1.154302E-01        -9.239036E-09        +1.087956E-09
1.153265E-01        -9.173079E-09        +1.079291E-09
1.152229E-01        -9.107582E-09        +1.070727E-09
1.151194E-01        -9.042510E-09        +1.062228E-09
1.150160E-01        -8.977892E-09        +1.053765E-09
1.149126E-01        -8.913637E-09        +1.045394E-09
1.148094E-01        -8.849893E-09        +1.037097E-09
1.147063E-01        -8.786541E-09        +1.028836E-09
1.146032E-01        -8.723560E-09        +1.020632E-09
1.145003E-01        -8.661124E-09        +1.012507E-09
1.143974E-01        -8.599045E-09        +1.004473E-09
1.142947E-01        -8.537392E-09        +9.964238E-10
1.141920E-01        -8.476134E-09        +9.884569E-10
1.140894E-01        -8.415268E-09        +9.805571E-10
1.139869E-01        -8.354796E-09        +9.727144E-10
1.138845E-01        -8.294745E-09        +9.649293E-10
1.137822E-01        -8.235121E-09        +9.572044E-10
1.136800E-01        -8.175854E-09        +9.495305E-10
1.135779E-01        -8.117045E-09        +9.419202E-10
1.134759E-01        -8.058623E-09        +9.343640E-10
1.133739E-01        -8.000538E-09        +9.268575E-10
1.132721E-01        -7.942871E-09        +9.194125E-10
1.131703E-01        -7.885508E-09        +9.120207E-10
1.130687E-01        -7.828654E-09        +9.046899E-10
1.129671E-01        -7.772139E-09        +8.974029E-10
1.128656E-01        -7.716020E-09        +8.901761E-10
1.127642E-01        -7.660256E-09        +8.829969E-10
1.126629E-01        -7.604855E-09        +8.758749E-10
1.125617E-01        -7.549881E-09        +8.688034E-10
1.124606E-01        -7.495231E-09        +8.617861E-10
1.123596E-01        -7.440975E-09        +8.548259E-10
1.122586E-01        -7.387057E-09        +8.479094E-10
1.121578E-01        -7.333546E-09        +8.410504E-10
1.120570E-01        -7.280316E-09        +8.342353E-10
1.119564E-01        -7.227536E-09        +8.274810E-10
1.118558E-01        -7.175091E-09        +8.207737E-10
1.117553E-01        -7.123008E-09        +8.141105E-10
1.116549E-01        -7.071219E-09        +8.075014E-10
1.115546E-01        -7.019791E-09        +8.009460E-10
1.114544E-01        -6.968786E-09        +7.944347E-10
1.113543E-01        -6.918082E-09        +7.879740E-10
1.112543E-01        -6.867705E-09        +7.815605E-10
1.111543E-01        -6.817665E-09        +7.751882E-10
1.110545E-01        -6.768040E-09        +7.688759E-10
1.109547E-01        -6.718662E-09        +7.626014E-10
1.108550E-01        -6.669609E-09        +7.563776E-10
1.107555E-01        -6.620968E-09        +7.502072E-10
1.106560E-01        -6.572610E-09        +7.440747E-10
1.105566E-01        -6.524607E-09        +7.379928E-10
1.104572E-01        -6.476886E-09        +7.319520E-10
1.103580E-01        -6.429576E-09        +7.259580E-10
1.102589E-01        -6.382565E-09        +7.200115E-10
1.101598E-01        -6.335795E-09        +7.141093E-10
1.100609E-01        -6.289401E-09        +7.082506E-10
1.099620E-01        -6.243290E-09        +7.024366E-10
1.098632E-01        -6.197482E-09        +6.966664E-10
1.097645E-01        -6.152060E-09        +6.909372E-10
1.096659E-01        -6.106907E-09        +6.852582E-10
1.095674E-01        -6.062079E-09        +6.796169E-10
1.094690E-01        -6.017516E-09        +6.740227E-10
1.093707E-01        -5.973314E-09        +6.684691E-10
1.092724E-01        -5.929364E-09        +6.629541E-10
1.091742E-01        -5.885710E-09        +6.574828E-10
1.090762E-01        -5.842430E-09        +6.520545E-10
1.089782E-01        -5.799435E-09        +6.466680E-10
1.088803E-01        -5.756670E-09        +6.413221E-10
1.087825E-01        -5.714236E-09        +6.360169E-10
1.086848E-01        -5.672130E-09        +6.307522E-10
1.085871E-01        -5.630212E-09        +6.255229E-10
1.084896E-01        -5.588633E-09        +6.203396E-10
1.083921E-01        -5.547343E-09        +6.151916E-10
1.082947E-01        -5.506381E-09        +6.100843E-10
1.081975E-01        -5.465692E-09        +6.050194E-10
1.081003E-01        -5.425259E-09        +5.999868E-10
1.080032E-01        -5.385088E-09        +5.949980E-10
1.079061E-01        -5.345142E-09        +5.900416E-10
1.078092E-01        -5.305566E-09        +5.851341E-10
1.077124E-01        -5.266222E-09        +5.802606E-10
1.076156E-01        -5.227134E-09        +5.754194E-10
1.075189E-01        -5.188344E-09        +5.706122E-10
1.074223E-01        -5.149816E-09        +5.658457E-10
1.073258E-01        -5.111556E-09        +5.611198E-10
1.072294E-01        -5.073624E-09        +5.564312E-10
1.071331E-01        -5.035890E-09        +5.517766E-10
1.070369E-01        -4.998421E-09        +5.471592E-10
1.069407E-01        -4.961244E-09        +5.425711E-10
1.068446E-01        -4.924265E-09        +5.380202E-10
1.067487E-01        -4.887555E-09        +5.335081E-10
1.066528E-01        -4.851106E-09        +5.290319E-10
1.065570E-01        -4.814955E-09        +5.245895E-10
1.064612E-01        -4.779030E-09        +5.201734E-10
1.063656E-01        -4.743341E-09        +5.158023E-10
1.062701E-01        -4.707884E-09        +5.114621E-10
1.061746E-01        -4.672689E-09        +5.071577E-10
1.060792E-01        -4.637758E-09        +5.028808E-10
1.059839E-01        -4.603059E-09        +4.986411E-10
1.058887E-01        -4.568625E-09        +4.944321E-10
1.057936E-01        -4.534389E-09        +4.902571E-10
1.056986E-01        -4.500386E-09        +4.861158E-10
1.056036E-01        -4.466646E-09        +4.820011E-10
1.055087E-01        -4.433171E-09        +4.779269E-10
1.054140E-01        -4.399929E-09        +4.738809E-10
1.053193E-01        -4.366852E-09        +4.698647E-10
1.052247E-01        -4.334007E-09        +4.658823E-10
1.051301E-01        -4.301426E-09        +4.619231E-10
1.050357E-01        -4.269111E-09        +4.580054E-10
1.049413E-01        -4.236929E-09        +4.541141E-10
1.048471E-01        -4.205080E-09        +4.502576E-10
1.047529E-01        -4.173428E-09        +4.464275E-10
1.046588E-01        -4.141943E-09        +4.426281E-10
1.045648E-01        -4.110724E-09        +4.388594E-10
1.044708E-01        -4.079704E-09        +4.351172E-10
1.043770E-01        -4.048949E-09        +4.314062E-10
1.042832E-01        -4.018328E-09        +4.277187E-10
1.041895E-01        -3.987973E-09        +4.240685E-10
1.040959E-01        -3.957817E-09        +4.204454E-10
1.040024E-01        -3.927895E-09        +4.168464E-10
1.039090E-01        -3.898204E-09        +4.132813E-10
1.038157E-01        -3.868681E-09        +4.097467E-10
1.037224E-01        -3.839392E-09        +4.062290E-10
1.036292E-01        -3.810268E-09        +4.027486E-10
1.035361E-01        -3.781347E-09        +3.992954E-10
1.034431E-01        -3.752723E-09        +3.958662E-10
1.033502E-01        -3.724232E-09        +3.924676E-10
1.032574E-01        -3.695941E-09        +3.890962E-10
1.031646E-01        -3.667821E-09        +3.857451E-10
1.030719E-01        -3.639899E-09        +3.824213E-10
1.029793E-01        -3.612212E-09        +3.791248E-10
1.028868E-01        -3.584757E-09        +3.758622E-10
1.027944E-01        -3.557435E-09        +3.726201E-10
1.027021E-01        -3.530347E-09        +3.694020E-10
1.026098E-01        -3.503463E-09        +3.662110E-10
1.025176E-01        -3.476713E-09        +3.630473E-10
1.024255E-01        -3.450163E-09        +3.599075E-10
1.023335E-01        -3.423812E-09        +3.567949E-10
1.022416E-01        -3.397663E-09        +3.537029E-10
1.021498E-01        -3.371713E-09        +3.506348E-10
1.020580E-01        -3.345935E-09        +3.475939E-10
1.019663E-01        -3.320357E-09        +3.445803E-10
1.018747E-01        -3.294946E-09        +3.415873E-10
1.017832E-01        -3.269704E-09        +3.386182E-10
1.016918E-01        -3.244693E-09        +3.356763E-10
1.016004E-01        -3.219789E-09        +3.327551E-10
1.015091E-01        -3.195087E-09        +3.298577E-10
1.014180E-01        -3.170612E-09        +3.269842E-10
1.013268E-01        -3.146249E-09        +3.241349E-10
1.012358E-01        -3.122048E-09        +3.213060E-10
1.011449E-01        -3.098048E-09        +3.185043E-10
1.010540E-01        -3.074221E-09        +3.157200E-10
1.009632E-01        -3.050562E-09        +3.129564E-10
1.008725E-01        -3.027070E-09        +3.102166E-10
1.007819E-01        -3.003779E-09        +3.075041E-10
1.006914E-01        -2.980588E-09        +3.048121E-10
1.006009E-01        -2.957606E-09        +3.021376E-10
1.005106E-01        -2.934817E-09        +2.994900E-10
1.004203E-01        -2.912203E-09        +2.968634E-10
1.003301E-01        -2.889691E-09        +2.942539E-10
1.002399E-01        -2.867353E-09        +2.916688E-10
1.001499E-01        -2.845142E-09        +2.891037E-10
1.000599E-01        -2.823141E-09        +2.865531E-10
9.997005E-02        -2.801286E-09        +2.840310E-10
9.988024E-02        -2.779617E-09        +2.815278E-10
9.979052E-02        -2.758113E-09        +2.790449E-10
9.970088E-02        -2.736739E-09        +2.765819E-10
9.961131E-02        -2.715525E-09        +2.741386E-10
9.952183E-02        -2.694444E-09        +2.717189E-10
9.943243E-02        -2.673525E-09        +2.693226E-10
9.934311E-02        -2.652736E-09        +2.669395E-10
9.925386E-02        -2.632108E-09        +2.645728E-10
9.916470E-02        -2.611612E-09        +2.622231E-10
9.907562E-02        -2.591313E-09        +2.599001E-10
9.898662E-02        -2.571177E-09        +2.575970E-10
9.889770E-02        -2.551137E-09        +2.553106E-10
9.880886E-02        -2.531227E-09        +2.530408E-10
9.872010E-02        -2.511514E-09        +2.507944E-10
9.863141E-02        -2.491962E-09        +2.485611E-10
9.854281E-02        -2.472510E-09        +2.463480E-10
9.845429E-02        -2.453188E-09        +2.441550E-10
9.836585E-02        -2.434029E-09        +2.419786E-10
9.827748E-02        -2.414998E-09        +2.398153E-10
9.818920E-02        -2.396133E-09        +2.376756E-10
9.810099E-02        -2.377363E-09        +2.355590E-10
9.801287E-02        -2.358726E-09        +2.334526E-10
9.792482E-02        -2.340250E-09        +2.313594E-10
9.783685E-02        -2.321905E-09        +2.292862E-10
9.774897E-02        -2.303726E-09        +2.272332E-10
9.766116E-02        -2.285642E-09        +2.252001E-10
9.757343E-02        -2.267689E-09        +2.231836E-10
9.748577E-02        -2.249897E-09        +2.211802E-10
9.739820E-02        -2.232205E-09        +2.191938E-10
9.731071E-02        -2.214644E-09        +2.172207E-10
9.722329E-02        -2.197211E-09        +2.152675E-10
9.713595E-02        -2.179876E-09        +2.133309E-10
9.704870E-02        -2.162741E-09        +2.114079E-10
9.696151E-02        -2.145666E-09        +2.095045E-10
9.687441E-02        -2.128757E-09        +2.076180E-10
9.678739E-02        -2.111979E-09        +2.057449E-10
9.670044E-02        -2.095331E-09        +2.038883E-10
9.661358E-02        -2.078748E-09        +2.020420E-10
9.652679E-02        -2.062328E-09        +2.002121E-10
9.644007E-02        -2.046037E-09        +1.984054E-10
9.635344E-02        -2.029879E-09        +1.966089E-10
9.626688E-02        -2.013784E-09        +1.948256E-10
9.618041E-02        -1.997856E-09        +1.930592E-10
9.609401E-02        -1.982023E-09        +1.913060E-10
9.600768E-02        -1.966287E-09        +1.895694E-10
9.592144E-02        -1.950684E-09        +1.878462E-10
9.583527E-02        -1.935244E-09        +1.861396E-10
9.574918E-02        -1.919902E-09        +1.844464E-10
9.566317E-02        -1.904658E-09        +1.827699E-10
9.557723E-02        -1.889510E-09        +1.811033E-10
9.549137E-02        -1.874460E-09        +1.794500E-10
9.540559E-02        -1.859542E-09        +1.778135E-10
9.531989E-02        -1.844756E-09        +1.761903E-10
9.523426E-02        -1.830032E-09        +1.745837E-10
9.514871E-02        -1.815474E-09        +1.729872E-10
9.506324E-02        -1.801014E-09        +1.714040E-10
9.497784E-02        -1.786651E-09        +1.698374E-10
9.489252E-02        -1.772386E-09        +1.682808E-10
9.480728E-02        -1.758219E-09        +1.667376E-10
9.472211E-02        -1.744150E-09        +1.652110E-10
9.463702E-02        -1.730179E-09        +1.636944E-10
9.455200E-02        -1.716337E-09        +1.621877E-10
9.446707E-02        -1.702630E-09        +1.606946E-10
9.438221E-02        -1.688985E-09        +1.592180E-10
9.429742E-02        -1.675472E-09        +1.577547E-10
9.421271E-02        -1.662024E-09        +1.563048E-10
9.412808E-02        -1.648708E-09        +1.548615E-10
9.404352E-02        -1.635455E-09        +1.534349E-10
9.395904E-02        -1.622335E-09        +1.520183E-10
9.387464E-02        -1.609279E-09        +1.506151E-10
9.379031E-02        -1.596354E-09        +1.492252E-10
9.370605E-02        -1.583494E-09        +1.478418E-10
9.362188E-02        -1.570767E-09        +1.464753E-10
9.353777E-02        -1.558101E-09        +1.451186E-10
9.345375E-02        -1.545571E-09        +1.437721E-10
9.336980E-02        -1.533104E-09        +1.424388E-10
9.328592E-02        -1.520768E-09        +1.411188E-10
9.320212E-02        -1.508463E-09        +1.398055E-10
9.311840E-02        -1.496291E-09        +1.385090E-10
9.303475E-02        -1.484251E-09        +1.372224E-10
9.295117E-02        -1.472241E-09        +1.359457E-10
9.286767E-02        -1.460330E-09        +1.346790E-10
9.278425E-02        -1.448518E-09        +1.334225E-10
9.270090E-02        -1.436803E-09        +1.321791E-10
9.261762E-02        -1.425154E-09        +1.309492E-10
9.253442E-02        -1.413569E-09        +1.297226E-10
9.245130E-02        -1.402117E-09        +1.285093E-10
9.236825E-02        -1.390729E-09        +1.273094E-10
9.228527E-02        -1.379473E-09        +1.261160E-10
9.220237E-02        -1.368249E-09        +1.249394E-10
9.211954E-02        -1.357123E-09        +1.237694E-10
9.203679E-02        -1.346096E-09        +1.226061E-10
9.195411E-02        -1.335167E-09        +1.214594E-10
9.187151E-02        -1.324305E-09        +1.203196E-10
9.178898E-02        -1.313506E-09        +1.191862E-10
9.170652E-02        -1.302839E-09        +1.180662E-10
9.162414E-02        -1.292204E-09        +1.169529E-10
9.154184E-02        -1.281637E-09        +1.158531E-10
9.145960E-02        -1.271131E-09        +1.147596E-10
9.137744E-02        -1.260791E-09        +1.136797E-10
9.129536E-02        -1.250519E-09        +1.126064E-10
9.121334E-02        -1.240276E-09        +1.115464E-10
9.113141E-02        -1.230134E-09        +1.104898E-10
9.104954E-02        -1.220056E-09        +1.094463E-10
9.096775E-02        -1.210043E-09        +1.084164E-10
9.088603E-02        -1.200163E-09        +1.073898E-10
9.080439E-02        -1.190315E-09        +1.063699E-10
9.072282E-02        -1.180532E-09        +1.053565E-10
9.064132E-02        -1.170813E-09        +1.043598E-10
9.055989E-02        -1.161227E-09        +1.033698E-10
9.047854E-02        -1.151674E-09        +1.023864E-10
9.039726E-02        -1.142218E-09        +1.014165E-10
9.031606E-02        -1.132830E-09        +1.004505E-10
9.023493E-02        -1.123473E-09        +9.949491E-11
9.015387E-02        -1.114214E-09        +9.854691E-11
9.007288E-02        -1.105053E-09        +9.760755E-11
8.999197E-02        -1.095960E-09        +9.667659E-11
8.991113E-02        -1.086898E-09        +9.575427E-11
8.983036E-02        -1.077934E-09        +9.483993E-11
8.974966E-02        -1.069069E-09        +9.393323E-11
8.966904E-02        -1.060271E-09        +9.303426E-11
8.958849E-02        -1.051504E-09        +9.214394E-11
8.950801E-02        -1.042803E-09        +9.126159E-11
8.942760E-02        -1.034133E-09        +9.038689E-11
8.934727E-02        -1.025563E-09        +8.951992E-11
8.926700E-02        -1.017091E-09        +8.866117E-11
8.918681E-02        -1.008686E-09        +8.780951E-11
8.910670E-02        -1.000313E-09        +8.696525E-11
8.902665E-02        -9.920086E-10        +8.612886E-11
8.894668E-02        -9.837464E-10        +8.530024E-11
8.886677E-02        -9.755759E-10        +8.447849E-11
8.878694E-02        -9.674651E-10        +8.366414E-11
8.870719E-02        -9.594174E-10        +8.285756E-11
8.862750E-02        -9.514343E-10        +8.205786E-11
8.854788E-02        -9.435132E-10        +8.126514E-11
8.846834E-02        -9.356556E-10        +8.047982E-11
8.838887E-02        -9.278533E-10        +7.970185E-11
8.830947E-02        -9.201166E-10        +7.893018E-11
8.823014E-02        -9.124389E-10        +7.816582E-11
8.815088E-02        -9.048201E-10        +7.740880E-11
8.807169E-02        -8.972603E-10        +7.665777E-11
8.799257E-02        -8.897594E-10        +7.591337E-11
8.791353E-02        -8.823217E-10        +7.517641E-11
8.783455E-02        -8.749425E-10        +7.444567E-11
8.775565E-02        -8.676127E-10        +7.372169E-11
8.767682E-02        -8.603489E-10        +7.300402E-11
8.759806E-02        -8.531408E-10        +7.229334E-11
8.751937E-02        -8.459851E-10        +7.158902E-11
8.744075E-02        -8.388852E-10        +7.089064E-11
8.736220E-02        -8.318375E-10        +7.019930E-11
8.728372E-02        -8.248490E-10        +6.951360E-11
8.720531E-02        -8.179196E-10        +6.883424E-11
8.712697E-02        -8.110430E-10        +6.816053E-11
8.704870E-02        -8.042152E-10        +6.749349E-11
8.697051E-02        -7.974478E-10        +6.683253E-11
8.689238E-02        -7.907250E-10        +6.617780E-11
8.681432E-02        -7.840615E-10        +6.552943E-11
8.673634E-02        -7.774548E-10        +6.488614E-11
8.665842E-02        -7.708966E-10        +6.424841E-11
8.658057E-02        -7.643875E-10        +6.361704E-11
8.650280E-02        -7.579286E-10        +6.299138E-11
8.642509E-02        -7.515212E-10        +6.237201E-11
8.634745E-02        -7.451668E-10        +6.175764E-11
8.626989E-02        -7.388589E-10        +6.114866E-11
8.619239E-02        -7.326062E-10        +6.054561E-11
8.611496E-02        -7.263997E-10        +5.994824E-11
8.603760E-02        -7.202389E-10        +5.935620E-11
8.596031E-02        -7.141342E-10        +5.876984E-11
8.588309E-02        -7.080757E-10        +5.818848E-11
8.580594E-02        -7.020598E-10        +5.761244E-11
8.572886E-02        -6.960964E-10        +5.704209E-11
8.565185E-02        -6.901861E-10        +5.647674E-11
8.557491E-02        -6.843151E-10        +5.591672E-11
8.549803E-02        -6.784892E-10        +5.536199E-11
8.542123E-02        -6.727171E-10        +5.481198E-11
8.534450E-02        -6.669844E-10        +5.426766E-11
8.526783E-02        -6.612967E-10        +5.372795E-11
8.519123E-02        -6.556589E-10        +5.319289E-11
8.511470E-02        -6.500602E-10        +5.266351E-11
8.503824E-02        -6.445146E-10        +5.213883E-11
8.496185E-02        -6.390085E-10        +5.161847E-11
8.488553E-02        -6.335451E-10        +5.110312E-11
8.480927E-02        -6.281273E-10        +5.059271E-11
8.473309E-02        -6.227529E-10        +5.008738E-11
8.465697E-02        -6.174241E-10        +4.958667E-11
8.458092E-02        -6.121348E-10        +4.909029E-11
8.450494E-02        -6.068852E-10        +4.859861E-11
8.442903E-02        -6.016782E-10        +4.811125E-11
8.435319E-02        -5.965176E-10        +4.762890E-11
8.427741E-02        -5.913960E-10        +4.715118E-11
8.420170E-02        -5.863139E-10        +4.667748E-11
8.412606E-02        -5.812715E-10        +4.620810E-11
8.405049E-02        -5.762717E-10        +4.574342E-11
8.397499E-02        -5.713153E-10        +4.528306E-11
8.389955E-02        -5.663941E-10        +4.482734E-11
8.382418E-02        -5.615163E-10        +4.437564E-11
8.374888E-02        -5.566745E-10        +4.392794E-11
8.367365E-02        -5.518759E-10        +4.348458E-11
8.359848E-02        -5.471095E-10        +4.304554E-11
8.352339E-02        -5.423834E-10        +4.261020E-11
8.344836E-02        -5.376964E-10        +4.217950E-11
8.337339E-02        -5.330485E-10        +4.175276E-11
8.329850E-02        -5.284408E-10        +4.132978E-11
8.322367E-02        -5.238690E-10        +4.091038E-11
8.314891E-02        -5.193301E-10        +4.049568E-11
8.307421E-02        -5.148303E-10        +4.008495E-11
8.299959E-02        -5.103677E-10        +3.967797E-11
8.292503E-02        -5.059374E-10        +3.927426E-11
8.285053E-02        -5.015462E-10        +3.887451E-11
8.277611E-02        -4.971922E-10        +3.847884E-11
8.270175E-02        -4.928705E-10        +3.808713E-11
8.262746E-02        -4.885886E-10        +3.769912E-11
8.255323E-02        -4.843426E-10        +3.731439E-11
8.247907E-02        -4.801265E-10        +3.693367E-11
8.240498E-02        -4.759433E-10        +3.655666E-11
8.233096E-02        -4.717967E-10        +3.618298E-11
8.225700E-02        -4.676825E-10        +3.581295E-11
8.218310E-02        -4.636043E-10        +3.544620E-11
8.210928E-02        -4.595566E-10        +3.508320E-11
8.203552E-02        -4.555412E-10        +3.472349E-11
8.196182E-02        -4.515620E-10        +3.436743E-11
8.188820E-02        -4.476132E-10        +3.401444E-11
8.181463E-02        -4.436930E-10        +3.366468E-11
8.174114E-02        -4.398064E-10        +3.331868E-11
8.166771E-02        -4.359560E-10        +3.297596E-11
8.159435E-02        -4.321353E-10        +3.263694E-11
8.152105E-02        -4.283472E-10        +3.230090E-11
8.144782E-02        -4.245926E-10        +3.196787E-11
8.137465E-02        -4.208636E-10        +3.163782E-11
8.130155E-02        -4.171683E-10        +3.131110E-11
8.122852E-02        -4.134991E-10        +3.098777E-11
8.115555E-02        -4.098630E-10        +3.066705E-11
8.108264E-02        -4.062525E-10        +3.034998E-11
8.100981E-02        -4.026793E-10        +3.003598E-11
8.093703E-02        -3.991320E-10        +2.972491E-11
8.086433E-02        -3.956111E-10        +2.941691E-11
8.079168E-02        -3.921262E-10        +2.911152E-11
8.071911E-02        -3.886685E-10        +2.880882E-11
8.064660E-02        -3.852333E-10        +2.850979E-11
8.057415E-02        -3.818276E-10        +2.821342E-11
8.050177E-02        -3.784518E-10        +2.791970E-11
8.042945E-02        -3.751055E-10        +2.762933E-11
8.035720E-02        -3.717891E-10        +2.734129E-11
8.028502E-02        -3.684995E-10        +2.705628E-11
8.021290E-02        -3.652325E-10        +2.677424E-11
8.014084E-02        -3.619951E-10        +2.649487E-11
8.006885E-02        -3.587844E-10        +2.621784E-11
7.999692E-02        -3.555964E-10        +2.594378E-11
7.992506E-02        -3.524383E-10        +2.567244E-11
7.985326E-02        -3.493066E-10        +2.540339E-11
7.978153E-02        -3.461980E-10        +2.513704E-11
7.970986E-02        -3.431189E-10        +2.487330E-11
7.963825E-02        -3.400663E-10        +2.461262E-11
7.956671E-02        -3.370367E-10        +2.435388E-11
7.949524E-02        -3.340340E-10        +2.409824E-11
7.942382E-02        -3.310535E-10        +2.384447E-11
7.935248E-02        -3.281035E-10        +2.359383E-11
7.928119E-02        -3.251765E-10        +2.334507E-11
7.920997E-02        -3.222686E-10        +2.309940E-11
7.913882E-02        -3.193915E-10        +2.285537E-11
7.906773E-02        -3.165333E-10        +2.261432E-11
7.899670E-02        -3.137055E-10        +2.237596E-11
7.892573E-02        -3.108934E-10        +2.213958E-11
7.885483E-02        -3.081082E-10        +2.190522E-11
7.878400E-02        -3.053461E-10        +2.167318E-11
7.871322E-02        -3.026102E-10        +2.144380E-11
7.864252E-02        -2.998947E-10        +2.121647E-11
7.857187E-02        -2.972016E-10        +2.099140E-11
7.850129E-02        -2.945322E-10        +2.076874E-11
7.843077E-02        -2.918818E-10        +2.054768E-11
7.836031E-02        -2.892618E-10        +2.032930E-11
7.828992E-02        -2.866549E-10        +2.011325E-11
7.821959E-02        -2.840708E-10        +1.989958E-11
7.814933E-02        -2.815136E-10        +1.968723E-11
7.807912E-02        -2.789757E-10        +1.947715E-11
7.800898E-02        -2.764578E-10        +1.926978E-11
7.793891E-02        -2.739632E-10        +1.906413E-11
7.786889E-02        -2.714917E-10        +1.886005E-11
7.779894E-02        -2.690363E-10        +1.865869E-11
7.772905E-02        -2.666046E-10        +1.845932E-11
7.765923E-02        -2.641890E-10        +1.826166E-11
7.758947E-02        -2.618001E-10        +1.806560E-11
7.751977E-02        -2.594309E-10        +1.787223E-11
7.745013E-02        -2.570814E-10        +1.768055E-11
7.738055E-02        -2.547516E-10        +1.749047E-11
7.731104E-02        -2.524388E-10        +1.730280E-11
7.724159E-02        -2.501420E-10        +1.711643E-11
7.717220E-02        -2.478718E-10        +1.693236E-11
7.710288E-02        -2.456216E-10        +1.675039E-11
7.703362E-02        -2.433882E-10        +1.656933E-11
7.696442E-02        -2.411706E-10        +1.639096E-11
7.689528E-02        -2.389767E-10        +1.621428E-11
7.682620E-02        -2.367987E-10        +1.603890E-11
7.675719E-02        -2.346446E-10        +1.586554E-11
7.668823E-02        -2.325030E-10        +1.569415E-11
7.661934E-02        -2.303816E-10        +1.552447E-11
7.655052E-02        -2.282771E-10        +1.535612E-11
7.648175E-02        -2.261883E-10        +1.518973E-11
7.641305E-02        -2.241234E-10        +1.502506E-11
7.634440E-02        -2.220711E-10        +1.486167E-11
7.627582E-02        -2.200389E-10        +1.470030E-11
7.620730E-02        -2.180234E-10        +1.454093E-11
7.613884E-02        -2.160238E-10        +1.438324E-11
7.607045E-02        -2.140483E-10        +1.422658E-11
7.600211E-02        -2.120822E-10        +1.407119E-11
7.593384E-02        -2.101324E-10        +1.391782E-11
7.586562E-02        -2.082060E-10        +1.376612E-11
7.579747E-02        -2.062927E-10        +1.361575E-11
7.572938E-02        -2.043962E-10        +1.346707E-11
7.566135E-02        -2.025126E-10        +1.331969E-11
7.559339E-02        -2.006492E-10        +1.317433E-11
7.552548E-02        -1.988022E-10        +1.303033E-11
7.545763E-02        -1.969681E-10        +1.288725E-11
7.538985E-02        -1.951511E-10        +1.274627E-11
7.532212E-02        -1.933467E-10        +1.260588E-11
7.525446E-02        -1.915624E-10        +1.246750E-11
7.518686E-02        -1.897950E-10        +1.233083E-11
7.511932E-02        -1.880404E-10        +1.219514E-11
7.505184E-02        -1.863027E-10        +1.206076E-11
7.498442E-02        -1.845778E-10        +1.192808E-11
7.491706E-02        -1.828698E-10        +1.179670E-11
7.484976E-02        -1.811716E-10        +1.166701E-11
7.478252E-02        -1.794894E-10        +1.153832E-11
7.471534E-02        -1.778280E-10        +1.141064E-11
7.464822E-02        -1.761725E-10        +1.128425E-11
7.458117E-02        -1.745371E-10        +1.115958E-11
7.451417E-02        -1.729184E-10        +1.103619E-11
7.444723E-02        -1.713095E-10        +1.091419E-11
7.438035E-02        -1.697136E-10        +1.079281E-11
7.431354E-02        -1.681347E-10        +1.067343E-11
7.424678E-02        -1.665685E-10        +1.055544E-11
7.418008E-02        -1.650192E-10        +1.043775E-11
7.411344E-02        -1.634798E-10        +1.032136E-11
7.404687E-02        -1.619506E-10        +1.020668E-11
7.398035E-02        -1.604340E-10        +1.009329E-11
7.391389E-02        -1.589373E-10        +9.981297E-12
7.384749E-02        -1.574545E-10        +9.869787E-12
7.378116E-02        -1.559779E-10        +9.759742E-12
7.371488E-02        -1.545209E-10        +9.650782E-12
7.364866E-02        -1.530779E-10        +9.542952E-12
7.358250E-02        -1.516408E-10        +9.436293E-12
7.351640E-02        -1.502206E-10        +9.330734E-12
7.345036E-02        -1.488103E-10        +9.226276E-12
7.338438E-02        -1.474130E-10        +9.122919E-12
7.331845E-02        -1.460293E-10        +9.020647E-12
7.325259E-02        -1.446518E-10        +8.919462E-12
7.318679E-02        -1.432913E-10        +8.819308E-12
7.312104E-02        -1.419434E-10        +8.720210E-12
7.305536E-02        -1.406097E-10        +8.622158E-12
7.298973E-02        -1.392817E-10        +8.525162E-12
7.292416E-02        -1.379707E-10        +8.429168E-12
7.285865E-02        -1.366696E-10        +8.334175E-12
7.279320E-02        -1.353785E-10        +8.240214E-12
7.272781E-02        -1.341003E-10        +8.147264E-12
7.266248E-02        -1.328360E-10        +8.055206E-12
7.259720E-02        -1.315775E-10        +7.964205E-12
7.253199E-02        -1.303331E-10        +7.874190E-12
7.246683E-02        -1.290945E-10        +7.785063E-12
7.240173E-02        -1.278729E-10        +7.696868E-12
7.233669E-02        -1.266612E-10        +7.609645E-12
7.227171E-02        -1.254595E-10        +7.523324E-12
7.220679E-02        -1.242707E-10        +7.437934E-12
7.214193E-02        -1.230959E-10        +7.353487E-12
7.207712E-02        -1.219238E-10        +7.269889E-12
7.201237E-02        -1.207618E-10        +7.187233E-12
7.194768E-02        -1.196126E-10        +7.105409E-12
7.188305E-02        -1.184775E-10        +7.024457E-12
7.181848E-02        -1.173483E-10        +6.944338E-12
7.175396E-02        -1.162329E-10        +6.865108E-12
7.168950E-02        -1.151235E-10        +6.786751E-12
7.162510E-02        -1.140281E-10        +6.709227E-12
7.156076E-02        -1.129356E-10        +6.632545E-12
7.149648E-02        -1.118561E-10        +6.556625E-12
7.143225E-02        -1.107904E-10        +6.481566E-12
7.136808E-02        -1.097277E-10        +6.407309E-12
7.130397E-02        -1.086780E-10        +6.333855E-12
7.123992E-02        -1.076423E-10        +6.261174E-12
7.117592E-02        -1.066093E-10        +6.189244E-12
7.111198E-02        -1.055864E-10        +6.118157E-12
7.104810E-02        -1.045734E-10        +6.047773E-12
7.098428E-02        -1.035704E-10        +5.978150E-12
7.092051E-02        -1.025773E-10        +5.909331E-12
7.085680E-02        -1.015912E-10        +5.841174E-12
7.079315E-02        -1.006110E-10        +5.773819E-12
7.072956E-02        -9.964540E-11        +5.707208E-12
7.066602E-02        -9.868435E-11        +5.641249E-12
7.060254E-02        -9.773370E-11        +5.576063E-12
7.053911E-02        -9.679160E-11        +5.511570E-12
7.047575E-02        -9.585794E-11        +5.447789E-12
7.041244E-02        -9.493312E-11        +5.384702E-12
7.034919E-02        -9.401701E-11        +5.322288E-12
7.028599E-02        -9.310874E-11        +5.260497E-12
7.022285E-02        -9.220848E-11        +5.199409E-12
7.015977E-02        -9.131621E-11        +5.139024E-12
7.009674E-02        -9.043210E-11        +5.079302E-12
7.003377E-02        -8.955669E-11        +5.020184E-12
6.997086E-02        -8.868899E-11        +4.961699E-12
6.990801E-02        -8.782888E-11        +4.903887E-12
6.984521E-02        -8.697705E-11        +4.846698E-12
6.978246E-02        -8.613239E-11        +4.790174E-12
6.971978E-02        -8.529587E-11        +4.734263E-12
6.965715E-02        -8.446691E-11        +4.678915E-12
6.959457E-02        -8.364514E-11        +4.624122E-12
6.953205E-02        -8.283107E-11        +4.570002E-12
6.946959E-02        -8.202431E-11        +4.516485E-12
6.940719E-02        -8.122556E-11        +4.463572E-12
6.934484E-02        -8.043410E-11        +4.411223E-12
6.928254E-02        -7.964912E-11        +4.359429E-12
6.922031E-02        -7.887197E-11        +4.308257E-12
6.915812E-02        -7.810159E-11        +4.257561E-12
6.909600E-02        -7.733835E-11        +4.207518E-12
6.903393E-02        -7.658200E-11        +4.157969E-12
6.897191E-02        -7.583254E-11        +4.108946E-12
6.890996E-02        -7.509022E-11        +4.060533E-12
6.884805E-02        -7.435467E-11        +4.012650E-12
6.878621E-02        -7.362597E-11        +3.965236E-12
6.872441E-02        -7.290334E-11        +3.918380E-12
6.866268E-02        -7.218784E-11        +3.872066E-12
6.860100E-02        -7.147925E-11        +3.826288E-12
6.853937E-02        -7.077697E-11        +3.780935E-12
6.847780E-02        -7.008060E-11        +3.736115E-12
6.841629E-02        -6.939166E-11        +3.691840E-12
6.835483E-02        -6.870862E-11        +3.648019E-12
6.829342E-02        -6.803150E-11        +3.604736E-12
6.823207E-02        -6.736069E-11        +3.561886E-12
6.817078E-02        -6.669661E-11        +3.519509E-12
6.810954E-02        -6.603845E-11        +3.477588E-12
6.804836E-02        -6.538631E-11        +3.436211E-12
6.798723E-02        -6.474038E-11        +3.395231E-12
6.792615E-02        -6.410078E-11        +3.354677E-12
6.786514E-02        -6.346661E-11        +3.314633E-12
6.780417E-02        -6.283824E-11        +3.275050E-12
6.774326E-02        -6.221591E-11        +3.235899E-12
6.768241E-02        -6.159961E-11        +3.197193E-12
6.762161E-02        -6.098893E-11        +3.158872E-12
6.756086E-02        -6.038348E-11        +3.121060E-12
6.750017E-02        -5.978404E-11        +3.083610E-12
6.743953E-02        -5.919025E-11        +3.046628E-12
6.737895E-02        -5.860178E-11        +3.010049E-12
6.731842E-02        -5.801895E-11        +2.973867E-12
6.725795E-02        -5.744144E-11        +2.938089E-12
6.719753E-02        -5.686957E-11        +2.902708E-12
6.713717E-02        -5.630273E-11        +2.867730E-12
6.707686E-02        -5.574112E-11        +2.833179E-12
6.701660E-02        -5.518515E-11        +2.799067E-12
6.695640E-02        -5.463421E-11        +2.765259E-12
6.689625E-02        -5.408851E-11        +2.731806E-12
6.683616E-02        -5.354825E-11        +2.698798E-12
6.677612E-02        -5.301251E-11        +2.666117E-12
6.671613E-02        -5.248214E-11        +2.633834E-12
6.665620E-02        -5.195638E-11        +2.601954E-12
6.659632E-02        -5.143598E-11        +2.570443E-12
6.653650E-02        -5.091991E-11        +2.539236E-12
6.647672E-02        -5.040899E-11        +2.508379E-12
6.641701E-02        -4.990360E-11        +2.477943E-12
6.635734E-02        -4.940237E-11        +2.447758E-12
6.629773E-02        -4.890588E-11        +2.417977E-12
6.623818E-02        -4.841372E-11        +2.388569E-12
6.617867E-02        -4.792642E-11        +2.359455E-12
6.611923E-02        -4.744395E-11        +2.330649E-12
6.605983E-02        -4.696564E-11        +2.302166E-12
6.600049E-02        -4.649237E-11        +2.274056E-12
6.594120E-02        -4.602376E-11        +2.246274E-12
6.588196E-02        -4.555911E-11        +2.218832E-12
6.582278E-02        -4.509878E-11        +2.191652E-12
6.576365E-02        -4.464312E-11        +2.164812E-12
6.570457E-02        -4.419170E-11        +2.138228E-12
6.564555E-02        -4.374475E-11        +2.112019E-12
6.558658E-02        -4.330133E-11        +2.086079E-12
6.552766E-02        -4.286258E-11        +2.060395E-12
6.546880E-02        -4.242816E-11        +2.035086E-12
6.540999E-02        -4.199812E-11        +2.010075E-12
6.535123E-02        -4.157162E-11        +1.985335E-12
6.529252E-02        -4.114980E-11        +1.960822E-12
6.523387E-02        -4.073173E-11        +1.936640E-12
6.517527E-02        -4.031719E-11        +1.912772E-12
6.511672E-02        -3.990734E-11        +1.889088E-12
6.505822E-02        -3.950116E-11        +1.865775E-12
6.499978E-02        -3.909831E-11        +1.842735E-12
6.494139E-02        -3.869971E-11        +1.819895E-12
6.488305E-02        -3.830551E-11        +1.797311E-12
6.482477E-02        -3.791463E-11        +1.775073E-12
6.476653E-02        -3.752737E-11        +1.753029E-12
6.470835E-02        -3.714343E-11        +1.731246E-12
6.465022E-02        -3.676347E-11        +1.709776E-12
6.459215E-02        -3.638754E-11        +1.688467E-12
6.453412E-02        -3.601523E-11        +1.667453E-12
6.447615E-02        -3.564624E-11        +1.646713E-12
6.441823E-02        -3.528094E-11        +1.626200E-12
6.436036E-02        -3.491891E-11        +1.605930E-12
6.430255E-02        -3.456062E-11        +1.585848E-12
6.424478E-02        -3.420553E-11        +1.566077E-12
6.418707E-02        -3.385420E-11        +1.546465E-12
6.412941E-02        -3.350613E-11        +1.527124E-12
6.407180E-02        -3.316174E-11        +1.508011E-12
6.401425E-02        -3.282040E-11        +1.489144E-12
6.395674E-02        -3.248198E-11        +1.470429E-12
6.389929E-02        -3.214687E-11        +1.451989E-12
6.384189E-02        -3.181547E-11        +1.433749E-12
6.378454E-02        -3.148704E-11        +1.415736E-12
6.372724E-02        -3.116187E-11        +1.397965E-12
6.366999E-02        -3.084012E-11        +1.380352E-12
6.361279E-02        -3.052092E-11        +1.362981E-12
6.355565E-02        -3.020547E-11        +1.345769E-12
6.349856E-02        -2.989300E-11        +1.328828E-12
6.344151E-02        -2.958347E-11        +1.312084E-12
6.338452E-02        -2.927668E-11        +1.295514E-12
6.332758E-02        -2.897245E-11        +1.279101E-12
6.327070E-02        -2.867197E-11        +1.262933E-12
6.321386E-02        -2.837442E-11        +1.246919E-12
6.315707E-02        -2.807957E-11        +1.231148E-12
6.310034E-02        -2.778733E-11        +1.215508E-12
6.304365E-02        -2.749845E-11        +1.200093E-12
6.298702E-02        -2.721218E-11        +1.184923E-12
6.293044E-02        -2.692904E-11        +1.169854E-12
6.287391E-02        -2.664775E-11        +1.154941E-12
6.281743E-02        -2.637015E-11        +1.140270E-12
6.276100E-02        -2.609526E-11        +1.125728E-12
6.270462E-02        -2.582264E-11        +1.111386E-12
6.264829E-02        -2.555273E-11        +1.097215E-12
6.259201E-02        -2.528537E-11        +1.083173E-12
6.253578E-02        -2.502115E-11        +1.069330E-12
6.247961E-02        -2.475882E-11        +1.055690E-12
6.242348E-02        -2.449986E-11        +1.042218E-12
6.236740E-02        -2.424290E-11        +1.028875E-12
6.231138E-02        -2.398825E-11        +1.015706E-12
6.225540E-02        -2.373655E-11        +1.002654E-12
6.219948E-02        -2.348761E-11        +9.897773E-13
6.214360E-02        -2.324061E-11        +9.770696E-13
6.208778E-02        -2.299592E-11        +9.645141E-13
6.203201E-02        -2.275423E-11        +9.521086E-13
6.197628E-02        -2.251493E-11        +9.398536E-13
6.192061E-02        -2.227751E-11        +9.277551E-13
6.186498E-02        -2.204319E-11        +9.157944E-13
6.180941E-02        -2.181047E-11        +9.039787E-13
6.175388E-02        -2.158042E-11        +8.923108E-13
6.169841E-02        -2.135241E-11        +8.807894E-13
6.164298E-02        -2.112663E-11        +8.693988E-13
6.158761E-02        -2.090332E-11        +8.581502E-13
6.153228E-02        -2.068182E-11        +8.470396E-13
6.147701E-02        -2.046350E-11        +8.360682E-13
6.142178E-02        -2.024642E-11        +8.252249E-13
6.136661E-02        -2.003165E-11        +8.145165E-13
6.131148E-02        -1.981929E-11        +8.039405E-13
6.125640E-02        -1.960847E-11        +7.934874E-13
6.120138E-02        -1.940042E-11        +7.831690E-13
6.114640E-02        -1.919432E-11        +7.729805E-13
6.109147E-02        -1.899022E-11        +7.629077E-13
6.103659E-02        -1.878811E-11        +7.529621E-13
6.098176E-02        -1.858800E-11        +7.431395E-13
6.092698E-02        -1.838989E-11        +7.334413E-13
6.087225E-02        -1.819378E-11        +7.238589E-13
6.081756E-02        -1.799963E-11        +7.143965E-13
6.076293E-02        -1.780751E-11        +7.050443E-13
6.070835E-02        -1.761739E-11        +6.958166E-13
6.065381E-02        -1.742923E-11        +6.866974E-13
6.059932E-02        -1.724307E-11        +6.776912E-13
6.054489E-02        -1.705867E-11        +6.688012E-13
6.049050E-02        -1.687579E-11        +6.600153E-13
6.043616E-02        -1.669535E-11        +6.513439E-13
6.038187E-02        -1.651619E-11        +6.427755E-13
6.032763E-02        -1.633903E-11        +6.343145E-13
6.027343E-02        -1.616355E-11        +6.259549E-13
6.021929E-02        -1.598967E-11        +6.177043E-13
6.016519E-02        -1.581820E-11        +6.095523E-13
6.011115E-02        -1.564803E-11        +6.015048E-13
6.005715E-02        -1.547956E-11        +5.935604E-13
6.000320E-02        -1.531265E-11        +5.857090E-13
5.994929E-02        -1.514814E-11        +5.779564E-13
5.989544E-02        -1.498467E-11        +5.703054E-13
5.984164E-02        -1.482276E-11        +5.627490E-13
5.978788E-02        -1.466326E-11        +5.552798E-13
5.973417E-02        -1.450476E-11        +5.479153E-13
5.968051E-02        -1.434755E-11        +5.406382E-13
5.962690E-02        -1.419233E-11        +5.334469E-13
5.957334E-02        -1.403884E-11        +5.263531E-13
5.951982E-02        -1.388660E-11        +5.193453E-13
5.946635E-02        -1.373608E-11        +5.124234E-13
5.941293E-02        -1.358712E-11        +5.055962E-13
5.935956E-02        -1.344033E-11        +4.988492E-13
5.930624E-02        -1.329410E-11        +4.921852E-13
5.925296E-02        -1.314956E-11        +4.856074E-13
5.919973E-02        -1.300630E-11        +4.791127E-13
5.914655E-02        -1.286505E-11        +4.727027E-13
5.909342E-02        -1.272525E-11        +4.663684E-13
5.904034E-02        -1.258627E-11        +4.601189E-13
5.898730E-02        -1.244945E-11        +4.539440E-13
5.893431E-02        -1.231318E-11        +4.478538E-13
5.888137E-02        -1.217892E-11        +4.418367E-13
5.882847E-02        -1.204635E-11        +4.358959E-13
5.877563E-02        -1.191482E-11        +4.300293E-13
5.872283E-02        -1.178426E-11        +4.242390E-13
5.867008E-02        -1.165498E-11        +4.185218E-13
5.861737E-02        -1.152741E-11        +4.128810E-13
5.856472E-02        -1.140114E-11        +4.073116E-13
5.851211E-02        -1.127657E-11        +4.018086E-13
5.845954E-02        -1.115299E-11        +3.963703E-13
5.840703E-02        -1.103043E-11        +3.910106E-13
5.835456E-02        -1.090912E-11        +3.857202E-13
5.830214E-02        -1.078955E-11        +3.804973E-13
5.824977E-02        -1.067098E-11        +3.753374E-13
5.819744E-02        -1.055339E-11        +3.702440E-13
5.814516E-02        -1.043708E-11        +3.652137E-13
5.809293E-02        -1.032223E-11        +3.602536E-13
5.804074E-02        -1.020818E-11        +3.553574E-13
5.798860E-02        -1.009631E-11        +3.505170E-13
5.793651E-02        -9.984669E-12        +3.457441E-13
5.788447E-02        -9.874077E-12        +3.410315E-13
5.783247E-02        -9.764977E-12        +3.363810E-13
5.778051E-02        -9.656915E-12        +3.317944E-13
5.772861E-02        -9.550079E-12        +3.272617E-13
5.767675E-02        -9.444372E-12        +3.227857E-13
5.762494E-02        -9.339698E-12        +3.183655E-13
5.757317E-02        -9.236109E-12        +3.140092E-13
5.752145E-02        -9.133624E-12        +3.097059E-13
5.746978E-02        -9.032244E-12        +3.054602E-13
5.741816E-02        -8.931942E-12        +3.012675E-13
5.736658E-02        -8.832653E-12        +2.971315E-13
5.731504E-02        -8.734423E-12        +2.930450E-13
5.726356E-02        -8.637216E-12        +2.890123E-13
5.721212E-02        -8.540996E-12        +2.850364E-13
5.716072E-02        -8.445790E-12        +2.811100E-13
5.710937E-02        -8.351635E-12        +2.772339E-13
5.705807E-02        -8.258413E-12        +2.734080E-13
5.700681E-02        -8.166177E-12        +2.696317E-13
5.695560E-02        -8.074947E-12        +2.659057E-13
5.690444E-02        -7.984695E-12        +2.622300E-13
5.685332E-02        -7.895359E-12        +2.586038E-13
5.680225E-02        -7.807000E-12        +2.550252E-13
5.675122E-02        -7.719530E-12        +2.514889E-13
5.670024E-02        -7.632992E-12        +2.480001E-13
5.664931E-02        -7.547433E-12        +2.445544E-13
5.659842E-02        -7.462736E-12        +2.411582E-13
5.654758E-02        -7.378898E-12        +2.378096E-13
5.649678E-02        -7.295995E-12        +2.345006E-13
5.644603E-02        -7.213925E-12        +2.312346E-13
5.639532E-02        -7.132744E-12        +2.280156E-13
5.634466E-02        -7.052442E-12        +2.248368E-13
5.629404E-02        -6.972957E-12        +2.216976E-13
5.624347E-02        -6.894378E-12        +2.185987E-13
5.619295E-02        -6.816651E-12        +2.155429E-13
5.614247E-02        -6.739668E-12        +2.125312E-13
5.609204E-02        -6.663563E-12        +2.095525E-13
5.604165E-02        -6.588249E-12        +2.066163E-13
5.599131E-02        -6.513741E-12        +2.037248E-13
5.594101E-02        -6.440024E-12        +2.008658E-13
5.589075E-02        -6.367072E-12        +1.980465E-13
5.584055E-02        -6.294893E-12        +1.952652E-13
5.579038E-02        -6.223538E-12        +1.925159E-13
5.574027E-02        -6.152930E-12        +1.898074E-13
5.569020E-02        -6.083086E-12        +1.871358E-13
5.564017E-02        -6.013961E-12        +1.844967E-13
5.559019E-02        -5.945616E-12        +1.818952E-13
5.554025E-02        -5.877962E-12        +1.793261E-13
5.549035E-02        -5.811028E-12        +1.767941E-13
5.544051E-02        -5.744886E-12        +1.742928E-13
5.539070E-02        -5.679397E-12        +1.718234E-13
5.534095E-02        -5.614580E-12        +1.693922E-13
5.529123E-02        -5.550516E-12        +1.669929E-13
5.524156E-02        -5.487159E-12        +1.646284E-13
5.519194E-02        -5.424480E-12        +1.622896E-13
5.514236E-02        -5.362421E-12        +1.599852E-13
5.509282E-02        -5.301056E-12        +1.577059E-13
5.504333E-02        -5.240369E-12        +1.554642E-13
5.499389E-02        -5.180316E-12        +1.532528E-13
5.494448E-02        -5.120917E-12        +1.510707E-13
5.489513E-02        -5.062163E-12        +1.489193E-13
5.484581E-02        -5.004064E-12        +1.467945E-13
5.479655E-02        -4.946609E-12        +1.446959E-13
5.474732E-02        -4.889784E-12        +1.426312E-13
5.469814E-02        -4.833517E-12        +1.405894E-13
5.464900E-02        -4.777892E-12        +1.385775E-13
5.459991E-02        -4.722826E-12        +1.365931E-13
5.455086E-02        -4.668428E-12        +1.346313E-13
5.450186E-02        -4.614609E-12        +1.326996E-13
5.445290E-02        -4.561338E-12        +1.307978E-13
5.440398E-02        -4.508709E-12        +1.289232E-13
5.435511E-02        -4.456612E-12        +1.270688E-13
5.430628E-02        -4.405083E-12        +1.252369E-13
5.425750E-02        -4.354087E-12        +1.234326E-13
5.420876E-02        -4.303687E-12        +1.216508E-13
5.416006E-02        -4.253855E-12        +1.198988E-13
5.411141E-02        -4.204555E-12        +1.181717E-13
5.406280E-02        -4.155824E-12        +1.164599E-13
5.401424E-02        -4.107599E-12        +1.147782E-13
5.396571E-02        -4.059860E-12        +1.131208E-13
5.391724E-02        -4.012662E-12        +1.114792E-13
5.386880E-02        -3.966025E-12        +1.098645E-13
5.382041E-02        -3.919892E-12        +1.082727E-13
5.377206E-02        -3.874256E-12        +1.067054E-13
5.372376E-02        -3.829126E-12        +1.051537E-13
5.367550E-02        -3.784465E-12        +1.036265E-13
5.362728E-02        -3.740254E-12        +1.021146E-13
5.357910E-02        -3.696612E-12        +1.006298E-13
5.353097E-02        -3.653450E-12        +9.916478E-14
5.348289E-02        -3.610719E-12        +9.771899E-14
5.343484E-02        -3.568477E-12        +9.629374E-14
5.338684E-02        -3.526739E-12        +9.488748E-14
5.333888E-02        -3.485446E-12        +9.350133E-14
5.329097E-02        -3.444537E-12        +9.213391E-14
5.324309E-02        -3.404164E-12        +9.078559E-14
5.319527E-02        -3.364231E-12        +8.945600E-14
5.314748E-02        -3.324760E-12        +8.814479E-14
5.309974E-02        -3.285695E-12        +8.685176E-14
5.305204E-02        -3.247026E-12        +8.557692E-14
5.300438E-02        -3.208782E-12        +8.432020E-14
5.295676E-02        -3.171008E-12        +8.307994E-14
5.290919E-02        -3.133666E-12        +8.185759E-14
5.286166E-02        -3.096768E-12        +8.065218E-14
5.281418E-02        -3.060202E-12        +7.946394E-14
5.276673E-02        -3.024053E-12        +7.829213E-14
5.271933E-02        -2.988355E-12        +7.713649E-14
5.267197E-02        -2.953009E-12        +7.599705E-14
5.262466E-02        -2.918114E-12        +7.487425E-14
5.257738E-02        -2.883563E-12        +7.376642E-14
5.253015E-02        -2.849464E-12        +7.267451E-14
5.248296E-02        -2.815689E-12        +7.159753E-14
5.243582E-02        -2.782293E-12        +7.053598E-14
5.238871E-02        -2.749240E-12        +6.948963E-14
5.234165E-02        -2.716640E-12        +6.845745E-14
5.229463E-02        -2.684364E-12        +6.743974E-14
5.224765E-02        -2.652460E-12        +6.643719E-14
5.220072E-02        -2.620887E-12        +6.544807E-14
5.215383E-02        -2.589686E-12        +6.447289E-14
5.210698E-02        -2.558810E-12        +6.351167E-14
5.206017E-02        -2.528305E-12        +6.256441E-14
5.201340E-02        -2.498125E-12        +6.163057E-14
5.196668E-02        -2.468324E-12        +6.070942E-14
5.191999E-02        -2.438841E-12        +5.980177E-14
5.187335E-02        -2.409710E-12        +5.890701E-14
5.182676E-02        -2.380863E-12        +5.802467E-14
5.178020E-02        -2.352429E-12        +5.715483E-14
5.173368E-02        -2.324221E-12        +5.629722E-14
5.168721E-02        -2.296343E-12        +5.545250E-14
5.164078E-02        -2.268837E-12        +5.461948E-14
5.159439E-02        -2.241630E-12        +5.379796E-14
5.154804E-02        -2.214722E-12        +5.298887E-14
5.150173E-02        -2.188113E-12        +5.219076E-14
5.145547E-02        -2.161808E-12        +5.140406E-14
5.140925E-02        -2.135802E-12        +5.062905E-14
5.136306E-02        -2.110064E-12        +4.986486E-14
5.131692E-02        -2.084582E-12        +4.911181E-14
5.127083E-02        -2.059478E-12        +4.836963E-14
5.122477E-02        -2.034668E-12        +4.763752E-14
5.117875E-02        -2.010130E-12        +4.691614E-14
5.113278E-02        -1.985823E-12        +4.620514E-14
5.108684E-02        -1.961810E-12        +4.550471E-14
5.104095E-02        -1.938102E-12        +4.481441E-14
5.099510E-02        -1.914666E-12        +4.413383E-14
5.094929E-02        -1.891456E-12        +4.346275E-14
5.090352E-02        -1.868518E-12        +4.280187E-14
5.085780E-02        -1.845837E-12        +4.214990E-14
5.081211E-02        -1.823499E-12        +4.150825E-14
5.076646E-02        -1.801359E-12        +4.087558E-14
5.072086E-02        -1.779450E-12        +4.025178E-14
5.067530E-02        -1.757814E-12        +3.963648E-14
5.062977E-02        -1.736398E-12        +3.903077E-14
5.058429E-02        -1.715261E-12        +3.843418E-14
5.053885E-02        -1.694349E-12        +3.784632E-14
5.049345E-02        -1.673711E-12        +3.726644E-14
5.044809E-02        -1.653297E-12        +3.669482E-14
5.040277E-02        -1.633158E-12        +3.613192E-14
5.035750E-02        -1.613222E-12        +3.557740E-14
5.031226E-02        -1.593482E-12        +3.503122E-14
5.026706E-02        -1.573967E-12        +3.449230E-14
5.022191E-02        -1.554730E-12        +3.396148E-14
5.017679E-02        -1.535688E-12        +3.343828E-14
5.013172E-02        -1.516850E-12        +3.292271E-14
5.008668E-02        -1.498233E-12        +3.241524E-14
5.004169E-02        -1.479869E-12        +3.191440E-14
4.999674E-02        -1.461656E-12        +3.142154E-14
4.995182E-02        -1.443712E-12        +3.093606E-14
4.990695E-02        -1.425973E-12        +3.045719E-14
4.986212E-02        -1.408433E-12        +2.998581E-14
4.981733E-02        -1.391092E-12        +2.952093E-14
4.977258E-02        -1.373952E-12        +2.906354E-14
4.972786E-02        -1.357007E-12        +2.861230E-14
4.968319E-02        -1.340267E-12        +2.816790E-14
4.963856E-02        -1.323725E-12        +2.772975E-14
4.959397E-02        -1.307384E-12        +2.729835E-14
4.954942E-02        -1.291217E-12        +2.687320E-14
4.950491E-02        -1.275201E-12        +2.645479E-14
4.946044E-02        -1.259459E-12        +2.604238E-14
4.941601E-02        -1.243892E-12        +2.563596E-14
4.937161E-02        -1.228446E-12        +2.523546E-14
4.932726E-02        -1.213204E-12        +2.484105E-14
4.928295E-02        -1.198162E-12        +2.445238E-14
4.923868E-02        -1.183294E-12        +2.406923E-14
4.919445E-02        -1.168552E-12        +2.369256E-14
4.915026E-02        -1.154009E-12        +2.332115E-14
4.910610E-02        -1.139664E-12        +2.295540E-14
4.906199E-02        -1.125496E-12        +2.259474E-14
4.901792E-02        -1.111454E-12        +2.223933E-14
4.897388E-02        -1.097608E-12        +2.188959E-14
4.892989E-02        -1.083940E-12        +2.154494E-14
4.888594E-02        -1.070398E-12        +2.120554E-14
4.884202E-02        -1.057027E-12        +2.087155E-14
4.879815E-02        -1.043784E-12        +2.054216E-14
4.875431E-02        -1.030714E-12        +2.021818E-14
4.871051E-02        -1.017794E-12        +1.989846E-14
4.866675E-02        -1.005103E-12        +1.958375E-14
4.862304E-02        -9.924761E-13        +1.927386E-14
4.857936E-02        -9.800210E-13        +1.896815E-14
4.853572E-02        -9.677236E-13        +1.866745E-14
4.849212E-02        -9.555712E-13        +1.837150E-14
4.844856E-02        -9.435566E-13        +1.807981E-14
4.840503E-02        -9.316917E-13        +1.779280E-14
4.836155E-02        -9.199649E-13        +1.750986E-14
4.831811E-02        -9.083831E-13        +1.723119E-14
4.827470E-02        -8.969313E-13        +1.695694E-14
4.823134E-02        -8.856224E-13        +1.668628E-14
4.818801E-02        -8.744485E-13        +1.642030E-14
4.814472E-02        -8.634048E-13        +1.615833E-14
4.810147E-02        -8.524913E-13        +1.590036E-14
4.805826E-02        -8.417106E-13        +1.564615E-14
4.801509E-02        -8.310650E-13        +1.539545E-14
4.797196E-02        -8.205421E-13        +1.514925E-14
4.792886E-02        -8.101446E-13        +1.490625E-14
4.788581E-02        -7.998721E-13        +1.466732E-14
4.784279E-02        -7.897251E-13        +1.443208E-14
4.779981E-02        -7.796983E-13        +1.420010E-14
4.775687E-02        -7.697917E-13        +1.397188E-14
4.771397E-02        -7.600054E-13        +1.374692E-14
4.767111E-02        -7.503394E-13        +1.352571E-14
4.762829E-02        -7.407911E-13        +1.330776E-14
4.758550E-02        -7.313508E-13        +1.309351E-14
4.754276E-02        -7.220256E-13        +1.288232E-14
4.750005E-02        -7.128159E-13        +1.267409E-14
4.745738E-02        -7.037190E-13        +1.246887E-14
4.741475E-02        -6.947374E-13        +1.226690E-14
4.737215E-02        -6.858540E-13        +1.206865E-14
4.732960E-02        -6.770780E-13        +1.187319E-14
4.728708E-02        -6.684152E-13        +1.168021E-14
4.724460E-02        -6.598552E-13        +1.149097E-14
4.720216E-02        -6.514006E-13        +1.130450E-14
4.715976E-02        -6.430438E-13        +1.112053E-14
4.711739E-02        -6.347978E-13        +1.094003E-14
4.707507E-02        -6.266465E-13        +1.076183E-14
4.703278E-02        -6.185937E-13        +1.058659E-14
4.699053E-02        -6.106387E-13        +1.041411E-14
4.694832E-02        -6.027766E-13        +1.024389E-14
4.690614E-02        -5.950129E-13        +1.007656E-14
4.686401E-02        -5.873514E-13        +9.911952E-15
4.682191E-02        -5.797834E-13        +9.749863E-15
4.677985E-02        -5.723008E-13        +9.590233E-15
4.673782E-02        -5.649117E-13        +9.433149E-15
4.669584E-02        -5.576097E-13        +9.278559E-15
4.665389E-02        -5.504039E-13        +9.126291E-15
4.661198E-02        -5.432859E-13        +8.976480E-15
4.657011E-02        -5.362507E-13        +8.828978E-15
4.652827E-02        -5.293018E-13        +8.683748E-15
4.648648E-02        -5.224398E-13        +8.540861E-15
4.644472E-02        -5.156691E-13        +8.400197E-15
4.640299E-02        -5.089721E-13        +8.261659E-15
4.636131E-02        -5.023621E-13        +8.125411E-15
4.631966E-02        -4.958259E-13        +7.991238E-15
4.627805E-02        -4.893775E-13        +7.859199E-15
4.623648E-02        -4.830095E-13        +7.729292E-15
4.619495E-02        -4.767219E-13        +7.601343E-15
4.615345E-02        -4.705106E-13        +7.475446E-15
4.611199E-02        -4.643722E-13        +7.351557E-15
4.607057E-02        -4.583117E-13        +7.229651E-15
4.602918E-02        -4.523225E-13        +7.109623E-15
4.598783E-02        -4.464138E-13        +6.991503E-15
4.594652E-02        -4.405804E-13        +6.875266E-15
4.590524E-02        -4.348110E-13        +6.760809E-15
4.586401E-02        -4.291209E-13        +6.648212E-15
4.582281E-02        -4.234972E-13        +6.537446E-15
4.578164E-02        -4.179376E-13        +6.428386E-15
4.574052E-02        -4.124572E-13        +6.321109E-15
4.569943E-02        -4.070433E-13        +6.215464E-15
4.565837E-02        -4.016910E-13        +6.111552E-15
4.561736E-02        -3.964104E-13        +6.009297E-15
4.557638E-02        -3.911964E-13        +5.908700E-15
4.553544E-02        -3.860452E-13        +5.809686E-15
4.549453E-02        -3.809607E-13        +5.712205E-15
4.545366E-02        -3.759366E-13        +5.616357E-15
4.541283E-02        -3.709753E-13        +5.521966E-15
4.537204E-02        -3.660819E-13        +5.429157E-15
4.533128E-02        -3.612477E-13        +5.337833E-15
4.529056E-02        -3.564714E-13        +5.247991E-15
4.524987E-02        -3.517493E-13        +5.159535E-15
4.520922E-02        -3.470950E-13        +5.072511E-15
4.516861E-02        -3.424987E-13        +4.986944E-15
4.512804E-02        -3.379576E-13        +4.902710E-15
4.508750E-02        -3.334809E-13        +4.819836E-15
4.504699E-02        -3.290534E-13        +4.738250E-15
4.500653E-02        -3.246799E-13        +4.658015E-15
4.496610E-02        -3.203632E-13        +4.579118E-15
4.492570E-02        -3.160983E-13        +4.501434E-15
4.488535E-02        -3.118947E-13        +4.425050E-15
4.484502E-02        -3.077446E-13        +4.349861E-15
4.480474E-02        -3.036408E-13        +4.275972E-15
4.476449E-02        -2.995914E-13        +4.203247E-15
4.472428E-02        -2.955873E-13        +4.131654E-15
4.468410E-02        -2.916400E-13        +4.061249E-15
4.464396E-02        -2.877432E-13        +3.992027E-15
4.460386E-02        -2.838967E-13        +3.923910E-15
4.456379E-02        -2.800997E-13        +3.856884E-15
4.452376E-02        -2.763505E-13        +3.790964E-15
4.448376E-02        -2.726432E-13        +3.726109E-15
4.444380E-02        -2.689862E-13        +3.662285E-15
4.440387E-02        -2.653788E-13        +3.599552E-15
4.436399E-02        -2.618201E-13        +3.537892E-15
4.432413E-02        -2.583000E-13        +3.477131E-15
4.428432E-02        -2.548235E-13        +3.417417E-15
4.424454E-02        -2.513941E-13        +3.358744E-15
4.420479E-02        -2.480067E-13        +3.300963E-15
4.416508E-02        -2.446671E-13        +3.244112E-15
4.412541E-02        -2.413679E-13        +3.188243E-15
4.408577E-02        -2.381106E-13        +3.133266E-15
4.404616E-02        -2.348980E-13        +3.079181E-15
4.400660E-02        -2.317214E-13        +3.026016E-15
4.396706E-02        -2.285912E-13        +2.973729E-15
4.392757E-02        -2.254996E-13        +2.922337E-15
4.388811E-02        -2.224424E-13        +2.871738E-15
4.384868E-02        -2.194324E-13        +2.821956E-15
4.380929E-02        -2.164603E-13        +2.773055E-15
4.376994E-02        -2.135209E-13        +2.724960E-15
4.373062E-02        -2.106212E-13        +2.677634E-15
4.369133E-02        -2.077610E-13        +2.631050E-15
4.365209E-02        -2.049395E-13        +2.585334E-15
4.361287E-02        -2.021492E-13        +2.540325E-15
4.357369E-02        -1.993969E-13        +2.496097E-15
4.353455E-02        -1.966773E-13        +2.452575E-15
4.349544E-02        -1.939974E-13        +2.409771E-15
4.345637E-02        -1.913553E-13        +2.367723E-15
4.341733E-02        -1.887429E-13        +2.326318E-15
4.337833E-02        -1.861633E-13        +2.285670E-15
4.333936E-02        -1.836208E-13        +2.245641E-15
4.330043E-02        -1.811087E-13        +2.206292E-15
4.326153E-02        -1.786287E-13        +2.167587E-15
4.322267E-02        -1.761841E-13        +2.129614E-15
4.318384E-02        -1.737641E-13        +2.092185E-15
4.314505E-02        -1.713820E-13        +2.055436E-15
4.310629E-02        -1.690295E-13        +2.019282E-15
4.306757E-02        -1.667074E-13        +1.983733E-15
4.302888E-02        -1.644149E-13        +1.948780E-15
4.299023E-02        -1.621527E-13        +1.914431E-15
4.295161E-02        -1.599203E-13        +1.880678E-15
4.291302E-02        -1.577176E-13        +1.847497E-15
4.287448E-02        -1.555457E-13        +1.814828E-15
4.283596E-02        -1.534030E-13        +1.782696E-15
4.279748E-02        -1.512882E-13        +1.751195E-15
4.275903E-02        -1.491956E-13        +1.720139E-15
4.272062E-02        -1.471332E-13        +1.689663E-15
4.268225E-02        -1.451011E-13        +1.659691E-15
4.264390E-02        -1.430959E-13        +1.630208E-15
4.260560E-02        -1.411114E-13        +1.601237E-15
4.256732E-02        -1.391510E-13        +1.572755E-15
4.252909E-02        -1.372266E-13        +1.544784E-15
4.249088E-02        -1.353214E-13        +1.517279E-15
4.245271E-02        -1.334390E-13        +1.490202E-15
4.241457E-02        -1.315863E-13        +1.463621E-15
4.237647E-02        -1.297590E-13        +1.437521E-15
4.233841E-02        -1.279493E-13        +1.411824E-15
4.230037E-02        -1.261717E-13        +1.386542E-15
4.226237E-02        -1.244091E-13        +1.361739E-15
4.222441E-02        -1.226768E-13        +1.337365E-15
4.218648E-02        -1.209695E-13        +1.313439E-15
4.214858E-02        -1.192768E-13        +1.289859E-15
4.211072E-02        -1.176120E-13        +1.266734E-15
4.207289E-02        -1.159669E-13        +1.243931E-15
4.203509E-02        -1.143417E-13        +1.221550E-15
4.199733E-02        -1.127392E-13        +1.199624E-15
4.195961E-02        -1.111645E-13        +1.178001E-15
4.192191E-02        -1.096068E-13        +1.156719E-15
4.188425E-02        -1.080642E-13        +1.135892E-15
4.184663E-02        -1.065494E-13        +1.115392E-15
4.180904E-02        -1.050521E-13        +1.095266E-15
4.177148E-02        -1.035694E-13        +1.075438E-15
4.173396E-02        -1.021145E-13        +1.055937E-15
4.169647E-02        -1.006788E-13        +1.036835E-15
4.165901E-02        -9.926040E-14        +1.018082E-15
4.162159E-02        -9.786124E-14        +9.995757E-16
4.158420E-02        -9.648070E-14        +9.814331E-16
4.154684E-02        -9.511803E-14        +9.636040E-16
4.150952E-02        -9.377382E-14        +9.460802E-16
4.147223E-02        -9.244824E-14        +9.288625E-16
4.143497E-02        -9.114030E-14        +9.119431E-16
4.139775E-02        -8.984982E-14        +8.953242E-16
4.136056E-02        -8.857698E-14        +8.789937E-16
4.132341E-02        -8.732136E-14        +8.629513E-16
4.128629E-02        -8.608262E-14        +8.471822E-16
4.124920E-02        -8.486052E-14        +8.316944E-16
4.121215E-02        -8.365488E-14        +8.164740E-16
4.117512E-02        -8.246556E-14        +8.015212E-16
4.113814E-02        -8.129254E-14        +7.868297E-16
4.110118E-02        -8.013457E-14        +7.723982E-16
4.106426E-02        -7.899334E-14        +7.582193E-16
4.102737E-02        -7.786700E-14        +7.442892E-16
4.099051E-02        -7.675580E-14        +7.306031E-16
4.095369E-02        -7.566034E-14        +7.171543E-16
4.091690E-02        -7.457925E-14        +7.039495E-16
4.088015E-02        -7.351388E-14        +6.909772E-16
4.084342E-02        -7.246213E-14        +6.782303E-16
4.080673E-02        -7.142459E-14        +6.657134E-16
4.077008E-02        -7.040123E-14        +6.534165E-16
4.073345E-02        -6.939151E-14        +6.413275E-16
4.069686E-02        -6.839599E-14        +6.294609E-16
4.066030E-02        -6.741438E-14        +6.178086E-16
4.062378E-02        -6.644648E-14        +6.063585E-16
4.058728E-02        -6.549072E-14        +5.951068E-16
4.055082E-02        -6.454867E-14        +5.840625E-16
4.051439E-02        -6.361903E-14        +5.732074E-16
4.047800E-02        -6.270309E-14        +5.625467E-16
4.044164E-02        -6.179907E-14        +5.520829E-16
4.040531E-02        -6.090723E-14        +5.418035E-16
4.036901E-02        -6.002808E-14        +5.316981E-16
4.033275E-02        -5.916110E-14        +5.217823E-16
4.029652E-02        -5.830606E-14        +5.120434E-16
4.026032E-02        -5.746273E-14        +5.024762E-16
4.022415E-02        -5.663056E-14        +4.930836E-16
4.018802E-02        -5.581034E-14        +4.838552E-16
4.015192E-02        -5.500128E-14        +4.747939E-16
4.011585E-02        -5.420370E-14        +4.658942E-16
4.007981E-02        -5.341654E-14        +4.571592E-16
4.004380E-02        -5.264085E-14        +4.485737E-16
4.000783E-02        -5.187556E-14        +4.401424E-16
3.997189E-02        -5.112098E-14        +4.318681E-16
3.993599E-02        -5.037680E-14        +4.237431E-16
3.990011E-02        -4.964313E-14        +4.157601E-16
3.986427E-02        -4.891937E-14        +4.079318E-16
3.982846E-02        -4.820504E-14        +4.002352E-16
3.979268E-02        -4.750143E-14        +3.926782E-16
3.975693E-02        -4.680777E-14        +3.852584E-16
3.972122E-02        -4.612404E-14        +3.779725E-16
3.968554E-02        -4.544926E-14        +3.708215E-16
3.964989E-02        -4.478367E-14        +3.637948E-16
3.961427E-02        -4.412780E-14        +3.569029E-16
3.957868E-02        -4.348090E-14        +3.501307E-16
3.954313E-02        -4.284315E-14        +3.434822E-16
3.950760E-02        -4.221394E-14        +3.369569E-16
3.947211E-02        -4.159335E-14        +3.305478E-16
3.943666E-02        -4.098242E-14        +3.242630E-16
3.940123E-02        -4.037952E-14        +3.180832E-16
3.936583E-02        -3.978536E-14        +3.120260E-16
3.933047E-02        -3.919934E-14        +3.060725E-16
3.929514E-02        -3.862128E-14        +3.002287E-16
3.925984E-02        -3.805119E-14        +2.944923E-16
3.922457E-02        -3.748930E-14        +2.888579E-16
3.918934E-02        -3.693608E-14        +2.833325E-16
3.915413E-02        -3.638991E-14        +2.779052E-16
3.911896E-02        -3.585164E-14        +2.725793E-16
3.908382E-02        -3.532057E-14        +2.673507E-16
3.904871E-02        -3.479724E-14        +2.622142E-16
3.901363E-02        -3.428112E-14        +2.571775E-16
3.897858E-02        -3.377274E-14        +2.522359E-16
3.894357E-02        -3.327149E-14        +2.473801E-16
3.890859E-02        -3.277721E-14        +2.426195E-16
3.887363E-02        -3.228977E-14        +2.379396E-16
3.883871E-02        -3.180945E-14        +2.333485E-16
3.880382E-02        -3.133611E-14        +2.288396E-16
3.876897E-02        -3.086965E-14        +2.244194E-16
3.873414E-02        -3.040927E-14        +2.200801E-16
3.869934E-02        -2.995564E-14        +2.158260E-16
3.866458E-02        -2.950836E-14        +2.116453E-16
3.862985E-02        -2.906782E-14        +2.075421E-16
3.859514E-02        -2.863315E-14        +2.035099E-16
3.856047E-02        -2.820458E-14        +1.995587E-16
3.852583E-02        -2.778223E-14        +1.956851E-16
3.849123E-02        -2.736653E-14        +1.918824E-16
3.845665E-02        -2.695591E-14        +1.881485E-16
3.842210E-02        -2.655129E-14        +1.844821E-16
3.838759E-02        -2.615277E-14        +1.808813E-16
3.835310E-02        -2.575989E-14        +1.773548E-16
3.831865E-02        -2.537234E-14        +1.738914E-16
3.828423E-02        -2.499078E-14        +1.704957E-16
3.824984E-02        -2.461498E-14        +1.671598E-16
3.821548E-02        -2.424417E-14        +1.638862E-16
3.818115E-02        -2.387835E-14        +1.606778E-16
3.814685E-02        -2.351774E-14        +1.575240E-16
3.811258E-02        -2.316290E-14        +1.544377E-16
3.807834E-02        -2.281305E-14        +1.514092E-16
3.804414E-02        -2.246829E-14        +1.484337E-16
3.800996E-02        -2.212843E-14        +1.455150E-16
3.797582E-02        -2.179342E-14        +1.426493E-16
3.794170E-02        -2.146277E-14        +1.398405E-16
3.790762E-02        -2.113775E-14        +1.370824E-16
3.787356E-02        -2.081686E-14        +1.343757E-16
3.783954E-02        -2.050082E-14        +1.317253E-16
3.780555E-02        -2.018901E-14        +1.291193E-16
3.777159E-02        -1.988219E-14        +1.265687E-16
3.773766E-02        -1.957991E-14        +1.240603E-16
3.770376E-02        -1.928131E-14        +1.216019E-16
3.766989E-02        -1.898802E-14        +1.191912E-16
3.763605E-02        -1.869818E-14        +1.168227E-16
3.760224E-02        -1.841311E-14        +1.145042E-16
3.756846E-02        -1.813204E-14        +1.122334E-16
3.753471E-02        -1.785496E-14        +1.100026E-16
3.750099E-02        -1.758188E-14        +1.078117E-16
3.746731E-02        -1.731287E-14        +1.056614E-16
3.743365E-02        -1.704778E-14        +1.035528E-16
3.740002E-02        -1.678647E-14        +1.014900E-16
3.736642E-02        -1.652860E-14        +9.946152E-17
3.733286E-02        -1.627536E-14        +9.747447E-17
3.729932E-02        -1.602527E-14        +9.552403E-17
3.726581E-02        -1.577917E-14        +9.361159E-17
3.723234E-02        -1.553692E-14        +9.173702E-17
3.719889E-02        -1.529759E-14        +8.989711E-17
3.716548E-02        -1.506156E-14        +8.809350E-17
3.713209E-02        -1.482946E-14        +8.632413E-17
3.709873E-02        -1.460114E-14        +8.458875E-17
3.706541E-02        -1.437588E-14        +8.288766E-17
3.703211E-02        -1.415378E-14        +8.121883E-17
3.699884E-02        -1.393523E-14        +7.958224E-17
3.696561E-02        -1.371919E-14        +7.797845E-17
3.693240E-02        -1.350687E-14        +7.640440E-17
3.689922E-02        -1.329777E-14        +7.486114E-17
3.686608E-02        -1.309228E-14        +7.334834E-17
3.683296E-02        -1.288896E-14        +7.186464E-17
3.679987E-02        -1.268864E-14        +7.040917E-17
3.676681E-02        -1.249132E-14        +6.898249E-17
3.673378E-02        -1.229700E-14        +6.758359E-17
3.670079E-02        -1.210574E-14        +6.621235E-17
3.666782E-02        -1.191743E-14        +6.486802E-17
3.663488E-02        -1.173212E-14        +6.354893E-17
3.660197E-02        -1.154958E-14        +6.225585E-17
3.656909E-02        -1.136927E-14        +6.098856E-17
3.653624E-02        -1.119174E-14        +5.974606E-17
3.650342E-02        -1.101665E-14        +5.852757E-17
3.647062E-02        -1.084485E-14        +5.733273E-17
3.643786E-02        -1.067477E-14        +5.616182E-17
3.640513E-02        -1.050825E-14        +5.501338E-17
3.637243E-02        -1.034373E-14        +5.388828E-17
3.633975E-02        -1.018138E-14        +5.278430E-17
3.630711E-02        -1.002182E-14        +5.170323E-17
3.627449E-02        -9.864215E-15        +5.064285E-17
3.624191E-02        -9.709271E-15        +4.960359E-17
3.620935E-02        -9.556582E-15        +4.858425E-17
3.617682E-02        -9.406219E-15        +4.758549E-17
3.614432E-02        -9.258193E-15        +4.660597E-17
3.611186E-02        -9.112337E-15        +4.564655E-17
3.607942E-02        -8.968661E-15        +4.470585E-17
3.604700E-02        -8.827178E-15        +4.378366E-17
3.601462E-02        -8.687787E-15        +4.287978E-17
3.598227E-02        -8.550555E-15        +4.199393E-17
3.594995E-02        -8.415349E-15        +4.112587E-17
3.591765E-02        -8.282204E-15        +4.027479E-17
3.588539E-02        -8.151160E-15        +3.944133E-17
3.585315E-02        -8.021978E-15        +3.862330E-17
3.582094E-02        -7.894724E-15        +3.782263E-17
3.578876E-02        -7.769451E-15        +3.703720E-17
3.575662E-02        -7.646120E-15        +3.626804E-17
3.572449E-02        -7.524617E-15        +3.551399E-17
3.569240E-02        -7.405011E-15        +3.477463E-17
3.566034E-02        -7.287153E-15        +3.405086E-17
3.562831E-02        -7.171155E-15        +3.334111E-17
3.559630E-02        -7.056847E-15        +3.264516E-17
3.556432E-02        -6.944321E-15        +3.196346E-17
3.553238E-02        -6.833534E-15        +3.129633E-17
3.550046E-02        -6.724417E-15        +3.064146E-17
3.546857E-02        -6.616981E-15        +3.000040E-17
3.543670E-02        -6.511117E-15        +2.937193E-17
3.540487E-02        -6.406912E-15        +2.875592E-17
3.537307E-02        -6.304367E-15        +2.815292E-17
3.534129E-02        -6.203294E-15        +2.756232E-17
3.530954E-02        -6.103748E-15        +2.698297E-17
3.527782E-02        -6.005784E-15        +2.641542E-17
3.524613E-02        -5.909325E-15        +2.585912E-17
3.521447E-02        -5.814370E-15        +2.531462E-17
3.518284E-02        -5.720896E-15        +2.478114E-17
3.515123E-02        -5.628798E-15        +2.425830E-17
3.511965E-02        -5.538105E-15        +2.374571E-17
3.508810E-02        -5.448838E-15        +2.324392E-17
3.505658E-02        -5.361010E-15        +2.275238E-17
3.502509E-02        -5.274430E-15        +2.227143E-17
3.499363E-02        -5.189232E-15        +2.179949E-17
3.496219E-02        -5.105334E-15        +2.133665E-17
3.493079E-02        -5.022822E-15        +2.088398E-17
3.489941E-02        -4.941489E-15        +2.044097E-17
3.486806E-02        -4.861404E-15        +2.000676E-17
3.483673E-02        -4.782633E-15        +1.958067E-17
3.480544E-02        -4.705035E-15        +1.916373E-17
3.477417E-02        -4.628673E-15        +1.875546E-17
3.474294E-02        -4.553461E-15        +1.835556E-17
3.471173E-02        -4.479430E-15        +1.796434E-17
3.468054E-02        -4.406557E-15        +1.758080E-17
3.464939E-02        -4.334813E-15        +1.720463E-17
3.461826E-02        -4.264150E-15        +1.683636E-17
3.458717E-02        -4.194636E-15        +1.647623E-17
3.455610E-02        -4.126260E-15        +1.612356E-17
3.452505E-02        -4.058866E-15        +1.577725E-17
3.449404E-02        -3.992521E-15        +1.543884E-17
3.446305E-02        -3.927237E-15        +1.510736E-17
3.443209E-02        -3.862957E-15        +1.478267E-17
3.440116E-02        -3.799682E-15        +1.446445E-17
3.437026E-02        -3.737410E-15        +1.415359E-17
3.433938E-02        -3.676124E-15        +1.384809E-17
3.430854E-02        -3.615839E-15        +1.354949E-17
3.427772E-02        -3.556461E-15        +1.325703E-17
3.424692E-02        -3.498024E-15        +1.297107E-17
3.421616E-02        -3.440455E-15        +1.269043E-17
3.418542E-02        -3.383849E-15        +1.241573E-17
3.415471E-02        -3.328125E-15        +1.214704E-17
3.412403E-02        -3.273250E-15        +1.188416E-17
3.409338E-02        -3.219313E-15        +1.162630E-17
3.406275E-02        -3.166128E-15        +1.137359E-17
3.403215E-02        -3.113882E-15        +1.112668E-17
3.400158E-02        -3.062383E-15        +1.088479E-17
3.397104E-02        -3.011767E-15        +1.064793E-17
3.394052E-02        -2.961917E-15        +1.041600E-17
3.391003E-02        -2.912814E-15        +1.018909E-17
3.387957E-02        -2.864572E-15        +9.967005E-18
3.384913E-02        -2.817040E-15        +9.749140E-18
3.381873E-02        -2.770306E-15        +9.536178E-18
3.378835E-02        -2.724260E-15        +9.327641E-18
3.375799E-02        -2.678925E-15        +9.123455E-18
3.372767E-02        -2.634388E-15        +8.923710E-18
3.369737E-02        -2.590539E-15        +8.728095E-18
3.366710E-02        -2.547394E-15        +8.536619E-18
3.363686E-02        -2.504932E-15        +8.349294E-18
3.360664E-02        -2.463081E-15        +8.165804E-18
3.357645E-02        -2.421934E-15        +7.986173E-18
3.354629E-02        -2.381490E-15        +7.810472E-18
3.351615E-02        -2.341694E-15        +7.638374E-18
3.348604E-02        -2.302445E-15        +7.470027E-18
3.345596E-02        -2.263900E-15        +7.305218E-18
3.342591E-02        -2.226015E-15        +7.143981E-18
3.339588E-02        -2.188664E-15        +6.986084E-18
3.336588E-02        -2.151974E-15        +6.831525E-18
3.333591E-02        -2.115809E-15        +6.680337E-18
3.330596E-02        -2.080236E-15        +6.532314E-18
3.327604E-02        -2.045266E-15        +6.387506E-18
3.324615E-02        -2.010879E-15        +6.245849E-18
3.321629E-02        -1.976995E-15        +6.107126E-18
3.318645E-02        -1.943624E-15        +5.971371E-18
3.315663E-02        -1.910846E-15        +5.838542E-18
3.312685E-02        -1.878639E-15        +5.708594E-18
3.309709E-02        -1.846868E-15        +5.581451E-18
3.306736E-02        -1.815679E-15        +5.456964E-18
3.303765E-02        -1.784982E-15        +5.335207E-18
3.300798E-02        -1.754778E-15        +5.216103E-18
3.297832E-02        -1.725000E-15        +5.099490E-18
3.294870E-02        -1.695792E-15        +4.985371E-18
3.291910E-02        -1.666999E-15        +4.873783E-18
3.288953E-02        -1.638709E-15        +4.764587E-18
3.285998E-02        -1.610892E-15        +4.657688E-18
3.283047E-02        -1.583487E-15        +4.553215E-18
3.280097E-02        -1.556488E-15        +4.450963E-18
3.277151E-02        -1.530001E-15        +4.350935E-18
3.274207E-02        -1.503966E-15        +4.253006E-18
3.271266E-02        -1.478277E-15        +4.157267E-18
3.268327E-02        -1.453060E-15        +4.063586E-18
3.265391E-02        -1.428247E-15        +3.971916E-18
3.262458E-02        -1.403836E-15        +3.882257E-18
3.259527E-02        -1.379820E-15        +3.794557E-18
3.256599E-02        -1.356207E-15        +3.708768E-18
3.253673E-02        -1.332989E-15        +3.624839E-18
3.250751E-02        -1.310161E-15        +3.542770E-18
3.247830E-02        -1.287662E-15        +3.462513E-18
3.244913E-02        -1.265632E-15        +3.383994E-18
3.241998E-02        -1.243896E-15        +3.307157E-18
3.239086E-02        -1.222485E-15        +3.232030E-18
3.236176E-02        -1.201448E-15        +3.158544E-18
3.233269E-02        -1.180734E-15        +3.086610E-18
3.230364E-02        -1.160416E-15        +3.016319E-18
3.227462E-02        -1.140459E-15        +2.947559E-18
3.224563E-02        -1.120747E-15        +2.880365E-18
3.221666E-02        -1.101409E-15        +2.814578E-18
3.218772E-02        -1.082374E-15        +2.750279E-18
3.215881E-02        -1.063663E-15        +2.687388E-18
3.212992E-02        -1.045305E-15        +2.625884E-18
3.210106E-02        -1.027172E-15        +2.565767E-18
3.207222E-02        -1.009349E-15        +2.506938E-18
3.204341E-02        -9.918751E-16        +2.449417E-18
3.201462E-02        -9.746622E-16        +2.393163E-18
3.198586E-02        -9.577338E-16        +2.338138E-18
3.195713E-02        -9.410957E-16        +2.284400E-18
3.192842E-02        -9.247321E-16        +2.231830E-18
3.189974E-02        -9.086408E-16        +2.180388E-18
3.187109E-02        -8.928197E-16        +2.130132E-18
3.184245E-02        -8.772521E-16        +2.080949E-18
3.181385E-02        -8.619579E-16        +2.032891E-18
3.178527E-02        -8.469107E-16        +1.985922E-18
3.175672E-02        -8.321177E-16        +1.940018E-18
3.172819E-02        -8.175776E-16        +1.895048E-18
3.169969E-02        -8.032797E-16        +1.851162E-18
3.167121E-02        -7.892169E-16        +1.808248E-18
3.164276E-02        -7.753884E-16        +1.766260E-18
3.161434E-02        -7.617997E-16        +1.725258E-18
3.158594E-02        -7.484363E-16        +1.685148E-18
3.155756E-02        -7.352925E-16        +1.645930E-18
3.152921E-02        -7.223765E-16        +1.607618E-18
3.150089E-02        -7.096746E-16        +1.570192E-18
3.147259E-02        -6.971882E-16        +1.533558E-18
3.144432E-02        -6.849138E-16        +1.497750E-18
3.141607E-02        -6.728449E-16        +1.462794E-18
3.138785E-02        -6.609800E-16        +1.428565E-18
3.135966E-02        -6.493228E-16        +1.395140E-18
3.133149E-02        -6.378555E-16        +1.362489E-18
3.130334E-02        -6.265839E-16        +1.330552E-18
3.127522E-02        -6.155041E-16        +1.299379E-18
3.124712E-02        -6.046103E-16        +1.268820E-18
3.121905E-02        -5.939003E-16        +1.238988E-18
3.119101E-02        -5.833780E-16        +1.209919E-18
3.116299E-02        -5.730278E-16        +1.181445E-18
3.113500E-02        -5.628631E-16        +1.153595E-18
3.110703E-02        -5.528607E-16        +1.126420E-18
3.107908E-02        -5.430343E-16        +1.099840E-18
3.105116E-02        -5.333777E-16        +1.073865E-18
3.102327E-02        -5.238826E-16        +1.048494E-18
3.099540E-02        -5.145459E-16        +1.023698E-18
3.096756E-02        -5.053728E-16        +9.994387E-19
3.093974E-02        -4.963618E-16        +9.758021E-19
3.091195E-02        -4.874965E-16        +9.526759E-19
3.088418E-02        -4.787876E-16        +9.300734E-19
3.085643E-02        -4.702271E-16        +9.079828E-19
3.082871E-02        -4.618162E-16        +8.863984E-19
3.080102E-02        -4.535467E-16        +8.653215E-19
3.077335E-02        -4.454158E-16        +8.447209E-19
3.074571E-02        -4.374284E-16        +8.246018E-19
3.071809E-02        -4.295834E-16        +8.049451E-19
3.069049E-02        -4.218611E-16        +7.857329E-19
3.066292E-02        -4.142803E-16        +7.669643E-19
3.063538E-02        -4.068368E-16        +7.486371E-19
3.060786E-02        -3.995140E-16        +7.307324E-19
3.058036E-02        -3.923179E-16        +7.132348E-19
3.055289E-02        -3.852432E-16        +6.961463E-19
3.052545E-02        -3.782918E-16        +6.794530E-19
3.049802E-02        -3.714647E-16        +6.631447E-19
3.047063E-02        -3.647593E-16        +6.472175E-19
3.044326E-02        -3.581648E-16        +6.316634E-19
3.041591E-02        -3.516872E-16        +6.164645E-19
3.038858E-02        -3.453184E-16        +6.016153E-19
3.036129E-02        -3.390633E-16        +5.871281E-19
3.033401E-02        -3.329148E-16        +5.729633E-19
3.030676E-02        -3.268755E-16        +5.591313E-19
3.027954E-02        -3.209394E-16        +5.456278E-19
3.025234E-02        -3.151082E-16        +5.324321E-19
3.022516E-02        -3.093702E-16        +5.195442E-19
3.019801E-02        -3.037413E-16        +5.069669E-19
3.017088E-02        -2.982115E-16        +4.946835E-19
3.014378E-02        -2.927807E-16        +4.826825E-19
3.011670E-02        -2.874391E-16        +4.709596E-19
3.008965E-02        -2.821906E-16        +4.595190E-19
3.006262E-02        -2.770392E-16        +4.483505E-19
3.003561E-02        -2.719770E-16        +4.374322E-19
3.000863E-02        -2.670038E-16        +4.267762E-19
2.998167E-02        -2.621119E-16        +4.163745E-19
2.995474E-02        -2.573110E-16        +4.062169E-19
2.992783E-02        -2.525973E-16        +3.963037E-19
2.990094E-02        -2.479629E-16        +3.866170E-19
2.987408E-02        -2.434094E-16        +3.771564E-19
2.984725E-02        -2.389370E-16        +3.679316E-19
2.982044E-02        -2.345438E-16        +3.589174E-19
2.979365E-02        -2.302279E-16        +3.501178E-19
2.976688E-02        -2.259834E-16        +3.415209E-19
2.974014E-02        -2.218199E-16        +3.331398E-19
2.971343E-02        -2.177332E-16        +3.249525E-19
2.968674E-02        -2.137099E-16        +3.169619E-19
2.966007E-02        -2.097639E-16        +3.091581E-19
2.963342E-02        -2.058874E-16        +3.015352E-19
2.960680E-02        -2.020818E-16        +2.941020E-19
2.958021E-02        -1.983450E-16        +2.868484E-19
2.955363E-02        -1.946683E-16        +2.797610E-19
2.952709E-02        -1.910617E-16        +2.728459E-19
2.950056E-02        -1.875153E-16        +2.660891E-19
2.947406E-02        -1.840377E-16        +2.595019E-19
2.944758E-02        -1.806196E-16        +2.530717E-19
2.942113E-02        -1.772623E-16        +2.467950E-19
2.939470E-02        -1.739644E-16        +2.406733E-19
2.936829E-02        -1.707242E-16        +2.346928E-19
2.934191E-02        -1.675386E-16        +2.288597E-19
2.931555E-02        -1.644187E-16        +2.231597E-19
2.928922E-02        -1.613494E-16        +2.176071E-19
2.926291E-02        -1.583317E-16        +2.121837E-19
2.923662E-02        -1.553736E-16        +2.068895E-19
2.921036E-02        -1.524722E-16        +2.017245E-19
2.918412E-02        -1.496144E-16        +1.966808E-19
2.915790E-02        -1.468142E-16        +1.917644E-19
2.913171E-02        -1.440647E-16        +1.869673E-19
2.910554E-02        -1.413628E-16        +1.822814E-19
2.907939E-02        -1.387045E-16        +1.777129E-19
2.905327E-02        -1.361029E-16        +1.732555E-19
2.902717E-02        -1.335429E-16        +1.689056E-19
2.900110E-02        -1.310316E-16        +1.646586E-19
2.897504E-02        -1.285609E-16        +1.605176E-19
2.894901E-02        -1.261409E-16        +1.564775E-19
2.892301E-02        -1.237675E-16        +1.525385E-19
2.889703E-02        -1.214278E-16        +1.486949E-19
2.887107E-02        -1.191358E-16        +1.449368E-19
2.884513E-02        -1.168834E-16        +1.412822E-19
2.881922E-02        -1.146717E-16        +1.377106E-19
2.879333E-02        -1.124997E-16        +1.342265E-19
2.876747E-02        -1.103682E-16        +1.308253E-19
2.874162E-02        -1.082756E-16        +1.275104E-19
2.871581E-02        -1.062244E-16        +1.242776E-19
2.869001E-02        -1.042101E-16        +1.211231E-19
2.866424E-02        -1.022284E-16        +1.180474E-19
2.863849E-02        -1.002860E-16        +1.150434E-19
2.861276E-02        -9.838015E-17        +1.121170E-19
2.858706E-02        -9.650742E-17        +1.092614E-19
2.856138E-02        -9.466906E-17        +1.064773E-19
2.853572E-02        -9.286368E-17        +1.037671E-19
2.851009E-02        -9.109239E-17        +1.011130E-19
2.848448E-02        -8.935287E-17        +9.853313E-20
2.845889E-02        -8.764515E-17        +9.601350E-20
2.843332E-02        -8.596904E-17        +9.355619E-20
2.840778E-02        -8.432418E-17        +9.116035E-20
2.838226E-02        -8.270913E-17        +8.882383E-20
2.835676E-02        -8.112370E-17        +8.654485E-20
2.833129E-02        -7.956790E-17        +8.432309E-20
2.830584E-02        -7.804133E-17        +8.215607E-20
2.828041E-02        -7.654178E-17        +8.004341E-20
2.825501E-02        -7.507065E-17        +7.798394E-20
2.822963E-02        -7.362694E-17        +7.597502E-20
2.820427E-02        -7.220927E-17        +7.401587E-20
2.817893E-02        -7.081806E-17        +7.210611E-20
2.815362E-02        -6.945243E-17        +7.024450E-20
2.812833E-02        -6.811245E-17        +6.842887E-20
2.810306E-02        -6.679732E-17        +6.665945E-20
2.807781E-02        -6.550667E-17        +6.493365E-20
2.805259E-02        -6.423977E-17        +6.325135E-20
2.802739E-02        -6.299715E-17        +6.161146E-20
2.800221E-02        -6.177660E-17        +6.001221E-20
2.797706E-02        -6.057939E-17        +5.845342E-20
2.795193E-02        -5.940485E-17        +5.693425E-20
2.792682E-02        -5.825200E-17        +5.545353E-20
2.790173E-02        -5.712023E-17        +5.400946E-20
2.787666E-02        -5.600995E-17        +5.260145E-20
2.785162E-02        -5.492020E-17        +5.123027E-20
2.782660E-02        -5.385114E-17        +4.989295E-20
2.780161E-02        -5.280239E-17        +4.858981E-20
2.777663E-02        -5.177292E-17        +4.731903E-20
2.775168E-02        -5.076277E-17        +4.608123E-20
2.772675E-02        -4.977151E-17        +4.487432E-20
2.770184E-02        -4.879896E-17        +4.369809E-20
2.767696E-02        -4.784470E-17        +4.255201E-20
2.765209E-02        -4.690797E-17        +4.143437E-20
2.762725E-02        -4.598933E-17        +4.034588E-20
2.760244E-02        -4.508817E-17        +3.928552E-20
2.757764E-02        -4.420416E-17        +3.825143E-20
2.755287E-02        -4.333643E-17        +3.724386E-20
2.752812E-02        -4.248481E-17        +3.626260E-20
2.750339E-02        -4.164992E-17        +3.530545E-20
2.747868E-02        -4.083075E-17        +3.437301E-20
2.745400E-02        -4.002685E-17        +3.346487E-20
2.742933E-02        -3.923774E-17        +3.257989E-20
2.740469E-02        -3.846449E-17        +3.171720E-20
2.738007E-02        -3.770537E-17        +3.087662E-20
2.735548E-02        -3.696130E-17        +3.005872E-20
2.733090E-02        -3.623086E-17        +2.926062E-20
2.730635E-02        -3.551446E-17        +2.848357E-20
2.728182E-02        -3.481119E-17        +2.772646E-20
2.725732E-02        -3.412195E-17        +2.698939E-20
2.723283E-02        -3.344556E-17        +2.627076E-20
2.720837E-02        -3.278281E-17        +2.557056E-20
2.718392E-02        -3.213132E-17        +2.488863E-20
2.715950E-02        -3.149346E-17        +2.422413E-20
2.713511E-02        -3.086719E-17        +2.357744E-20
2.711073E-02        -3.025324E-17        +2.294663E-20
2.708638E-02        -2.965067E-17        +2.233283E-20
2.706205E-02        -2.906005E-17        +2.173498E-20
2.703773E-02        -2.848077E-17        +2.115246E-20
2.701345E-02        -2.791230E-17        +2.058476E-20
2.698918E-02        -2.735516E-17        +2.003239E-20
2.696493E-02        -2.680818E-17        +1.949398E-20
2.694071E-02        -2.627219E-17        +1.896975E-20
2.691651E-02        -2.574635E-17        +1.845929E-20
2.689233E-02        -2.523109E-17        +1.796199E-20
2.686817E-02        -2.472498E-17        +1.747826E-20
2.684404E-02        -2.422905E-17        +1.700670E-20
2.681992E-02        -2.374268E-17        +1.654709E-20
2.679583E-02        -2.326566E-17        +1.610027E-20
2.677176E-02        -2.279824E-17        +1.566460E-20
2.674771E-02        -2.233916E-17        +1.524070E-20
2.672368E-02        -2.188967E-17        +1.482778E-20
2.669968E-02        -2.144852E-17        +1.442600E-20
2.667569E-02        -2.101597E-17        +1.403465E-20
2.665173E-02        -2.059176E-17        +1.365300E-20
2.662779E-02        -2.017633E-17        +1.328256E-20
2.660387E-02        -1.976868E-17        +1.292067E-20
2.657997E-02        -1.936839E-17        +1.256938E-20
2.655609E-02        -1.897669E-17        +1.222687E-20
2.653223E-02        -1.859216E-17        +1.189273E-20
2.650840E-02        -1.821557E-17        +1.156851E-20
2.648459E-02        -1.784596E-17        +1.125289E-20
2.646079E-02        -1.748337E-17        +1.094450E-20
2.643702E-02        -1.712853E-17        +1.064503E-20
2.641328E-02        -1.678000E-17        +1.035367E-20
2.638955E-02        -1.643830E-17        +1.007007E-20
2.636584E-02        -1.610359E-17        +9.793917E-21
2.634216E-02        -1.577581E-17        +9.525145E-21
2.631849E-02        -1.545406E-17        +9.263390E-21
2.629485E-02        -1.513905E-17        +9.008630E-21
2.627123E-02        -1.482940E-17        +8.760718E-21
2.624763E-02        -1.452655E-17        +8.519453E-21
2.622405E-02        -1.422949E-17        +8.284620E-21
2.620049E-02        -1.393779E-17        +8.055994E-21
2.617696E-02        -1.365282E-17        +7.833675E-21
2.615344E-02        -1.337272E-17        +7.617132E-21
2.612995E-02        -1.309791E-17        +7.406470E-21
2.610648E-02        -1.282908E-17        +7.201520E-21
2.608302E-02        -1.256576E-17        +7.001893E-21
2.605959E-02        -1.230691E-17        +6.807786E-21
2.603618E-02        -1.205386E-17        +6.618869E-21
2.601279E-02        -1.180579E-17        +6.435088E-21
2.598943E-02        -1.156264E-17        +6.256255E-21
2.596608E-02        -1.132374E-17        +6.082138E-21
2.594275E-02        -1.109046E-17        +5.912777E-21
2.591945E-02        -1.086145E-17        +5.748061E-21
2.589617E-02        -1.063725E-17        +5.587818E-21
2.587290E-02        -1.041694E-17        +5.431844E-21
2.584966E-02        -1.020090E-17        +5.280069E-21
2.582644E-02        -9.989691E-18        +5.132511E-21
2.580324E-02        -9.782569E-18        +4.988867E-21
2.578006E-02        -9.579539E-18        +4.849179E-21
2.575690E-02        -9.380602E-18        +4.713267E-21
2.573376E-02        -9.185702E-18        +4.581032E-21
2.571065E-02        -8.994697E-18        +4.452448E-21
2.568755E-02        -8.807483E-18        +4.327367E-21
2.566447E-02        -8.624027E-18        +4.205663E-21
2.564142E-02        -8.444262E-18        +4.087307E-21
2.561839E-02        -8.268152E-18        +3.972209E-21
2.559537E-02        -8.095480E-18        +3.860177E-21
2.557238E-02        -7.926421E-18        +3.751333E-21
2.554941E-02        -7.760693E-18        +3.645386E-21
2.552646E-02        -7.598386E-18        +3.542334E-21
2.550353E-02        -7.439229E-18        +3.442161E-21
2.548062E-02        -7.283412E-18        +3.344748E-21
2.545773E-02        -7.130673E-18        +3.249950E-21
2.543486E-02        -6.980965E-18        +3.157813E-21
2.541201E-02        -6.834399E-18        +3.068173E-21
2.538918E-02        -6.690730E-18        +2.981032E-21
2.536637E-02        -6.549957E-18        +2.896352E-21
2.534359E-02        -6.412124E-18        +2.813987E-21
2.532082E-02        -6.277026E-18        +2.733803E-21
2.529807E-02        -6.144708E-18        +2.655899E-21
2.527535E-02        -6.015126E-18        +2.580190E-21
2.525264E-02        -5.888085E-18        +2.506483E-21
2.522996E-02        -5.763696E-18        +2.434952E-21
2.520729E-02        -5.641814E-18        +2.365306E-21
2.518465E-02        -5.522402E-18        +2.297653E-21
2.516202E-02        -5.405417E-18        +2.231787E-21
2.513942E-02        -5.290881E-18        +2.167831E-21
2.511684E-02        -5.178706E-18        +2.105655E-21
2.509428E-02        -5.068766E-18        +2.045195E-21
2.507173E-02        -4.961121E-18        +1.986454E-21
2.504921E-02        -4.855641E-18        +1.929274E-21
2.502671E-02        -4.752340E-18        +1.873775E-21
2.500423E-02        -4.651156E-18        +1.819838E-21
2.498176E-02        -4.552072E-18        +1.767314E-21
2.495932E-02        -4.454968E-18        +1.716376E-21
2.493690E-02        -4.359926E-18        +1.666819E-21
2.491450E-02        -4.266801E-18        +1.618599E-21
2.489212E-02        -4.175657E-18        +1.571822E-21
2.486976E-02        -4.086394E-18        +1.526282E-21
2.484742E-02        -3.998930E-18        +1.482104E-21
2.482510E-02        -3.913266E-18        +1.439127E-21
2.480280E-02        -3.829382E-18        +1.397349E-21
2.478052E-02        -3.747216E-18        +1.356752E-21
2.475825E-02        -3.666778E-18        +1.317256E-21
2.473601E-02        -3.587976E-18        +1.278959E-21
2.471379E-02        -3.510792E-18        +1.241744E-21
2.469159E-02        -3.435289E-18        +1.205547E-21
2.466941E-02        -3.361350E-18        +1.170414E-21
2.464725E-02        -3.288847E-18        +1.136217E-21
2.462511E-02        -3.217926E-18        +1.103065E-21
2.460299E-02        -3.148505E-18        +1.070749E-21
2.458089E-02        -3.080548E-18        +1.039415E-21
2.455881E-02        -3.013926E-18        +1.008982E-21
2.453674E-02        -2.948740E-18        +9.794201E-22
2.451470E-02        -2.884902E-18        +9.506922E-22
2.449268E-02        -2.822427E-18        +9.227807E-22
2.447068E-02        -2.761189E-18        +8.956656E-22
2.444870E-02        -2.701315E-18        +8.693268E-22
2.442673E-02        -2.642633E-18        +8.437312E-22
2.440479E-02        -2.585242E-18        +8.188757E-22
2.438287E-02        -2.528988E-18        +7.947365E-22
2.436096E-02        -2.473972E-18        +7.712814E-22
2.433908E-02        -2.420083E-18        +7.485054E-22
2.431722E-02        -2.367311E-18        +7.263858E-22
2.429537E-02        -2.315681E-18        +7.048929E-22
2.427355E-02        -2.265092E-18        +6.840264E-22
2.425174E-02        -2.215582E-18        +6.637490E-22
2.422995E-02        -2.167154E-18        +6.440603E-22
2.420819E-02        -2.119750E-18        +6.249554E-22
2.418644E-02        -2.073324E-18        +6.063885E-22
2.416472E-02        -2.027920E-18        +5.883620E-22
2.414301E-02        -1.983478E-18        +5.708603E-22
2.412132E-02        -1.939938E-18        +5.538573E-22
2.409965E-02        -1.897298E-18        +5.373447E-22
2.407800E-02        -1.855577E-18        +5.213171E-22
2.405637E-02        -1.814822E-18        +5.057499E-22
2.403476E-02        -1.774867E-18        +4.906394E-22
2.401317E-02        -1.735731E-18        +4.759675E-22
2.399160E-02        -1.697479E-18        +4.617241E-22
2.397005E-02        -1.660027E-18        +4.478974E-22
2.394852E-02        -1.623376E-18        +4.344709E-22
2.392700E-02        -1.587491E-18        +4.214334E-22
2.390551E-02        -1.552359E-18        +4.087740E-22
2.388403E-02        -1.518059E-18        +3.964857E-22
2.386258E-02        -1.484412E-18        +3.845633E-22
2.384114E-02        -1.451514E-18        +3.729904E-22
2.381972E-02        -1.419253E-18        +3.617480E-22
2.379833E-02        -1.387790E-18        +3.508410E-22
2.377695E-02        -1.356996E-18        +3.402557E-22
2.375559E-02        -1.326821E-18        +3.299790E-22
2.373425E-02        -1.297328E-18        +3.200027E-22
2.371293E-02        -1.268437E-18        +3.103231E-22
2.369163E-02        -1.240147E-18        +3.009238E-22
2.367034E-02        -1.212463E-18        +2.918006E-22
2.364908E-02        -1.185457E-18        +2.829567E-22
2.362784E-02        -1.158970E-18        +2.743649E-22
2.360661E-02        -1.133053E-18        +2.660275E-22
2.358540E-02        -1.107656E-18        +2.579389E-22
2.356422E-02        -1.082872E-18        +2.500925E-22
2.354305E-02        -1.058641E-18        +2.424727E-22
2.352190E-02        -1.034847E-18        +2.350816E-22
2.350077E-02        -1.011642E-18        +2.279089E-22
2.347966E-02        -9.889550E-19        +2.209484E-22
2.345857E-02        -9.667327E-19        +2.142028E-22
2.343749E-02        -9.449812E-19        +2.076462E-22
2.341644E-02        -9.237192E-19        +2.012912E-22
2.339540E-02        -9.029147E-19        +1.951235E-22
2.337439E-02        -8.825693E-19        +1.891455E-22
2.335339E-02        -8.626551E-19        +1.833367E-22
2.333241E-02        -8.431786E-19        +1.777064E-22
2.331145E-02        -8.241248E-19        +1.722447E-22
2.329051E-02        -8.054967E-19        +1.669432E-22
2.326959E-02        -7.872695E-19        +1.618020E-22
2.324868E-02        -7.694348E-19        +1.568170E-22
2.322780E-02        -7.520061E-19        +1.519828E-22
2.320693E-02        -7.349483E-19        +1.472883E-22
2.318609E-02        -7.182694E-19        +1.427428E-22
2.316526E-02        -7.019518E-19        +1.383271E-22
2.314445E-02        -6.859951E-19        +1.340499E-22
2.312366E-02        -6.703959E-19        +1.299012E-22
2.310289E-02        -6.551359E-19        +1.258728E-22
2.308213E-02        -6.402012E-19        +1.219644E-22
2.306140E-02        -6.256112E-19        +1.181829E-22
2.304068E-02        -6.113333E-19        +1.145033E-22
2.301998E-02        -5.973682E-19        +1.109422E-22
2.299930E-02        -5.837188E-19        +1.074896E-22
2.297864E-02        -5.703637E-19        +1.041390E-22
2.295800E-02        -5.573143E-19        +1.008962E-22
2.293738E-02        -5.445474E-19        +9.774934E-23
2.291677E-02        -5.320635E-19        +9.469587E-23
2.289619E-02        -5.198630E-19        +9.173671E-23
2.287562E-02        -5.079208E-19        +8.886679E-23
2.285507E-02        -4.962544E-19        +8.608456E-23
2.283454E-02        -4.848404E-19        +8.338717E-23
2.281402E-02        -4.736802E-19        +8.077136E-23
2.279353E-02        -4.627744E-19        +7.823731E-23
2.277305E-02        -4.521042E-19        +7.577905E-23
2.275260E-02        -4.416799E-19        +7.339762E-23
2.273216E-02        -4.314878E-19        +7.108786E-23
2.271174E-02        -4.215182E-19        +6.884909E-23
2.269134E-02        -4.117760E-19        +6.667980E-23
2.267095E-02        -4.022432E-19        +6.457563E-23
2.265059E-02        -3.929406E-19        +6.253796E-23
2.263024E-02        -3.838342E-19        +6.056145E-23
2.260991E-02        -3.749286E-19        +5.864659E-23
2.258960E-02        -3.662237E-19        +5.679054E-23
2.256931E-02        -3.577195E-19        +5.499146E-23
2.254903E-02        -3.494085E-19        +5.324749E-23
2.252877E-02        -3.412782E-19        +5.155817E-23
2.250854E-02        -3.333343E-19        +4.992146E-23
2.248832E-02        -3.255737E-19        +4.833425E-23
2.246812E-02        -3.179837E-19        +4.679748E-23
2.244793E-02        -3.105607E-19        +4.530710E-23
2.242777E-02        -3.033103E-19        +4.386407E-23
2.240762E-02        -2.962187E-19        +4.246463E-23
2.238749E-02        -2.892944E-19        +4.110980E-23
2.236738E-02        -2.825223E-19        +3.979693E-23
2.234729E-02        -2.759075E-19        +3.852483E-23
2.232721E-02        -2.694334E-19        +3.729139E-23
2.230715E-02        -2.631166E-19        +3.609757E-23
2.228712E-02        -2.569435E-19        +3.494126E-23
2.226709E-02        -2.509049E-19        +3.381976E-23
2.224709E-02        -2.450081E-19        +3.273393E-23
2.222711E-02        -2.392419E-19        +3.168284E-23
2.220714E-02        -2.336051E-19        +3.066400E-23
2.218719E-02        -2.281038E-19        +2.967643E-23
2.216726E-02        -2.227180E-19        +2.872079E-23
2.214735E-02        -2.174678E-19        +2.779572E-23
2.212745E-02        -2.123272E-19        +2.689847E-23
2.210757E-02        -2.073071E-19        +2.602997E-23
2.208771E-02        -2.024058E-19        +2.518857E-23
2.206787E-02        -1.976151E-19        +2.437391E-23
2.204805E-02        -1.929332E-19        +2.358450E-23
2.202824E-02        -1.883528E-19        +2.282044E-23
2.200845E-02        -1.838878E-19        +2.208047E-23
2.198868E-02        -1.795167E-19        +2.136424E-23
2.196893E-02        -1.752527E-19        +2.067025E-23
2.194920E-02        -1.710808E-19        +1.999883E-23
2.192948E-02        -1.670073E-19        +1.934747E-23
2.190978E-02        -1.630325E-19        +1.871785E-23
2.189010E-02        -1.591466E-19        +1.810813E-23
2.187043E-02        -1.553424E-19        +1.751718E-23
2.185079E-02        -1.516373E-19        +1.694543E-23
2.183116E-02        -1.480124E-19        +1.639144E-23
2.181155E-02        -1.444762E-19        +1.585552E-23
2.179195E-02        -1.410186E-19        +1.533706E-23
2.177238E-02        -1.376416E-19        +1.483492E-23
2.175282E-02        -1.343365E-19        +1.434858E-23
2.173328E-02        -1.311185E-19        +1.387797E-23
2.171375E-02        -1.279693E-19        +1.342151E-23
2.169425E-02        -1.248938E-19        +1.298101E-23
2.167476E-02        -1.218937E-19        +1.255416E-23
2.165529E-02        -1.189573E-19        +1.214054E-23
2.163584E-02        -1.160979E-19        +1.174079E-23
2.161640E-02        -1.132975E-19        +1.135373E-23
2.159698E-02        -1.105607E-19        +1.097871E-23
2.157758E-02        -1.078993E-19        +1.061591E-23
2.155820E-02        -1.052899E-19        +1.026567E-23
2.153883E-02        -1.027411E-19        +9.925634E-24
2.151948E-02        -1.002595E-19        +9.596991E-24
2.150015E-02        -9.783063E-20        +9.278957E-24
2.148084E-02        -9.546052E-20        +8.971295E-24
2.146154E-02        -9.314535E-20        +8.673449E-24
2.144226E-02        -9.088516E-20        +8.385228E-24
2.142300E-02        -8.867811E-20        +8.106478E-24
2.140375E-02        -8.652206E-20        +7.836658E-24
2.138453E-02        -8.441825E-20        +7.575695E-24
2.136532E-02        -8.236345E-20        +7.323180E-24
2.134612E-02        -8.035657E-20        +7.078807E-24
2.132695E-02        -7.839784E-20        +6.842477E-24
2.130779E-02        -7.648436E-20        +6.613807E-24
2.128865E-02        -7.461683E-20        +6.392619E-24
2.126953E-02        -7.279354E-20        +6.178644E-24
2.125042E-02        -7.101324E-20        +5.971639E-24
2.123133E-02        -6.927504E-20        +5.771431E-24
2.121226E-02        -6.757809E-20        +5.577802E-24
2.119320E-02        -6.592134E-20        +5.390385E-24
2.117416E-02        -6.430452E-20        +5.209164E-24
2.115514E-02        -6.272577E-20        +5.033937E-24
2.113614E-02        -6.118441E-20        +4.864501E-24
2.111715E-02        -5.967998E-20        +4.700569E-24
2.109818E-02        -5.821095E-20        +4.542029E-24
2.107923E-02        -5.677781E-20        +4.388695E-24
2.106029E-02        -5.537814E-20        +4.240389E-24
2.104137E-02        -5.401236E-20        +4.097057E-24
2.102247E-02        -5.267896E-20        +3.958415E-24
2.100359E-02        -5.137826E-20        +3.824308E-24
2.098472E-02        -5.010740E-20        +3.694702E-24
2.096587E-02        -4.886826E-20        +3.569383E-24
2.094703E-02        -4.765766E-20        +3.448120E-24
2.092822E-02        -4.647690E-20        +3.331006E-24
2.090942E-02        -4.532452E-20        +3.217732E-24
2.089063E-02        -4.419941E-20        +3.108185E-24
2.087187E-02        -4.310140E-20        +3.002312E-24
2.085312E-02        -4.203049E-20        +2.899951E-24
2.083439E-02        -4.098475E-20        +2.800939E-24
2.081567E-02        -3.996380E-20        +2.705326E-24
2.079697E-02        -3.896853E-20        +2.612830E-24
2.077829E-02        -3.799659E-20        +2.523432E-24
2.075962E-02        -3.704813E-20        +2.437002E-24
2.074097E-02        -3.612285E-20        +2.353538E-24
2.072234E-02        -3.522055E-20        +2.272789E-24
2.070373E-02        -3.434024E-20        +2.194752E-24
2.068513E-02        -3.348045E-20        +2.119370E-24
2.066655E-02        -3.264112E-20        +2.046552E-24
2.064798E-02        -3.182302E-20        +1.976041E-24
2.062943E-02        -3.102422E-20        +1.908010E-24
2.061090E-02        -3.024540E-20        +1.842275E-24
2.059239E-02        -2.948555E-20        +1.778734E-24
2.057389E-02        -2.874358E-20        +1.717270E-24
2.055541E-02        -2.802059E-20        +1.657917E-24
2.053694E-02        -2.731501E-20        +1.600611E-24
2.051849E-02        -2.662589E-20        +1.545200E-24
2.050006E-02        -2.595458E-20        +1.491614E-24
2.048164E-02        -2.529902E-20        +1.439894E-24
2.046325E-02        -2.465994E-20        +1.389994E-24
2.044486E-02        -2.403628E-20        +1.341733E-24
2.042650E-02        -2.342875E-20        +1.295107E-24
2.040815E-02        -2.283516E-20        +1.250048E-24
2.038981E-02        -2.225621E-20        +1.206474E-24
2.037150E-02        -2.169168E-20        +1.164431E-24
2.035320E-02        -2.114095E-20        +1.123841E-24
2.033491E-02        -2.060386E-20        +1.084553E-24
2.031665E-02        -2.008017E-20        +1.046678E-24
2.029840E-02        -1.956929E-20        +1.010087E-24
2.028016E-02        -1.907108E-20        +9.747564E-25
2.026194E-02        -1.858496E-20        +9.406127E-25
2.024374E-02        -1.811094E-20        +9.076477E-25
2.022556E-02        -1.764885E-20        +8.758121E-25
2.020739E-02        -1.719776E-20        +8.450521E-25
2.018924E-02        -1.675843E-20        +8.153616E-25
2.017110E-02        -1.632927E-20        +7.866829E-25
2.015298E-02        -1.591172E-20        +7.589868E-25
2.013488E-02        -1.550357E-20        +7.322512E-25
2.011679E-02        -1.510612E-20        +7.064300E-25
2.009872E-02        -1.471859E-20        +6.815008E-25
2.008066E-02        -1.434009E-20        +6.574269E-25
2.006262E-02        -1.397151E-20        +6.341849E-25
2.004460E-02        -1.361216E-20        +6.117528E-25
2.002659E-02        -1.326237E-20        +5.900882E-25
2.000860E-02        -1.292066E-20        +5.691751E-25
1.999063E-02        -1.258717E-20        +5.489929E-25
1.997267E-02        -1.226242E-20        +5.295074E-25
1.995473E-02        -1.194572E-20        +5.106944E-25
1.993680E-02        -1.163693E-20        +4.925303E-25
1.991890E-02        -1.133620E-20        +4.750083E-25
1.990100E-02        -1.104237E-20        +4.580858E-25
1.988312E-02        -1.075645E-20        +4.417540E-25
1.986526E-02        -1.047758E-20        +4.259942E-25
1.984742E-02        -1.020582E-20        +4.107928E-25
1.982959E-02        -9.941113E-21        +3.961130E-25
1.981178E-02        -9.682807E-21        +3.819446E-25
1.979398E-02        -9.430983E-21        +3.682684E-25
1.977620E-02        -9.185583E-21        +3.550736E-25
1.975843E-02        -8.946270E-21        +3.423414E-25
1.974068E-02        -8.713012E-21        +3.300589E-25
1.972295E-02        -8.485774E-21        +3.182059E-25
1.970523E-02        -8.264228E-21        +3.067589E-25
1.968753E-02        -8.048317E-21        +2.957230E-25
1.966984E-02        -7.837819E-21        +2.850787E-25
1.965217E-02        -7.632738E-21        +2.748053E-25
1.963452E-02        -7.432888E-21        +2.648926E-25
1.961688E-02        -7.238055E-21        +2.553266E-25
1.959926E-02        -7.048235E-21        +2.461081E-25
1.958165E-02        -6.863153E-21        +2.372065E-25
1.956406E-02        -6.682883E-21        +2.286239E-25
1.954649E-02        -6.507239E-21        +2.203432E-25
1.952893E-02        -6.336020E-21        +2.123566E-25
1.951139E-02        -6.169225E-21        +2.046519E-25
1.949386E-02        -6.006644E-21        +1.972215E-25
1.947635E-02        -5.848202E-21        +1.900528E-25
1.945885E-02        -5.693793E-21        +1.831387E-25
1.944137E-02        -5.543406E-21        +1.764679E-25
1.942391E-02        -5.396923E-21        +1.700439E-25
1.940646E-02        -5.254108E-21        +1.638393E-25
1.938903E-02        -5.115079E-21        +1.578631E-25
1.937161E-02        -4.979506E-21        +1.520950E-25
1.935421E-02        -4.847466E-21        +1.465367E-25
1.933682E-02        -4.718837E-21        +1.411750E-25
1.931945E-02        -4.593456E-21        +1.360048E-25
1.930209E-02        -4.471319E-21        +1.310213E-25
1.928475E-02        -4.352399E-21        +1.262176E-25
1.926743E-02        -4.236592E-21        +1.215835E-25
1.925012E-02        -4.123716E-21        +1.171094E-25
1.923283E-02        -4.013700E-21        +1.128049E-25
1.921555E-02        -3.906617E-21        +1.086559E-25
1.919829E-02        -3.802332E-21        +1.046496E-25
1.918105E-02        -3.700702E-21        +1.007932E-25
1.916381E-02        -3.601736E-21        +9.707545E-26
1.914660E-02        -3.505352E-21        +9.349163E-26
1.912940E-02        -3.411422E-21        +9.003602E-26
1.911222E-02        -3.319931E-21        +8.670650E-26
1.909505E-02        -3.230880E-21        +8.349630E-26
1.907789E-02        -3.144102E-21        +8.040152E-26
1.906076E-02        -3.059666E-21        +7.742154E-26
1.904363E-02        -2.977285E-21        +7.454661E-26
1.902653E-02        -2.897227E-21        +7.177915E-26
1.900943E-02        -2.819113E-21        +6.910894E-26
1.899236E-02        -2.743150E-21        +6.653851E-26
1.897530E-02        -2.669163E-21        +6.406148E-26
1.895825E-02        -2.597122E-21        +6.167323E-26
1.894122E-02        -2.526916E-21        +5.937233E-26
1.892420E-02        -2.458573E-21        +5.715513E-26
1.890720E-02        -2.392035E-21        +5.501923E-26
1.889022E-02        -2.327228E-21        +5.296244E-26
1.887325E-02        -2.264172E-21        +5.098038E-26
1.885630E-02        -2.202747E-21        +4.907069E-26
1.883936E-02        -2.142973E-21        +4.723094E-26
1.882243E-02        -2.084696E-21        +4.545836E-26
1.880553E-02        -2.028053E-21        +4.375267E-26
1.878863E-02        -1.972845E-21        +4.210731E-26
1.877175E-02        -1.919069E-21        +4.052313E-26
1.875489E-02        -1.866792E-21        +3.899793E-26
1.873804E-02        -1.815884E-21        +3.752811E-26
1.872121E-02        -1.766305E-21        +3.611325E-26
1.870439E-02        -1.718081E-21        +3.474980E-26
1.868759E-02        -1.671086E-21        +3.343729E-26
1.867080E-02        -1.625361E-21        +3.217237E-26
1.865403E-02        -1.580850E-21        +3.095537E-26
1.863727E-02        -1.537525E-21        +2.978284E-26
1.862053E-02        -1.495397E-21        +2.865435E-26
1.860380E-02        -1.454357E-21        +2.756723E-26
1.858709E-02        -1.414414E-21        +2.652041E-26
1.857040E-02        -1.375497E-21        +2.551343E-26
1.855371E-02        -1.337630E-21        +2.454255E-26
1.853705E-02        -1.300812E-21        +2.360908E-26
1.852039E-02        -1.265017E-21        +2.270878E-26
1.850376E-02        -1.230083E-21        +2.184313E-26
1.848713E-02        -1.196117E-21        +2.100940E-26
1.847053E-02        -1.163153E-21        +2.020742E-26
1.845393E-02        -1.130974E-21        +1.943528E-26
1.843736E-02        -1.099708E-21        +1.869182E-26
1.842079E-02        -1.069215E-21        +1.797556E-26
1.840425E-02        -1.039564E-21        +1.728693E-26
1.838771E-02        -1.010762E-21        +1.662425E-26
1.837120E-02        -9.827210E-22        +1.598615E-26
1.835469E-02        -9.554192E-22        +1.537149E-26
1.833820E-02        -9.288562E-22        +1.478073E-26
1.832173E-02        -9.030268E-22        +1.421199E-26
1.830527E-02        -8.778867E-22        +1.366424E-26
1.828883E-02        -8.534329E-22        +1.313821E-26
1.827240E-02        -8.296374E-22        +1.263101E-26
1.825599E-02        -8.064892E-22        +1.214313E-26
1.823959E-02        -7.839697E-22        +1.167450E-26
1.822320E-02        -7.620524E-22        +1.122218E-26
1.820683E-02        -7.407392E-22        +1.078842E-26
1.819047E-02        -7.199971E-22        +1.036984E-26
1.817413E-02        -6.998216E-22        +9.968076E-27
1.815781E-02        -6.802094E-22        +9.581321E-27
1.814150E-02        -6.611284E-22        +9.209174E-27
1.812520E-02        -6.425590E-22        +8.851135E-27
1.810892E-02        -6.244972E-22        +8.506836E-27
1.809265E-02        -6.069357E-22        +8.175567E-27
1.807640E-02        -5.898570E-22        +7.857029E-27
1.806016E-02        -5.732349E-22        +7.550527E-27
1.804394E-02        -5.570823E-22        +7.255793E-27
1.802773E-02        -5.413565E-22        +6.972370E-27
1.801153E-02        -5.260650E-22        +6.699629E-27
1.799535E-02        -5.112042E-22        +6.437420E-27
1.797919E-02        -4.967482E-22        +6.185350E-27
1.796303E-02        -4.826795E-22        +5.942786E-27
1.794690E-02        -4.690196E-22        +5.709705E-27
1.793078E-02        -4.557243E-22        +5.485511E-27
1.791467E-02        -4.427867E-22        +5.269897E-27
1.789858E-02        -4.302206E-22        +5.062625E-27
1.788250E-02        -4.179980E-22        +4.863336E-27
1.786643E-02        -4.061037E-22        +4.671652E-27
1.785038E-02        -3.945491E-22        +4.487406E-27
1.783435E-02        -3.833098E-22        +4.310376E-27
1.781833E-02        -3.723858E-22        +4.140150E-27
1.780232E-02        -3.617646E-22        +3.976436E-27
1.778633E-02        -3.514299E-22        +3.819063E-27
1.777035E-02        -3.413894E-22        +3.667804E-27
1.775439E-02        -3.316310E-22        +3.522467E-27
1.773844E-02        -3.221399E-22        +3.382760E-27
1.772250E-02        -3.129134E-22        +3.248474E-27
1.770658E-02        -3.039416E-22        +3.119407E-27
1.769068E-02        -2.952300E-22        +2.995368E-27
1.767479E-02        -2.867545E-22        +2.876165E-27
1.765891E-02        -2.785081E-22        +2.761600E-27
1.764304E-02        -2.704982E-22        +2.651464E-27
1.762720E-02        -2.627232E-22        +2.545649E-27
1.761136E-02        -2.551527E-22        +2.443996E-27
1.759554E-02        -2.478020E-22        +2.346350E-27
1.757973E-02        -2.406509E-22        +2.252465E-27
1.756394E-02        -2.337095E-22        +2.162285E-27
1.754816E-02        -2.269562E-22        +2.075581E-27
1.753240E-02        -2.203939E-22        +1.992378E-27
1.751665E-02        -2.140112E-22        +1.912424E-27
1.750091E-02        -2.078141E-22        +1.835550E-27
1.748519E-02        -2.017907E-22        +1.761776E-27
1.746949E-02        -1.959465E-22        +1.690912E-27
1.745379E-02        -1.902571E-22        +1.622771E-27
1.743811E-02        -1.847284E-22        +1.557357E-27
1.742245E-02        -1.793532E-22        +1.494622E-27
1.740680E-02        -1.741351E-22        +1.434270E-27
1.739116E-02        -1.690642E-22        +1.376289E-27
1.737554E-02        -1.641366E-22        +1.320615E-27
1.735993E-02        -1.593549E-22        +1.267126E-27
1.734434E-02        -1.547050E-22        +1.215828E-27
1.732875E-02        -1.501810E-22        +1.166485E-27
1.731319E-02        -1.457915E-22        +1.119177E-27
1.729764E-02        -1.415294E-22        +1.073742E-27
1.728210E-02        -1.373849E-22        +1.030090E-27
1.726657E-02        -1.333521E-22        +9.881745E-28
1.725106E-02        -1.294466E-22        +9.479381E-28
1.723556E-02        -1.256430E-22        +9.093017E-28
1.722008E-02        -1.219580E-22        +8.722215E-28
1.720461E-02        -1.183721E-22        +8.366147E-28
1.718916E-02        -1.148875E-22        +8.024511E-28
1.717372E-02        -1.115021E-22        +7.696413E-28
1.715829E-02        -1.082157E-22        +7.381377E-28
1.714287E-02        -1.050272E-22        +7.078971E-28
1.712747E-02        -1.019293E-22        +6.788744E-28
1.711209E-02        -9.891808E-23        +6.510341E-28
1.709672E-02        -9.599440E-23        +6.243020E-28
1.708136E-02        -9.315384E-23        +5.986448E-28
1.706601E-02        -9.039519E-23        +5.740090E-28
1.705068E-02        -8.771724E-23        +5.503846E-28
1.703537E-02        -8.511704E-23        +5.277163E-28
1.702006E-02        -8.258938E-23        +5.059494E-28
1.700477E-02        -8.013634E-23        +4.850602E-28
1.698950E-02        -7.775512E-23        +4.650333E-28
1.697424E-02        -7.544286E-23        +4.458155E-28
1.695899E-02        -7.319676E-23        +4.273689E-28
1.694375E-02        -7.101487E-23        +4.096639E-28
1.692853E-02        -6.889687E-23        +3.926834E-28
1.691333E-02        -6.684215E-23        +3.764038E-28
1.689813E-02        -6.484459E-23        +3.607684E-28
1.688295E-02        -6.290659E-23        +3.457839E-28
1.686779E-02        -6.102595E-23        +3.314111E-28
1.685263E-02        -5.919764E-23        +3.176057E-28
1.683749E-02        -5.742383E-23        +3.043805E-28
1.682237E-02        -5.570260E-23        +2.916965E-28
1.680726E-02        -5.403152E-23        +2.795192E-28
1.679216E-02        -5.240818E-23        +2.678448E-28
1.677707E-02        -5.083292E-23        +2.566465E-28
1.676200E-02        -4.930347E-23        +2.459174E-28
1.674695E-02        -4.782023E-23        +2.356225E-28
1.673190E-02        -4.637865E-23        +2.257457E-28
1.671687E-02        -4.498043E-23        +2.162804E-28
1.670185E-02        -4.362274E-23        +2.072015E-28
1.668685E-02        -4.230562E-23        +1.985023E-28
1.667186E-02        -4.102764E-23        +1.901509E-28
1.665688E-02        -3.978565E-23        +1.821464E-28
1.664192E-02        -3.858177E-23        +1.744810E-28
1.662697E-02        -3.741261E-23        +1.671239E-28
1.661203E-02        -3.627805E-23        +1.600723E-28
1.659711E-02        -3.517771E-23        +1.533138E-28
1.658220E-02        -3.410911E-23        +1.468396E-28
1.656731E-02        -3.307282E-23        +1.406280E-28
1.655242E-02        -3.206647E-23        +1.346710E-28
1.653755E-02        -3.109044E-23        +1.289725E-28
1.652270E-02        -3.014369E-23        +1.235051E-28
1.650786E-02        -2.922471E-23        +1.182577E-28
1.649303E-02        -2.833325E-23        +1.132363E-28
1.647821E-02        -2.746760E-23        +1.084225E-28
1.646341E-02        -2.662819E-23        +1.038102E-28
1.644862E-02        -2.581359E-23        +9.939127E-29
1.643384E-02        -2.502354E-23        +9.515459E-29
1.641908E-02        -2.425685E-23        +9.109682E-29
1.640433E-02        -2.351298E-23        +8.720818E-29
1.638959E-02        -2.279169E-23        +8.348163E-29
1.637487E-02        -2.209171E-23        +7.991220E-29
1.636016E-02        -2.141258E-23        +7.649272E-29
1.634546E-02        -2.075417E-23        +7.321512E-29
1.633078E-02        -2.011579E-23        +7.007790E-29
1.631611E-02        -1.949553E-23        +6.707128E-29
1.630145E-02        -1.889487E-23        +6.419036E-29
1.628681E-02        -1.831235E-23        +6.143204E-29
1.627218E-02        -1.774669E-23        +5.878955E-29
1.625756E-02        -1.719792E-23        +5.625870E-29
1.624296E-02        -1.666626E-23        +5.383543E-29
1.622837E-02        -1.615048E-23        +5.151407E-29
1.621379E-02        -1.565032E-23        +4.929067E-29
1.619922E-02        -1.516433E-23        +4.716117E-29
1.618467E-02        -1.469430E-23        +4.512226E-29
1.617013E-02        -1.423803E-23        +4.316950E-29
1.615561E-02        -1.379524E-23        +4.130108E-29
1.614109E-02        -1.336665E-23        +3.951047E-29
1.612659E-02        -1.295041E-23        +3.779633E-29
1.611211E-02        -1.254722E-23        +3.615569E-29
1.609763E-02        -1.215568E-23        +3.458405E-29
1.608317E-02        -1.177632E-23        +3.307991E-29
1.606872E-02        -1.140875E-23        +3.164005E-29
1.605429E-02        -1.105235E-23        +3.026246E-29
1.603987E-02        -1.070674E-23        +2.894329E-29
1.602546E-02        -1.037120E-23        +2.768045E-29
1.601106E-02        -1.004644E-23        +2.647109E-29
1.599668E-02        -9.731680E-24        +2.531405E-29
1.598231E-02        -9.426344E-24        +2.420649E-29
1.596795E-02        -9.130308E-24        +2.314645E-29
1.595361E-02        -8.843474E-24        +2.213265E-29
1.593928E-02        -8.565353E-24        +2.116236E-29
1.592496E-02        -8.295735E-24        +2.023347E-29
1.591065E-02        -8.034340E-24        +1.934355E-29
1.589636E-02        -7.781133E-24        +1.849366E-29
1.588208E-02        -7.535648E-24        +1.768019E-29
1.586781E-02        -7.297676E-24        +1.690070E-29
1.585356E-02        -7.067106E-24        +1.615619E-29
1.583932E-02        -6.843649E-24        +1.544339E-29
1.582509E-02        -6.627021E-24        +1.476132E-29
1.581087E-02        -6.417026E-24        +1.410899E-29
1.579667E-02        -6.213623E-24        +1.348558E-29
1.578248E-02        -6.016526E-24        +1.288818E-29
1.576830E-02        -5.825404E-24        +1.231727E-29
1.575414E-02        -5.640412E-24        +1.177077E-29
1.573998E-02        -5.460868E-24        +1.124853E-29
1.572584E-02        -5.287079E-24        +1.074929E-29
1.571172E-02        -5.118749E-24        +1.027133E-29
1.569760E-02        -4.955469E-24        +9.814017E-30
1.568350E-02        -4.797434E-24        +9.377087E-30
1.566941E-02        -4.644255E-24        +8.959094E-30
1.565534E-02        -4.495927E-24        +8.559687E-30
1.564127E-02        -4.352053E-24        +8.177422E-30
1.562722E-02        -4.212742E-24        +7.812066E-30
1.561319E-02        -4.077874E-24        +7.462894E-30
1.559916E-02        -3.947084E-24        +7.128744E-30
1.558515E-02        -3.820524E-24        +6.809548E-30
1.557115E-02        -3.697838E-24        +6.504237E-30
1.555716E-02        -3.579005E-24        +6.212380E-30
1.554318E-02        -3.463851E-24        +5.933297E-30
1.552922E-02        -3.352419E-24        +5.666621E-30
1.551527E-02        -3.244378E-24        +5.411789E-30
1.550133E-02        -3.139793E-24        +5.168073E-30
1.548741E-02        -3.038548E-24        +4.935303E-30
1.547349E-02        -2.940401E-24        +4.712590E-30
1.545959E-02        -2.845395E-24        +4.499921E-30
1.544571E-02        -2.753424E-24        +4.296718E-30
1.543183E-02        -2.664257E-24        +4.102383E-30
1.541797E-02        -2.577939E-24        +3.916799E-30
1.540412E-02        -2.494378E-24        +3.739428E-30
1.539028E-02        -2.413416E-24        +3.569888E-30
1.537646E-02        -2.335159E-24        +3.407997E-30
1.536264E-02        -2.259231E-24        +3.253212E-30
1.534884E-02        -2.185733E-24        +3.105374E-30
1.533505E-02        -2.114535E-24        +2.964085E-30
1.532128E-02        -2.045736E-24        +2.829232E-30
1.530752E-02        -1.979036E-24        +2.700399E-30
1.529376E-02        -1.914453E-24        +2.577141E-30
1.528003E-02        -1.851951E-24        +2.459599E-30
1.526630E-02        -1.791392E-24        +2.347226E-30
1.525259E-02        -1.732854E-24        +2.239975E-30
1.523888E-02        -1.676139E-24        +2.137417E-30
1.522519E-02        -1.621181E-24        +2.039580E-30
1.521152E-02        -1.568115E-24        +1.946169E-30
1.519785E-02        -1.516614E-24        +1.856861E-30
1.518420E-02        -1.466828E-24        +1.771665E-30
1.517056E-02        -1.418622E-24        +1.690241E-30
1.515693E-02        -1.371920E-24        +1.612491E-30
1.514332E-02        -1.326819E-24        +1.538344E-30
1.512971E-02        -1.283077E-24        +1.467433E-30
1.511612E-02        -1.240760E-24        +1.399823E-30
1.510254E-02        -1.199837E-24        +1.335202E-30
1.508898E-02        -1.160310E-24        +1.273591E-30
1.507542E-02        -1.121948E-24        +1.214712E-30
1.506188E-02        -1.084808E-24        +1.158541E-30
1.504835E-02        -1.048862E-24        +1.104860E-30
1.503483E-02        -1.014107E-24        +1.053659E-30
1.502132E-02        -9.805128E-25        +1.004820E-30
1.500783E-02        -9.479959E-25        +9.581787E-31
1.499435E-02        -9.165196E-25        +9.136734E-31
1.498088E-02        -8.860558E-25        +8.711908E-31
1.496742E-02        -8.565822E-25        +8.306492E-31
1.495398E-02        -8.280817E-25        +7.919802E-31
1.494054E-02        -8.004833E-25        +7.550471E-31
1.492712E-02        -7.738050E-25        +7.198269E-31
1.491371E-02        -7.479811E-25        +6.862210E-31
1.490031E-02        -7.229998E-25        +6.541516E-31
1.488693E-02        -6.988490E-25        +6.235715E-31
1.487356E-02        -6.754816E-25        +5.943884E-31
1.486020E-02        -6.528754E-25        +5.665428E-31
1.484685E-02        -6.309957E-25        +5.399755E-31
1.483351E-02        -6.098379E-25        +5.146282E-31
1.482018E-02        -5.893661E-25        +4.904515E-31
1.480687E-02        -5.695826E-25        +4.674103E-31
1.479357E-02        -5.504435E-25        +4.454203E-31
1.478028E-02        -5.319290E-25        +4.244420E-31
1.476700E-02        -5.140195E-25        +4.044358E-31
1.475374E-02        -4.967092E-25        +3.853737E-31
1.474048E-02        -4.799586E-25        +3.671711E-31
1.472724E-02        -4.637595E-25        +3.498245E-31
1.471401E-02        -4.481030E-25        +3.332817E-31
1.470079E-02        -4.329543E-25        +3.175103E-31
1.468759E-02        -4.183208E-25        +3.024756E-31
1.467439E-02        -4.041531E-25        +2.881327E-31
1.466121E-02        -3.904628E-25        +2.744648E-31
1.464804E-02        -3.772268E-25        +2.614311E-31
1.463488E-02        -3.644202E-25        +2.490032E-31
1.462174E-02        -3.520562E-25        +2.371675E-31
1.460860E-02        -3.400825E-25        +2.258701E-31
1.459548E-02        -3.285224E-25        +2.151146E-31
1.458237E-02        -3.173393E-25        +2.048550E-31
1.456927E-02        -3.065247E-25        +1.950727E-31
1.455618E-02        -2.960750E-25        +1.857555E-31
1.454310E-02        -2.859652E-25        +1.768747E-31
1.453004E-02        -2.762080E-25        +1.684169E-31
1.451699E-02        -2.667693E-25        +1.603541E-31
1.450395E-02        -2.576468E-25        +1.526613E-31
1.449092E-02        -2.488231E-25        +1.453425E-31
1.447790E-02        -2.402970E-25        +1.383617E-31
1.446489E-02        -2.320576E-25        +1.317089E-31
1.445190E-02        -2.240933E-25        +1.253777E-31
1.443892E-02        -2.163966E-25        +1.193443E-31
1.442595E-02        -2.089588E-25        +1.135977E-31
1.441299E-02        -2.017764E-25        +1.081191E-31
1.440004E-02        -1.948244E-25        +1.028990E-31
1.438710E-02        -1.881104E-25        +9.792912E-32
1.437418E-02        -1.816282E-25        +9.319642E-32
1.436127E-02        -1.753563E-25        +8.868866E-32
1.434837E-02        -1.693024E-25        +8.439506E-32
1.433548E-02        -1.634552E-25        +8.030557E-32
1.432260E-02        -1.577974E-25        +7.640965E-32
1.430973E-02        -1.523289E-25        +7.269936E-32
1.429688E-02        -1.470527E-25        +6.916919E-32
1.428404E-02        -1.419558E-25        +6.580665E-32
1.427120E-02        -1.370320E-25        +6.260223E-32
1.425838E-02        -1.322715E-25        +5.955311E-32
1.424558E-02        -1.276740E-25        +5.665188E-32
1.423278E-02        -1.232311E-25        +5.388655E-32
1.421999E-02        -1.189377E-25        +5.125487E-32
1.420722E-02        -1.147960E-25        +4.875042E-32
1.419446E-02        -1.107937E-25        +4.636676E-32
1.418170E-02        -1.069267E-25        +4.409546E-32
1.416897E-02        -1.031948E-25        +4.193663E-32
1.415624E-02        -9.958624E-26        +3.987936E-32
1.414352E-02        -9.610092E-26        +3.792140E-32
1.413081E-02        -9.273555E-26        +3.605856E-32
1.411812E-02        -8.948705E-26        +3.428647E-32
1.410544E-02        -8.634965E-26        +3.259965E-32
1.409277E-02        -8.331939E-26        +3.099425E-32
1.408011E-02        -8.039243E-26        +2.946696E-32
1.406746E-02        -7.756580E-26        +2.801238E-32
1.405482E-02        -7.483642E-26        +2.662920E-32
1.404220E-02        -7.220248E-26        +2.531444E-32
1.402958E-02        -6.965697E-26        +2.406216E-32
1.401698E-02        -6.720159E-26        +2.287136E-32
1.400439E-02        -6.482980E-26        +2.173819E-32
1.399181E-02        -6.254027E-26        +2.066052E-32
1.397924E-02        -6.032914E-26        +1.963538E-32
1.396668E-02        -5.819368E-26        +1.865992E-32
1.395413E-02        -5.613268E-26        +1.773213E-32
1.394160E-02        -5.414471E-26        +1.685061E-32
1.392907E-02        -5.222363E-26        +1.601107E-32
1.391656E-02        -5.036988E-26        +1.521300E-32
1.390406E-02        -4.858132E-26        +1.445447E-32
1.389157E-02        -4.685358E-26        +1.373275E-32
1.387909E-02        -4.518643E-26        +1.304671E-32
1.386662E-02        -4.357766E-26        +1.239438E-32
1.385417E-02        -4.202498E-26        +1.177437E-32
1.384172E-02        -4.052567E-26        +1.118457E-32
1.382929E-02        -3.908006E-26        +1.062406E-32
1.381686E-02        -3.768305E-26        +1.009085E-32
1.380445E-02        -3.633581E-26        +9.584109E-33
1.379205E-02        -3.503542E-26        +9.102451E-33
1.377966E-02        -3.378144E-26        +8.644528E-33
1.376728E-02        -3.257034E-26        +8.209325E-33
1.375492E-02        -3.140285E-26        +7.795985E-33
1.374256E-02        -3.027519E-26        +7.402758E-33
1.373021E-02        -2.918721E-26        +7.028991E-33
1.371788E-02        -2.813790E-26        +6.673993E-33
1.370556E-02        -2.712535E-26        +6.336647E-33
1.369325E-02        -2.614857E-26        +6.016071E-33
1.368094E-02        -2.520572E-26        +5.711229E-33
1.366865E-02        -2.429645E-26        +5.421808E-33
1.365638E-02        -2.341981E-26        +5.146923E-33
1.364411E-02        -2.257402E-26        +4.885595E-33
1.363185E-02        -2.175729E-26        +4.637281E-33
1.361961E-02        -2.097079E-26        +4.401559E-33
1.360737E-02        -2.021059E-26        +4.177383E-33
1.359515E-02        -1.947794E-26        +3.964688E-33
1.358293E-02        -1.877142E-26        +3.762438E-33
1.357073E-02        -1.809030E-26        +3.570402E-33
1.355854E-02        -1.743301E-26        +3.388080E-33
1.354636E-02        -1.679867E-26        +3.214895E-33
1.353419E-02        -1.618716E-26        +3.050440E-33
1.352204E-02        -1.559796E-26        +2.894353E-33
1.350989E-02        -1.502924E-26        +2.745979E-33
1.349775E-02        -1.448126E-26        +2.605063E-33
1.348563E-02        -1.395267E-26        +2.471403E-33
1.347351E-02        -1.344250E-26        +2.344390E-33
1.346141E-02        -1.295071E-26        +2.223925E-33
1.344932E-02        -1.247676E-26        +2.109514E-33
1.343723E-02        -1.201939E-26        +2.000770E-33
1.342516E-02        -1.157915E-26        +1.897586E-33
1.341310E-02        -1.115399E-26        +1.799671E-33
1.340105E-02        -1.074468E-26        +1.706804E-33
1.338902E-02        -1.035055E-26        +1.618668E-33
1.337699E-02        -9.969970E-27        +1.534852E-33
1.336497E-02        -9.602532E-27        +1.455398E-33
1.335297E-02        -9.248965E-27        +1.380068E-33
1.334097E-02        -8.907838E-27        +1.308459E-33
1.332899E-02        -8.579310E-27        +1.240582E-33
1.331701E-02        -8.262348E-27        +1.176122E-33
1.330505E-02        -7.957082E-27        +1.114989E-33
1.329310E-02        -7.662847E-27        +1.056950E-33
1.328116E-02        -7.379245E-27        +1.001964E-33
1.326923E-02        -7.105889E-27        +9.496972E-34
1.325731E-02        -6.842470E-27        +9.001555E-34
1.324540E-02        -6.588591E-27        +8.531562E-34
1.323350E-02        -6.343863E-27        +8.085709E-34
1.322161E-02        -6.108001E-27        +7.662800E-34
1.320973E-02        -5.880784E-27        +7.261639E-34
1.319787E-02        -5.662004E-27        +6.881376E-34
1.318601E-02        -5.450995E-27        +6.520461E-34
1.317417E-02        -5.247826E-27        +6.178496E-34
1.316233E-02        -5.051943E-27        +5.853841E-34
1.315051E-02        -4.863368E-27        +5.546236E-34
1.313869E-02        -4.681427E-27        +5.254274E-34
1.312689E-02        -4.506385E-27        +4.977663E-34
1.311510E-02        -4.337708E-27        +4.715430E-34
1.310332E-02        -4.175199E-27        +4.466723E-34
1.309155E-02        -4.018657E-27        +4.231011E-34
1.307979E-02        -3.867873E-27        +4.007507E-34
1.306804E-02        -3.722570E-27        +3.795548E-34
1.305630E-02        -3.582638E-27        +3.594700E-34
1.304457E-02        -3.447878E-27        +3.404289E-34
1.303285E-02        -3.318080E-27        +3.223804E-34
1.302114E-02        -3.192977E-27        +3.052680E-34
1.300945E-02        -3.072649E-27        +2.890721E-34
1.299776E-02        -2.956680E-27        +2.737061E-34
1.298608E-02        -2.844918E-27        +2.591365E-34
1.297442E-02        -2.737502E-27        +2.453450E-34
1.296276E-02        -2.633878E-27        +2.322746E-34
1.295112E-02        -2.534138E-27        +2.198913E-34
1.293948E-02        -2.438087E-27        +2.081450E-34
1.292786E-02        -2.345692E-27        +1.970336E-34
1.291625E-02        -2.256680E-27        +1.865071E-34
1.290464E-02        -2.170879E-27        +1.765192E-34
1.289305E-02        -2.088349E-27        +1.670662E-34
1.288147E-02        -2.008981E-27        +1.581105E-34
1.286990E-02        -1.932499E-27        +1.496310E-34
1.285834E-02        -1.858813E-27        +1.415988E-34
1.284678E-02        -1.787852E-27        +1.339866E-34
1.283524E-02        -1.719629E-27        +1.267797E-34
1.282371E-02        -1.653904E-27        +1.199593E-34
1.281219E-02        -1.590666E-27        +1.134964E-34
1.280069E-02        -1.529866E-27        +1.073774E-34
1.278919E-02        -1.471301E-27        +1.015812E-34
1.277770E-02        -1.414923E-27        +9.609705E-35
1.276622E-02        -1.360643E-27        +9.090153E-35
1.275475E-02        -1.308441E-27        +8.598251E-35
1.274329E-02        -1.258138E-27        +8.132670E-35
1.273185E-02        -1.209776E-27        +7.692218E-35
1.272041E-02        -1.163248E-27        +7.274849E-35
1.270898E-02        -1.118420E-27        +6.879850E-35
1.269756E-02        -1.075281E-27        +6.506010E-35
1.268616E-02        -1.033785E-27        +6.152387E-35
1.267476E-02        -9.939008E-28        +5.817508E-35
1.266338E-02        -9.555183E-28        +5.500728E-35
1.265200E-02        -9.185561E-28        +5.200759E-35
1.264063E-02        -8.829977E-28        +4.916897E-35
1.262928E-02        -8.488137E-28        +4.648496E-35
1.261793E-02        -8.158951E-28        +4.394361E-35
1.260660E-02        -7.842589E-28        +4.154074E-35
1.259528E-02        -7.538257E-28        +3.926785E-35
1.258396E-02        -7.245214E-28        +3.711532E-35
1.257266E-02        -6.963567E-28        +3.508087E-35
1.256136E-02        -6.692350E-28        +3.315411E-35
1.255008E-02        -6.431802E-28        +3.133345E-35
1.253880E-02        -6.180904E-28        +2.961046E-35
1.252754E-02        -5.939868E-28        +2.798152E-35
1.251629E-02        -5.707991E-28        +2.644096E-35
1.250504E-02        -5.484789E-28        +2.498264E-35
1.249381E-02        -5.270418E-28        +2.360506E-35
1.248259E-02        -5.064129E-28        +2.230198E-35
1.247137E-02        -4.865627E-28        +2.106856E-35
1.246017E-02        -4.674957E-28        +1.990448E-35
1.244898E-02        -4.491560E-28        +1.880235E-35
1.243779E-02        -4.315070E-28        +1.776063E-35
1.242662E-02        -4.145516E-28        +1.677573E-35
1.241546E-02        -3.982525E-28        +1.584536E-35
1.240430E-02        -3.825670E-28        +1.496488E-35
1.239316E-02        -3.675024E-28        +1.413296E-35
1.238203E-02        -3.530152E-28        +1.334681E-35
1.237091E-02        -3.390866E-28        +1.260420E-35
1.235979E-02        -3.256917E-28        +1.190085E-35
1.234869E-02        -3.128188E-28        +1.123703E-35
1.233760E-02        -3.004514E-28        +1.061065E-35
1.232651E-02        -2.885431E-28        +1.001683E-35
1.231544E-02        -2.771135E-28        +9.457120E-36
1.230438E-02        -2.661316E-28        +8.928033E-36
1.229332E-02        -2.555669E-28        +8.427632E-36
1.228228E-02        -2.454128E-28        +7.955313E-36
1.227125E-02        -2.356654E-28        +7.509044E-36
1.226022E-02        -2.262873E-28        +7.087143E-36
1.224921E-02        -2.172778E-28        +6.688977E-36
1.223821E-02        -2.086249E-28        +6.312793E-36
1.222721E-02        -2.002955E-28        +5.957248E-36
1.221623E-02        -1.923095E-28        +5.621710E-36
1.220525E-02        -1.846175E-28        +5.304486E-36
1.219429E-02        -1.772404E-28        +5.005234E-36
1.218334E-02        -1.701521E-28        +4.722578E-36
1.217239E-02        -1.633366E-28        +4.455404E-36
1.216146E-02        -1.567962E-28        +4.203456E-36
1.215053E-02        -1.505080E-28        +3.965236E-36
1.213962E-02        -1.444655E-28        +3.740628E-36
1.212871E-02        -1.386576E-28        +3.528281E-36
1.211782E-02        -1.330920E-28        +3.328121E-36
1.210693E-02        -1.277314E-28        +3.138854E-36
1.209605E-02        -1.225811E-28        +2.960316E-36
1.208519E-02        -1.176444E-28        +2.791887E-36
1.207433E-02        -1.129012E-28        +2.632756E-36
1.206349E-02        -1.083434E-28        +2.482716E-36
1.205265E-02        -1.039695E-28        +2.341002E-36
1.204182E-02        -9.976510E-29        +2.207322E-36
1.203100E-02        -9.572480E-29        +2.081039E-36
1.202020E-02        -9.185036E-29        +1.962107E-36
1.200940E-02        -8.812680E-29        +1.849737E-36
1.199861E-02        -8.455166E-29        +1.743730E-36
1.198783E-02        -8.111825E-29        +1.643697E-36
1.197706E-02        -7.782223E-29        +1.549327E-36
1.196630E-02        -7.465692E-29        +1.460250E-36
1.195555E-02        -7.161830E-29        +1.376324E-36
1.194481E-02        -6.870206E-29        +1.297091E-36
1.193408E-02        -6.590150E-29        +1.222420E-36
1.192336E-02        -6.321270E-29        +1.151929E-36
1.191265E-02        -6.063236E-29        +1.085431E-36
1.190195E-02        -5.815477E-29        +1.022794E-36
1.189126E-02        -5.577683E-29        +9.636686E-37
1.188058E-02        -5.349453E-29        +9.079404E-37
1.186991E-02        -5.130387E-29        +8.553856E-37
1.185924E-02        -4.919900E-29        +8.057888E-37
1.184859E-02        -4.718087E-29        +7.590737E-37
1.183795E-02        -4.524435E-29        +7.150324E-37
1.182731E-02        -4.338384E-29        +6.734698E-37
1.181669E-02        -4.159991E-29        +6.343318E-37
1.180607E-02        -3.988701E-29        +5.973986E-37
1.179547E-02        -3.824456E-29        +5.626274E-37
1.178487E-02        -3.666734E-29        +5.298233E-37
1.177428E-02        -3.515393E-29        +4.989018E-37
1.176371E-02        -3.370276E-29        +4.697894E-37
1.175314E-02        -3.230909E-29        +4.423307E-37
1.174258E-02        -3.097230E-29        +4.164549E-37
1.173203E-02        -2.969029E-29        +3.920726E-37
1.172149E-02        -2.846015E-29        +3.691028E-37
1.171096E-02        -2.727987E-29        +3.474572E-37
1.170044E-02        -2.614755E-29        +3.270656E-37
1.168993E-02        -2.506198E-29        +3.078579E-37
1.167943E-02        -2.402035E-29        +2.897639E-37
1.166894E-02        -2.302147E-29        +2.727156E-37
1.165846E-02        -2.206262E-29        +2.566617E-37
1.164798E-02        -2.114275E-29        +2.415282E-37
1.163752E-02        -2.026159E-29        +2.272849E-37
1.162707E-02        -1.941636E-29        +2.138678E-37
1.161662E-02        -1.860519E-29        +2.012250E-37
1.160619E-02        -1.782772E-29        +1.893387E-37
1.159576E-02        -1.708147E-29        +1.781280E-37
1.158534E-02        -1.636608E-29        +1.675663E-37
1.157494E-02        -1.568039E-29        +1.576410E-37
1.156454E-02        -1.502289E-29        +1.482917E-37
1.155415E-02        -1.439224E-29        +1.394812E-37
1.154377E-02        -1.378673E-29        +1.311883E-37
1.153340E-02        -1.320716E-29        +1.233831E-37
1.152304E-02        -1.265233E-29        +1.160363E-37
1.151269E-02        -1.211953E-29        +1.091260E-37
1.150235E-02        -1.160866E-29        +1.026154E-37
1.149201E-02        -1.111835E-29        +9.648981E-38
1.148169E-02        -1.064935E-29        +9.072692E-38
1.147138E-02        -1.019938E-29        +8.530431E-38
1.146107E-02        -9.767981E-30        +8.019792E-38
1.145078E-02        -9.354774E-30        +7.539712E-38
1.144049E-02        -8.958431E-30        +7.087631E-38
1.143021E-02        -8.578648E-30        +6.662261E-38
1.141994E-02        -8.214640E-30        +6.262178E-38
1.140969E-02        -7.866138E-30        +5.886149E-38
1.139944E-02        -7.531859E-30        +5.532058E-38
1.138920E-02        -7.211556E-30        +5.199067E-38
1.137896E-02        -6.904414E-30        +4.885586E-38
1.136874E-02        -6.610349E-30        +4.591041E-38
1.135853E-02        -6.328562E-30        +4.314093E-38
1.134833E-02        -6.058641E-30        +4.053571E-38
1.133813E-02        -5.799827E-30        +3.808346E-38
1.132795E-02        -5.552053E-30        +3.578078E-38
1.131777E-02        -5.314511E-30        +3.361330E-38
1.130760E-02        -5.086956E-30        +3.157540E-38
1.129745E-02        -4.869197E-30        +2.966179E-38
1.128730E-02        -4.660401E-30        +2.786077E-38
1.127716E-02        -4.460395E-30        +2.616743E-38
1.126703E-02        -4.268867E-30        +2.457656E-38
1.125691E-02        -4.085426E-30        +2.308124E-38
1.124679E-02        -3.909590E-30        +2.167419E-38
1.123669E-02        -3.741323E-30        +2.035317E-38
1.122660E-02        -3.580228E-30        +1.911173E-38
1.121651E-02        -3.425762E-30        +1.794384E-38
1.120644E-02        -3.277950E-30        +1.684768E-38
1.119637E-02        -3.136368E-30        +1.581627E-38
1.118631E-02        -3.000774E-30        +1.484760E-38
1.117626E-02        -2.870884E-30        +1.393775E-38
1.116622E-02        -2.746578E-30        +1.308352E-38
1.115619E-02        -2.627565E-30        +1.228017E-38
1.114617E-02        -2.513643E-30        +1.152570E-38
1.113616E-02        -2.404601E-30        +1.081781E-38
1.112615E-02        -2.300056E-30        +1.015124E-38
1.111616E-02        -2.200104E-30        +9.526402E-39
1.110617E-02        -2.104345E-30        +8.938987E-39
1.109620E-02        -2.012779E-30        +8.387812E-39
1.108623E-02        -1.925102E-30        +7.869833E-39
1.107627E-02        -1.841126E-30        +7.383438E-39
1.106632E-02        -1.760749E-30        +6.926736E-39
1.105638E-02        -1.683852E-30        +6.498009E-39
1.104645E-02        -1.610171E-30        +6.095478E-39
1.103652E-02        -1.539699E-30        +5.717258E-39
1.102661E-02        -1.472296E-30        +5.362540E-39
1.101670E-02        -1.407723E-30        +5.029364E-39
1.100681E-02        -1.346012E-30        +4.716852E-39
1.099692E-02        -1.286926E-30        +4.423339E-39
1.098704E-02        -1.230348E-30        +4.147862E-39
1.097717E-02        -1.176258E-30        +3.889325E-39
1.096731E-02        -1.124473E-30        +3.646722E-39
1.095746E-02        -1.074975E-30        +3.419067E-39
1.094761E-02        -1.027535E-30        +3.205327E-39
1.093778E-02        -9.822428E-31        +3.004960E-39
1.092795E-02        -9.388467E-31        +2.816835E-39
1.091814E-02        -8.973900E-31        +2.640459E-39
1.090833E-02        -8.576976E-31        +2.474859E-39
1.089853E-02        -8.197257E-31        +2.319535E-39
1.088874E-02        -7.834201E-31        +2.173947E-39
1.087896E-02        -7.486930E-31        +2.037247E-39
1.086918E-02        -7.154498E-31        +1.908987E-39
1.085942E-02        -6.836888E-31        +1.788908E-39
1.084967E-02        -6.533157E-31        +1.676209E-39
1.083992E-02        -6.242493E-31        +1.570464E-39
1.083018E-02        -5.964527E-31        +1.471300E-39
1.082045E-02        -5.698753E-31        +1.378323E-39
1.081073E-02        -5.444668E-31        +1.291212E-39
1.080102E-02        -5.201758E-31        +1.209493E-39
1.079132E-02        -4.969447E-31        +1.132936E-39
1.078162E-02        -4.747189E-31        +1.061009E-39
1.077194E-02        -4.534948E-31        +9.937625E-40
1.076226E-02        -4.331873E-31        +9.306369E-40
1.075259E-02        -4.137702E-31        +8.714798E-40
1.074294E-02        -3.952311E-31        +8.161044E-40
1.073328E-02        -3.774741E-31        +7.640969E-40
1.072364E-02        -3.605244E-31        +7.154229E-40
1.071401E-02        -3.443230E-31        +6.698239E-40
1.070439E-02        -3.288323E-31        +6.270852E-40
1.069477E-02        -3.140235E-31        +5.870129E-40
1.068516E-02        -2.998653E-31        +5.494744E-40
1.067556E-02        -2.863375E-31        +5.143176E-40
1.066597E-02        -2.734181E-31        +4.813833E-40
1.065639E-02        -2.610686E-31        +4.505325E-40
1.064682E-02        -2.492680E-31        +4.216425E-40
1.063725E-02        -2.379761E-31        +3.945499E-40
1.062770E-02        -2.272048E-31        +3.692169E-40
1.061815E-02        -2.169029E-31        +3.454634E-40
1.060861E-02        -2.070692E-31        +3.232250E-40
1.059908E-02        -1.976661E-31        +3.024020E-40
1.058956E-02        -1.886833E-31        +2.829047E-40
1.058005E-02        -1.801091E-31        +2.646535E-40
1.057055E-02        -1.719150E-31        +2.475761E-40
1.056105E-02        -1.640819E-31        +2.315677E-40
1.055156E-02        -1.565993E-31        +2.165779E-40
1.054208E-02        -1.494562E-31        +2.025547E-40
1.053261E-02        -1.426325E-31        +1.894283E-40
1.052315E-02        -1.361098E-31        +1.771402E-40
1.051370E-02        -1.298870E-31        +1.656483E-40
1.050425E-02        -1.239462E-31        +1.548822E-40
1.049482E-02        -1.182716E-31        +1.448152E-40
1.048539E-02        -1.128418E-31        +1.353865E-40
1.047597E-02        -1.076621E-31        +1.265742E-40
1.046656E-02        -1.027215E-31        +1.183215E-40
1.045716E-02        -9.800113E-32        +1.106056E-40
1.044776E-02        -9.349075E-32        +1.033723E-40
1.043838E-02        -8.918911E-32        +9.662369E-41
1.042900E-02        -8.507884E-32        +9.030191E-41
1.041963E-02        -8.115554E-32        +8.438915E-41
1.041027E-02        -7.741029E-32        +7.886015E-41
1.040092E-02        -7.383585E-32        +7.368914E-41
1.039158E-02        -7.042347E-32        +6.885480E-41
1.038224E-02        -6.716434E-32        +6.432958E-41
1.037292E-02        -6.405663E-32        +6.010310E-41
1.036360E-02        -6.108758E-32        +5.614734E-41
1.035429E-02        -5.825455E-32        +5.244982E-41
1.034499E-02        -5.555139E-32        +4.899353E-41
1.033569E-02        -5.296857E-32        +4.575915E-41
1.032641E-02        -5.050742E-32        +4.273953E-41
1.031713E-02        -4.815666E-32        +3.991422E-41
1.030787E-02        -4.591630E-32        +3.727714E-41
1.029861E-02        -4.377646E-32        +3.480968E-41
1.028935E-02        -4.173249E-32        +3.250136E-41
1.028011E-02        -3.978474E-32        +3.034710E-41
1.027088E-02        -3.792693E-32        +2.833433E-41
1.026165E-02        -3.615312E-32        +2.645202E-41
1.025243E-02        -3.446134E-32        +2.469343E-41
1.024322E-02        -3.284754E-32        +2.305058E-41
1.023402E-02        -3.130785E-32        +2.151633E-41
1.022483E-02        -2.983998E-32        +2.008280E-41
1.021564E-02        -2.843774E-32        +1.874252E-41
1.020646E-02        -2.710147E-32        +1.749105E-41
1.019730E-02        -2.582851E-32        +1.632358E-41
1.018814E-02        -2.461228E-32        +1.523167E-41
1.017898E-02        -2.345185E-32        +1.421145E-41
1.016984E-02        -2.234748E-32        +1.326011E-41
1.016070E-02        -2.129214E-32        +1.237069E-41
1.015158E-02        -2.028778E-32        +1.154193E-41
1.014246E-02        -1.932849E-32        +1.076708E-41
1.013335E-02        -1.841506E-32        +1.004317E-41
1.012424E-02        -1.754268E-32        +9.367089E-42
1.011515E-02        -1.671141E-32        +8.736887E-42
1.010606E-02        -1.591916E-32        +8.147928E-42
1.009698E-02        -1.516391E-32        +7.598463E-42
1.008791E-02        -1.444373E-32        +7.085617E-42
1.007885E-02        -1.375752E-32        +6.607080E-42
1.006980E-02        -1.310334E-32        +6.160623E-42
1.006075E-02        -1.247943E-32        +5.743529E-42
1.005171E-02        -1.188457E-32        +5.354480E-42
1.004268E-02        -1.131776E-32        +4.991566E-42
1.003366E-02        -1.077789E-32        +4.652998E-42
1.002465E-02        -1.026306E-32        +4.337245E-42
1.001564E-02        -9.771999E-33        +4.042321E-42
1.000665E-02        -9.304775E-33        +3.767652E-42
9.997657E-03        -8.859080E-33        +3.511142E-42
9.988676E-03        -8.434517E-33        +3.271948E-42
9.979703E-03        -8.030059E-33        +3.048786E-42
9.970738E-03        -7.644625E-33        +2.840817E-42
9.961781E-03        -7.277331E-33        +2.646780E-42
9.952833E-03        -6.927499E-33        +2.465888E-42
9.943892E-03        -6.594161E-33        +2.297202E-42
9.934959E-03        -6.276564E-33        +2.139866E-42
9.926034E-03        -5.974018E-33        +1.993257E-42
9.917118E-03        -5.685930E-33        +1.856522E-42
9.908209E-03        -5.411376E-33        +1.729106E-42
9.899308E-03        -5.149958E-33        +1.610258E-42
9.890415E-03        -4.900899E-33        +1.499554E-42
9.881531E-03        -4.663718E-33        +1.396329E-42
9.872654E-03        -4.437779E-33        +1.300152E-42
9.863785E-03        -4.222692E-33        +1.210535E-42
9.854924E-03        -4.017857E-33        +1.126995E-42
9.846072E-03        -3.822728E-33        +1.049221E-42
9.837227E-03        -3.637022E-33        +9.766959E-43
9.828390E-03        -3.460100E-33        +9.091336E-43
9.819561E-03        -3.291732E-33        +8.461959E-43
9.810740E-03        -3.131340E-33        +7.875654E-43
9.801927E-03        -2.978625E-33        +7.329535E-43
9.793121E-03        -2.833270E-33        +6.820848E-43
9.784324E-03        -2.694986E-33        +6.347038E-43
9.775535E-03        -2.563202E-33        +5.905763E-43
9.766753E-03        -2.437865E-33        +5.494861E-43
9.757979E-03        -2.318514E-33        +5.112131E-43
9.749214E-03        -2.204945E-33        +4.755887E-43
9.740456E-03        -2.096757E-33        +4.424087E-43
9.731706E-03        -1.993847E-33        +4.115258E-43
9.722964E-03        -1.895922E-33        +3.827714E-43
9.714229E-03        -1.802764E-33        +3.559948E-43
9.705503E-03        -1.714103E-33        +3.310807E-43
9.696784E-03        -1.629709E-33        +3.078855E-43
9.688074E-03        -1.549326E-33        +2.863037E-43
9.679371E-03        -1.472919E-33        +2.662120E-43
9.670675E-03        -1.400274E-33        +2.475115E-43
9.661988E-03        -1.331047E-33        +2.301156E-43
9.653309E-03        -1.265289E-33        +2.139245E-43
9.644637E-03        -1.202633E-33        +1.988649E-43
9.635973E-03        -1.143148E-33        +1.848502E-43
9.627317E-03        -1.086464E-33        +1.718111E-43
9.618668E-03        -1.032562E-33        +1.596855E-43
9.610028E-03        -9.812982E-34        +1.484069E-43
9.601395E-03        -9.325406E-34        +1.379125E-43
9.592770E-03        -8.861743E-34        +1.281461E-43
9.584153E-03        -8.420713E-34        +1.190746E-43
9.575543E-03        -8.001267E-34        +1.106299E-43
9.566941E-03        -7.602450E-34        +1.027819E-43
9.558347E-03        -7.223175E-34        +9.548406E-44
9.549761E-03        -6.862541E-34        +8.869783E-44
9.541182E-03        -6.519608E-34        +8.238849E-44
9.532611E-03        -6.193524E-34        +7.652383E-44
9.524048E-03        -5.883496E-34        +7.107127E-44
9.515492E-03        -5.588783E-34        +6.600314E-44
9.506944E-03        -5.308619E-34        +6.129228E-44
9.498404E-03        -5.042218E-34        +5.691390E-44
9.489871E-03        -4.788959E-34        +5.284536E-44
9.481346E-03        -4.548341E-34        +4.906360E-44
9.472829E-03        -4.319508E-34        +4.555046E-44
9.464320E-03        -4.102123E-34        +4.228606E-44
9.455818E-03        -3.895398E-34        +3.925227E-44
9.447323E-03        -3.699005E-34        +3.643405E-44
9.438837E-03        -3.512312E-34        +3.381621E-44
9.430358E-03        -3.334874E-34        +3.138418E-44
9.421886E-03        -3.166287E-34        +2.912508E-44
9.413422E-03        -3.006084E-34        +2.702718E-44
9.404966E-03        -2.853944E-34        +2.507862E-44
9.396517E-03        -2.709277E-34        +2.326910E-44
9.388076E-03        -2.571887E-34        +2.158807E-44
9.379643E-03        -2.441374E-34        +2.002751E-44
9.371217E-03        -2.317329E-34        +1.857908E-44
9.362799E-03        -2.199474E-34        +1.723335E-44
9.354388E-03        -2.087582E-34        +1.598486E-44
9.345985E-03        -1.981280E-34        +1.482513E-44
9.337589E-03        -1.880342E-34        +1.374974E-44
9.329201E-03        -1.784401E-34        +1.275095E-44
9.320820E-03        -1.693325E-34        +1.182288E-44
9.312447E-03        -1.606754E-34        +1.096249E-44
9.304082E-03        -1.524650E-34        +1.016469E-44
9.295724E-03        -1.446548E-34        +9.423520E-45
9.287373E-03        -1.372513E-34        +8.735917E-45
9.279030E-03        -1.302166E-34        +8.098075E-45
9.270695E-03        -1.235324E-34        +7.506239E-45
9.262367E-03        -1.171948E-34        +6.957230E-45
9.254046E-03        -1.111668E-34        +6.447886E-45
9.245733E-03        -1.054478E-34        +5.975475E-45
9.237428E-03        -1.000186E-34        +5.537315E-45
9.229130E-03        -9.487017E-35        +5.130952E-45
9.220839E-03        -8.997884E-35        +4.754022E-45
9.212556E-03        -8.533595E-35        +4.404563E-45
9.204280E-03        -8.092893E-35        +4.080454E-45
9.196011E-03        -7.674590E-35        +3.779914E-45
9.187751E-03        -7.277684E-35        +3.501397E-45
9.179497E-03        -6.900929E-35        +3.243046E-45
9.171251E-03        -6.543335E-35        +3.003689E-45
9.163012E-03        -6.203966E-35        +2.781656E-45
9.154781E-03        -5.882048E-35        +2.576030E-45
9.146557E-03        -5.576549E-35        +2.385329E-45
9.138341E-03        -5.286628E-35        +2.208662E-45
9.130132E-03        -5.011627E-35        +2.044913E-45
9.121930E-03        -4.750664E-35        +1.893107E-45
9.113735E-03        -4.503047E-35        +1.752531E-45
9.105548E-03        -4.268199E-35        +1.622308E-45
9.097369E-03        -4.045425E-35        +1.501645E-45
9.089196E-03        -3.834072E-35        +1.389819E-45
9.081031E-03        -3.633600E-35        +1.286252E-45
9.072874E-03        -3.443500E-35        +1.190265E-45
9.064724E-03        -3.263163E-35        +1.101430E-45
9.056581E-03        -3.092176E-35        +1.019157E-45
9.048445E-03        -2.929954E-35        +9.429681E-46
9.040316E-03        -2.776098E-35        +8.723985E-46
9.032195E-03        -2.630227E-35        +8.070575E-46
9.024082E-03        -2.491940E-35        +7.465580E-46
9.015975E-03        -2.360802E-35        +6.905529E-46
9.007876E-03        -2.236447E-35        +6.386937E-46
8.999784E-03        -2.118481E-35        +5.907009E-46
8.991699E-03        -2.006769E-35        +5.462684E-46
8.983622E-03        -1.900759E-35        +5.051436E-46
8.975552E-03        -1.800325E-35        +4.670905E-46
8.967489E-03        -1.705160E-35        +4.318715E-46
8.959433E-03        -1.614878E-35        +3.992777E-46
8.951385E-03        -1.529290E-35        +3.691149E-46
8.943344E-03        -1.448185E-35        +3.412092E-46
8.935310E-03        -1.371358E-35        +3.153923E-46
8.927283E-03        -1.298514E-35        +2.915137E-46
8.919264E-03        -1.229470E-35        +2.694189E-46
8.911251E-03        -1.164095E-35        +2.489819E-46
8.903246E-03        -1.102120E-35        +2.300794E-46
8.895248E-03        -1.043425E-35        +2.125989E-46
8.887257E-03        -9.877628E-36        +1.964311E-46
8.879274E-03        -9.350448E-36        +1.814793E-46
8.871298E-03        -8.851044E-36        +1.676601E-46
8.863328E-03        -8.377786E-36        +1.548743E-46
8.855366E-03        -7.929583E-36        +1.430551E-46
8.847411E-03        -7.504982E-36        +1.321308E-46
8.839464E-03        -7.102753E-36        +1.220334E-46
8.831523E-03        -6.721786E-36        +1.127006E-46
8.823589E-03        -6.360938E-36        +1.040735E-46
8.815663E-03        -6.019168E-36        +9.609489E-47
8.807744E-03        -5.695529E-36        +8.872562E-47
8.799832E-03        -5.389111E-36        +8.191536E-47
8.791927E-03        -5.098839E-36        +7.562236E-47
8.784029E-03        -4.824003E-36        +6.980784E-47
8.776138E-03        -4.563717E-36        +6.443597E-47
8.768254E-03        -4.317281E-36        +5.947303E-47
8.760377E-03        -4.083995E-36        +5.488905E-47
8.752508E-03        -3.863189E-36        +5.065482E-47
8.744645E-03        -3.654106E-36        +4.674336E-47
8.736790E-03        -3.456120E-36        +4.313093E-47
8.728942E-03        -3.268784E-36        +3.979591E-47
8.721100E-03        -3.091391E-36        +3.671519E-47
8.713266E-03        -2.923492E-36        +3.387065E-47
8.705439E-03        -2.764651E-36        +3.124400E-47
8.697618E-03        -2.614264E-36        +2.881904E-47
8.689805E-03        -2.471962E-36        +2.658131E-47
8.681999E-03        -2.337239E-36        +2.451478E-47
8.674200E-03        -2.209789E-36        +2.260744E-47
8.666408E-03        -2.089212E-36        +2.084729E-47
8.658622E-03        -1.975101E-36        +1.922228E-47
8.650844E-03        -1.867177E-36        +1.772289E-47
8.643073E-03        -1.765034E-36        +1.633983E-47
8.635309E-03        -1.668371E-36        +1.506325E-47
8.627552E-03        -1.576901E-36        +1.388520E-47
8.619801E-03        -1.490488E-36        +1.279850E-47
8.612058E-03        -1.408673E-36        +1.179561E-47
8.604322E-03        -1.331251E-36        +1.087126E-47
8.596592E-03        -1.258094E-36        +1.001842E-47
8.588870E-03        -1.188840E-36        +9.231415E-48
8.581154E-03        -1.123365E-36        +8.505878E-48
8.573446E-03        -1.061479E-36        +7.836771E-48
8.565744E-03        -1.002884E-36        +7.219812E-48
8.558049E-03        -9.475411E-37        +6.650924E-48
8.550361E-03        -8.951814E-37        +6.126424E-48
8.542681E-03        -8.456877E-37        +5.642979E-48
8.535007E-03        -7.988795E-37        +5.197195E-48
8.527339E-03        -7.546266E-37        +4.786284E-48
8.519679E-03        -7.127924E-37        +4.407572E-48
8.512026E-03        -6.732502E-37        +4.058517E-48
8.504379E-03        -6.358660E-37        +3.736788E-48
8.496740E-03        -6.005306E-37        +3.440378E-48
8.489107E-03        -5.671336E-37        +3.167219E-48
8.481481E-03        -5.355615E-37        +2.915558E-48
8.473862E-03        -5.057242E-37        +2.683699E-48
8.466250E-03        -4.775311E-37        +2.470062E-48
8.458644E-03        -4.508799E-37        +2.273309E-48
8.451046E-03        -4.256983E-37        +2.092015E-48
8.443454E-03        -4.019083E-37        +1.925032E-48
8.435869E-03        -3.794244E-37        +1.771290E-48
8.428291E-03        -3.581772E-37        +1.629776E-48
8.420720E-03        -3.381068E-37        +1.499328E-48
8.413155E-03        -3.191492E-37        +1.379304E-48
8.405598E-03        -3.012327E-37        +1.268760E-48
8.398047E-03        -2.843192E-37        +1.167049E-48
8.390503E-03        -2.683337E-37        +1.073314E-48
8.382965E-03        -2.532335E-37        +9.871049E-49
8.375435E-03        -2.389733E-37        +9.077381E-49
8.367911E-03        -2.255084E-37        +8.346822E-49
8.360394E-03        -2.127909E-37        +7.674507E-49
8.352884E-03        -2.007725E-37        +7.055933E-49
8.345380E-03        -1.894298E-37        +6.486572E-49
8.337884E-03        -1.787177E-37        +5.962872E-49
8.330393E-03        -1.686101E-37        +5.480947E-49
8.322910E-03        -1.590624E-37        +5.037619E-49
8.315434E-03        -1.500437E-37        +4.629830E-49
8.307964E-03        -1.415323E-37        +4.254736E-49
8.300500E-03        -1.334977E-37        +3.909665E-49
8.293044E-03        -1.259045E-37        +3.592330E-49
8.285594E-03        -1.187481E-37        +3.300619E-49
8.278151E-03        -1.119908E-37        +3.032223E-49
8.270715E-03        -1.056123E-37        +2.785527E-49
8.263285E-03        -9.958830E-38        +2.558712E-49
8.255862E-03        -9.390532E-38        +2.350209E-49
8.248446E-03        -8.854254E-38        +2.158449E-49
8.241036E-03        -8.348219E-38        +1.982281E-49
8.233633E-03        -7.870712E-38        +1.820267E-49
8.226236E-03        -7.420074E-38        +1.671462E-49
8.218847E-03        -6.994937E-38        +1.534635E-49
8.211464E-03        -6.593872E-38        +1.408936E-49
8.204087E-03        -6.215402E-38        +1.293384E-49
8.196717E-03        -5.858380E-38        +1.187286E-49
8.189354E-03        -5.521609E-38        +1.089756E-49
8.181997E-03        -5.203946E-38        +1.000180E-49
8.174647E-03        -4.904334E-38        +9.179214E-50
8.167304E-03        -4.621689E-38        +8.423461E-50
8.159967E-03        -4.355161E-38        +7.729344E-50
8.152637E-03        -4.103795E-38        +7.091897E-50
8.145313E-03        -3.866667E-38        +6.506543E-50
8.137996E-03        -3.643105E-38        +5.969004E-50
8.130686E-03        -3.432308E-38        +5.475569E-50
8.123382E-03        -3.233465E-38        +5.022413E-50
8.116084E-03        -3.046061E-38        +4.606445E-50
8.108794E-03        -2.869363E-38        +4.224686E-50
8.101509E-03        -2.702788E-38        +3.874114E-50
8.094232E-03        -2.545721E-38        +3.552557E-50
8.086960E-03        -2.397687E-38        +3.257314E-50
8.079696E-03        -2.258153E-38        +2.986412E-50
8.072438E-03        -2.126585E-38        +2.737790E-50
8.065186E-03        -2.002585E-38        +2.509743E-50
8.057941E-03        -1.885764E-38        +2.300429E-50
8.050702E-03        -1.775618E-38        +2.108422E-50
8.043470E-03        -1.671856E-38        +1.932347E-50
8.036245E-03        -1.574084E-38        +1.770819E-50
8.029026E-03        -1.481981E-38        +1.622711E-50
8.021813E-03        -1.395156E-38        +1.486837E-50
8.014607E-03        -1.313325E-38        +1.362220E-50
8.007407E-03        -1.236266E-38        +1.247951E-50
8.000214E-03        -1.163607E-38        +1.143239E-50
7.993027E-03        -1.095226E-38        +1.047180E-50
7.985847E-03        -1.030833E-38        +9.590953E-51
7.978673E-03        -9.701085E-39        +8.783786E-51
7.971506E-03        -9.129452E-39        +8.044050E-51
7.964345E-03        -8.590981E-39        +7.365890E-51
7.957191E-03        -8.083942E-39        +6.744503E-51
7.950042E-03        -7.606315E-39        +6.174864E-51
7.942901E-03        -7.156696E-39        +5.653028E-51
7.935766E-03        -6.733259E-39        +5.174939E-51
7.928637E-03        -6.334429E-39        +4.736756E-51
7.921514E-03        -5.958997E-39        +4.335464E-51
7.914398E-03        -5.605523E-39        +3.967761E-51
7.907289E-03        -5.272721E-39        +3.631041E-51
7.900185E-03        -4.959478E-39        +3.322620E-51
7.893089E-03        -4.664554E-39        +3.040155E-51
7.885998E-03        -4.386918E-39        +2.781514E-51
7.878914E-03        -4.125646E-39        +2.544603E-51
7.871836E-03        -3.879621E-39        +2.327693E-51
7.864765E-03        -3.648169E-39        +2.129207E-51
7.857700E-03        -3.430360E-39        +1.947434E-51
7.850641E-03        -3.225392E-39        +1.780987E-51
7.843589E-03        -3.032415E-39        +1.628690E-51
7.836543E-03        -2.850889E-39        +1.489319E-51
7.829503E-03        -2.680118E-39        +1.361694E-51
7.822470E-03        -2.519429E-39        +1.244932E-51
7.815443E-03        -2.368211E-39        +1.138120E-51
7.808422E-03        -2.226044E-39        +1.040452E-51
7.801407E-03        -2.092160E-39        +9.509808E-52
7.794399E-03        -1.966351E-39        +8.691724E-52
7.787397E-03        -1.847922E-39        +7.943383E-52
7.780402E-03        -1.736576E-39        +7.258927E-52
7.773413E-03        -1.631814E-39        +6.632964E-52
7.766430E-03        -1.533411E-39        +6.060435E-52
7.759453E-03        -1.440704E-39        +5.536862E-52
7.752483E-03        -1.353674E-39        +5.058143E-52
7.745518E-03        -1.271724E-39        +4.620447E-52
7.738560E-03        -1.194756E-39        +4.220241E-52
7.731609E-03        -1.122290E-39        +3.854509E-52
7.724663E-03        -1.054198E-39        +3.520076E-52
7.717724E-03        -9.902262E-40        +3.214447E-52
7.710791E-03        -9.300617E-40        +2.935092E-52
7.703864E-03        -8.735044E-40        +2.679819E-52
7.696944E-03        -8.203515E-40        +2.446573E-52
7.690030E-03        -7.703781E-40        +2.233428E-52
7.683122E-03        -7.234226E-40        +2.038693E-52
7.676220E-03        -6.792869E-40        +1.860779E-52
7.669324E-03        -6.378027E-40        +1.698289E-52
7.662435E-03        -5.988343E-40        +1.549853E-52
7.655551E-03        -5.622026E-40        +1.414237E-52
7.648674E-03        -5.277886E-40        +1.290386E-52
7.641803E-03        -4.954569E-40        +1.177284E-52
7.634938E-03        -4.650783E-40        +1.074036E-52
7.628080E-03        -4.365380E-40        +9.797776E-53
7.621227E-03        -4.097273E-40        +8.936978E-53
7.614381E-03        -3.845448E-40        +8.151156E-53
7.607541E-03        -3.608869E-40        +7.433813E-53
7.600707E-03        -3.386644E-40        +6.779073E-53
7.593879E-03        -3.177970E-40        +6.181467E-53
7.587058E-03        -2.981984E-40        +5.636105E-53
7.580242E-03        -2.797930E-40        +5.138438E-53
7.573433E-03        -2.625159E-40        +4.684344E-53
7.566629E-03        -2.462834E-40        +4.269999E-53
7.559832E-03        -2.310491E-40        +3.891956E-53
7.553041E-03        -2.167329E-40        +3.547155E-53
7.546256E-03        -2.033030E-40        +3.232618E-53
7.539477E-03        -1.906909E-40        +2.945752E-53
7.532704E-03        -1.788557E-40        +2.684078E-53
7.525937E-03        -1.677388E-40        +2.445493E-53
7.519177E-03        -1.573108E-40        +2.227858E-53
7.512422E-03        -1.475197E-40        +2.029499E-53
7.505674E-03        -1.383375E-40        +1.848683E-53
7.498931E-03        -1.297123E-40        +1.683684E-53
7.492195E-03        -1.216168E-40        +1.533434E-53
7.485464E-03        -1.140191E-40        +1.396408E-53
7.478740E-03        -1.069000E-40        +1.271547E-53
7.472022E-03        -1.002104E-40        +1.157739E-53
7.465310E-03        -9.394096E-41        +1.054080E-53
7.458603E-03        -8.805465E-41        +9.595333E-54
7.451903E-03        -8.253408E-41        +8.734417E-54
7.445209E-03        -7.735541E-41        +7.950065E-54
7.438521E-03        -7.249682E-41        +7.235511E-54
7.431839E-03        -6.794029E-41        +6.584678E-54
7.425163E-03        -6.366687E-41        +5.991892E-54
7.418492E-03        -5.965808E-41        +5.451904E-54
7.411828E-03        -5.589913E-41        +4.960288E-54
7.405170E-03        -5.237354E-41        +4.512588E-54
7.398518E-03        -4.906828E-41        +4.105010E-54
7.391872E-03        -4.596934E-41        +3.733879E-54
7.385231E-03        -4.306246E-41        +3.395960E-54
7.378597E-03        -4.033754E-41        +3.088460E-54
7.371969E-03        -3.778400E-41        +2.808545E-54
7.365346E-03        -3.538874E-41        +2.553780E-54
7.358730E-03        -3.314436E-41        +2.321869E-54
7.352120E-03        -3.104057E-41        +2.110957E-54
7.345515E-03        -2.906810E-41        +1.918942E-54
7.338917E-03        -2.721961E-41        +1.744286E-54
7.332324E-03        -2.548748E-41        +1.585431E-54
7.325737E-03        -2.386406E-41        +1.440827E-54
7.319156E-03        -2.234242E-41        +1.309366E-54
7.312581E-03        -2.091748E-41        +1.189760E-54
7.306012E-03        -1.958228E-41        +1.081010E-54
7.299449E-03        -1.833086E-41        +9.821380E-55
7.292892E-03        -1.715823E-41        +8.922208E-55
7.286341E-03        -1.605947E-41        +8.104698E-55
7.279795E-03        -1.503124E-41        +7.361286E-55
7.273256E-03        -1.406709E-41        +6.685707E-55
7.266722E-03        -1.316459E-41        +6.071487E-55
7.260194E-03        -1.231896E-41        +5.513250E-55
7.253672E-03        -1.152722E-41        +5.005915E-55
7.247156E-03        -1.078627E-41        +4.544895E-55
7.240646E-03        -1.009128E-41        +4.125920E-55
7.234142E-03        -9.441237E-42        +3.745382E-55
7.227643E-03        -8.832306E-42        +3.399553E-55
7.221150E-03        -8.262276E-42        +3.085315E-55
7.214663E-03        -7.728559E-42        +2.799964E-55
7.208182E-03        -7.228864E-42        +2.540813E-55
7.201707E-03        -6.761183E-42        +2.305469E-55
7.195238E-03        -6.323334E-42        +2.091740E-55
7.188774E-03        -5.913548E-42        +1.897605E-55
7.182316E-03        -5.529999E-42        +1.721311E-55
7.175864E-03        -5.170995E-42        +1.561347E-55
7.169418E-03        -4.835035E-42        +1.416038E-55
7.162978E-03        -4.520625E-42        +1.284267E-55
7.156543E-03        -4.226421E-42        +1.164541E-55
7.150114E-03        -3.951170E-42        +1.055966E-55
7.143691E-03        -3.693584E-42        +9.573611E-56
7.137274E-03        -3.452654E-42        +8.679294E-56
7.130862E-03        -3.227157E-42        +7.867650E-56
7.124457E-03        -3.016261E-42        +7.131451E-56
7.118057E-03        -2.819001E-42        +6.463580E-56
7.111662E-03        -2.634480E-42        +5.857598E-56
7.105274E-03        -2.461869E-42        +5.308103E-56
7.098891E-03        -2.300498E-42        +4.809642E-56
7.092514E-03        -2.149513E-42        +4.357622E-56
7.086143E-03        -2.008399E-42        +3.947842E-56
7.079777E-03        -1.876348E-42        +3.576172E-56
7.073417E-03        -1.752881E-42        +3.239276E-56
7.067063E-03        -1.637495E-42        +2.933779E-56
7.060715E-03        -1.529595E-42        +2.656974E-56
7.054372E-03        -1.428758E-42        +2.406032E-56
7.048035E-03        -1.334417E-42        +2.178519E-56
7.041703E-03        -1.246338E-42        +1.972395E-56
7.035378E-03        -1.163871E-42        +1.785640E-56
7.029058E-03        -1.086875E-42        +1.616484E-56
7.022743E-03        -1.014862E-42        +1.463063E-56
7.016435E-03        -9.476564E-43        +1.324209E-56
7.010132E-03        -8.848026E-43        +1.198391E-56
7.003835E-03        -8.260613E-43        +1.084434E-56
6.997543E-03        -7.711737E-43        +9.812610E-57
6.991257E-03        -7.198989E-43        +8.877972E-57
6.984977E-03        -6.719883E-43        +8.031642E-57
6.978702E-03        -6.272338E-43        +7.265316E-57
6.972433E-03        -5.854240E-43        +6.571556E-57
6.966169E-03        -5.463630E-43        +5.943481E-57
6.959911E-03        -5.098779E-43        +5.375016E-57
6.953659E-03        -4.758080E-43        +4.860476E-57
6.947413E-03        -4.439844E-43        +4.394776E-57
6.941172E-03        -4.142712E-43        +3.973356E-57
6.934936E-03        -3.865108E-43        +3.591951E-57
6.928707E-03        -3.606012E-43        +3.246986E-57
6.922482E-03        -3.364007E-43        +2.934813E-57
6.916264E-03        -3.138111E-43        +2.652492E-57
6.910051E-03        -2.927157E-43        +2.397043E-57
6.903843E-03        -2.730245E-43        +2.165982E-57
6.897642E-03        -2.546444E-43        +1.957087E-57
6.891445E-03        -2.374862E-43        +1.768162E-57
6.885255E-03        -2.214690E-43        +1.597316E-57
6.879070E-03        -2.065179E-43        +1.442886E-57
6.872890E-03        -1.925724E-43        +1.303192E-57
6.866716E-03        -1.795555E-43        +1.176958E-57
6.860547E-03        -1.674052E-43        +1.062867E-57
6.854385E-03        -1.560661E-43        +9.597703E-58
6.848227E-03        -1.454915E-43        +8.665617E-58
6.842075E-03        -1.356165E-43        +7.823380E-58
6.835929E-03        -1.264103E-43        +7.062492E-58
6.829788E-03        -1.178217E-43        +6.374874E-58
6.823653E-03        -1.098122E-43        +5.753760E-58
6.817523E-03        -1.023406E-43        +5.192674E-58
6.811399E-03        -9.536942E-44        +4.685926E-58
6.805280E-03        -8.886746E-44        +4.228163E-58
6.799167E-03        -8.280486E-44        +3.814868E-58
6.793059E-03        -7.715074E-44        +3.441597E-58
6.786956E-03        -7.187822E-44        +3.104566E-58
6.780860E-03        -6.696211E-44        +2.800297E-58
6.774768E-03        -6.237797E-44        +2.525552E-58
6.768682E-03        -5.810449E-44        +2.277631E-58
6.762602E-03        -5.412153E-44        +2.053843E-58
6.756527E-03        -5.040669E-44        +1.851860E-58
6.750458E-03        -4.694544E-44        +1.669622E-58
6.744393E-03        -4.371785E-44        +1.505172E-58
6.738335E-03        -4.071054E-44        +1.356716E-58
6.732282E-03        -3.790840E-44        +1.222889E-58
6.726234E-03        -3.529565E-44        +1.102108E-58
6.720192E-03        -3.286170E-44        +9.932047E-59
6.714155E-03        -3.059410E-44        +8.949560E-59
6.708123E-03        -2.848003E-44        +8.063476E-59
6.702097E-03        -2.651081E-44        +7.264568E-59
6.696077E-03        -2.467642E-44        +6.544246E-59
6.690062E-03        -2.296760E-44        +5.894718E-59
6.684052E-03        -2.137632E-44        +5.309126E-59
6.678047E-03        -1.989275E-44        +4.781296E-59
6.672048E-03        -1.851206E-44        +4.305542E-59
6.666055E-03        -1.722624E-44        +3.876858E-59
6.660067E-03        -1.602815E-44        +3.490403E-59
6.654084E-03        -1.491276E-44        +3.142282E-59
6.648106E-03        -1.387411E-44        +2.828528E-59
6.642134E-03        -1.290645E-44        +2.545897E-59
6.636167E-03        -1.200650E-44        +2.291256E-59
6.630206E-03        -1.116756E-44        +2.061952E-59
6.624250E-03        -1.038739E-44        +1.855449E-59
6.618299E-03        -9.660947E-45        +1.669373E-59
6.612354E-03        -8.984669E-45        +1.501943E-59
6.606414E-03        -8.355236E-45        +1.351055E-59
6.600479E-03        -7.769366E-45        +1.215300E-59
6.594550E-03        -7.224165E-45        +1.093019E-59
6.588626E-03        -6.716840E-45        +9.829964E-60
6.582708E-03        -6.244780E-45        +8.839577E-60
6.576794E-03        -5.805346E-45        +7.948045E-60
6.570886E-03        -5.396592E-45        +7.145911E-60
6.564983E-03        -5.016347E-45        +6.423975E-60
6.559086E-03        -4.662585E-45        +5.774571E-60
6.553194E-03        -4.333540E-45        +5.190310E-60
6.547307E-03        -4.027331E-45        +4.664720E-60
6.541425E-03        -3.742559E-45        +4.191839E-60
6.535549E-03        -3.477773E-45        +3.766654E-60
6.529678E-03        -3.231528E-45        +3.384301E-60
6.523812E-03        -3.002438E-45        +3.040407E-60
6.517952E-03        -2.789532E-45        +2.731236E-60
6.512097E-03        -2.591482E-45        +2.453246E-60
6.506247E-03        -2.407296E-45        +2.203349E-60
6.500402E-03        -2.236167E-45        +1.978664E-60
6.494563E-03        -2.077032E-45        +1.776828E-60
6.488729E-03        -1.929067E-45        +1.595413E-60
6.482900E-03        -1.791569E-45        +1.432332E-60
6.477076E-03        -1.663744E-45        +1.285791E-60
6.471258E-03        -1.544918E-45        +1.154123E-60
6.465444E-03        -1.434543E-45        +1.035882E-60
6.459636E-03        -1.331873E-45        +9.296502E-61
6.453834E-03        -1.236593E-45        +8.342448E-61
6.448036E-03        -1.147980E-45        +7.485390E-61
6.442244E-03        -1.065665E-45        +6.715955E-61
6.436456E-03        -9.891706E-46        +6.024824E-61
6.430674E-03        -9.181249E-46        +5.404367E-61
6.424898E-03        -8.521365E-46        +4.847382E-61
6.419126E-03        -7.908246E-46        +4.347303E-61
6.413360E-03        -7.338910E-46        +3.898529E-61
6.407598E-03        -6.809975E-46        +3.495719E-61
6.401842E-03        -6.318833E-46        +3.134144E-61
6.396092E-03        -5.862778E-46        +2.809794E-61
6.390346E-03        -5.439257E-46        +2.518772E-61
6.384605E-03        -5.045962E-46        +2.257650E-61
6.378870E-03        -4.680861E-46        +2.023382E-61
6.373140E-03        -4.341890E-46        +1.813233E-61
6.367415E-03        -4.027159E-46        +1.624807E-61
6.361695E-03        -3.735065E-46        +1.455816E-61
6.355980E-03        -3.463826E-46        +1.304268E-61
6.350270E-03        -3.212137E-46        +1.168370E-61
6.344566E-03        -2.978548E-46        +1.046546E-61
6.338866E-03        -2.761775E-46        +9.372638E-62
6.333172E-03        -2.560605E-46        +8.393713E-62
6.327483E-03        -2.373993E-46        +7.516155E-62
6.321799E-03        -2.200754E-46        +6.729700E-62
6.316120E-03        -2.040082E-46        +6.024980E-62
6.310446E-03        -1.890983E-46        +5.393527E-62
6.304777E-03        -1.752659E-46        +4.827768E-62
6.299113E-03        -1.624316E-46        +4.320833E-62
6.293455E-03        -1.505369E-46        +3.866911E-62
6.287801E-03        -1.394982E-46        +3.460261E-62
6.282153E-03        -1.292596E-46        +3.096050E-62
6.276509E-03        -1.197579E-46        +2.769863E-62
6.270871E-03        -1.109560E-46        +2.477923E-62
6.265238E-03        -1.027927E-46        +2.216487E-62
6.259610E-03        -9.522699E-47        +1.982369E-62
6.253987E-03        -8.821004E-47        +1.772874E-62
6.248369E-03        -8.170399E-47        +1.585407E-62
6.242756E-03        -7.567292E-47        +1.417487E-62
6.237148E-03        -7.008287E-47        +1.267314E-62
6.231545E-03        -6.490097E-47        +1.132989E-62
6.225947E-03        -6.009827E-47        +1.012726E-62
6.220354E-03        -5.564688E-47        +9.051171E-63
6.214766E-03        -5.152278E-47        +8.088944E-63
6.209183E-03        -4.770011E-47        +7.228229E-63
6.203605E-03        -4.415884E-47        +6.458458E-63
6.198033E-03        -4.087766E-47        +5.770271E-63
6.192465E-03        -3.783740E-47        +5.154752E-63
6.186902E-03        -3.502168E-47        +4.604452E-63
6.181344E-03        -3.241258E-47        +4.112490E-63
6.175791E-03        -2.999612E-47        +3.672684E-63
6.170244E-03        -2.775869E-47        +3.279621E-63
6.164701E-03        -2.568553E-47        +2.928365E-63
6.159163E-03        -2.376512E-47        +2.614410E-63
6.153630E-03        -2.198743E-47        +2.333865E-63
6.148102E-03        -2.034149E-47        +2.083238E-63
6.142579E-03        -1.881734E-47        +1.859341E-63
6.137061E-03        -1.740695E-47        +1.659377E-63
6.131548E-03        -1.610038E-47        +1.480756E-63
6.126040E-03        -1.489066E-47        +1.321186E-63
6.120537E-03        -1.377174E-47        +1.178765E-63
6.115039E-03        -1.273567E-47        +1.051508E-63
6.109546E-03        -1.177647E-47        +9.379513E-64
6.104057E-03        -1.088897E-47        +8.365354E-64
6.098574E-03        -1.006753E-47        +7.460388E-64
6.093095E-03        -9.307636E-48        +6.652422E-64
6.087622E-03        -8.604575E-48        +5.931569E-64
6.082153E-03        -7.953902E-48        +5.288097E-64
6.076690E-03        -7.352060E-48        +4.714153E-64
6.071231E-03        -6.795232E-48        +4.201949E-64
6.065777E-03        -6.280138E-48        +3.745012E-64
6.060328E-03        -5.803684E-48        +3.337451E-64
6.054884E-03        -5.363072E-48        +2.973885E-64
6.049445E-03        -4.955602E-48        +2.649719E-64
6.044010E-03        -4.578618E-48        +2.360613E-64
6.038581E-03        -4.230157E-48        +2.102884E-64
6.033156E-03        -3.907892E-48        +1.873042E-64
6.027737E-03        -3.609949E-48        +1.668183E-64
6.022322E-03        -3.334515E-48        +1.485629E-64
6.016912E-03        -3.079852E-48        +1.322832E-64
6.011507E-03        -2.844461E-48        +1.177792E-64
6.006107E-03        -2.626940E-48        +1.048516E-64
6.000711E-03        -2.425761E-48        +9.333453E-65
5.995321E-03        -2.239897E-48        +8.307563E-65
5.989935E-03        -2.068176E-48        +7.393534E-65
5.984554E-03        -1.909440E-48        +6.579389E-65
5.979178E-03        -1.762786E-48        +5.854347E-65
5.973807E-03        -1.627219E-48        +5.208723E-65
5.968441E-03        -1.502037E-48        +4.633738E-65
5.963079E-03        -1.386416E-48        +4.121717E-65
5.957722E-03        -1.279490E-48        +3.665980E-65
5.952370E-03        -1.180851E-48        +3.260335E-65
5.947023E-03        -1.089703E-48        +2.899199E-65
5.941681E-03        -1.005544E-48        +2.577871E-65
5.936344E-03        -9.277585E-49        +2.291866E-65
5.931011E-03        -8.559606E-49        +2.037345E-65
5.925683E-03        -7.896664E-49        +1.810964E-65
5.920360E-03        -7.284560E-49        +1.609536E-65
5.915041E-03        -6.719298E-49        +1.430423E-65
5.909728E-03        -6.197685E-49        +1.271008E-65
5.904419E-03        -5.716030E-49        +1.129325E-65
5.899115E-03        -5.271438E-49        +1.003312E-65
5.893816E-03        -4.861201E-49        +8.912506E-66
5.888521E-03        -4.482460E-49        +7.916253E-66
5.883231E-03        -4.132990E-49        +7.030602E-66
5.877946E-03        -3.810492E-49        +6.243369E-66
5.872666E-03        -3.512868E-49        +5.543858E-66
5.867391E-03        -3.238318E-49        +4.922093E-66
5.862120E-03        -2.984995E-49        +4.369584E-66
5.856854E-03        -2.751350E-49        +3.878759E-66
5.851593E-03        -2.535691E-49        +3.442635E-66
5.846336E-03        -2.336874E-49        +3.055243E-66
5.841084E-03        -2.153446E-49        +2.711176E-66
5.835837E-03        -1.984304E-49        +2.405544E-66
5.830595E-03        -1.828348E-49        +2.134244E-66
5.825357E-03        -1.684454E-49        +1.893243E-66
5.820124E-03        -1.551849E-49        +1.679297E-66
5.814896E-03        -1.429536E-49        +1.489408E-66
5.809672E-03        -1.316792E-49        +1.320847E-66
5.804453E-03        -1.212841E-49        +1.171159E-66
5.799239E-03        -1.116986E-49        +1.038440E-66
5.794029E-03        -1.028704E-49        +9.205737E-67
5.788824E-03        -9.472399E-50        +8.160270E-67
5.783624E-03        -8.722201E-50        +7.232810E-67
5.778429E-03        -8.030851E-50        +6.410070E-67
5.773238E-03        -7.393633E-50        +5.680323E-67
5.768052E-03        -6.806579E-50        +5.033050E-67
5.762870E-03        -6.265686E-50        +4.459049E-67
5.757693E-03        -5.767367E-50        +3.950155E-67
5.752521E-03        -5.308227E-50        +3.498972E-67
5.747353E-03        -4.885375E-50        +3.098931E-67
5.742190E-03        -4.495809E-50        +2.744327E-67
5.737032E-03        -4.137119E-50        +2.430062E-67
5.731878E-03        -3.806648E-50        +2.151490E-67
5.726729E-03        -3.502365E-50        +1.904770E-67
5.721585E-03        -3.222263E-50        +1.686110E-67
5.716445E-03        -2.964199E-50        +1.492372E-67
5.711310E-03        -2.726722E-50        +1.320706E-67
5.706179E-03        -2.507995E-50        +1.168683E-67
5.701054E-03        -2.306795E-50        +1.034160E-67
5.695932E-03        -2.121415E-50        +9.148982E-68
5.690815E-03        -1.950928E-50        +8.093303E-68
5.685703E-03        -1.793936E-50        +7.158767E-68
5.680596E-03        -1.649438E-50        +6.331480E-68
5.675493E-03        -1.516506E-50        +5.599112E-68
5.670394E-03        -1.394147E-50        +4.950912E-68
5.665301E-03        -1.281609E-50        +4.377341E-68
5.660211E-03        -1.178122E-50        +3.869675E-68
5.655127E-03        -1.082853E-50        +3.420636E-68
5.650047E-03        -9.951831E-51        +3.023345E-68
5.644971E-03        -9.145747E-51        +2.671831E-68
5.639900E-03        -8.404353E-51        +2.360975E-68
5.634834E-03        -7.722537E-51        +2.086076E-68
5.629772E-03        -7.095379E-51        +1.842989E-68
5.624714E-03        -6.518697E-51        +1.628030E-68
5.619662E-03        -5.988613E-51        +1.437985E-68
5.614613E-03        -5.501020E-51        +1.269946E-68
5.609570E-03        -5.052912E-51        +1.121517E-68
5.604531E-03        -4.640909E-51        +9.902611E-69
5.599496E-03        -4.262222E-51        +8.742755E-69
5.594466E-03        -3.914132E-51        +7.717973E-69
5.589440E-03        -3.594078E-51        +6.812394E-69
5.584419E-03        -3.300120E-51        +6.012616E-69
5.579403E-03        -3.029957E-51        +5.306044E-69
5.574391E-03        -2.781639E-51        +4.682051E-69
5.569383E-03        -2.553475E-51        +4.130883E-69
5.564380E-03        -2.343911E-51        +3.644261E-69
5.559381E-03        -2.151407E-51        +3.214505E-69
5.554387E-03        -1.974505E-51        +2.835209E-69
5.549398E-03        -1.812002E-51        +2.500468E-69
5.544413E-03        -1.662767E-51        +2.204830E-69
5.539432E-03        -1.525703E-51        +1.944009E-69
5.534456E-03        -1.399843E-51        +1.713865E-69
5.529484E-03        -1.284356E-51        +1.510760E-69
5.524517E-03        -1.178174E-51        +1.331636E-69
5.519554E-03        -1.080770E-51        +1.173564E-69
5.514596E-03        -9.913189E-52        +1.034177E-69
5.509642E-03        -9.092107E-52        +9.111936E-70
5.504693E-03        -8.338434E-52        +8.027795E-70
5.499748E-03        -7.646524E-52        +7.071853E-70
5.494807E-03        -7.011499E-52        +6.228873E-70
5.489871E-03        -6.428791E-52        +5.485839E-70
5.484939E-03        -5.894082E-52        +4.830818E-70
5.480012E-03        -5.403388E-52        +4.253652E-70
5.475089E-03        -4.953209E-52        +3.744938E-70
5.470171E-03        -4.540241E-52        +3.296790E-70
5.465257E-03        -4.161399E-52        +2.901922E-70
5.460348E-03        -3.813866E-52        +2.554029E-70
5.455442E-03        -3.495009E-52        +2.247583E-70
5.450542E-03        -3.202626E-52        +1.977682E-70
5.445645E-03        -2.934438E-52        +1.739962E-70
5.440754E-03        -2.688609E-52        +1.530772E-70
5.435866E-03        -2.463091E-52        +1.346392E-70
5.430983E-03        -2.256283E-52        +1.184203E-70
5.426104E-03        -2.066743E-52        +1.041377E-70
5.421230E-03        -1.893010E-52        +9.157341E-71
5.416360E-03        -1.733748E-52        +8.051306E-71
5.411494E-03        -1.587664E-52        +7.077927E-71
5.406633E-03        -1.453886E-52        +6.221617E-71
5.401776E-03        -1.331287E-52        +5.468308E-71
5.396924E-03        -1.218894E-52        +4.805667E-71
5.392075E-03        -1.115862E-52        +4.222657E-71
5.387232E-03        -1.021457E-52        +3.710242E-71
5.382392E-03        -9.350372E-53        +3.259413E-71
5.377557E-03        -8.558335E-53        +2.863079E-71
5.372726E-03        -7.832686E-53        +2.514660E-71
5.367900E-03        -7.168175E-53        +2.208432E-71
5.363078E-03        -6.559464E-53        +1.939236E-71
5.358260E-03        -6.001971E-53        +1.702683E-71
5.353447E-03        -5.491510E-53        +1.494729E-71
5.348638E-03        -5.024073E-53        +1.312127E-71
5.343833E-03        -4.595975E-53        +1.151689E-71
5.339032E-03        -4.204026E-53        +1.010623E-71
5.334236E-03        -3.845304E-53        +8.868565E-72
5.329444E-03        -3.516835E-53        +7.781159E-72
5.324657E-03        -3.216188E-53        +6.826441E-72
5.319874E-03        -2.941097E-53        +5.988121E-72
5.315095E-03        -2.689270E-53        +5.252136E-72
5.310320E-03        -2.458813E-53        +4.606021E-72
5.305550E-03        -2.247875E-53        +4.039011E-72
5.300784E-03        -2.054909E-53        +3.541291E-72
5.296022E-03        -1.878419E-53        +3.104582E-72
5.291264E-03        -1.716910E-53        +2.721401E-72
5.286511E-03        -1.569116E-53        +2.385230E-72
5.281762E-03        -1.434003E-53        +2.090397E-72
5.277018E-03        -1.310400E-53        +1.831766E-72
5.272277E-03        -1.197358E-53        +1.604938E-72
5.267541E-03        -1.094026E-53        +1.406018E-72
5.262809E-03        -9.994625E-54        +1.231566E-72
5.258081E-03        -9.130193E-54        +1.078685E-72
5.253358E-03        -8.340039E-54        +9.446793E-73
5.248639E-03        -7.617591E-54        +8.272197E-73
5.243924E-03        -6.957164E-54        +7.242710E-73
5.239213E-03        -6.353472E-54        +6.340471E-73
5.234507E-03        -5.801838E-54        +5.550168E-73
5.229804E-03        -5.297438E-54        +4.857690E-73
5.225106E-03        -4.836696E-54        +4.251060E-73
5.220413E-03        -4.415694E-54        +3.719947E-73
5.215723E-03        -4.030963E-54        +3.254644E-73
5.211038E-03        -3.679473E-54        +2.847267E-73
5.206357E-03        -3.358346E-54        +2.490528E-73
5.201680E-03        -3.064989E-54        +2.178238E-73
5.197007E-03        -2.797105E-54        +1.904907E-73
5.192338E-03        -2.552301E-54        +1.665645E-73
5.187674E-03        -2.328826E-54        +1.456299E-73
5.183014E-03        -2.124729E-54        +1.273122E-73
5.178358E-03        -1.938413E-54        +1.112821E-73
5.173706E-03        -1.768282E-54        +9.725815E-74
5.169058E-03        -1.612938E-54        +8.499161E-74
5.164415E-03        -1.471114E-54        +7.426503E-74
5.159776E-03        -1.341676E-54        +6.488395E-74
5.155141E-03        -1.223527E-54        +5.668167E-74
5.150510E-03        -1.115669E-54        +4.950944E-74
5.145883E-03        -1.017203E-54        +4.323847E-74
5.141260E-03        -9.274004E-55        +3.775791E-74
5.136642E-03        -8.454600E-55        +3.296885E-74
5.132027E-03        -7.706868E-55        +2.878333E-74
5.127417E-03        -7.024746E-55        +2.512628E-74
5.122811E-03        -6.402474E-55        +2.193083E-74
5.118209E-03        -5.834859E-55        +1.914007E-74
5.113611E-03        -5.317110E-55        +1.670206E-74
5.109018E-03        -4.844932E-55        +1.457329E-74
5.104428E-03        -4.414323E-55        +1.271387E-74
5.099843E-03        -4.021679E-55        +1.108968E-74
5.095262E-03        -3.663606E-55        +9.672812E-75
5.090685E-03        -3.337209E-55        +8.435708E-75
5.086111E-03        -3.039630E-55        +7.355677E-75
5.081543E-03        -2.768359E-55        +6.413403E-75
5.076978E-03        -2.521113E-55        +5.591042E-75
5.072417E-03        -2.295756E-55        +4.873530E-75
5.067860E-03        -2.090291E-55        +4.247578E-75
5.063308E-03        -1.903157E-55        +3.701607E-75
5.058759E-03        -1.732575E-55        +3.225386E-75
5.054215E-03        -1.577222E-55        +2.810135E-75
5.049675E-03        -1.435660E-55        +2.448049E-75
5.045139E-03        -1.306590E-55        +2.132337E-75
5.040606E-03        -1.189090E-55        +1.857047E-75
5.036078E-03        -1.082111E-55        +1.617105E-75
5.031554E-03        -9.846679E-56        +1.408049E-75
5.027034E-03        -8.959114E-56        +1.225882E-75
5.022519E-03        -8.150991E-56        +1.067141E-75
5.018007E-03        -7.415060E-56        +9.288158E-76
5.013499E-03        -6.745010E-56        +8.083267E-76
5.008995E-03        -6.134948E-56        +7.033844E-76
5.004496E-03        -5.579692E-56        +6.119987E-76
5.000000E-03        -5.074200E-56        +5.324100E-76
